模組	嚴重度	缺陷型別與描述	涉及畫面	位置/範圍	程式錨點
bbs	未分級	E1 平行複本改一支漏另一支:跳號紀錄記到別的號別	BBSM013, BBSM113	AfterDelete(主檔) · 質解號() · 轉讓號() · BBSM113	Dev/ATLAS.BBS/Source/PO/PO.BBS/BBSM013_PO.cs:1260
bbs	未分級	E1 平行複本改一支漏另一支:跳號紀錄記到別的號別	BBSM013, BBSM113	AfterDelete(申購書) · 申購號() · 轉讓號() · BBSM013	Dev/ATLAS.BBS/Source/PO/PO.BBS/BBSM013_PO.cs:1264
bbs	未分級	E1 平行複本改一支漏另一支:跳號紀錄記到別的號別	BBSM013, BBSM113	AfterApproveDelete(主檔) · 質解號() · 質解號() · 兩邊都錯	Dev/ATLAS.BBS/Source/PO/PO.BBS/BBSM013_PO.cs:582
bbs	未分級	E1 平行複本改一支漏另一支:跳號紀錄記到別的號別	BBSM013	AfterApproveDelete(申購書) · 申購號() · 完全沒有這一段 · BBSM013	Dev/ATLAS.BBS/Source/PO/PO.BBS/BBSM013_PO.cs:588
bbs	未分級	E1 平行複本改一支漏另一支:跳號紀錄記到別的號別	BBSM013, BBSM113	AfterVerify / AfterApprove / AfterReject / AfterResend / AfterUnDelete · 轉讓號() · 轉讓號() · 兩邊都對	Dev/ATLAS.BBS/Source/PO/PO.BBS/BBSM013_PO.cs:1273-1301
bbs	未分級	E2 Oracle 三值邏輯:四條卡控永遠不成立	BBSM001	OFD724.VISA_NO<>'' · 「此換發資料已送簽,不可刪除」	Dev/ATLAS.BBS/Source/PO/PO.BBS/BBSM001_PO.cs:1397
bbs	未分級	E2 Oracle 三值邏輯:四條卡控永遠不成立	BBSM005	OFD724.VISA_NO <> '' · 「憑證號碼 … 已送簽,不可刪除」	Dev/ATLAS.BBS/Source/PO/PO.BBS/BBSM005_PO.cs:914
bbs	未分級	E2 Oracle 三值邏輯:四條卡控永遠不成立	BBSM005	VISA_UID_D <> '' · 「此補發資料已註銷,不可刪除」	Dev/ATLAS.BBS/Source/PO/PO.BBS/BBSM005_PO.cs:964
bbs	未分級	E2 Oracle 三值邏輯:四條卡控永遠不成立	BBSM004	RejectID = '' · 待辦清單的自審排除	Dev/ATLAS.BBS/Source/PO/PO.BBS/BBSM004_PO.cs:390
bbs	未分級	E3 字串串接進 SQL	BBSM001	18 處把查詢條件值用單引號包起來直接串進 WHERE	Dev/ATLAS.BBS/Source/PO/PO.BBS/BBSM001_PO.cs:895-1069
bbs	未分級	E3 字串串接進 SQL	BBSM003	14 處	Dev/ATLAS.BBS/Source/PO/PO.BBS/BBSM003_PO.cs:572-726
bbs	未分級	E3 字串串接進 SQL	BBSM004	20 處,含登入者帳號(:390)與功能代碼(:391)	Dev/ATLAS.BBS/Source/PO/PO.BBS/BBSM004_PO.cs:373-1003
bbs	未分級	E3 字串串接進 SQL	BBSM109	起 · 12 處	Dev/ATLAS.BBS/Source/PO/PO.BBS/BBSM109_PO.cs:377
bbs	未分級	E4 沒有鍵的 UPDATE	BBSM001	E4 沒有鍵的 UPDATE	Dev/ATLAS.BBS/Source/PO/PO.BBS/BBSM001_PO.cs:774-780
bbs	未分級	E5 過寬的來源狀態清單	BBSM004	E5 過寬的來源狀態清單	Dev/ATLAS.BBS/Source/PO/PO.BBS/BBSM004_PO.cs:109
bbs	未分級	E6 在四眼事件裡改主明細宣告	BBSM003	E6 在四眼事件裡改主明細宣告	Dev/ATLAS.BBS/Source/PO/PO.BBS/BBSM003_PO.cs:122-124
bbs	未分級	E7 手寫逐欄對應漏一欄:撤銷原因存不進去	BBSM004	E7 手寫逐欄對應漏一欄:撤銷原因存不進去	Dev/ATLAS.BBS/Source/Control/Control.BBS/BBSM004_Ctl.cs
bbs	未分級	E8 被註解掉但外殼還在的檢核	BBSM113	「出讓人轉讓基金尚有有效的定期買回同意書,是否繼續執行?」 · 連例外放行的紀錄呼叫都還在	Dev/ATLAS.BBS/Source/UI/UI.BBS/BBSM113.cs:150-162
bbs	未分級	E8 被註解掉但外殼還在的檢核	BBSM013	同上,兩處 · 同上	Dev/ATLAS.BBS/Source/UI/UI.BBS/BBSM013.cs:451
bbs	未分級	E8 被註解掉但外殼還在的檢核	BBSM009	「質設日期必須小於等於系統日期」 · 註明 2009/04/28 取消	Dev/ATLAS.BBS/Source/UI/UI.BBS/BBSM009.cs:286-287
bbs	未分級	E8 被註解掉但外殼還在的檢核	BBSM009	「質設日期必須大於集保大憑證日期」 · 註明 20090216 刪除	Dev/ATLAS.BBS/Source/UI/UI.BBS/BBSM009.cs:303-312
bbs	未分級	E8 被註解掉但外殼還在的檢核	BBSM003	同上 · 三行註解 + 一行 Dialog	Dev/ATLAS.BBS/Source/UI/UI.BBS/BBSM003.cs:481-490
bbs	未分級	E8 被註解掉但外殼還在的檢核	BBSM005	「掛失補發日期必須大於大憑證最大日期」「補發總單位數必須小於等於持有單位數」 · 整段	Dev/ATLAS.BBS/Source/UI/UI.BBS/BBSM005.cs:464-478
bbs	未分級	E8 被註解掉但外殼還在的檢核	BBSR002, BBSR006	「未輸入開始日期,請檢查」 · 每支報表都有	Dev/ATLAS.BBS.Report/Source/UI/ReportUI.BBS/BBSR002.cs:156
bbs	未分級	E8 被註解掉但外殼還在的檢核	BBSM109	撤銷質設時「更新結餘檔失敗」的 throw · 只註解 throw,ExecuteNonQuery 還在跑	Dev/ATLAS.BBS/Source/PO/PO.BBS/BBSM109_PO.cs:241
bbs	未分級	E9 xsd 的欄位中文名有複製貼上錯誤		BBS003A · 掛失書號 · 「換發書號」 · 掛失書號	Dev/ATLAS.BBS/Source/Entity/DataEntity.BBS/BBSM003Model.xsd:27
bbs	未分級	E9 xsd 的欄位中文名有複製貼上錯誤		BBS003A · 登報起 / 迄日 · 「CreateDate」 · 登報起 / 迄日	Dev/ATLAS.BBS/Source/Entity/DataEntity.BBS/BBSM003Model.xsd:27
bbs	未分級	E9 xsd 的欄位中文名有複製貼上錯誤		BBS004A · 檢查碼 · 「BF_CER_NO」 · 受益憑證檢查碼	Dev/ATLAS.BBS/Source/Entity/DataEntity.BBS/BBSM003Model.xsd:27
bbs	未分級	E9 xsd 的欄位中文名有複製貼上錯誤		BBS004A · 掛失狀態碼(_CK 版) · 「掛失書號-舊」 · 掛失狀態碼	Dev/ATLAS.BBS/Source/Entity/DataEntity.BBS/BBSM003Model.xsd:27
bbs	未分級	E9 xsd 的欄位中文名有複製貼上錯誤		BBS013A · 受讓人 ID · 「出讓人ID」 · 受讓人 ID	Dev/ATLAS.BBS/Source/Entity/DataEntity.BBS/BBSM003Model.xsd:27
bbs	未分級	E9 xsd 的欄位中文名有複製貼上錯誤		OFD221A(在 BBS 的 xsd 內) · 申購金額 · 「ETD_ALLOT_AMT」 · 申購金額	Dev/ATLAS.BBS/Source/Entity/DataEntity.BBS/BBSM003Model.xsd:27
bbs	未分級	E10 選項名稱與行為不一致	BBSM013	E10 選項名稱與行為不一致	Dev/ATLAS.BBS/Source/UI/UI.BBS/BBSM013.cs:266
bbs	未分級	E11 報表「列印」路徑的參數名全錯	BBSR006	BBSR006	Dev/ATLAS.BBS.Report/Source/UI/ReportUI.BBS/BBSR006.cs:120-131
bbs	未分級	E11 報表「列印」路徑的參數名全錯	BBSR007	BBSR007 · 起	Dev/ATLAS.BBS.Report/Source/UI/ReportUI.BBS/BBSR007.cs:52
bbs	未分級	E12 SQL 組字串漏了欄位名	BBSM003, BBSM004	E12 SQL 組字串漏了欄位名	Dev/ATLAS.BBS/Source/PO/PO.BBS/BBSM003_PO.cs:726
bbs	未分級	E13 空訊息的例外	BBSM009, BBSM001	E13 空訊息的例外	Dev/ATLAS.BBS/Source/PO/PO.BBS/BBSM009_PO.cs:89
bbs	未分級	E14 非 UTF-8 來源檔	BBSM001	1,673	Dev/ATLAS.BBS/Source/PO/PO.BBS/BBSM001_PO.cs
bbs	未分級	E14 非 UTF-8 來源檔	BBSM004	1,143	Dev/ATLAS.BBS/Source/PO/PO.BBS/BBSM004_PO.cs
bbs	未分級	E14 非 UTF-8 來源檔	BBSM005	1,333	Dev/ATLAS.BBS/Source/PO/PO.BBS/BBSM005_PO.cs
bbs	未分級	E14 非 UTF-8 來源檔	BBSM009	891	Dev/ATLAS.BBS/Source/PO/PO.BBS/BBSM009_PO.cs
bbs	未分級	E14 非 UTF-8 來源檔	BBSM010	919	Dev/ATLAS.BBS/Source/PO/PO.BBS/BBSM010_PO.cs
bbs	未分級	E14 非 UTF-8 來源檔	BBSM013	1,306	Dev/ATLAS.BBS/Source/PO/PO.BBS/BBSM013_PO.cs
bbs	未分級	E14 非 UTF-8 來源檔		等 10 支薄包裝 · 41–47	Dev/ATLAS.BBS/Source/Entity/DataEntity.BBS/BBSM001ModelVDB.cs
bbs	未分級	E15 大段死碼	BBSM013	兩支被註解掉的手寫逐欄搬運方法 · 706	Dev/ATLAS.BBS/Source/Control/Control.BBS/BBSM013_Ctl.cs:209-914
bbs	未分級	E15 大段死碼	BBSM004	整段被 /* */ 包起來的舊版 Form 實作,含第二份 FormInitial / AddDataLoad / ModifyDataLoad / 各式事件 · 310	Dev/ATLAS.BBS/Source/UI/UI.BBS/BBSM004.cs:1190-1499
bbs	未分級	E15 大段死碼	BBSM004	三段標「ole code」的區塊註解 · 約 80	Dev/ATLAS.BBS/Source/UI/UI.BBS/BBSM004.cs:1520-1599
bbs	未分級	E16 兩支畫面同一件事,錯誤處理不一致	BBSM009, BBSM109	撤銷時更新結餘檔 · 影響列數不等於 1 就 throw() · 不檢查()	Dev/ATLAS.BBS/Source/PO/PO.BBS/BBSM009_PO.cs:148-151
bbs	未分級	E16 兩支畫面同一件事,錯誤處理不一致	BBSM010, BBSM110	刪除未覆核單 · 只寫跳號() · 另做庫存檢核並可能阻擋()	Dev/ATLAS.BBS/Source/PO/PO.BBS/BBSM010_PO.cs:867
bbs	未分級	E16 兩支畫面同一件事,錯誤處理不一致	BBSM109	質權人 ID 檢核 · 沒有 · 有()	Dev/ATLAS.BBS/Source/UI/UI.BBS/BBSM109.cs:740
bbs	未分級	E16 兩支畫面同一件事,錯誤處理不一致	BBSM013	轉讓稅額 / 淨值必須大於 0 · 有() · 沒有	Dev/ATLAS.BBS/Source/UI/UI.BBS/BBSM013.cs:146-148
bbs	未分級	E16 兩支畫面同一件事,錯誤處理不一致	BBSM113	轉讓日期已過帳不可刪除 · 沒有 · 有()	Dev/ATLAS.BBS/Source/UI/UI.BBS/BBSM113.cs:221
bms	中	E1 BMSM006_1:4,098 行的平行實作,零引用	BMSM006, BMSM001	宣告 BMSM006_1 : BMSM001,是 BMSM006 的另一套實作,走繼承路線;現役的 BMSM006 走 xMaintainForm()	Dev/ATLAS.BMS/Source/UI/UI.BMS/BMSM006_1.cs:34
bms	高	E2 歡迎信的觸發條件有兩套,而且不一致	BMSM001, BMSM006	BMSM001 判 EC 註冊別等於 8,BMSM006 判等於 4;BMSM001 那邊「第一次覆核且非覆核刪除」的前置條件被整段註解掉	Dev/ATLAS.BMS/Source/Control/Control.BMS/BMSM001_Ctl.cs:136-157
bms	中	E3 空訊息的例外:throw new ApplicationException("")	BMSM001, BMSM004, BMSM006	跳號註記寫失敗、Confirm 更新筆數不對,一律丟訊息為空字串的例外	Dev/ATLAS.BMS/Source/PO/PO.BMS/BMSM001_PO.cs:1496-1498
bms	低	E4 繞過框架對話框,用原生 MessageBox 顯示英文訊息	BMSM925	BMSM925 查不到 GIIN 時跳 MessageBox.Show("No GiinNo Data");上面兩行走框架的寫法被註解掉了	Dev/ATLAS.BMS/Source/UI/UI.BMS/BMSM925.cs:279-284
bms	中	E5 SQL 用字串串接,沒有參數化	BMSM007, BMSM924, BMSM004, BMSM006	查詢條件直接串進 SQL:" And BMS007A." + Row.Name + " = '" + Row.Value + "'"	Dev/ATLAS.BMS/Source/PO/PO.BMS/BMSM007_PO.cs:130-171
bms	低	E6 解構子用 += 而不是 -=	BMSM926	~BMSM926_PO() 裡五個事件全部用 +=,等於在解構時又掛一次	Dev/ATLAS.BMS/Source/PO/PO.BMS/BMSM926_PO.cs:37-45
bms	中	E7 AUTO_BELONG_EMP:設定變常數,而且兩支畫面方向相反	BMSM001, BMSM006	讀 CTL015 的那一行被註解,只剩 bool IsAUTO = false;(BMSM001)與 = true;(BMSM006)	Dev/ATLAS.BMS/Source/PO/PO.BMS/BMSM001_PO.cs:1901-1915
bms	未分級	E8 空殼:有事件沒內容、有檢核沒規則、有分支到不了	BMSM925	BMSM925_PO 的四支 Before 事件 · 各自只有一行 strSQL = args.DbCmd.CommandText;,指派完就結束(註解寫 for debug)	Dev/ATLAS.BMS/Source/PO/PO.BMS/BMSM925_PO.cs:58-109
bms	未分級	E8 空殼:有事件沒內容、有檢核沒規則、有分支到不了	BMSB925	BMSB925 的 DoValidate · 內容整個被註解,但仍被呼叫	Dev/ATLAS.BMS/Source/UI/UI.BMS/BMSB925.cs:52-64
bms	未分級	E8 空殼:有事件沒內容、有檢核沒規則、有分支到不了	BMSM924	BMSM924 的 DoValidate · 只有 ValidateErrList.Clear() 加框架檢核,末尾 if (...) return; 沒有作用	Dev/ATLAS.BMS/Source/UI/UI.BMS/BMSM924.cs:160-165
bms	未分級	E8 空殼:有事件沒內容、有檢核沒規則、有分支到不了	BMSM007, BMSM924	BMSM007 / BMSM924 的 ToDo 語法 · BeforeGetToDoData 傳 false 給 isToDoString,AppendToDoString 那段永遠接不上	Dev/ATLAS.BMS/Source/PO/PO.BMS/BMSM007_PO.cs:82-91
bms	未分級	E8 空殼:有事件沒內容、有檢核沒規則、有分支到不了	BMSM926	BMSM926 的 BeforeApproveDelete · 整支只有註解	Dev/ATLAS.BMS/Source/PO/PO.BMS/BMSM926_PO.cs:120-132
bms	未分級	E8 空殼:有事件沒內容、有檢核沒規則、有分支到不了	BMSM006	BMSM006 的「請先帶入EC資料」檢核 · 條件與訊息都還在,整段被 /* */ 包起來,只留下上面那行 BMSM006_Pxy pxy 給別的檢核用	Dev/ATLAS.BMS/Source/UI/UI.BMS/BMSM006.cs:3562-3576
bms	中	E9 國別欄的 Replace("0","")	BMSM006	BMSM006 從 BMS001A 複製到 OFD601 時,對境內外別欄位做字面上的字元取代	Dev/ATLAS.BMS/Source/PO/PO.BMS/BMSM006_PO.cs:396-397
bms	中	E10 BMSM924 的十組稅籍欄位逐欄寫死	BMSM924	外國稅籍資料(英文姓名 / 地址 / 稅籍編號)做成 10 組獨立欄位與控制項,不是明細表	Dev/ATLAS.BMS/Source/UI/UI.BMS/BMSM924.cs:182-224
bms	低	E11 訊息錯字:「排捈」	BMSM925	請檢查[是否為排捈申報帳戶]欄設定是否正確! —— 應為「排除」	Dev/ATLAS.BMS/Source/UI/UI.BMS/BMSM925.cs:339
bms	中	E12 未成年門檻 18 歲寫死在 SQL 裡,而且寫兩次	BMSM001	顯示欄位與過濾條件各寫一次 DATEDIFF('Y', ...) >= 18 / < 18	Dev/ATLAS.BMS/Source/PO/PO.BMS/BMSM001_PO.cs:829
bms	低	E13 catch (SqlException) 在 Oracle 環境永遠不會被觸發	BMSB925	BMSB925_PO 用 using System.Data.SqlClient; 再 catch (SqlException sqlex),但這支 PO 連的是 Oracle,丟出來的是 OracleException	Dev/ATLAS.BMS/Source/PO/PO.BMS/BMSB925_PO.cs:114-120
bms	高	E14 BMSB901A 的暫存表清理沒帶批號,批號還是 static	BMSB901A	查詢階段一開頭 DELETE BMSB901A_T1; DELETE BMSB901A_T2; 沒有 WHERE;批號是 Form 的 static 欄位	Dev/ATLAS.BMS/Source/PO/PO.BMS/BMSB901A_PO.cs:51-56
bms	未分級	E15 CHG 與本表的欄位不同步:本文最會咬人的一條		嚴重度 · 高	Dev/ATLAS.BMS/Source/PO/PO.BMS/BMSM004_PO.cs:108-434
bms	未分級	E15 CHG 與本表的欄位不同步:本文最會咬人的一條	OFDB003	建議的驗證動作 · 連 DB 撈 s_TA_OFDB003_Excute 原始碼,確認是整列覆蓋還是只寫有變動的欄位	Dev/ATLAS.BMS/Source/PO/PO.BMS/BMSM004_PO.cs:108-434
bms	中	E16 表名比對用錯:OFD374 與 OFD374A	BMSM001	BeforeAdd 比對 args.TableName == "OFD374"(這是 xsd 的 DataTable 名),BeforeUpdate 比對 "OFD374A"(實體表名);其他所有比對都用實體表名	Dev/ATLAS.BMS/Source/PO/PO.BMS/BMSM001_PO.cs:791
bms	中	E17 Check601BFNO 整支被停用,而且 throw 後面還有不可到達的 return	BMSM006	方法還在,唯一呼叫點被註解;方法內 throw new ApplicationException("戶號有誤，請聯絡資訊室人員"); 下一行是 return true;	Dev/ATLAS.BMS/Source/PO/PO.BMS/BMSM006_PO.cs:1167-1192
bms	中	E18 BMSM001_Ctl.cs 是全模組唯一的 Big5 檔	BMSM001	BMS 底下所有非 Designer 的 .cs 都是 UTF-8 with BOM,只有 是 CP950	Dev/ATLAS.BMS/Source/Control/Control.BMS/BMSM001_Ctl.cs
bms	高	E19 BMSB901 的暫存表不清、CSV 靜默截斷	BMSB901	BMSB901_T1 只 INSERT 從不 DELETE()	Dev/ATLAS.BMS/Source/PO/PO.BMS/BMSB901_PO.cs:51-75
bms	未分級	E20 大量被註解掉、但外殼還在的程式碼	BMSM001	BMSM001 覆核時寫 OFD607A 的覆核者 · 寫入OFD607A的ECAPPROVEID,ECAPPROVEDATE	Dev/ATLAS.BMS/Source/PO/PO.BMS/BMSM001_PO.cs:325-346
bms	未分級	E20 大量被註解掉、但外殼還在的程式碼	BMSM001	BMSM001 覆核時把 KYC 的代碼設為 1 · 寫入OFD624的EC_PCODE覆核後設為"1"	Dev/ATLAS.BMS/Source/PO/PO.BMS/BMSM001_PO.cs:349-368
bms	未分級	E20 大量被註解掉、但外殼還在的程式碼	BMSM001	BMSM001 覆核時更新 OFD601 的註冊別 · 更新OFD601	Dev/ATLAS.BMS/Source/PO/PO.BMS/BMSM001_PO.cs:381-399
bms	未分級	E20 大量被註解掉、但外殼還在的程式碼	BMSM001	BMSM001 寫集保傳檔記錄 · 寫一筆新資料進 BMS001_TSCDLOG	Dev/ATLAS.BMS/Source/PO/PO.BMS/BMSM001_PO.cs:537-608
bms	未分級	E20 大量被註解掉、但外殼還在的程式碼	BMSM001	BMSM001 覆核刪除時清 OFD607A 的覆核欄位 · 清空OFD607A的ECAPPROVEID,ECAPPROVEDATE...等欄位	Dev/ATLAS.BMS/Source/PO/PO.BMS/BMSM001_PO.cs:3566-3590
bms	未分級	E20 大量被註解掉、但外殼還在的程式碼	BMSM001	BMSM001 判斷要不要重送印鑑 · 判斷是否執行CallBfSeal()	Dev/ATLAS.BMS/Source/PO/PO.BMS/BMSM001_PO.cs:649-672
bms	未分級	E20 大量被註解掉、但外殼還在的程式碼	BMSM006	BMSM006 覆核時寫 EC 覆核者 · 寫入OFD607ACHG的ECApproveID,ECApproveDate	Dev/ATLAS.BMS/Source/PO/PO.BMS/BMSM006_PO.cs:989-1011
bms	未分級	E20 大量被註解掉、但外殼還在的程式碼	BMSM006	BMSM006 覆核刪除時回復 OFD601 註冊別並刪除 · (在 SQL 字串中間被註解)	Dev/ATLAS.BMS/Source/PO/PO.BMS/BMSM006_PO.cs:1050-1065
bms	未分級	E20 大量被註解掉、但外殼還在的程式碼	BMSM001, BMSM006	BMSM001 / BMSM006 掛 11 張帳戶明細 · OFD101 到 OFD562	Dev/ATLAS.BMS/Source/PO/PO.BMS/BMSM001_PO.cs:103-121
cas	高	E.1 被註解掉但外殼還在的檢核		CASM004p0 的四條複製前檢核(年月大小、來源≠目標、存在性、100% 上限)全被註解	Dev/ATLAS.CAS/Source/UI/UI.CAS/CASM004p0.cs:68-118
cas	中	E.1 被註解掉但外殼還在的檢核	CASM004	IsEmpExsits 三層(PO / 介面 / Ctl)都在,零呼叫點,而且它的「迄年月」條件也被註解	Dev/ATLAS.CAS/Source/PO/PO.CAS/CASM004_PO.cs:241-263
cas	中	E.1 被註解掉但外殼還在的檢核	CASM002	CASM002 的三段「主談者資料不存在」檢核被註解,而且第三段複製貼上沒改對	Dev/ATLAS.CAS/Source/UI/UI.CAS/CASM002.cs:554-579
cas	中	E.1 被註解掉但外殼還在的檢核	CASM001	CASM001 的 ID_NODoValidate() 方法留著但內容是空的,呼叫點也被註解	Dev/ATLAS.CAS/Source/UI/UI.CAS/CASM001.cs:567-571
cas	中	E.1 被註解掉但外殼還在的檢核	CASM006	CASM006 的五個年度指標 + 五個明細指標「必須大於 0」全被註解,但六個總和檢核留著	Dev/ATLAS.CAS/Source/UI/UI.CAS/CASM006.cs:79-88
cas	高	E.1 被註解掉但外殼還在的檢核	CASM006	CASM006 的 QueryVDB.Util.Parameters.Clear() 被註解(另外三支 M 畫面都有)	Dev/ATLAS.CAS/Source/UI/UI.CAS/CASM006.cs:370
cas	低	E.1 被註解掉但外殼還在的檢核	CASM006	CASM006 的業績年度起迄檢核與 PO 的區間條件同時被註解	Dev/ATLAS.CAS/Source/UI/UI.CAS/CASM006.cs:353-357
cas	中	E.1 被註解掉但外殼還在的檢核	CASM004	CASM004 的機構區別碼(迄)在 UI 不送參數、PO 整段註解,但查詢檢核還在驗它	Dev/ATLAS.CAS/Source/UI/UI.CAS/CASM004.cs:262-263
cas	低	E.1 被註解掉但外殼還在的檢核	CASI001	CASI001 的銷售機構金資起迄檢核整段被註解	Dev/ATLAS.CAS/Source/UI/UI.CAS/CASI001.cs:101-107
cas	高	E.1 被註解掉但外殼還在的檢核	CASR002	CASR002 的「報表種類必選」檢核被註解,而 PO 沒有 else	Dev/ATLAS.CAS.Report/Source/UI/ReportUI.CAS/CASR002.cs:93-94
cas	中	E.1 被註解掉但外殼還在的檢核	CASM004, CASM005	CASM004 的員工下拉部門排除整段被註解(留著「2015/12/25 改為代銷部門可修改」的說明)	Dev/ATLAS.CAS/Source/UI/UI.CAS/CASM004.cs:310-316
cas	低	E.1 被註解掉但外殼還在的檢核	CASM005	CASM005_PO 的 region 名稱結尾多一個 */,沒有對應的開頭	Dev/ATLAS.CAS/Source/PO/PO.CAS/CASM005_PO.cs:219
cas	中	E.2 有訊息但沒有 return / 沒有 Cancel	CASM006	CASM006 選到已離職員工時跳訊息,但照樣選得下去	Dev/ATLAS.CAS/Source/UI/UI.CAS/CASM006.cs:456-463
cas	中	E.2 有訊息但沒有 return / 沒有 Cancel		CASM004p0 選完來源業務員後 AddError 但沒有 Show(),下一次 DoValidate 又 Clear()	Dev/ATLAS.CAS/Source/UI/UI.CAS/CASM004p0.cs:249-262
cas	中	E.2 有訊息但沒有 return / 沒有 Cancel	CASB001	CASB001 寄信時查無 EMAIL 只跳訊息,繼續下一列	Dev/ATLAS.CAS/Source/UI/UI.CAS/CASB001.cs:331-332
cas	低	E.2 有訊息但沒有 return / 沒有 Cancel	CASM004	CASM004 比率欄的訊息寫「應介於0.01和100.00之間」,判斷式只有「等於 0」	Dev/ATLAS.CAS/Source/UI/UI.CAS/CASM004.cs:319-328
cas	低	E.2 有訊息但沒有 return / 沒有 Cancel	CASM005	CASM005 查詢的訊息寫「必須皆(不)填寫」,判斷式是「兩個都空才錯」	Dev/ATLAS.CAS/Source/UI/UI.CAS/CASM005.cs:174-175
cas	中	E.2 有訊息但沒有 return / 沒有 Cancel	CASR008	CASR008 三個報表勾選框全不勾時,按預覽完全沒有反應也沒有訊息	Dev/ATLAS.CAS.Report/Source/UI/ReportUI.CAS/CASR008.cs:302-303
cas	高	E.3 catch 吞例外 / 回傳值語意錯誤	CASM004	GetEmpAgentStartDate 的 catch 回傳 ex.Message 當開始日期	Dev/ATLAS.CAS/Source/PO/PO.CAS/CASM004_PO.cs:227-231
cas	高	E.3 catch 吞例外 / 回傳值語意錯誤	CASM004, CASM005	IsDIV_PCTExsits 出錯回 -1,UI 判 i > 0	Dev/ATLAS.CAS/Source/PO/PO.CAS/CASM004_PO.cs:295
cas	高	E.3 catch 吞例外 / 回傳值語意錯誤	CASM001	IsID_NOExsits 出錯回 -1,UI 判 i > 0	Dev/ATLAS.CAS/Source/PO/PO.CAS/CASM001_PO.cs:384-388
cas	高	E.3 catch 吞例外 / 回傳值語意錯誤	CASM001	GetCustType / GetDeptNo 出錯回空字串,而且取 Rows[0] 沒判筆數	Dev/ATLAS.CAS/Source/PO/PO.CAS/CASM001_PO.cs:475
cas	中	E.3 catch 吞例外 / 回傳值語意錯誤	CASM001	GetExcel() 出錯回 null,UI 沒判 null 直接用	Dev/ATLAS.CAS/Source/PO/PO.CAS/CASM001_PO.cs:558-562
cas	中	E.3 catch 吞例外 / 回傳值語意錯誤	CASM002	CASM002 三處帶值的 pxy.GetXXX 都沒判 null	Dev/ATLAS.CAS/Source/UI/UI.CAS/CASM002.cs:592
cas	高	E.3 catch 吞例外 / 回傳值語意錯誤	CASR001	八支報表 PO 的 catch 都是 AddResultRow(false, 0, string.Empty)	Dev/ATLAS.CAS.Report/Source/PO/ReportPO.CAS/CASR001_PO.cs:81-84
cas	中	E.3 catch 吞例外 / 回傳值語意錯誤	CASM001	七個 After* 的 throw new ApplicationException("") 訊息是空字串	Dev/ATLAS.CAS/Source/PO/PO.CAS/CASM001_PO.cs:582
cas	中	E.3 catch 吞例外 / 回傳值語意錯誤	CASM004, CASM005	CASM004 / CASM005 的複製在 catch 直接 rollback、finally 直接 Dispose,都沒判 null	Dev/ATLAS.CAS/Source/PO/PO.CAS/CASM004_PO.cs:121-123
cas	高	E.3 catch 吞例外 / 回傳值語意錯誤	CASB001	CASB001 寫入後把實際影響筆數丟掉硬設成 1	Dev/ATLAS.CAS/Source/PO/PO.CAS/CASB001_PO.cs:355-356
cas	未分級	E.4 同一概念多套實作	CASM003, CASM006, CASM004, CASM005	取員工姓名的 join · 2 · CASM003 / CASM006 用 INNER(查不到員工整筆消失),CASM004 / CASM005 用 LEFT	Dev/ATLAS.CAS/Source/PO/PO.CAS/CASM003_PO.cs:119-121
cas	未分級	E.4 同一概念多套實作	CASM002, CASI001	取「最新月份的區域別」 · 2 · CASM002 用 MAX(YYMM) 配 MIN(...) KEEP DENSE_RANK 結果是全期間最小值;CASI001 用 ROW_NUMBER() ... ORDER BY YYMM DESC 才是真的最新	Dev/ATLAS.CAS/Source/PO/PO.CAS/CASM002_PO.cs:220-224
cas	未分級	E.4 同一概念多套實作	CASM002, CASI001, CASB001	「區域別」的資料來源 · 2 · CASM002 / CASI001 來自 CAS004A,CASB001 來自 CRM003A	Dev/ATLAS.CAS/Source/PO/PO.CAS/CASB001_PO.cs:199
cas	未分級	E.4 同一概念多套實作	CASM004, CASM005	業務員複製 · 2 · CASM004 走 SP 繞過四眼;CASM005 走程式逐列進四眼	Dev/ATLAS.CAS/Source/PO/PO.CAS/CASM004_PO.cs:97-114
cas	未分級	E.4 同一概念多套實作	CASM003, CASM006	年度的月分配 · 2 · CASM003 固定 12 個月會跨年;CASM006 只到當年 12 月	Dev/ATLAS.CAS/Source/UI/UI.CAS/CASM003.cs:142-171
cas	未分級	E.4 同一概念多套實作	CASI001, CASB001	實際拜訪日期的比較 · 2 · CASI001 直接字串比;CASB001 用 to_date(NVL(TRIM(...)))	Dev/ATLAS.CAS/Source/PO/PO.CAS/CASI001_PO.cs:329
cas	未分級	E.4 同一概念多套實作	CASM004, CASM005, CASM006	離職員工的處理 · 2 · CASM004 / CASM005 在下拉過濾掉(無提示);CASM006 跳訊息但不擋	Dev/ATLAS.CAS/Source/UI/UI.CAS/CASM004.cs:157-159
cas	未分級	E.4 同一概念多套實作	CASB001	CFM_USER2 的下拉代碼 · 2 · 彈出視窗用 440,grid 用 470	Dev/ATLAS.CAS/Source/UI/UI.CAS/CASB001p0.cs:207
cas	未分級	E.4 同一概念多套實作	CASM003, CASM006	年度欄位的合理性檢查 · 2 · CASM003 有 1900~今年;CASM006 沒有	Dev/ATLAS.CAS/Source/UI/UI.CAS/CASM003.cs:323-329
cas	未分級	E.4 同一概念多套實作	CASI001, CASB001	GetEmpNo 的筆數檢查 · 2 · CASI001 沒檢查直接取 Rows[0];CASB001 有檢查	Dev/ATLAS.CAS/Source/PO/PO.CAS/CASI001_PO.cs:469
cas	未分級	E.4 同一概念多套實作	CASM004, CASM005	CAS004A 的分配比率上限判斷 · 2 · CASM004 不含戶號;CASM005 含戶號。兩支對「同一組合」的定義不同	Dev/ATLAS.CAS/Source/PO/PO.CAS/CASM004_PO.cs:279-282
cas	未分級	E.5 寫死常數〔客戶特定〕	CASI001	可看全部拜訪紀錄的員工白名單 · 5 個員工代號	Dev/ATLAS.CAS/Source/PO/PO.CAS/CASI001_PO.cs:206-207
cas	未分級	E.5 寫死常數〔客戶特定〕	CASM006	CASM006 的部門白名單 · G3 GA G11 G12 G13 G14 Z2 G17	Dev/ATLAS.CAS/Source/PO/PO.CAS/CASM006_PO.cs:210
cas	未分級	E.5 寫死常數〔客戶特定〕	CASM005	CASM005 的銷售機構 · 區別碼 0 + 機構代碼 A0901,而且唯讀	Dev/ATLAS.CAS/Source/UI/UI.CAS/CASM005.cs:70-81
cas	未分級	E.5 寫死常數〔客戶特定〕	CASM005	CASM005 的員工部門白名單 · G3 GA G12 G13 G17	Dev/ATLAS.CAS/Source/UI/UI.CAS/CASM005.cs:244-246
cas	未分級	E.5 寫死常數〔客戶特定〕		CASM005p0 的員工部門白名單 · 同上加 G14	Dev/ATLAS.CAS/Source/UI/UI.CAS/CASM005p0.cs:198-200
cas	未分級	E.5 寫死常數〔客戶特定〕	CASM004, CASM005	CASM004 / CASM005 的員工過濾字串 · 排除 G17 + 今年以前離職	Dev/ATLAS.CAS/Source/UI/UI.CAS/CASM004.cs:157-159
cas	未分級	E.5 寫死常數〔客戶特定〕	CASM001	代操客戶不可刪的例外部門 · X01	Dev/ATLAS.CAS/Source/UI/UI.CAS/CASM001.cs:442-447
cas	未分級	E.5 寫死常數〔客戶特定〕	CASM001, CRMM003	CRM003A 的用途別 · '3'(CAS)/ '1'(CRM / TMK)	Dev/ATLAS.CAS/Source/UI/UI.CAS/CASM001.cs:58
cas	未分級	E.5 寫死常數〔客戶特定〕	CASB001	CASB001 寫進 CLS002A 的狀態 · '301'	Dev/ATLAS.CAS/Source/PO/PO.CAS/CASB001_PO.cs:341
cas	未分級	E.5 寫死常數〔客戶特定〕	CASR008	CASR008 投資地區的 F 展開成 F,G · F → F,G	Dev/ATLAS.CAS.Report/Source/UI/ReportUI.CAS/CASR008.cs:114
cas	未分級	E.5 寫死常數〔客戶特定〕	CASR001, CASB001	CASR001 的「全部員工」定義 · IS_CASB001 = 'Y'	Dev/ATLAS.CAS.Report/Source/UI/ReportUI.CAS/CASR001.cs:122
cas	高	E.6 位置取參數	CASR008	CASR008 把送給 SP 的代碼從控件名稱的最後一個字元切出來	Dev/ATLAS.CAS.Report/Source/UI/ReportUI.CAS/CASR008.cs:110-118
cas	高	E.6 位置取參數	CASI001	CASI001 取登入者員工代號:把回傳字串用逗號切開取第 2 段	Dev/ATLAS.CAS/Source/UI/UI.CAS/CASI001.cs:130-136
cas	高	E.6 位置取參數	CASR008	CASR008 的表名靠 RPT_KIND 字串拼,"0" 拼出 CASR008 但計數找 CASR008_0	Dev/ATLAS.CAS.Report/Source/PO/ReportPO.CAS/CASR008_PO.cs:86
cas	高	E.6 位置取參數	CASM006	CASM006 的月分配用 j < 12 判斷最後一列,但列數是 13 - 起算月	Dev/ATLAS.CAS/Source/UI/UI.CAS/CASM006.cs:169
cas	中	E.6 位置取參數	CASM003	CASM003 的跨年月份無條件補一個 "0"	Dev/ATLAS.CAS/Source/UI/UI.CAS/CASM003.cs:150-151
cas	低	E.6 位置取參數	CASB001	CASB001 雙擊判斷用 "IsCheck",其餘地方用 "ISCHECK"	Dev/ATLAS.CAS/Source/UI/UI.CAS/CASB001.cs:209-212
cas	高	E.7 SQL 層面的髒寫法	CASI001	CASI001 的 8 處起迄條件寫成 > =(中間有空白)	Dev/ATLAS.CAS/Source/PO/PO.CAS/CASI001_PO.cs:219
cas	中	E.7 SQL 層面的髒寫法	CASB001	CASB001 的 UPDATE 裡 13 個綁定變數寫成 : NAME(冒號後有空白),同段的前 5 個卻是正常的	Dev/ATLAS.CAS/Source/PO/PO.CAS/CASB001_PO.cs:309-323
cas	高	E.7 SQL 層面的髒寫法	CASB001	GetUidCode 的 AND / OR 缺括號	Dev/ATLAS.CAS/Source/PO/PO.CAS/CASB001_PO.cs:431-432
cas	高	E.7 SQL 層面的髒寫法	CASB001	CASB001 的「未閱」條件 <> 'Y' AND <> 'Y' 碰到 NULL 全被濾掉	Dev/ATLAS.CAS/Source/PO/PO.CAS/CASB001_PO.cs:214
cas	高	E.7 SQL 層面的髒寫法	CASM002, CASB001	維護與查詢畫面的查詢條件全部字串串接,唯二用綁定參數的是 CASM002 的報表查詢與 CASB001 的批次寫入	Dev/ATLAS.CAS/Source/PO/PO.CAS/CASM002_PO.cs:588
cas	中	E.7 SQL 層面的髒寫法	CASM002	CASM002 的 MAX(YYMM) 被算出來卻沒有任何地方用到	Dev/ATLAS.CAS/Source/PO/PO.CAS/CASM002_PO.cs:220-224
cas	高	E.7 SQL 層面的髒寫法	CASR002, CASR006	CASR002 / CASR006 的結果集分支都沒有 default	Dev/ATLAS.CAS.Report/Source/PO/ReportPO.CAS/CASR002_PO.cs:76-118
cas	中	E.7 SQL 層面的髒寫法	CASR001	八支報表 SP 全部 CommandTimeout = 0	Dev/ATLAS.CAS.Report/Source/PO/ReportPO.CAS/CASR001_PO.cs:60
cas	未分級	E.8 其他讀碼陷阱	CASM005	CASM005_PO 的複製有一行 row.STATUS = row.STATUS · 自我賦值,等於沒做。複製出來的資料沿用來源的四眼狀態	Dev/ATLAS.CAS/Source/PO/PO.CAS/CASM005_PO.cs:96
cas	未分級	E.8 其他讀碼陷阱	CASR006	CASR006 的兩段註解寫「既有客戶交易異常表」 · 是別支畫面的文字,實際設的報表名完全不同	Dev/ATLAS.CAS.Report/Source/UI/ReportUI.CAS/CASR006.cs:176
cas	未分級	E.8 其他讀碼陷阱	CASB001	CASB001.cs:279-282 的三行註解與底下的程式各差一行 · 註解不能信,看控件名	Dev/ATLAS.CAS/Source/UI/UI.CAS/CASB001.cs:279-282
cas	未分級	E.8 其他讀碼陷阱	CASM003	四支 _PO 的介面註解都寫「覆核層級管理 PO 共用介面」 · 樣板複製沒改,與實際功能無關	Dev/ATLAS.CAS/Source/PO/PO.CAS/CASM003_PO.cs:16-18
cas	未分級	E.8 其他讀碼陷阱	CASM001, CASM002	App.config 的 detailtable 宣告與 PO 不一致(CASM001 被註解、CASM002 根本沒宣告) · 以程式為準(§0.5)	Dev/ATLAS.CAS/Source/UI/UI.CAS/App.config:29
cas	未分級	E.8 其他讀碼陷阱	CASI001, CASB001	CASI001_PO 在唯讀查詢裡設了一整排四眼欄位的 DefaultValue · 從 CASB001 樣板複製來的死碼	Dev/ATLAS.CAS/Source/PO/PO.CAS/CASI001_PO.cs:406-418
cas	未分級	E.8 其他讀碼陷阱	CASI001	CASI001_PO 的 GetEmpNo / GetUidCode 是 public 但不在介面裡 · Ctl 拿到的是介面型別,呼叫不到,是死碼	Dev/ATLAS.CAS/Source/PO/PO.CAS/CASI001_PO.cs:25-27
cas	未分級	E.8 其他讀碼陷阱		專案樣板留下的空類別,12 行、零引用	Dev/ATLAS.CAS.Report/Source/PO/ReportPO.CAS/Class1.cs
cas	未分級	E.8 其他讀碼陷阱		CASR005RPS11 · 交付到正式環境但零引用的孤兒報表	Dev/ATLAS.CAS.Report/Source/UI/ReportUI.CAS/ReportUI.CAS.csproj:331
cas	未分級	E.8 其他讀碼陷阱	DSMM002	裡的 DSM002A 全在註解區 · 搜尋字串時會誤判成第三支使用者(§8.4)	Dev/ATLAS.DSM/Source/UI/UI.DSM/DSMM002.cs
cls	高	E1 Oracle 三值邏輯:庫存條件會靜默濾掉新客戶 · 嚴重度 高	CLSM001, CLSB001, CASB001	E1 Oracle 三值邏輯:庫存條件會靜默濾掉新客戶	Dev/ATLAS.CLS/SOURCE/PO/PO.CLS/CLSM001_PO.cs:179-182
cls	高	E2 匯率條件拿數值欄比日期字串 · 嚴重度 高	CLSR002	E2 匯率條件拿數值欄比日期字串	Dev/ATLAS.CLS.Report/Source/PO/ReportPO.CLS/CLSR002_PO.cs:861-864
cls	高	E3 UPDATE 不帶 WHERE · 嚴重度 高	CLSB002	E3 UPDATE 不帶 WHERE	Dev/ATLAS.CLS/SOURCE/PO/PO.CLS/CLSB002_PO.cs:53
cls	高	E4 字串串接進 SQL(注入面) · 嚴重度 高	CLSI001	CLSI001_PO · 登入者員編 → 表值函式參數	Dev/ATLAS.CLS/SOURCE/PO/PO.CLS/CLSI001_PO.cs:135-136
cls	高	E4 字串串接進 SQL(注入面) · 嚴重度 高	CLSI001	CLSI001_PO · 8 組起迄條件 + 5 個下拉值	Dev/ATLAS.CLS/SOURCE/PO/PO.CLS/CLSI001_PO.cs:163
cls	高	E4 字串串接進 SQL(注入面) · 嚴重度 高	CLSI001	CLSI001_PO · GetEmpNo / GetUidCode 的 UserID / EmpNo	Dev/ATLAS.CLS/SOURCE/PO/PO.CLS/CLSI001_PO.cs:415
cls	高	E4 字串串接進 SQL(注入面) · 嚴重度 高	CLSM001	CLSM001_PO · 銷售機構 + 員編	Dev/ATLAS.CLS/SOURCE/PO/PO.CLS/CLSM001_PO.cs:208
cls	高	E4 字串串接進 SQL(注入面) · 嚴重度 高	CLSM002	CLSM002_PO · 銷售機構 + 員編	Dev/ATLAS.CLS/SOURCE/PO/PO.CLS/CLSM002_PO.cs:169
cls	高	E4 字串串接進 SQL(注入面) · 嚴重度 高	CLSM002	CLSM002_PO · 實際拜訪日期迄日串進 CTE	Dev/ATLAS.CLS/SOURCE/PO/PO.CLS/CLSM002_PO.cs:183
cls	高	E4 字串串接進 SQL(注入面) · 嚴重度 高	CLSR002	CLSR002_PO · 銷售機構 + 員編(12 支方法各一份)	Dev/ATLAS.CLS.Report/Source/PO/ReportPO.CLS/CLSR002_PO.cs:224
cls	高	E4 字串串接進 SQL(注入面) · 嚴重度 高	CLSR002	CLSR002_PO · 排序欄位名串進 ORDER BY	Dev/ATLAS.CLS.Report/Source/PO/ReportPO.CLS/CLSR002_PO.cs:238
cls	高	E4 字串串接進 SQL(注入面) · 嚴重度 高	CLSR002	CLSR002_PO · GetUidCode 的 EmpNo	Dev/ATLAS.CLS.Report/Source/PO/ReportPO.CLS/CLSR002_PO.cs:117-119
cls	高	E5 可查員編清單沒有加引號,而且空清單會放大範圍 · 嚴重度 高	CLSM001, CLSM002, CLSR001, CLSR002, CASB001	E5 可查員編清單沒有加引號,而且空清單會放大範圍	Dev/ATLAS.CLS/SOURCE/UI/UI.CLS/CLSM001.cs:294-303
cls	中	E6 被註解掉但外殼還在的檢核 · 嚴重度 中	CLSM001	CLSM001 統編重複檢查 ChkID · 整支方法用 /* */ 包住,訊息「統編/ID 已存在, 不可重覆建檔」還在	Dev/ATLAS.CLS/SOURCE/PO/PO.CLS/CLSM001_PO.cs:218-252
cls	中	E6 被註解掉但外殼還在的檢核 · 嚴重度 中	CLSM001	CLSM001 多筆受益人挑選 + 「不可建為潛在客戶」 · HasData 這個 out 參數永遠回 false,呼叫端的判斷式留著	Dev/ATLAS.CLS/SOURCE/UI/UI.CLS/CLSM001.cs:175-197
cls	中	E6 被註解掉但外殼還在的檢核 · 嚴重度 中	CLSM001	CLSM001 戶號與姓名的 Validating · 兩個事件方法整段註解	Dev/ATLAS.CLS/SOURCE/UI/UI.CLS/CLSM001.cs:707-719
cls	中	E6 被註解掉但外殼還在的檢核 · 嚴重度 中	CLSM001, CLSM002	兩支 M 的「至少 3 個查詢條件」 · ValidateErrList.Clear() 與 if (Show()) 都還在,永遠不成立	Dev/ATLAS.CLS/SOURCE/UI/UI.CLS/CLSM001.cs:547-551
cls	中	E6 被註解掉但外殼還在的檢核 · 嚴重度 中	CLSM001	CLSM001 存檔後重算庫存 · AfterAdd / AfterUpdate 事件仍掛在建構子上,方法體全註解;UI 端仍塞 COM 參數	Dev/ATLAS.CLS/SOURCE/PO/PO.CLS/CLSM001_PO.cs:92-124
cls	中	E6 被註解掉但外殼還在的檢核 · 嚴重度 中	CLSM002	CLSM002 「拜訪記錄必須再補充」+ UpdMemo · 方法留成空殼,四個呼叫點全註解,lenTopic 永遠是 0	Dev/ATLAS.CLS/SOURCE/UI/UI.CLS/CLSM002.cs:133-134
cls	中	E6 被註解掉但外殼還在的檢核 · 嚴重度 中	CLSM002	CLSM002 修改既有拜訪重點 · 雙擊既有列進 else 分支後什麼都不做,使用者以為壞掉	Dev/ATLAS.CLS/SOURCE/UI/UI.CLS/CLSM002.cs:598-604
cls	中	E6 被註解掉但外殼還在的檢核 · 嚴重度 中	CLSI001	CLSI001 的 5 人員編白名單 · 整段註解,而且註解裡那個判斷式 A != x \ · A != y 恆真(同 cas.md 記的錯誤)	Dev/ATLAS.CLS/SOURCE/PO/PO.CLS/CLSI001_PO.cs:142-153
cls	中	E6 被註解掉但外殼還在的檢核 · 嚴重度 中	CLSI001	CLSI001 的 TRACE_CODE / INVEST_CODE 查詢條件 · 兩段註解,畫面上的下拉還在	Dev/ATLAS.CLS/SOURCE/PO/PO.CLS/CLSI001_PO.cs:329-347
cls	中	E6 被註解掉但外殼還在的檢核 · 嚴重度 中	CLSI001	CLSI001_Ctl 的三個取值方法 + DoExecute · 全部註解,PO 端對應的介面宣告也註解	Dev/ATLAS.CLS/SOURCE/Control/Control.CLS/CLSI001_Ctl.cs:45-91
cls	中	E6 被註解掉但外殼還在的檢核 · 嚴重度 中	CLSR001	CLSR001 的 uoptFUND 選項群 · 控件還在 Designer 裡(Visible = false),事件方法整段註解	Dev/ATLAS.CLS.Report/Source/UI/ReportUI.CLS/CLSR001.cs:412-415
cls	中	E7~E10 例外處理與取值方式 · 嚴重度 中	CLSM001, CLSM002, CLSB001, CLSB002, CLSR001, CLSR002, CLSI001	catch 把 ex.ToString() 當成資料值塞進 Result 回給使用者:CLSM001_PO 五處(:293、:338、:379、:424、:472)、CLSM002_PO(:328)、CLSB001_PO(:78)、CLSB002_PO(:68、:104)、CLSR001_PO(:90、:146)、CLSR002_PO(:162)	Dev/ATLAS.CLS/SOURCE/PO/PO.CLS/CLSM001_PO.cs:293
cls	中	E7~E10 例外處理與取值方式 · 嚴重度 中	CLSM002, CASM001	CLSM002_PO 七個 After* 事件全是 throw new ApplicationException("") —— 空訊息	Dev/ATLAS.CLS/SOURCE/PO/PO.CLS/CLSM002_PO.cs:348
cls	中	E7~E10 例外處理與取值方式 · 嚴重度 中	CLSB002, CLSR001, CLSI001, CLSM001, CLSM002	靠位置取值,沒有長度檢查:兩支 M 的 Ctl 取 Result[0];CLSB002 UI 取 Result[0] 與 Result1;CLSR001_PO 取 Parameters[0] 當 USERID;兩支 R 的 Ctl 取 ReportParameters[0];CLSB002_PO 取 row[0] / row[1] 靠欄位順序;CLSI001 取 GetEMP_INFO 回傳字串的 Split(',')[1]	Dev/ATLAS.CLS/SOURCE/Control/Control.CLS/CLSM001_Ctl.cs:62-65
cls	中	E7~E10 例外處理與取值方式 · 嚴重度 中	CLSB001, CLSR001	ex.Message.Split(':')[1] 再 Substring(0, msg.IndexOf("ORA-")),兩個字串操作都沒防呆(沒有冒號、或找不到 ORA- 就在 catch 裡再爆一次);兩處是複製品	Dev/ATLAS.CLS/SOURCE/PO/PO.CLS/CLSB001_PO.cs:73
cls	中	E7~E10 例外處理與取值方式 · 嚴重度 中	CLSM002, CLSM001	有訊息但沒有 return / Cancel:udatACT_CALL_DATE_Validating 對「預先維護」與「逾 30 天」都跳訊息卻不設 e.Cancel;實際靠 DoValidate 再擋一次,同一條規則兩份實作。另外 GetSAL_CD 失敗時只跳訊息、blnCanKeyIn 保持 false	Dev/ATLAS.CLS/SOURCE/UI/UI.CLS/CLSM002.cs:724-738
cls	中	E11 「第 6 與第 9 項要鎖住客戶等級」這段程式走不到 · 嚴重度 中	CLSR002	E11 「第 6 與第 9 項要鎖住客戶等級」這段程式走不到	Dev/ATLAS.CLS.Report/Source/UI/ReportUI.CLS/CLSR002.cs:361-379
cls	中	E13 停損點永遠顯示不出來 · 嚴重度 中	CLSM001	E13 停損點永遠顯示不出來	Dev/ATLAS.CLS/SOURCE/UI/UI.CLS/CLSM001.cs:463-466
cls	中	E12 · E14~E27 其餘十四條	CLSR002	GetRpt0A 把 AddParam(…, "A", "CUS_LV") 呼叫了兩次(:218 與 :232);12 支 GetRpt* 只有這一支這樣	Dev/ATLAS.CLS.Report/Source/PO/ReportPO.CLS/CLSR002_PO.cs:218
cls	中	E12 · E14~E27 其餘十四條	CLSB001, CLSB002, BMSB925	SetPermissionInfo(this.ProcessVDB) 在 this.ProcessVDB = new … 之前呼叫,全庫其他地方都是先 new 再設(註解寫「新vdb就要用」)	Dev/ATLAS.CLS/SOURCE/UI/UI.CLS/CLSB001.cs:29-32
cls	中	E12 · E14~E27 其餘十四條	CLSR002	CLSR002_PO.GetData 用 Reflection 依用戶端參數叫 "GetRpt" + RptType,而且帶 BindingFlags.NonPublic	Dev/ATLAS.CLS.Report/Source/PO/ReportPO.CLS/CLSR002_PO.cs:155-157
cls	中	E12 · E14~E27 其餘十四條		Convert.ToDecimal(Result[0].ReturnMessage.PadLeft(1, '1')) —— PadLeft(1,'1') 只在字串長度為 0 時補,等於「查不到匯率」被寫成「匯率 = 1」	Dev/ATLAS.CLS/SOURCE/UI/UI.CLS/CLSM002p1.cs:65
cls	中	E12 · E14~E27 其餘十四條	CLSM001	CLSI001p0 塞值 19 行完全沒有 IsXxxNull() 保護,而 EST_CALL_DATE / ACT_CALL_DATE / TRAFFIC_FEE / BF_NO 在 xsd 都是可空的	Dev/ATLAS.CLS/SOURCE/UI/UI.CLS/CLSI001p0.cs:71-89
cls	低	E12 · E14~E27 其餘十四條	CLSM001, CLSM002	CLSM001p0「受益人基本資料」在 CLSM001 的呼叫點已被註解,只剩 CLSM002 一個活呼叫;而且它的 grid 顯示 ID_NO/BF_NO/PR_NAME/MAIL_ADDR,資料來源卻是 vdb.UIView.CLS001(潛在客戶)	Dev/ATLAS.CLS/SOURCE/UI/UI.CLS/CLSM001p0.cs:62-63
cls	低	E12 · E14~E27 其餘十四條		CLSM002p2 的 this.DialogResult = DialogResult.OK; 寫在 foreach 迴圈裡	Dev/ATLAS.CLS/SOURCE/UI/UI.CLS/CLSM002p2.cs:101-107
cls	低	E12 · E14~E27 其餘十四條	CLSR001	SetParameterValue("FUND", …挑選的基金清單…) 下一行立刻被 SetParameterValue("FUND", "境內基金") 覆蓋	Dev/ATLAS.CLS.Report/Source/UI/ReportUI.CLS/CLSR001.cs:359-360
cls	低	E12 · E14~E27 其餘十四條	CLSB001, CLSB002	兩支 B 的四個 CustomTransfer* 各自 as 出 view / model 兩個區域變數就直接 return,沒搬任何資料	Dev/ATLAS.CLS/SOURCE/Control/Control.CLS/CLSB001_Ctl.cs:46-59
cls	低	E12 · E14~E27 其餘十四條		CLSM001Model.xsd 的 CLS0021(4 欄)全庫零引用,欄位與同檔的 CLS002 結果集幾乎一樣	Dev/ATLAS.CLS/SOURCE/Entity/DataEntity.CLS/CLSM001Model.xsd
cls	低	E12 · E14~E27 其餘十四條	CLSR001	CLSR001RPS1 沒有任何畫面入口(六個選項的 RptNumber 值域是 {2,3,4,5,6,7,8,9})	Dev/ATLAS.CLS.Report/Source/UI/ReportUI.CLS/CLSR001.cs:191-196
cls	低	E12 · E14~E27 其餘十四條	CASM001, CLSM002	SetCLS001Data 的 if (!row.IsID_NONull()) … 連續寫兩次	Dev/ATLAS.CLS/SOURCE/UI/UI.CLS/CLSM002.cs:202-205
cls	未分級	E12 · E14~E27 其餘十四條		本模組沒有非 UTF-8 的來源檔:兩個專案底下所有 .cs/.xsd/.config/.csproj/.resx 逐檔 UTF-8 解碼,0 支失敗	Dev/ATLAS.CLS.Report/Source/PO/ReportPO.CLS/CLSR002_PO.cs:218
cls	中	E12 · E14~E27 其餘十四條	CLSM002, CLSR002	「讀快照還是讀現值」有兩份實作,而且已經漂移(部門來源、NVL 處理、日期繫結方式都不同,見 §7.2 的表)	Dev/ATLAS.CLS/SOURCE/PO/PO.CLS/CLSM002_PO.cs:176-273
cls	低	E12 · E14~E27 其餘十四條	CLSM002	沒給實際拜訪日迄日時,ISHIS 的上限寫死 '29991231',而且是字串串接	Dev/ATLAS.CLS/SOURCE/PO/PO.CLS/CLSM002_PO.cs:187
cod	高	E.1 Oracle 三值邏輯與 AND / OR 條件	CODM009	CheckRspChgDate 的條件 WHERE (RSP_CHG_DATE<>'19000101' or RSP_CHG_DATE<>'') —— 兩個 <> 用 OR 串,對任何非 NULL 的值都恆真	Dev/ATLAS.COD/Source/PO/PO.COD/CODM009_PO.cs:671
cod	高	E.1 Oracle 三值邏輯與 AND / OR 條件	CODM009	CHECK_ID_EXIST 的在職條件 AND (LEAVE_DATE = '19000101' or LEAVE_DATE = ' ') —— 沒有處理 NULL。而同一支 PO 的 CHECK_UID_CODE 用的是 NVL(LEAVE_DATE, ' ') = ' '	Dev/ATLAS.COD/Source/PO/PO.COD/CODM009_PO.cs:72-79
cod	中	E.1 Oracle 三值邏輯與 AND / OR 條件	CODM010, CODM009	CheckOFD195 在 CODM010 多了一行 AND REL_NO NOT IN (SELECT EMP_NO FROM COD009 WHERE IS_COMP_FEAT = 'N' AND EMP_CD = '1'),CODM009 的同名方法沒有	Dev/ATLAS.COD/Source/PO/PO.COD/CODM010_PO.cs:697
cod	中	E.1 Oracle 三值邏輯與 AND / OR 條件	CODM010, CODM009	CheckRspChgDate 在 CODM010 用 NVL(RSP_CHG_DATE,' ') <>' ',在 CODM009 用 E1.1 那個恆真式	Dev/ATLAS.COD/Source/PO/PO.COD/CODM010_PO.cs:645
cod	高	E.2 catch 之後把例外訊息當資料值	CODM009	CODM009_Pxy.CHECK_UID_CODE 與 CHECK_ID_EXIST 的 catch return ex.Message;。呼叫端的判斷是「回傳字串非空 = 檢核不通過」	Dev/ATLAS.COD/Source/FormProxy/FormProxy.COD/CODM009_Pxy.cs:36
cod	高	E.2 catch 之後把例外訊息當資料值	CODB901, CODB902	CODB901 / CODB902 的 catch AddResultRow(false, 0, ex.ToString()) —— 連堆疊追蹤一起丟到畫面	Dev/ATLAS.COD/Source/PO/PO.COD/CODB901_PO.cs:104
cod	中	E.2 catch 之後把例外訊息當資料值	CODM005	CODM005_PO.CHECK_CODE_SORT 的 catch 只呼叫 HandleBusinessException,strResult 維持空字串	Dev/ATLAS.COD/Source/PO/PO.COD/CODM005_PO.cs:195-198
cod	中	E.2 catch 之後把例外訊息當資料值	CODM006	CODM006_PO 的 BeforeUpdate / BeforeApproveDelete 的 catch 不設 args.Cancel	Dev/ATLAS.COD/Source/PO/PO.COD/CODM006_PO.cs:362-365
cod	高	E.3 同一概念多套實作	CODM009	「員工在職」 · 三套:NVL(LEAVE_DATE,' ')=' '、(LEAVE_DATE='19000101' or LEAVE_DATE=' ')、(TRIM(LEAVE_DATE) IS NULL OR LEAVE_DATE >= TO_CHAR(sysdate,'YYYYMMDD'))	Dev/ATLAS.COD/Source/PO/PO.COD/CODM009_PO.cs:395
cod	中	E.3 同一概念多套實作	CODM006, CODM009, CODM010	「查詢條件轉 SQL」 · CODM006 / CODM009 / CODM010 各自有一份 private AddParam,三份逐字相同;另外還有共用的 EVAStringHelper.AddParam	Dev/ATLAS.COD/Source/PO/PO.COD/CODM006_PO.cs:279-312
cod	低	E.3 同一概念多套實作	CODM006, CODM009, CODM010	「取參數值」 · 三份 private GetParamValue(逐字相同,而且全部沒有呼叫端)	Dev/ATLAS.COD/Source/PO/PO.COD/CODM006_PO.cs:321-331
cod	低	E.3 同一概念多套實作	CODM009, CODM010	「檢核身分證格式」 · CODM009 用 ValidateManager,CODM010 用 UIValidator,兩個不同的類別	Dev/ATLAS.COD/Source/UI/UI.COD/CODM009.cs:514
cod	中	E.4 被註解掉但外殼還在的檢核	CODM005	CODM005 刪除前的檢核:UI 端組好了 view2 與參數,呼叫 Proxy 那一行被註解,底下的 if 判斷一個永遠空的結果集	Dev/ATLAS.COD/Source/UI/UI.COD/CODM005.cs:123
cod	中	E.4 被註解掉但外殼還在的檢核	CODM009, CODM010	CODM009 / CODM010 刪除前的「檢核是否已有契約異動資料」整段被註解,但 PO 端的 CheckRspChgDate 兩份實作都還活著、介面也還宣告著	Dev/ATLAS.COD/Source/UI/UI.COD/CODM009.cs:407-421
cod	高	E.4 被註解掉但外殼還在的檢核	CODM009	CODM009_PO 的 AfterAdd 與 AfterDelete 整段被 /* */ 包起來,但建構子仍然掛這兩個事件	Dev/ATLAS.COD/Source/PO/PO.COD/CODM009_PO.cs:251-274
cod	高	E.4 被註解掉但外殼還在的檢核	CODM010	CODM010_PO 的四個 After* 全部只剩空方法	Dev/ATLAS.COD/Source/PO/PO.COD/CODM010_PO.cs:299-624
cod	中	E.4 被註解掉但外殼還在的檢核	CODM010	CODM010 的「未成年子女必填出生日期」有三份被註解的實作,寫法互不相同,兩份還引用已不存在的控件	Dev/ATLAS.COD/Source/UI/UI.COD/CODM010.cs:85-106
cod	中	E.4 被註解掉但外殼還在的檢核	CODM005, CODM006, CODM007, CODM016	CODM005_PO 1,188 行裡只有約 40 行是活的;CODM006_PO 1,362 行約 400 行活;CODM007_PO 1,236 行約 290 行活;CODM016_PO 2,050 行約 900 行活	Dev/ATLAS.COD/Source/PO/PO.COD/CODM005_PO.cs:233-1064
cod	中	E.5 有訊息但沒有 return / 沒有 Cancel	CODM009, CODM010	CODM009 與 CODM010 的 OFD195A 檢核:跳 Warn01「請記得至優惠關係人檔刪除該筆身份資料」後沒有 e.Cancel	Dev/ATLAS.COD/Source/UI/UI.COD/CODM009.cs:426-429
cod	中	E.5 有訊息但沒有 return / 沒有 Cancel	CODM007	CODM007_BeforeAddButtonClicked 在設完 e.Cancel = true 之後,仍然繼續存取 Rows[0] 並寫 MOD_FLAG	Dev/ATLAS.COD/Source/UI/UI.COD/CODM007.cs:163-175
cod	中	E.5 有訊息但沒有 return / 沒有 Cancel	CODM006	CODM006_BeforeAddButtonClicked 同樣的結構	Dev/ATLAS.COD/Source/UI/UI.COD/CODM006.cs:151-165
cod	中	E.5 有訊息但沒有 return / 沒有 Cancel	CODB000	CODB000_BeforeExecuteButtonClicked 寫了「至少勾選一筆」,但 InitializeComponent 沒有掛這個事件	Dev/ATLAS.COD/Source/UI/UI.COD/CODB000.cs:254-257
cod	低	E.5 有訊息但沒有 return / 沒有 Cancel	CODB009, CODB901	CODB009 / CODB901 影響筆數為 0 時回報失敗,但 Commit 已經執行	Dev/ATLAS.COD/Source/PO/PO.COD/CODB009_PO.cs:112-121
cod	中	E.5 有訊息但沒有 return / 沒有 Cancel	CODB902	CODB902 寄信失敗時 AddResultRow(true, ...) —— 回報成功	Dev/ATLAS.COD/Source/PO/PO.COD/CODB902_PO.cs:132-135
cod	低	E.5 有訊息但沒有 return / 沒有 Cancel	CODM036	CODM036 的 ugrdCODM036_Error 一律 e.Cancel = true	Dev/ATLAS.COD/Source/UI/UI.COD/CODM036.cs:258-261
cod	高	E.6 代碼值寫死在 SQL 或程式裡(代碼模組的自我矛盾)		CODE_SORT 的 31 個程式常數全庫零引用;實際用的是約 40 個字面值散在 190 處	Dev/Common/Source/MappingCode/TA.MappingCode/CODCode.cs:10-136
cod	中	E.6 代碼值寫死在 SQL 或程式裡(代碼模組的自我矛盾)	CODM016, CODM017	CTL_SRNO_ID 的三個常數同樣零引用,而 CODM016 / CODM017 在五個地方寫死 '0' '1' '2'	Dev/Common/Source/MappingCode/TA.MappingCode/CTL014.cs:993-1007
cod	高	E.6 代碼值寫死在 SQL 或程式裡(代碼模組的自我矛盾)	CODM006	CODM006_PO 用 if (row.CODE_SORT != "C1") return; 把「列管原因」這個代碼種類寫死在代碼維護畫面的 PO 裡	Dev/ATLAS.COD/Source/PO/PO.COD/CODM006_PO.cs:340
cod	高	E.6 代碼值寫死在 SQL 或程式裡(代碼模組的自我矛盾)	CODM017	CODM017 的作廢原因排除清單 01–05 寫了兩次:一次是 UI 屬性裡的 SQL 片段 "CODE NOT IN ('01','02','03','04','05')",一次是 C# 的五個 == 比較	Dev/ATLAS.COD/Source/UI/UI.COD/CODM017.cs:38
cod	中	E.6 代碼值寫死在 SQL 或程式裡(代碼模組的自我矛盾)		共用 PO 的 GetCancelCdDataSrc 直接 WHERE CODE_SORT= '17'	Dev/Common/Source/DataSource/PO.DataSource/Basic/BasicCOD_PO.cs:555
cod	中	E.6 代碼值寫死在 SQL 或程式裡(代碼模組的自我矛盾)		TA.MappingCode 的欄位是 public static string 不是 const(architecture.md §7.2.1)	Dev/Common/Source/MappingCode/TA.MappingCode/CTL014.cs:16
cod	低	E.6 代碼值寫死在 SQL 或程式裡(代碼模組的自我矛盾)	CODM009	CODM009 同一支檔案內,「正式員工」一處用常數 EMP_CODE.Staff、一處用字面值 "1"	Dev/ATLAS.COD/Source/UI/UI.COD/CODM009.cs:324
cod	高	E.7 SQL 層面的髒寫法	CODB009	CODB009 的 UPDATE ... WHERE EMP_NO IN (...) 用 string.Format 串接員工代碼清單;陣列為空時組出 IN ('')	Dev/ATLAS.COD/Source/PO/PO.COD/CODB009_PO.cs:99-100
cod	高	E.7 SQL 層面的髒寫法	CODM006, CODM007, CODM009, CODM010, CODM016, CODM017	CODM006 / CODM007 / CODM009 / CODM010 / CODM016 / CODM017 的查詢條件全部用 '" + value + "' 串接	Dev/ATLAS.COD/Source/PO/PO.COD/CODM006_PO.cs:308
cod	中	E.7 SQL 層面的髒寫法	CODM007	CODM007 的主檔 SQL 把 MOD_FLAG SELECT 了兩次	Dev/ATLAS.COD/Source/PO/PO.COD/CODM007_PO.cs:170-171
cod	中	E.7 SQL 層面的髒寫法	CODM016	CODM016.ChkExsitData 的三個條件中,第二個條件比對的是 BNG_CTL_SRNO,綁的參數卻是 @END_CTL_SRNO	Dev/ATLAS.COD/Source/PO/PO.COD/CODM016_PO.cs:774
cod	中	E.7 SQL 層面的髒寫法	CODM016	同一支方法內 @BNG_CTL_SRNO 宣告成 SqlDbType.Decimal、@END_CTL_SRNO 宣告成 SqlDbType.NVarChar,而兩者在 xsd 都是 decimal	Dev/ATLAS.COD/Source/PO/PO.COD/CODM016_PO.cs:787-789
cod	高	E.7 SQL 層面的髒寫法	CTLB014, CODB902	CTLB014 與 CODB902 的 INSERT 都沒有欄位清單	Dev/ATLAS.COD/Source/PO/PO.COD/CTLB014_PO.cs:40-49
cod	中	E.7 SQL 層面的髒寫法	CODM036	CODM036 的主檔查詢 WHERE ROWNUM < 3 沒有 ORDER BY	Dev/ATLAS.COD/Source/PO/PO.COD/CODM036_PO.cs:52
cod	高	E.7 SQL 層面的髒寫法	CODM016, CODM017	CODM016 / CODM017 用 SQL Server 方言([]、@、GetDate()、dbo.),其餘全模組用 Oracle	Dev/ATLAS.COD/Source/PO/PO.COD/CODM017_PO.cs:75-86
cod	中	E.8 位置取參數與其他讀碼陷阱	CTLB014	CTLB014_PO 兩處用 Parameters[0].Value 取 SOURCETYPE	Dev/ATLAS.COD/Source/PO/PO.COD/CTLB014_PO.cs:38
cod	高	E.8 位置取參數與其他讀碼陷阱	CODM017, CODB902	CODM017 與 CODB902 用 uoptAction.CheckedIndex / uoptExec.CheckedIndex 當參數值	Dev/ATLAS.COD/Source/UI/UI.COD/CODM017.cs:200
cod	高	E.8 位置取參數與其他讀碼陷阱	CODM017	CODM017_PO.Set 的 cmdModify 只在 act 是 "Y" 或 "N" 時才被賦值,之後無條件 AddInParameter	Dev/ATLAS.COD/Source/PO/PO.COD/CODM017_PO.cs:132
cod	低	E.8 位置取參數與其他讀碼陷阱	CODM017	CODM017_PO.Set 綁了 @CTL_SRNO_ID 參數,但兩段 UPDATE 都把該欄寫死,SQL 裡沒有這個參數	Dev/ATLAS.COD/Source/PO/PO.COD/CODM017_PO.cs:136
cod	中	E.8 位置取參數與其他讀碼陷阱	CODB902	CODB902 在「EMAIL 未設定」時 return model;,此時交易已開啟但沒有 Commit 也沒有 Rollback	Dev/ATLAS.COD/Source/PO/PO.COD/CODB902_PO.cs:97-101
cod	高	E.8 位置取參數與其他讀碼陷阱	CODB902	CODB902 產生的明文密碼會出現在寄出的信件內文,寄失敗時直接顯示在操作者畫面上	Dev/ATLAS.COD/Source/PO/PO.COD/CODB902_PO.cs:126
cod	中	E.8 位置取參數與其他讀碼陷阱	CODM016	CODM016 的「只能改最後一批」用的是進入修改模式時快取的布林值,不是存檔當下重查	Dev/ATLAS.COD/Source/UI/UI.COD/CODM016.cs:74-75
cod	中	E.8 位置取參數與其他讀碼陷阱	CODM016	CODM016 查詢條件的判斷式寫反:if (custFUND_ID_0.Value == "") 走 LIKE、else 走 =	Dev/ATLAS.COD/Source/UI/UI.COD/CODM016.cs:82-89
cod	中	E.8 位置取參數與其他讀碼陷阱	CODM009	CODM009 的 CHECK_ID_EXIST 判斷 Convert.ToInt32(i) == 1 而不是 > 0	Dev/ATLAS.COD/Source/PO/PO.COD/CODM009_PO.cs:579
cod	中	E.8 位置取參數與其他讀碼陷阱		ucCOD006 送出參數名 "Dis",共用 PO 找 "DIS"	Dev/Common/Source/CustomControl/UI.CustomControl/ucCOD006.cs:109
cod	中	E.8 位置取參數與其他讀碼陷阱	CODM006, CODM007	共用 PO 的 GetCodeSortForCODM006 用 if (strID == "CODM006") ... else ...,else 涵蓋「沒帶 ProgramID」與「帶錯值」	Dev/Common/Source/DataSource/PO.DataSource/Basic/BasicCOD_PO.cs:634-637
cod	中	E.8 位置取參數與其他讀碼陷阱	CODB000	CODB000 的 UI / PO / Ctl 三個檔具備反編譯輸出的特徵(無 Designer 分離、appearance2 式命名、new string[0]、無中文註解)	Dev/ATLAS.COD/Source/UI/UI.COD/CODB000.cs:143-281
cod	中	E.8 位置取參數與其他讀碼陷阱	CODB009	CODB009 的 AGENT_ID 下拉被強制鎖成 "0" 且永遠 disabled	Dev/ATLAS.COD/Source/UI/UI.COD/CODB009.cs:55-57
cod	低	E.8 位置取參數與其他讀碼陷阱	CODM010	CODM010 的員工 Searcher 永遠帶 IS_COMP_FEAT = "N"	Dev/ATLAS.COD/Source/UI/UI.COD/CODM010.cs:431
cpm	未分級	E.1 因參數格式改變而永久失效的通知分支	CPMM004, CPMB001	E.1 因參數格式改變而永久失效的通知分支	Dev/ATLAS.CPM/SOURCE/PO/PO.CPM/CPMM004_PO.cs:1051
cpm	未分級	E.2 權限檢查缺口(三處)	CPMB005, CPMB006, CPMB004, CPMM005	E.2 權限檢查缺口(三處)	Dev/ATLAS.CPM/SOURCE/PO/PO.CPM/CPMB005_PO.cs:118-128
cpm	未分級	E.3 整段寫入被註解,按鈕變空操作	CPMB001, CPMB002, CPMB003, CPMB004, CRMB001	E.3 整段寫入被註解,按鈕變空操作	Dev/ATLAS.CPM/SOURCE/PO/PO.CPM/CPMB001_PO.cs:210-215
cpm	未分級	E.4 被註解掉但外殼還在的檢核(四處)		「尚未結案,不能輸入結案日期」整條 · DoValidate() 方法還在、呼叫還在,永遠無錯	Dev/ATLAS.CPM/SOURCE/UI/UI.CPM/CPMB006p0.cs:253-264
cpm	未分級	E.4 被註解掉但外殼還在的檢核(四處)		資訊簽核 / 副主管審核:07 狀態 + 「副主管尚未審核!」+「無此權限!」 · 註記 //20180214 modify by jye 加入資訊簽核 還在,07 變死值	Dev/ATLAS.CPM/SOURCE/UI/UI.CPM/CPMB003p0.cs:296-320
cpm	未分級	E.4 被註解掉但外殼還在的檢核(四處)	CPMM003	this.validatorManager1.DataValidate() · 框架必填檢查整組不跑,只剩三條手寫檢查;其他三支 M 都有跑	Dev/ATLAS.CPM/SOURCE/UI/UI.CPM/CPMM003.cs:269
cpm	未分級	E.4 被註解掉但外殼還在的檢核(四處)	CPMR004	if (this.ValidateErrList.Show()) { e.Cancel = true; return; } · DoValidate() 還是被呼叫(而且它本身是空的),真正生效的檢查在 :122-126	Dev/ATLAS.CPM.Report/Source/UI/ReportUI.CPM/CPMR004.cs:72-76
cpm	未分級	E.5 顯示欄位 join 錯人(兩支畫面、三個欄位)	CPMM005, CPMB005, CPMB006, CPMM003	E.5 顯示欄位 join 錯人(兩支畫面、三個欄位)	Dev/ATLAS.CPM/SOURCE/PO/PO.CPM/CPMM005_PO.cs:198-206
cpm	中	E.6 位置取參數 / 掛錯控件 / Caption 對調	CPMB005	pxy.GetEMAIL(user, GetUidCode(BOSS_EMP_NO), GetUidCode(LEADER_EMP_NO)) 但簽名是 (strUserID, strLEADER_EMP_NO, strBOSS_EMP_NO) —— 第二三個參數對調	Dev/ATLAS.CPM/SOURCE/UI/UI.CPM/CPMB005p0.cs:182
cpm	低	E.6 位置取參數 / 掛錯控件 / Caption 對調		AddError(this.ucDEPT_SOLVE_EMP_NO, "展延日期為必填") / AddError(this.ucDEPT_SOLVE_EMP_NO, "結案日期為必填")	Dev/ATLAS.CPM/SOURCE/UI/UI.CPM/CPMB004p0.cs:641
cpm	中	E.6 位置取參數 / 掛錯控件 / Caption 對調	CPMB003, CPMB004	CPM004A_SELECT 的 ASN_SOLVE_DEPT_CH_NAME 與 SOLVE_DEPT_CH_NAME 兩個 Caption 在 CPMB003/CPMB004 的 xsd 裡對調	Dev/ATLAS.CPM/SOURCE/Entity/DataEntity.CPM/CPMB003Model.xsd
cpm	低	E.6 位置取參數 / 掛錯控件 / Caption 對調	CPMB004, CPMM004	CPMB004 刪除前訊息寫「不能修改」,實際是不能刪除	Dev/ATLAS.CPM/SOURCE/UI/UI.CPM/CPMM004.cs:907
cpm	中	E.7 寫死常數與跨模組借用	CPMM004, CPMM005	跳號一覽表用 SrNo.AllotNoForNfd(值 "OFD220A")	Dev/ATLAS.CPM/SOURCE/PO/PO.CPM/CPMM004_PO.cs:1085
cpm	中	E.7 寫死常數與跨模組借用	CPMB004	CPMB004_PO.GetCloseEmail join AA_USER,其他 20 多處都是 TA_AA_USER	Dev/ATLAS.CPM/SOURCE/PO/PO.CPM/CPMB004_PO.cs:650
cpm	中	E.7 寫死常數與跨模組借用	CPMB001, CPMM004	五個 CC_EMAIL_* 的部門清單在 CPMB001_PO 與 CPMM004_PO 各寫一份,一字不差	Dev/ATLAS.CPM/SOURCE/PO/PO.CPM/CPMB001_PO.cs:609-615
cpm	低	E.7 寫死常數與跨模組借用	CPMM004, CPMR004, CPMR005	DATA_TYPE 的中文對照三套並存:「需求處理件/抱怨記錄件」vs「問題件/客訴件」	Dev/ATLAS.CPM/SOURCE/PO/PO.CPM/CPMM004_PO.cs:251
cpm	未分級	E.8 有訊息但行為不符 / 檢核永遠不成立	CPMM004, CPMM005	E.8 有訊息但行為不符 / 檢核永遠不成立	Dev/ATLAS.CPM/SOURCE/UI/UI.CPM/CPMM004.cs:538-546
cpm	未分級	E.9 Oracle 三值邏輯與 SQL 寫法	CPMR004	:159 :188 :241 :325 · COMPLAIN_DATE / COMPLAIN_PRV_DATE / COMPLAIN_DELAY_DATE / CLOSE_DATE	Dev/ATLAS.CPM.Report/Source/PO/ReportPO.CPM/CPMR004_PO.cs
cpm	未分級	E.9 Oracle 三值邏輯與 SQL 寫法	CPMR005	:121 :151 · COMPLAIN_DATE / COMPLAIN_DELAY_DATE	Dev/ATLAS.CPM.Report/Source/PO/ReportPO.CPM/CPMR005_PO.cs
cpm	未分級	E.9 Oracle 三值邏輯與 SQL 寫法	CPMR006	:124 · COMPLAIN_DATE	Dev/ATLAS.CPM.Report/Source/PO/ReportPO.CPM/CPMR006_PO.cs
cpm	高	E.10 一律回報成功 / 回傳值丟掉		七支彈出視窗 BasicViewVDB view = pxy.Modify(...) 之後完全不看 view.Util.Result,直接寄信 + DialogResult.OK + 從 Grid 移除該列。伺服器端失敗(AddResultRow(false, …))時使用者看到的仍是「成功」	Dev/ATLAS.CPM/SOURCE/PO/PO.CPM/CPMB005_PO.cs:298-304
cpm	高	E.10 一律回報成功 / 回傳值丟掉	CPMB005, CPMB006	CPMB005 / CPMB006 的 UpdateDataList 丟掉 ExecuteNonQuery 回傳值,用 i += 1 數迴圈次數。WHERE CLAIM_NO 沒對到列也算成功	Dev/ATLAS.CPM/SOURCE/PO/PO.CPM/CPMB005_PO.cs:298-304
cpm	中	E.10 一律回報成功 / 回傳值丟掉	CPMB005	零列時 if (i > 0) 不成立 → 既不 Commit 也不 Rollback,finally 只 Dispose;model.Utility.Result 一列都沒加,呼叫端拿到空結果也當成功	Dev/ATLAS.CPM/SOURCE/PO/PO.CPM/CPMB005_PO.cs:301-304
cpm	中	E.10 一律回報成功 / 回傳值丟掉		CPMB001p0 的刪除鈕同樣不看 pxy.Delete 的結果	Dev/ATLAS.CPM/SOURCE/UI/UI.CPM/CPMB001p0.cs:506-513
cpm	中	E.10 一律回報成功 / 回傳值丟掉	CPMB001	所有 GetEmail* 失敗時 return null,呼叫端直接 dt.Select() / dt.Rows.Count	Dev/ATLAS.CPM/SOURCE/PO/PO.CPM/CPMB001_PO.cs:643-647
cpm	未分級	E.11 其他讀碼陷阱	CPMM004, CPMR005, CPMR006	dept_no / dept_NO 算了不用 · CPMM004_PO.BuildMasterSQLString 每次查詢都多打一次 DB 取登入者部門,結果完全沒用到;CPMR005_PO / CPMR006_PO 也一樣	Dev/ATLAS.CPM/SOURCE/PO/PO.CPM/CPMM004_PO.cs:185
cpm	未分級	E.11 其他讀碼陷阱		SOLVE_DATE11 / SOLVE_CFM_UID11 等八個死欄位 · 只在 CPMB001Model.xsd 的結果集裡,實體表沒有,程式不讀不寫	Dev/ATLAS.CPM/SOURCE/Entity/DataEntity.CPM/CPMB001Model.xsd
cpm	未分級	E.11 其他讀碼陷阱	CPMB005	每支 PO 的介面註解都是「覆核層級管理 PO 共用介面」 · 12 支一字不差的樣板殘留,不能拿來推測用途	Dev/ATLAS.CPM/SOURCE/PO/PO.CPM/CPMB005_PO.cs:20-22
cpm	未分級	E.11 其他讀碼陷阱	CPMB005, CPMB006	//this.MasterTable = new TableMapping("OFD701", "SEAL") · 從 OFD 複製來的殘骸,兩支都有	Dev/ATLAS.CPM/SOURCE/PO/PO.CPM/CPMB005_PO.cs:46
cpm	未分級	E.11 其他讀碼陷阱	CPMB001	CPMB001_Ctl.GetDeleteGrant 直接 new CPMB001_PO() · 繞過 DataAccessPool,與同檔其他方法的 GetDaoInstance<ICPMB001_PO>() 不一致	Dev/ATLAS.CPM/SOURCE/Control/Control.CPM/CPMB001_Ctl.cs:38-42
cpm	未分級	E.11 其他讀碼陷阱	CPMB005, CPMB001	CPMB005_PO.GetDeleteGrant 之後有一行不可及的 return 0 · try 的兩條路都 return 了,編譯器只會警告	Dev/ATLAS.CPM/SOURCE/PO/PO.CPM/CPMB001_PO.cs:680
cpm	未分級	E.11 其他讀碼陷阱	CPMB005	UpdateDataList 參數名大小寫不一致 · PO 找 "UserID"、UI 塞 "USERID";靠 DataTable.CaseSensitive 預設 false 才對得上	Dev/ATLAS.CPM/SOURCE/PO/PO.CPM/CPMB005_PO.cs:262
cpm	未分級	E.11 其他讀碼陷阱	CPMB005	STATUS = : STATUS 綁定符號後有空白 · 13 個四眼欄位的綁定都寫成 : XXX;Oracle 可解析,但與同檔前幾行的 :CLAIM_CONTENT 風格不一致,容易誤判	Dev/ATLAS.CPM/SOURCE/PO/PO.CPM/CPMB005_PO.cs:237-251
cpm	未分級	E.11 其他讀碼陷阱	CPMM004	CPMM004 報表對每一列各下兩次子查詢 · CPM005privot / CPM006privot 用 SYS_CONNECT_BY_PATH,N 列 = 2N 次來回	Dev/ATLAS.CPM/SOURCE/PO/PO.CPM/CPMM004_PO.cs:786-794
cpm	未分級	E.11 其他讀碼陷阱		所有 .cs / .xsd 皆為 UTF-8 · 實測 142 支 .cs 與全部 .xsd 都是合法 UTF-8,本模組沒有混編碼問題	Dev/ATLAS.CPM/SOURCE/PO/PO.CPM/CPMM004_PO.cs:185
cpm	未分級	E.11 其他讀碼陷阱	CPMB003	CPMB003 佇列的 ORDER BY 與其他三支相反 · COMPLAIN_NO, COMPLAIN_KIND vs 其他的 COMPLAIN_KIND, COMPLAIN_NO	Dev/ATLAS.CPM/SOURCE/PO/PO.CPM/CPMB003_PO.cs:160
cpm	未分級	E.11 其他讀碼陷阱	CPMR004, CPMM004	CPMR004 的明細少一張 CPM0061A · 與 CPMM004 / 四支 B 不一致	Dev/ATLAS.CPM.Report/Source/PO/ReportPO.CPM/CPMR004_PO.cs:46-48
crm	高	E.1 被註解掉但外殼還在的功能	CRMB001	CRMB001 的「產生 / 刪除名單」SP 呼叫整段被註解,按鈕、檢核、參數組裝全部還在	Dev/ATLAS.CRM/Source/PO/PO.CRM/CRMB001_PO.cs:195-214
crm	中	E.1 被註解掉但外殼還在的功能	CRMB001	CRMB001 的「刪除時檢核有無名單可刪」被註解	Dev/ATLAS.CRM/Source/PO/PO.CRM/CRMB001_PO.cs:302-306
crm	中	E.1 被註解掉但外殼還在的功能	CRMB001	CRMB001 的「刪除時已有聯絡資訊,詢問是否全刪」被註解,但 UI 端讀 WARNING 參數的程式還在	Dev/ATLAS.CRM/Source/PO/PO.CRM/CRMB001_PO.cs:311-332
crm	高	E.1 被註解掉但外殼還在的功能	CRMM003	CRMM003 的 CRM004A / CRM0041A 取數被加上 WHERE 1=2	Dev/ATLAS.CRM/Source/PO/PO.CRM/CRMM003_PO.cs:436
crm	中	E.1 被註解掉但外殼還在的功能	CRMM003	CRMM003 的通訊地址 14 個細欄回填整段被註解	Dev/ATLAS.CRM/Source/UI/UI.CRM/CRMM003.cs:483-496
crm	低	E.1 被註解掉但外殼還在的功能	CRMM003	CRMM003 的 DM寄發碼 / 寄發廣告EMAIL 下拉被註解,欄位改由拒絕行銷勾選反推	Dev/ATLAS.CRM/Source/UI/UI.CRM/CRMM003.cs:153-157
crm	中	E.1 被註解掉但外殼還在的功能	CRMM003	CRMM003_PO 的 BuildDetailSQLString 有一整段 130 行的舊版取數被 /* */ 包起來	Dev/ATLAS.CRM/Source/PO/PO.CRM/CRMM003_PO.cs:460-626
crm	低	E.1 被註解掉但外殼還在的功能	CRMM003	CRMM003_PO 的 GetOutBoundSQLString 有一整段舊版 TMK 兩表 join 被註解	Dev/ATLAS.CRM/Source/PO/PO.CRM/CRMM003_PO.cs:650-685
crm	低	E.1 被註解掉但外殼還在的功能	CRMM003	CRMM003_PO 宣告了 CRM0061A_HIS / CRM0041A_HIS 兩張明細但被註解	Dev/ATLAS.CRM/Source/PO/PO.CRM/CRMM003_PO.cs:69
crm	低	E.1 被註解掉但外殼還在的功能	CRMB002	CRMB002 的「轉入單位不能等於轉出單位」被註解(2016-08-16)	Dev/ATLAS.CRM/Source/UI/UI.CRM/CRMB002.cs:218-223
crm	中	E.1 被註解掉但外殼還在的功能	CRMB003	CRMB003 的註解列了 8 條檢核,第 4、7 兩條沒有實作	Dev/ATLAS.CRM/Source/UI/UI.CRM/CRMB003.cs:184-190
crm	低	E.1 被註解掉但外殼還在的功能	CRMI001	CRMI001_PO 的介面有三個方法宣告被註解(ExecuteNonQuery / GetEmpNo / GetUidCode),但實作還在	Dev/ATLAS.CRM/Source/PO/PO.CRM/CRMI001_PO.cs:26-30
crm	低	E.1 被註解掉但外殼還在的功能	CRMI001, CASI001	CRMI001 的員工白名單檢核整段被註解,裡面的 5 個員工代號與 CAS 的 CASI001_PO.cs:206 完全相同	Dev/ATLAS.CRM/Source/UI/UI.CRM/CRMI001.cs:444-453
crm	低	E.1 被註解掉但外殼還在的功能	CRMM001	CRMM001 的 AfterModifyButtonClicked / AfterDeleteButtonClicked 兩個事件處理器整個是空的(內容全註解)	Dev/ATLAS.CRM/Source/UI/UI.CRM/CRMM001.cs:248-277
crm	高	E.2 Oracle 三值邏輯造成的靜默過濾	CRMB001	CRMB001 的結帳檢核 POST_CTL_CODE <> 'Y'	Dev/ATLAS.CRM/Source/PO/PO.CRM/CRMB001_PO.cs:265
crm	高	E.2 Oracle 三值邏輯造成的靜默過濾	CRMB005	CRMB005 的重複判斷 OTHER.PR_NAME = CRM003A.PR_NAME AND OTHER.MAIL_ADDR = …	Dev/ATLAS.CRM/Source/PO/PO.CRM/CRMB005_PO.cs:92-95
crm	高	E.2 Oracle 三值邏輯造成的靜默過濾	CRMB005	CRMB005 的第二種合併 OTHER.ID_NO = CRM003A.ID_NO	Dev/ATLAS.CRM/Source/PO/PO.CRM/CRMB005_PO.cs:102-105
crm	中	E.2 Oracle 三值邏輯造成的靜默過濾	CRMM004	CRMM004 的區間重疊檢核 CUS_LV <> :CUS_LV	Dev/ATLAS.CRM/Source/PO/PO.CRM/CRMM004_PO.cs:91-92
crm	低	E.2 Oracle 三值邏輯造成的靜默過濾	CRMB005	CRMB005 的 OTHER.PR_NO <> CRM003A.PR_NO	Dev/ATLAS.CRM/Source/PO/PO.CRM/CRMB005_PO.cs:93
crm	高	E.3 catch 吞例外 / 回傳值語意錯誤	CRMM003	intGetSRNO 出錯回 -1 並把訊息塞進 ref sErr,呼叫端 SetDetailSrNo 兩個都不檢查	Dev/ATLAS.CRM/Source/PO/PO.CRM/CRMM003_PO.cs:1043-1047
crm	高	E.3 catch 吞例外 / 回傳值語意錯誤	CRMM001	EXIST_EMP_NO 的 catch 只 Result.Clear() 不再 AddResultRow,UI 判 Count > 0	Dev/ATLAS.CRM/Source/PO/PO.CRM/CRMM001_PO.cs:469-473
crm	高	E.3 catch 吞例外 / 回傳值語意錯誤	CRMM002	IS_EXISTS 出錯塞了訊息但回傳 false,UI 判 == true 才擋	Dev/ATLAS.CRM/Source/PO/PO.CRM/CRMM002_PO.cs:170-176
crm	中	E.3 catch 吞例外 / 回傳值語意錯誤	CRMM003	IsValidAdd 出錯回 -1,UI 判 i == 0	Dev/ATLAS.CRM/Source/PO/PO.CRM/CRMM003_PO.cs:980-984
crm	低	E.3 catch 吞例外 / 回傳值語意錯誤	CRMI001	GetUidCode 判了 ds.Tables.Count > 0 卻直接取 Rows[0]	Dev/ATLAS.CRM/Source/PO/PO.CRM/CRMI001_PO.cs:575-577
crm	高	E.3 catch 吞例外 / 回傳值語意錯誤	CRMR001	八支報表 PO 的 catch 都是 AddResultRow(false, 0, string.Empty)	Dev/ATLAS.CRM.Report/Source/PO/ReportPO.CRM/CRMR001_PO.cs:101-105
crm	中	E.3 catch 吞例外 / 回傳值語意錯誤	CRMB002, CRMB005, CRMR003	CRMB002–CRMB005、六支報表 PO 的 catch 直接 tran.Rollback() 不判 null	Dev/ATLAS.CRM/Source/PO/PO.CRM/CRMB002_PO.cs:235-237
crm	高	E.3 catch 吞例外 / 回傳值語意錯誤	CRMB002, CRMB003, CRMB004	CRMB002 / CRMB003 / CRMB004 把 ExecuteNonQuery 的影響筆數丟掉,硬寫 i += 1(CRMB004 寫成 i = +1)	Dev/ATLAS.CRM/Source/PO/PO.CRM/CRMB002_PO.cs:220-227
crm	中	E.3 catch 吞例外 / 回傳值語意錯誤	CRMM003	CRMM003 的覆核刪除四句 DELETE 也丟掉影響筆數	Dev/ATLAS.CRM/Source/PO/PO.CRM/CRMM003_PO.cs:114-117
crm	中	E.3 catch 吞例外 / 回傳值語意錯誤	CRMM003	CRMM003 的八個 After* 全部 throw new ApplicationException("")(空訊息)	Dev/ATLAS.CRM/Source/PO/PO.CRM/CRMM003_PO.cs:924
crm	中	E.3 catch 吞例外 / 回傳值語意錯誤	CRMB001	CRMB001 的 finally 在沒有交易時直接 m_db.Dispose()	Dev/ATLAS.CRM/Source/PO/PO.CRM/CRMB001_PO.cs:222-227
crm	未分級	E.4 同一概念多套實作	CRMM004, CRMM003	DoValidate() 的回傳語意 · 2 · CRMM004 回 true 代表有錯;其餘七支畫面回 true 代表通過	Dev/ATLAS.CRM/Source/UI/UI.CRM/CRMM004.cs:54
crm	未分級	E.4 同一概念多套實作	CRMM003	批次序號取號 · 2 · 畫面端 GetSRNO(出錯跳訊息);伺服器端 intGetSRNO(出錯回 -1 照寫)	Dev/ATLAS.CRM/Source/PO/PO.CRM/CRMM003_PO.cs:729-785
crm	未分級	E.4 同一概念多套實作	CRMB002, CRMB003	「已指派」的判斷 · 2 · CRMB002 把空白也算未指派;CRMB003 空白算已指派	Dev/ATLAS.CRM/Source/PO/PO.CRM/CRMB002_PO.cs:105
crm	未分級	E.4 同一概念多套實作	CRMB002, CRMB003, CRMB004	BF_NO 的綁定型別 · 2 · CRMB002 綁 Int32,CRMB003 / CRMB004 綁 Varchar2	Dev/ATLAS.CRM/Source/PO/PO.CRM/CRMB002_PO.cs:217
crm	未分級	E.4 同一概念多套實作	CRMB002, CRMB003, CRMB004, CRMI001	基金表 · 2 · CRMB002 join OFD081V;CRMB003 / CRMB004 / CRMI001 join OFD081A	Dev/ATLAS.CRM/Source/PO/PO.CRM/CRMB002_PO.cs:80
crm	未分級	E.4 同一概念多套實作	CRMI001, CRMB002	機構簡稱的 join 條件 · 2 · CRMI001 只 join AGENT_CODE;三支 B 畫面 join AGENT_ID + AGENT_CODE	Dev/ATLAS.CRM/Source/PO/PO.CRM/CRMI001_PO.cs:102
crm	未分級	E.4 同一概念多套實作	CRMB002, CRMB003, CRMB005	執行者身分從哪來 · 2 · CRMB002 從 UI 傳的 USER_ID 參數;CRMB003 / CRMB005 從 PermissionInfo[0].UserID	Dev/ATLAS.CRM/Source/PO/PO.CRM/CRMB002_PO.cs:190
crm	未分級	E.4 同一概念多套實作	CRMR001, CRMR002, CRMR003	報表交易處理 · 2 · 六支包交易;CRMR001 / CRMR002 不包	Dev/ATLAS.CRM.Report/Source/PO/ReportPO.CRM/CRMR003_PO.cs:54
crm	未分級	E.4 同一概念多套實作	CRMR001, CRMR002, CRMR003	登入者員工代碼怎麼取 · 2 · CRMR001 / CRMR002 走 GetEMPInfo 打 PO;其餘六處走 GetEMP_INFO(...).Split(',')[1]	Dev/ATLAS.CRM.Report/Source/UI/ReportUI.CRM/CRMR001.cs:56-63
crm	未分級	E.4 同一概念多套實作	CRMR008, CRMR007	報表的查詢權限 · 2 · 七支送 QUERY_EMP_NO,CRMR008 不送	Dev/ATLAS.CRM.Report/Source/UI/ReportUI.CRM/CRMR007.cs:110
crm	未分級	E.4 同一概念多套實作	CRMM002	代碼分類 445 的 DataSrc · 2 · GetDropDown9iDataSrc 與 GetDropDownDataSrc 並用	Dev/ATLAS.CRM/Source/UI/UI.CRM/CRMM002.cs:64
crm	未分級	E.4 同一概念多套實作	CRMM001, CRMM002	「一群裡取第一筆」的排序 · 2 · CRMM001 只用三個日期;CRMM002 日期後再加機構欄	Dev/ATLAS.CRM/Source/PO/PO.CRM/CRMM001_PO.cs:253
crm	未分級	E.4 同一概念多套實作	CRMB005	重複客戶的分組鍵 · 2 · SQL 用欄位 = 比對;UI 用 (PR_NAME + "_" + MAIL_ADDR).Trim() 當 group key	Dev/ATLAS.CRM/Source/PO/PO.CRM/CRMB005_PO.cs:92-95
crm	未分級	E.4 同一概念多套實作	CRMM004	區間重疊的判斷 · 1(但不完整) · 新區間完全包住既有區間時判不出來,兩個客戶等級會同時命中	Dev/ATLAS.CRM/Source/PO/PO.CRM/CRMM004_PO.cs:93-94
crm	未分級	E.5 寫死常數〔客戶特定〕	CRMM003	CRM003A 的用途別 · '1'(CRM / TMK)/ '3'(CAS)	Dev/ATLAS.CRM/Source/UI/UI.CRM/CRMM003.cs:467
crm	未分級	E.5 寫死常數〔客戶特定〕	CRMB001, CRMI001	CRM007A 寫進去的 STATUS · '301'	Dev/ATLAS.CRM/Source/PO/PO.CRM/CRMB001_PO.cs:163
crm	未分級	E.5 寫死常數〔客戶特定〕	CRMB003	直銷職級分級 · A 主管 / B 組主管 / C 業務員 / D 助理 / Z 未設定	Dev/ATLAS.CRM/Source/PO/PO.CRM/CRMB003_PO.cs:342-348
crm	未分級	E.5 寫死常數〔客戶特定〕	CRMB003, CRMB004	職級排序對照 · TRANSLATE(…, 'BCADEFZ', '9876540')	Dev/ATLAS.CRM/Source/PO/PO.CRM/CRMB003_PO.cs:298
crm	未分級	E.5 寫死常數〔客戶特定〕	CRMB003	三碼部門補碼規則 · LENGTH(DEPT_NO) = 3 → 後面補 '01'	Dev/ATLAS.CRM/Source/PO/PO.CRM/CRMB003_PO.cs:291-296
crm	未分級	E.5 寫死常數〔客戶特定〕	CRMB003	直銷部門取法 · SUBSTR(SAL_DEPT_NO, 1, 3)	Dev/ATLAS.CRM/Source/PO/PO.CRM/CRMB003_PO.cs:305
crm	未分級	E.5 寫死常數〔客戶特定〕	CRMI001, CRMB003	F_TA_GET_EMPS 回傳值的處理 · RTRIM(SUBSTR(DEPT_EMP_NO, 2))——固定砍掉第一個字元	Dev/ATLAS.CRM/Source/PO/PO.CRM/CRMI001_PO.cs:79
crm	未分級	E.5 寫死常數〔客戶特定〕	CRMM001, CRMM002	INQ_EMP_NO / AGENT_CODE 的 'ALL' 保留值 · 'ALL'	Dev/ATLAS.CRM/Source/PO/PO.CRM/CRMM001_PO.cs:337
crm	未分級	E.5 寫死常數〔客戶特定〕	CRMB001	CSV 上傳的欄位順序與欄數 · 固定 17 欄,依位置對映	Dev/ATLAS.CRM/Source/UI/UI.CRM/CRMB001.cs:194-230
crm	未分級	E.5 寫死常數〔客戶特定〕	CASI001, CRMI001	被註解的 I 畫面白名單 · 5 個員工代號,與 CAS 的 CASI001 相同	Dev/ATLAS.CRM/Source/UI/UI.CRM/CRMI001.cs:448
crm	未分級	E.5 寫死常數〔客戶特定〕		代碼分類碼 · P5 1C 11 442 600 062 445 438 439	Dev/ATLAS.CRM/Source/UI/UI.CRM/CRMM003.cs:467
crm	高	E.6 位置取參數	CRMI001, CRMB003, CRMM003, CRMR003	八處把 GetEMP_INFO 的回傳字串用逗號切開取第 2 段	Dev/ATLAS.CRM/Source/UI/UI.CRM/CRMI001.cs:205
crm	高	E.6 位置取參數	CRMI001	F_TA_GET_EMPS 回傳值固定砍第一個字元	Dev/ATLAS.CRM/Source/PO/PO.CRM/CRMI001_PO.cs:79
crm	高	E.6 位置取參數	CRMB001	CSV 上傳靠 line[0]–line[16] 的位置對映	Dev/ATLAS.CRM/Source/UI/UI.CRM/CRMB001.cs:196-230
crm	中	E.6 位置取參數	CRMB001	CRMB001 的 INSERT 把 DATAID 綁成 :ASSIGN_NO	Dev/ATLAS.CRM/Source/PO/PO.CRM/CRMB001_PO.cs:108
crm	中	E.6 位置取參數	CRMB001	CRMB001 的 INSERT 參數來自 DataTable 的欄位迴圈	Dev/ATLAS.CRM/Source/PO/PO.CRM/CRMB001_PO.cs:80-105
crm	中	E.6 位置取參數	CRMM001	CRMM001 手寫的 CRM002A INSERT 把欄位名寫死在字串裡	Dev/ATLAS.CRM/Source/PO/PO.CRM/CRMM001_PO.cs:93-101
crm	高	E.7 SQL 層面的髒寫法	CRMI001	CRMI001 的 4 處起迄條件寫成 > = / < =(中間有空白)	Dev/ATLAS.CRM/Source/PO/PO.CRM/CRMI001_PO.cs:140
crm	高	E.7 SQL 層面的髒寫法	CRMM003	CRMM003 的 GetHistory_Call_Req 用分號串兩句 SELECT 丟給 ODP.NET	Dev/ATLAS.CRM/Source/PO/PO.CRM/CRMM003_PO.cs:870
crm	高	E.7 SQL 層面的髒寫法	CRMI001	CRMI001 的 20 組條件全部字串串接,只有一半做了 Replace("'", "''")	Dev/ATLAS.CRM/Source/PO/PO.CRM/CRMI001_PO.cs:79
crm	高	E.7 SQL 層面的髒寫法	CRMM003	CRMM003 的客戶姓名 LIKE N'%{0}%' 字串串接	Dev/ATLAS.CRM/Source/PO/PO.CRM/CRMM003_PO.cs:339
crm	中	E.7 SQL 層面的髒寫法	CRMM001	CRMM001 的 EXIST_EMP_NO 用 string.Format 串 EMP_NO	Dev/ATLAS.CRM/Source/PO/PO.CRM/CRMM001_PO.cs:452
crm	中	E.7 SQL 層面的髒寫法	CRMB003, CRMB004	CRMB003 / CRMB004 的 GetDefault 把登入者代號串進 SQL 兩次	Dev/ATLAS.CRM/Source/PO/PO.CRM/CRMB003_PO.cs:300
crm	中	E.7 SQL 層面的髒寫法	CRMB002, CRMB003	CRMB002 / CRMB003 的 ASSIGN_DEPT_YN / SPC_YN 條件用 string.Format	Dev/ATLAS.CRM/Source/PO/PO.CRM/CRMB002_PO.cs:105
crm	中	E.7 SQL 層面的髒寫法	CRMM003	CRMM003 的覆核刪除 DELETE {0} WHERE PR_NO = '{1}' 串表名與值	Dev/ATLAS.CRM/Source/PO/PO.CRM/CRMM003_PO.cs:109
crm	低	E.7 SQL 層面的髒寫法	CRMB002, CRMB004	CRMB002–CRMB004 的 SORT_ORDER switch 沒有 default	Dev/ATLAS.CRM/Source/PO/PO.CRM/CRMB002_PO.cs:118-138
crm	中	E.7 SQL 層面的髒寫法	CRMB005	CRMB005 的 merge_type if / else if 沒有 else	Dev/ATLAS.CRM/Source/PO/PO.CRM/CRMB005_PO.cs:89-107
crm	低	E.7 SQL 層面的髒寫法	CRMR006	CRMR006 的 UI switch 沒有 default	Dev/ATLAS.CRM.Report/Source/UI/ReportUI.CRM/CRMR006.cs:193-204
crm	中	E.7 SQL 層面的髒寫法	CRMR001	十支 SP 全部 CommandTimeout = 0	Dev/ATLAS.CRM.Report/Source/PO/ReportPO.CRM/CRMR001_PO.cs:69
crm	低	E.7 SQL 層面的髒寫法	CRMM004	CRMM004 的兩段檢核 cmd 沒有 using(原本的 using 被註解)	Dev/ATLAS.CRM/Source/PO/PO.CRM/CRMM004_PO.cs:83-84
crm	中	E.7 SQL 層面的髒寫法	CRMB001	CRMB001 的 INSERT 把所有參數綁成 Varchar2	Dev/ATLAS.CRM/Source/PO/PO.CRM/CRMB001_PO.cs:184
crm	未分級	E.8 其他讀碼陷阱	CRMI001	CRMI001 的兩處 if (控件 != null) 而不是 if (控件.Value != null) · 條件永遠成立,最後交易日期(迄)與本次指派日期(迄)被無聲覆寫	Dev/ATLAS.CRM/Source/UI/UI.CRM/CRMI001.cs:138
crm	未分級	E.8 其他讀碼陷阱	CRMM003	CRMM003 查詢檢核裡 utxtEMAIL_0.Text 出現兩次 · 應該有一個是 utxtCELL_PHONE_0,所以只填行動電話會被擋	Dev/ATLAS.CRM/Source/UI/UI.CRM/CRMM003.cs:260-261
crm	未分級	E.8 其他讀碼陷阱	CRMI001	CRMI001_PO 的 LAST_TRN_DATE_END 區塊 Find("EXE_DATE_END") · 複製貼上沒改;Row 沒被用到所以目前無害	Dev/ATLAS.CRM/Source/PO/PO.CRM/CRMI001_PO.cs:221
crm	未分級	E.8 其他讀碼陷阱	CRMM003	CRMM003 六條檢核的錯誤全掛在兩個 Email 控件上 · 按訊息會跳到錯誤的欄位	Dev/ATLAS.CRM/Source/UI/UI.CRM/CRMM003.cs:285
crm	未分級	E.8 其他讀碼陷阱	CRMM003	CRMM003 第一條查詢檢核的訊息講戶號、控件掛通話日期 · 同上	Dev/ATLAS.CRM/Source/UI/UI.CRM/CRMM003.cs:222-223
crm	未分級	E.8 其他讀碼陷阱	CRMM003	CRMM003 的「統一編號資料過多」訊息,條件是長度 ≤ 5 · 訊息與行為相反	Dev/ATLAS.CRM/Source/UI/UI.CRM/CRMM003.cs:1526-1530
crm	未分級	E.8 其他讀碼陷阱	CRMM002	CRMM002 的「此類別已重複設定」訊息,條件其實不含類別欄 · 檢核比 PK 嚴格,訊息看不出來	Dev/ATLAS.CRM/Source/PO/PO.CRM/CRMM002_PO.cs:154-155
crm	未分級	E.8 其他讀碼陷阱	CRMB004	CRMB004 寫 i = +1;(一元正號)而不是 i += 1 · 結果一樣,但看起來像 typo	Dev/ATLAS.CRM/Source/PO/PO.CRM/CRMB004_PO.cs:208
crm	未分級	E.8 其他讀碼陷阱	CRMB003, CRMB004	CRMB003 / CRMB004 的 if (xSAL_CD == "C") { xIS_LOCK_EMP = true; } · 上兩行已經是 true,這個分支什麼都沒做	Dev/ATLAS.CRM/Source/PO/PO.CRM/CRMB003_PO.cs:342-345
crm	未分級	E.8 其他讀碼陷阱	CRMM004	CRMM004_PO 第二段檢核多一句 cmd.Parameters.Clear(),第一段沒有 · cmd 是剛建出來的新物件,這句沒有作用	Dev/ATLAS.CRM/Source/PO/PO.CRM/CRMM004_PO.cs:116
crm	未分級	E.8 其他讀碼陷阱	CRMM003	CRMM003_Ctl 的 CustomTransferViewToOracleModel 的 default 分支寫成 TransferDataSet(model.DataEntity, view.UIView, …) · 方向反了(其他分支是 view → model)。目前 Action 參數一定存在且值在列舉內,所以踩不到	Dev/ATLAS.CRM/Source/Control/Control.CRM/CRMM003_Ctl.cs:220
crm	未分級	E.8 其他讀碼陷阱	CRMM003	CRMM003_Ctl 在 VDB 轉換方法裡 new CRMM003_PO() 直接打 DB · 繞過 DataAccessPool 與交易,而且每次 DataLoad 都會多一次連線	Dev/ATLAS.CRM/Source/Control/Control.CRM/CRMM003_Ctl.cs:152-156
crm	未分級	E.8 其他讀碼陷阱	CRMM003	十支 _PO 的介面註解都寫「覆核層級管理 PO 共用介面」 · 樣板複製沒改,與實際功能無關	Dev/ATLAS.CRM/Source/PO/PO.CRM/CRMM003_PO.cs:23-25
crm	未分級	E.8 其他讀碼陷阱	CRMM003	CRMM003_PO 建構子第一行是 this.BeforeSelect += CRMM003_PO_BeforeSelect; ;(多一個分號) · 無害,但顯示這段沒被審過	Dev/ATLAS.CRM/Source/PO/PO.CRM/CRMM003_PO.cs:46
crm	未分級	E.8 其他讀碼陷阱	CRMB005	CRMB005_PO 的 Execute 宣告了 int i = 0 卻完全沒用 · 死變數	Dev/ATLAS.CRM/Source/PO/PO.CRM/CRMB005_PO.cs:155
crm	未分級	E.8 其他讀碼陷阱	CRMM003	CRMM003 的「拒絕行銷」勾選框在編輯模式全部 disabled · 客戶事後要拒絕行銷,這支畫面改不了	Dev/ATLAS.CRM/Source/UI/UI.CRM/CRMM003.cs:1155-1158
crm	未分級	E.8 其他讀碼陷阱		CRM002A 的 EMP_NO / INQ_EMP_NO 兩欄 Caption 對調 · 以程式為準:EMP_NO 是有權限的人	Dev/ATLAS.CRM/Source/Entity/DataEntity.CRM/CRMM001Model.xsd
crm	未分級	E.8 其他讀碼陷阱		CRM007A 的 STATUS Caption 寫成「資料識別碼」 · 那是 DATAID 的名字	Dev/ATLAS.CRM/Source/Entity/DataEntity.CRM/CRMI001Model.xsd
crm	未分級	E.8 其他讀碼陷阱		CRMM003Model.xsd 五張表的 REJECTDATE Caption 都是「資料退回者」 · 應為「資料退回日期」;CRMM001Model.xsd 那兩張是對的	Dev/ATLAS.CRM/Source/Entity/DataEntity.CRM/CRMM003Model.xsd
crm	未分級	E.8 其他讀碼陷阱		CRM003A 的 HM_TEL_AREA Caption 寫「公司電話區域碼」 · 應為住家	Dev/ATLAS.CRM/Source/UI/UI.CRM/CRMI001.cs:138
crm	未分級	E.8 其他讀碼陷阱	CRMM003	四支 R 的 CustomTransferSQLModelToView 全部 throw new NotImplementedException() · 只支援 Oracle,沒有 SQL Server 路徑	Dev/ATLAS.CRM/Source/Control/Control.CRM/CRMM003_Ctl.cs:255-263
dsm	高	E1 會直接產生錯誤資料或讓畫面開不起來的六條	DSMM906	MAIL_YN 讀進畫面時被改成 Y:判斷式只分「空白 → N」「非空白 → Y」,資料庫存 N 也會顯示成 Y	Dev/ATLAS.DSM/Source/UI/UI.DSM/DSMM906.cs:91
dsm	高	E1 會直接產生錯誤資料或讓畫面開不起來的六條	DSMM903	DSMM903 用 _DSHead_INFORow 前只檢查了第一次:if (Count > 0) 之後兩處無條件解參考	Dev/ATLAS.DSM/Source/UI/UI.DSM/DSMM903.cs:205-208
dsm	高	E1 會直接產生錯誤資料或讓畫面開不起來的六條	DSMR008, DSMR008_1	emp_Info.Count() > 1 數的是字元不是欄位:作者要的是 Split(',').Count() > 1	Dev/ATLAS.DSM.Report/Source/UI/ReportUI.DSM/DSMR008.cs:74-78
dsm	中	E1 會直接產生錯誤資料或讓畫面開不起來的六條	DSMM906	DSMM906.Delete 的守衛寫反:Rows.Count < 0(不可能成立)且用 && 串一個會解參考的條件	Dev/ATLAS.DSM/Source/PO/PO.DSM/DSMM906_PO.cs:239-241
dsm	中	E1 會直接產生錯誤資料或讓畫面開不起來的六條	DSMR001, DSMR011	catch { tran.Rollback(); } 但 tran 在 try 內才賦值:17 支報表 PO 全部這樣寫	Dev/ATLAS.DSM.Report/Source/PO/ReportPO.DSM/DSMR001_PO.cs:211-216
dsm	中	E1 會直接產生錯誤資料或讓畫面開不起來的六條	DSMM901	DSMM901 的結帳日檢核只在第一次移轉時跑:if (row.EXESEQ == 1)	Dev/ATLAS.DSM/Source/PO/PO.DSM/DSMM901_PO.cs:184
dsm	高	E2 Oracle 三值邏輯:<> 'Y' 抓不到 NULL	DSMB001, CASB001	DSMB001 的「有沒有基金還沒結帳」檢核寫成 AND POST_CTL_CODE <> 'Y'。Oracle 裡 NULL <> 'Y' 是 UNKNOWN,那一列不會被選出來	Dev/ATLAS.DSM/Source/PO/PO.DSM/DSMB001_PO.cs:136
dsm	未分級	E3 「月分配」三支畫面三種算法,其中一支一定算錯	DSMM001	DSMM001 · 13 - 起算月 · j < iMONTH_COUNT · 正確(但列數多於月數時餘額會被重複寫,見 §4.1)	Dev/ATLAS.DSM/Source/UI/UI.DSM/DSMM001.cs:196
dsm	未分級	E3 「月分配」三支畫面三種算法,其中一支一定算錯	DSMM002	DSMM002 · 固定 12 · j < 12 · 一致,但會跨到次年	Dev/ATLAS.DSM/Source/UI/UI.DSM/DSMM001.cs:196
dsm	未分級	E3 「月分配」三支畫面三種算法,其中一支一定算錯	DSMM003	DSMM003 · 13 - 起算月 · 寫死 j < 12 · 起算月 ≠ 1 時,餘額永遠不會被寫回去	Dev/ATLAS.DSM/Source/UI/UI.DSM/DSMM001.cs:196
dsm	中	E4 被註解掉但外殼還在的檢核	DSMM001, DSMM002	DSMM001 與 DSMM002 六個指標「必須大於 0」(主檔 + 明細,各 12 條) · 無	Dev/ATLAS.DSM/Source/UI/UI.DSM/DSMM001.cs:78-89
dsm	低	E4 被註解掉但外殼還在的檢核	DSMM002	DSMM002 查詢的員工代碼起迄檢核 · 無(連對應的查詢條件也一起註解了)	Dev/ATLAS.DSM/Source/UI/UI.DSM/DSMM002.cs:389-393
dsm	高	E4 被註解掉但外殼還在的檢核	DSMM901	DSMM901 CSV 匯入「移轉後機構必須是直銷」 · 「20190808 … 不檔移轉後需為直銷單位」	Dev/ATLAS.DSM/Source/UI/UI.DSM/DSMM901.cs:442-448
dsm	高	E4 被註解掉但外殼還在的檢核	DSMM901	DSMM901 CSV 匯入「移轉前後不可完全相同」 · 「鳳滿說為了活化1不擋 20180820」	Dev/ATLAS.DSM/Source/UI/UI.DSM/DSMM901.cs:452-457
dsm	高	E4 被註解掉但外殼還在的檢核	DSMM901	DSMM901 CheckExists 的「戶號須有該機構 / 員工的結餘」 · 同上	Dev/ATLAS.DSM/Source/PO/PO.DSM/DSMM901_PO.cs:355-369
dsm	高	E4 被註解掉但外殼還在的檢核	DSMM901	DSMM901 移轉後員工的部門與在職檢核(sqlEm 被換成 sqlEmpNM) · 「20190812 … 程式名稱及業務移轉範圍」	Dev/ATLAS.DSM/Source/PO/PO.DSM/DSMM901_PO.cs:426-430
dsm	中	E4 被註解掉但外殼還在的檢核	DSMM902	DSMM902 執行基準日的 MaxDate = 今天 · 無	Dev/ATLAS.DSM/Source/UI/UI.DSM/DSMM902.cs:139
dsm	低	E4 被註解掉但外殼還在的檢核	DSMM902	DSMM902 覆核後的「執行」通知信 · 無(改成直接執行)	Dev/ATLAS.DSM/Source/UI/UI.DSM/DSMM902.cs:279
dsm	中	E4 被註解掉但外殼還在的檢核	DSMM050, DSMM903	DSMM050 / DSMM903 逐列檢核的 7 處 e.Cancel = true · 無	Dev/ATLAS.DSM/Source/UI/UI.DSM/DSMM050.cs:364
dsm	低	E4 被註解掉但外殼還在的檢核	DSMR010b, DSMR010a, DSMI001, DSMM906	DSMR010b 的基金三選一檢核 · DSMR010a 的兩支 SP 呼叫 · DSMI001_PO 的 GetEmail 整支 · DSMM906_PO 的 BeforeDelete · 無;DSMM906 的刪除改由 AND UPD_USER = :UPD_USER 隱性擋	Dev/ATLAS.DSM.Report/Source/UI/ReportUI.DSM/DSMR010b.cs:333-345
dsm	中	E5 併發與參數處理	DSMM901, DSMM902	BATCHID 用 MAX(...)+1 取號,沒有鎖也沒有序列	Dev/ATLAS.DSM/Source/PO/PO.DSM/DSMM901_PO.cs:58-64
dsm	中	E5 併發與參數處理	DSMM901	S_TA_DSMM901_AUM 在 foreach 內重複 AddInParameter 同一個名字,沒有 Parameters.Clear()	Dev/ATLAS.DSM/Source/PO/PO.DSM/DSMM901_PO.cs:131-139
dsm	低	E5 併發與參數處理	DSMM903, BMSB901A	DSMM903 用 static 欄位存四個常數	Dev/ATLAS.DSM/Source/UI/UI.DSM/DSMM903.cs:26-29
dsm	中	E5 併發與參數處理	DSMM005	DSMM005.Copy 的 GUID 只在迴圈外產一次	Dev/ATLAS.DSM/Source/PO/PO.DSM/DSMM005_PO.cs:237-244
dsm	低	E5 併發與參數處理	DSMR001	DSMR001 逐月迴圈裡重新指派 tran,舊的不釋放	Dev/ATLAS.DSM.Report/Source/PO/ReportPO.DSM/DSMR001_PO.cs:152
dsm	低	E5 併發與參數處理	DSMB001	DSMB001_PO 在 finally 釋放類別層級的 m_db	Dev/ATLAS.DSM/Source/PO/PO.DSM/DSMB001_PO.cs:31
dsm	低	E5 併發與參數處理	DSMM903, DSMM906	DSMM903_PO / DSMM906_PO 各自 new 一個獨立的 Database	Dev/ATLAS.DSM/Source/PO/PO.DSM/DSMM903_PO.cs:30
dsm	未分級	E6 位置取參數	DSMM906, DSMR001, DSMR002, DSMR007, DSMR009, DSMR009_1	if (非空白) { …Split(',')[1] } · DSMM906 DSMR001 DSMR002 DSMR007 DSMR009 DSMR009_1 · 否,單段回傳就爆	Dev/ATLAS.DSM/Source/UI/UI.DSM/DSMM906.cs:52-55
dsm	未分級	E6 位置取參數	DSMI001	if (words.Length > 1 && words[1] != "") · DSMI001 · 是	Dev/ATLAS.DSM/Source/UI/UI.DSM/DSMI001.cs:106-111
dsm	未分級	E6 位置取參數	DSMR008, DSMR008_1	if (emp_Info.Count() > 1) { …[2]; …[3] } · DSMR008 DSMR008_1 · 否,而且守衛本身寫錯(E1-3)	Dev/ATLAS.DSM.Report/Source/UI/ReportUI.DSM/DSMR008.cs:74-78
dsm	未分級	E6 位置取參數	DSMM005	custDEPT_NO.Value.Substring(0, 1) · LEAVE_DATE.Substring(0, 4) + Convert.ToInt16	Dev/ATLAS.DSM/Source/UI/UI.DSM/DSMM005.cs:494
dsm	未分級	E6 位置取參數	DSMR008	xUserDept.Substring(0, 3) · UserID.Substring(6) + Convert.ToInt32	Dev/ATLAS.DSM.Report/Source/UI/ReportUI.DSM/DSMR008.cs:110
dsm	未分級	E6 位置取參數	DSMI001	beg_date.Substring(0, 10)	Dev/ATLAS.DSM/Source/PO/PO.DSM/DSMI001_PO.cs:172
dsm	中	E7 SQL 層面的髒寫法	DSMM001, DSMM002, DSMM003, DSMM903, DSMM906, DSMI001, DSMR003, DSMR004, DSMM050, DSMM005, DSMM060, DSMM901	查詢值直接串進 SQL,不綁參數也不跳脫(DSMM001_PO DSMM002_PO DSMM003_PO DSMM903_PO DSMM906_PO DSMI001_PO DSMR003_PO DSMR004_PO 全部);唯一做跳脫的是 DSMM050_PO,真正綁參數的只有 DSMM005_PO DSMM060_PO DSMM901_PO DSMM902_PO	Dev/ATLAS.DSM/Source/PO/PO.DSM/DSMM001_PO.cs:140
dsm	中	E7 SQL 層面的髒寫法	DSMM001, DSMM002	LIKE 條件不補 %,等同於 =	Dev/ATLAS.DSM/Source/PO/PO.DSM/DSMM001_PO.cs:148
dsm	中	E7 SQL 層面的髒寫法	DSMM003	LEFT JOIN 被 WHERE 條件退化成 INNER · 配	Dev/ATLAS.DSM/Source/PO/PO.DSM/DSMM003_PO.cs:123-125
dsm	低	E7 SQL 層面的髒寫法	DSMM050	舊式逗號 join · ORDER BY 被註解且註解裡是別的畫面的欄位	Dev/ATLAS.DSM/Source/PO/PO.DSM/DSMM050_PO.cs:178
dsm	低	E7 SQL 層面的髒寫法	DSMI001, DSMB001, DSMM005	日期字面量前後多空白 · SELECT DISTINCT COUNT(*) · SYSDATE ASENTRYDATE 別名黏字	Dev/ATLAS.DSM/Source/PO/PO.DSM/DSMI001_PO.cs:172
dsm	低	E7 SQL 層面的髒寫法	DSMM902	綁定變數當分支開關(AND :FUND_TYPE = '2' … UNION … = '1')	Dev/ATLAS.DSM/Source/PO/PO.DSM/DSMM902_PO.cs:304-320
dsm	低	E7 SQL 層面的髒寫法	DSMM902, DSMM901	參數型別與欄位型別不符:BF_NO / BATCHID 是 decimal 卻綁 Varchar2 · (同檔 用 Decimal)	Dev/ATLAS.DSM/Source/PO/PO.DSM/DSMM902_PO.cs:369
dsm	中	E8 有訊息但沒有 return / 訊息誤導	DSMM050, DSMM903	DSMM050 / DSMM903 的逐列檢核顯示訊息但 e.Cancel 被註解	Dev/ATLAS.DSM/Source/UI/UI.DSM/DSMM903.cs:167
dsm	低	E8 有訊息但沒有 return / 訊息誤導	DSMM903, DSMM050	訊息文字或掛的控件對不上:DSMM903 的「計算日(迄)」寫成「計算日(起)」、DSMM050 的獎金類別訊息掛在部門屬性上、DSMM005p0 的五條訊息全掛在業績年月上	Dev/ATLAS.DSM/Source/UI/UI.DSM/DSMM903.cs:167
dsm	低	E8 有訊息但沒有 return / 訊息誤導	DSMM050, DSMM903	DSMM050 / DSMM903 的 BeforeRowUpdate 每段檢核前都 ValidateErrList.Clear(),只看得到最後一條錯誤	Dev/ATLAS.DSM/Source/UI/UI.DSM/DSMM050.cs:360
dsm	中	E8 有訊息但沒有 return / 訊息誤導	DSMM906, DSMI001	DSMM906 刪除失敗只說「影響筆數等於 0 筆」,不說真正原因是 UPD_USER 不符;DSMI001 權限不足與真的沒資料都顯示「查無資料」	Dev/ATLAS.DSM/Source/PO/PO.DSM/DSMM906_PO.cs:254-255
dsm	中	E8 有訊息但沒有 return / 訊息誤導	DSMB001, DSMM903, DSMM005	DSMB001 / DSMM903 / DSMM005 的例外一律回固定字串,不帶原因	Dev/ATLAS.DSM/Source/PO/PO.DSM/DSMB001_PO.cs:92
dsm	中	E8 有訊息但沒有 return / 訊息誤導	DSMM901, DSMM902, DSMM906	相反的問題:DSMM901 / DSMM902 的 catch 把 ex.ToString() 當結果訊息回給前端;DSMM906.chkBF_NO_Valid 也回 ex.Message	Dev/ATLAS.DSM/Source/PO/PO.DSM/DSMM901_PO.cs:268
dsm	高	E9 一律回成功 / 回傳值判斷可疑	DSMB001	DSMB001.Execute 呼叫 SP 之後硬寫 i = 1,else 分支永遠到不了	Dev/ATLAS.DSM/Source/PO/PO.DSM/DSMB001_PO.cs:74-87
dsm	高	E9 一律回成功 / 回傳值判斷可疑	DSMM901	DSMM901.Execute 的 SP 沒有 OUT 錯誤通道,只要不丟例外就回「執行成功」	Dev/ATLAS.DSM/Source/PO/PO.DSM/DSMM901_PO.cs:481-486
dsm	中	E9 一律回成功 / 回傳值判斷可疑	DSMM005	DSMM005.Copy 用 ExecuteNonQuery 的回傳值判斷成敗,而它跑的是 PL/SQL 匿名區塊	Dev/ATLAS.DSM/Source/PO/PO.DSM/DSMM005_PO.cs:290-302
dsm	中	E9 一律回成功 / 回傳值判斷可疑	DSMM906	DSMM906.RebuildBF_List 同樣拿 ExecuteNonQuery 的回傳值當成敗	Dev/ATLAS.DSM/Source/PO/PO.DSM/DSMM906_PO.cs:431-435
dsm	未分級	E10 寫死常數〔客戶特定〕	DSMM003, DSMM001	"B,C" / "C" · S0% / 08% · 兩支畫面挑業務員的業務屬性不同;DSMM003 部門下拉只列這兩種開頭	Dev/ATLAS.DSM/Source/UI/UI.DSM/DSMM001.cs:305
dsm	未分級	E10 寫死常數〔客戶特定〕	DSMM002	'S'→'G'、'090'→'I' · DSMM002 取數的部門對照 DECODE	Dev/ATLAS.DSM/Source/PO/PO.DSM/DSMM002_PO.cs:127
dsm	未分級	E10 寫死常數〔客戶特定〕	DSMM903	'0' / 'S%' · 30 · 29991231 · DSMM903 的四個常數、公單拆帳比例預設值、無限期迄日	Dev/ATLAS.DSM/Source/UI/UI.DSM/DSMM903.cs:26-29
dsm	未分級	E10 寫死常數〔客戶特定〕	DSMM050, DSMM901	AO_CODE = 'Y' · DEPT = 'S' · 6 · DSMM050 挑員工的條件;通知信 view 的過濾;員工代碼補 0 的長度	Dev/ATLAS.DSM/Source/UI/UI.DSM/DSMM050.cs:252
dsm	未分級	E10 寫死常數〔客戶特定〕	DSMM901, DSMM902	ta-it@example.com · 寄件人取不到時的退路	Dev/ATLAS.DSM/Source/UI/UI.DSM/DSMM901.cs:113
dsm	未分級	E10 寫死常數〔客戶特定〕	DSMI001	'G'、08001 / 08101 / 08201 · DSMI001 的部門與機構白名單	Dev/ATLAS.DSM/Source/PO/PO.DSM/DSMI001_PO.cs:96
dsm	未分級	E10 寫死常數〔客戶特定〕	DSMR008, DSMR008_1	101722 · S01 / S05 · ntaprt + 5–11 · DSMR008 / DSMR008_1 的三組全域權限白名單	Dev/ATLAS.DSM.Report/Source/UI/ReportUI.DSM/DSMR008.cs:117-118
dsm	未分級	E10 寫死常數〔客戶特定〕	DSMM906	'551' / '永豐金證券' · "1" · view 內硬寫的券商資料列;DSMM906 重建名單的模式參數	DB/View/OFD068A_V02.SQL:76
dsm	未分級	E11 同一概念多套實作 / 死碼	DSMM050	GetDropDownDataSrc 與 GetDropDown9iDataSrc 對同樣的代碼分類並存	Dev/ATLAS.DSM/Source/UI/UI.DSM/DSMM050.cs:77-78
dsm	未分級	E11 同一概念多套實作 / 死碼	DSMR008, DSMR008_1, DSMR009, DSMR009_1, DSMR010, DSMR010a	DSMR008 / DSMR008_1、DSMR009 / DSMR009_1、DSMR010 / DSMR010a 三組平行實作	Dev/ATLAS.DSM/Source/UI/UI.DSM/DSMM050.cs:77-78
dsm	未分級	E11 同一概念多套實作 / 死碼		DSMR001RPS31.cs 宣告與 DSMR001RPS3.cs 同名的類別,不在 csproj 內,是沒刪乾淨的孤兒	Dev/ATLAS.DSM.Report/Source/CrystalReports/Report.DSM/DSMR001RPS31.cs:19
dsm	未分級	E11 同一概念多套實作 / 死碼	DSMB001	DSMBViewVDB 有 UI 在用,但 Control 宣告的是 BasicViewVDB,那個 UIView 屬性從沒被讀過	Dev/ATLAS.DSM/Source/Entity/UIEntity.DSM/DSMBViewVDB.cs:18-22
dsm	未分級	E11 同一概念多套實作 / 死碼	DSMI001	DSMI001_PO 的 GetEmpNo / GetUidCode 是 public 但介面宣告被註解,拿不到;同檔 new 了 dbPTPF 卻沒用	Dev/ATLAS.DSM/Source/PO/PO.DSM/DSMI001_PO.cs:26-27
dsm	未分級	E11 同一概念多套實作 / 死碼	DSMM050, DSMM903	三個取了卻沒用的變數:GetDSHeadInfo 的 user_id、DSMM050 的 Employ_Util 與 tmpVDB、DSMM903 的 myEDATE 初值	Dev/ATLAS.DSM/Source/PO/PO.DSM/DSMM903_PO.cs:247
dsm	未分級	E11 同一概念多套實作 / 死碼	DSMM902	DSMM902_PO 的三個事件方法是空殼,卻照樣掛上去	Dev/ATLAS.DSM/Source/PO/PO.DSM/DSMM902_PO.cs:77-81
dsm	未分級	E11 同一概念多套實作 / 死碼		SAL051.TOT_ADD_AC 欄位 repo 內零讀寫(但可能被版控外的 SP 用,不要刪)	Dev/ATLAS.DSM/Source/Entity/DataEntity.DSM/DSMM050Model.xsd
dsm	未分級	E11 同一概念多套實作 / 死碼	DSMM001	十個 PO 的介面註解全寫「覆核層級管理 PO 共用介面」;三個 PO 的明細 region 註解寫「明細資料 SQL(OFD200)」,都與實際功能無關	Dev/ATLAS.DSM/Source/PO/PO.DSM/DSMM001_PO.cs:19
dsm	未分級	E12 其他讀碼陷阱	DSMM002	DSMM002_PO 內出現的 SAL051 與 EMP_NO 條件全在註解區塊()。用 grep 找「誰 join 了 SAL051」會誤判	Dev/ATLAS.DSM/Source/PO/PO.DSM/DSMM002_PO.cs:149-189
dsm	未分級	E12 其他讀碼陷阱	DSMM050	五處 App.config 的 detailtable 註解全寫 DSM002A,包含 DSMM050(§0.5)	Dev/ATLAS.DSM/Source/PO/PO.DSM/DSMM002_PO.cs:149-189
dsm	未分級	E12 其他讀碼陷阱		DSMM901p0 那三條檢核比 CSV 匯入嚴格,同一支畫面兩條輸入路徑兩套規則(§4.7)	Dev/ATLAS.DSM/Source/PO/PO.DSM/DSMM002_PO.cs:149-189
dsm	未分級	E12 其他讀碼陷阱	DSMM903	DSMM903 的 EDATE 使用者打了也會被覆蓋(§4.9)	Dev/ATLAS.DSM/Source/PO/PO.DSM/DSMM002_PO.cs:149-189
dsm	未分級	E12 其他讀碼陷阱	DSMM060	DSMM060 修改一筆舊資料會把歸屬日期改成今天(§4.6)	Dev/ATLAS.DSM/Source/PO/PO.DSM/DSMM002_PO.cs:149-189
dsm	未分級	E12 其他讀碼陷阱	DSMR010b, DSMR010	DSMR010b 的名字像 DSMR010 的變體,實際上是另一張報表(§7.4)	Dev/ATLAS.DSM/Source/PO/PO.DSM/DSMM002_PO.cs:149-189
dsm	未分級	E12 其他讀碼陷阱		DSM006A 不在母體的 16 張表裡,但它是整個 E 線的核心(附錄 A.2)	Dev/ATLAS.DSM/Source/PO/PO.DSM/DSMM002_PO.cs:149-189
dsm	未分級	E12 其他讀碼陷阱	DSMI001	的括號位置寫錯(單引號被接在 object 上),目前結果碰巧正確	Dev/ATLAS.DSM/Source/UI/UI.DSM/DSMI001.cs:89
dsm	未分級	E12 其他讀碼陷阱		DSMM901p1 列印時會把 .rpt 寫進使用者的「我的文件」再刪除;File.Delete 失敗就留檔()	Dev/ATLAS.DSM/Source/UI/UI.DSM/DSMM901p1.cs:121-124
dsm	未分級	E12 其他讀碼陷阱		本模組所有原始檔都是 UTF-8 with BOM,沒有 BMS 那種混編碼問題(實測 Dev/ATLAS.DSM/ 與 Dev/ATLAS.DSM.Report/ 底下的 .cs / .xsd / .config 共 0 個例外)	Dev/ATLAS.DSM/Source/PO/PO.DSM/DSMM002_PO.cs:149-189
ec	高	E1 一律回報成功 —— 本片 27 處,最嚴重的 7 處		db.ExecuteNonQuery(cmd, tran); 下一行 i = 1;,再 AddResultRow(true, i, "")	Dev/ATLAS.EC/Source/PO/PO.EC/Oracle/OFDB601OracleDao.cs:265-266
ec	高	E1 一律回報成功 —— 本片 27 處,最嚴重的 7 處	IPJB614	IPJB614 用 i += 1 手動累計而不是取 ExecuteNonQuery 回傳	Dev/ATLAS.EC/Source/PO/PO.EC/Oracle/IPJB614OracleDao.cs:218-219
ec	中	E1 一律回報成功 —— 本片 27 處,最嚴重的 7 處	OFDB671, OFDB672, OFDB673	OFDB671 / OFDB672 / OFDB673 的 ExecuteNonQuery 回傳值完全不接	Dev/ATLAS.EC/Source/PO/PO.EC/Oracle/OFDB671OracleDao.cs:49
ec	中	E1 一律回報成功 —— 本片 27 處,最嚴重的 7 處		另 20 處同款(見 §6.11)	Dev/ATLAS.EC/Source/PO/PO.EC/Oracle/OFDB601OracleDao.cs:265-266
ec	高	E2 catch (SqlException) 在 Oracle 是死碼 —— 6 處		Oracle 專案裡寫 catch (SqlException sqlex)	Dev/ATLAS.EC/Source/PO/PO.EC/Oracle/OFDB600OracleDao.cs:89
ec	高	E3 例外訊息是空字串 —— 38 處		AddResultRow(false, 0, string.Empty)	
ec	高	E4 Oracle 三值邏輯:<> '值' 遇 NULL 是 UNKNOWN —— 7 處	OFDB691, OFDB612	SQL 條件寫 欄 <> '值'	Dev/ATLAS.EC/Source/Control/Control.EC/OFDB691_Ctl.cs:89
ec	高	E5 被註解掉但外殼還在的檢核 —— 最嚴重的一組	OFDB605, IPJB625, OFDB600	OFDB605 與 IPJB625 的四道檢核,PO / Ctl / Pxy / 介面四層都在且都編譯,只有 UI 的呼叫行被 // 掉	Dev/ATLAS.EC/Source/UI/UI.EC/OFDB605.cs:214
ec	中	E5 被註解掉但外殼還在的檢核 —— 最嚴重的一組	IPJB606	IPJB606 的 CheckSYSTEM_ID 呼叫被註解	Dev/ATLAS.EC/Source/UI/UI.EC/IPJB606.cs:201
ec	中	E5 被註解掉但外殼還在的檢核 —— 最嚴重的一組	OFDB691	OFDB691_Ctl 的 ECAdapter.SendRealTimeMail 整段在 /* */ 區塊註解裡	Dev/ATLAS.EC/Source/Control/Control.EC/OFDB691_Ctl.cs:610-650
ec	低	E5 被註解掉但外殼還在的檢核 —— 最嚴重的一組	OFDB609	OFDB609_Ctl 的 ECAdapter.GenBillHunterMail 呼叫被註解	Dev/ATLAS.EC/Source/Control/Control.EC/OFDB609_Ctl.cs:71-72
ec	中	E5 被註解掉但外殼還在的檢核 —— 最嚴重的一組	OFDB680	OFDB680_Ctl 的 ALERT_SET == "3" 整段註解(#region 用不到)	Dev/ATLAS.EC/Source/Control/Control.EC/OFDB680_Ctl.cs:160-175
ec	低	E5 被註解掉但外殼還在的檢核 —— 最嚴重的一組	OFDB680	OFDB680_Service 的 DoExecute() 整支註解	Dev/ATLAS.EC/Source/WindowsService/WindowsService.OFDB680/OFDB680_Service.cs:211-239
ec	中	E5 被註解掉但外殼還在的檢核 —— 最嚴重的一組		PO/PO.EC/MSSQL/ 28 個檔整支註解卻仍編譯	Dev/ATLAS.EC/Source/PO/PO.EC/PO.EC.csproj:165-194
ec	高	E6 檢核方法的回傳語意跟主流程相反,而且例外時放行	OFDB605	OFDB605 的四個 Check* 方法:true = 有問題、false = 沒問題,跟 Execute 的 true = 成功相反;catch 回 false	Dev/ATLAS.EC/Source/PO/PO.EC/Oracle/OFDB605OracleDao.cs:313-330
ec	中	E7 死方法 / 無效運算 / 空 catch	OFDB600	OFDB600_Service.BefExec() 定義了但沒有任何呼叫端	Dev/ATLAS.EC/Source/WindowsService/WindowsService.OFDB600/OFDB600_Service.cs:164-187
ec	高	E7 死方法 / 無效運算 / 空 catch	OFDB600	sEXEC_TIMES.PadLeft(4, '0'); 回傳值丟掉,字串沒有被補零	Dev/ATLAS.EC/Source/WindowsService/WindowsService.OFDB600/OFDB600_Service.cs:130-131
ec	中	E7 死方法 / 無效運算 / 空 catch	OFDB600	iLIMIT_TIME_BUFFER 只在 else 分支賦值	Dev/ATLAS.EC/Source/WindowsService/WindowsService.OFDB600/OFDB600_Service.cs:135-147
ec	高	E7 死方法 / 無效運算 / 空 catch	OFDB609, OFDB606, OFDB690, OFDB691	空 catch { } 5 處,全部包住外部呼叫	Dev/ATLAS.EC/Source/Control/Control.EC/OFDB609_Ctl.cs:427
ec	低	E7 死方法 / 無效運算 / 空 catch		ECAdapter.GenBillHunterMail 有一個從未使用的區域變數 String a,且 MailString 永遠回空字串	Dev/Common/Source/Utility/TA.ServerUtility/ECAdapter.cs:94
ec	中	E7 死方法 / 無效運算 / 空 catch	OFDB600	GetTIMES 的 catch { }(OFDB600)吃掉每一列的轉換錯誤	Dev/ATLAS.EC/Source/WindowsService/WindowsService.OFDB600/OFDB600_Service.cs:149-151
ec	高	E8 讀 [0] 不先檢查列數 —— 服務會靜悄悄停掉	OFDB609	view.UIView.OFDB609_TIMES[0].OPEN_ACC_PROCESS_TIME	Dev/ATLAS.EC/Source/WindowsService/WindowsService.OFDB609/OFDB609_Service.cs:116
ec	高	E8 讀 [0] 不先檢查列數 —— 服務會靜悄悄停掉	OFDB680	view.UIView.OFDB680_TIMES[0].ALERT_LIMIT_TIMES	Dev/ATLAS.EC/Source/WindowsService/WindowsService.OFDB680/OFDB680_Service.cs:120
ec	低	E8 讀 [0] 不先檢查列數 —— 服務會靜悄悄停掉	OFDB600, OFDB680	view.Util.Result[0].ReturnCode 在 AftExec 內不先檢查列數	Dev/ATLAS.EC/Source/WindowsService/WindowsService.OFDB600/OFDB600_Service.cs:201
ec	中	E8 讀 [0] 不先檢查列數 —— 服務會靜悄悄停掉	OFDM602	vdb.DataEntity.OFDM602_Master[0].STATUS	Dev/ATLAS.EC/Source/PO/PO.EC/Oracle/OFDM602OracleDao.cs:603
ec	高	E9 無鍵或弱鍵的 DELETE		DELETE OFD678A WHERE INV_DEP_YN = :INV_DEP_YN —— 刪除條件只有一個 Y/N 旗標	Dev/ATLAS.EC/Source/PO/PO.EC/Oracle/OFDB671OracleDao.cs:43-49
ec	中	E9 無鍵或弱鍵的 DELETE	BMSM001	BMSM001_PO.cs:1403 的 DELETE FROM OFD607A WHERE BF_SRNO=:BF_SRNO(BMS 側)	Dev/ATLAS.BMS/Source/PO/PO.BMS/BMSM001_PO.cs:1403
ec	中	E10 字串串接進 SQL —— 88 處	OFDM607	+ "'" + 值 + "'" 的組法	Dev/ATLAS.EC/Source/Control/Control.EC/OFDB691_Ctl.cs:638
ec	低	E10 字串串接進 SQL —— 88 處	OFDB691, OFDB690	OFDB691_Ctl 把 XML 裡的 ' 換成 才送出	Dev/ATLAS.EC/Source/Control/Control.EC/OFDB691_Ctl.cs:638
ec	中	E11 寫死常數與位置取參數	OFDB600, OFDB609, OFDB680	三支服務的 log 路徑寫死 C://Vendor//WindowService//OFDB60x//	Dev/Common/Source/Utility/TA.ServerUtility/App.config:12
ec	低	E11 寫死常數與位置取參數	OFDB600, OFDB609	Remoting 端點寫死 http://<內網伺服器IP>/ATLAS_TAService/ 在 App.config	Dev/Common/Source/Utility/TA.ServerUtility/App.config:12
ec	中	E11 寫死常數與位置取參數		EC Web Service 端點 http://localhost/…	Dev/Common/Source/Utility/TA.ServerUtility/App.config:12
ec	中	E11 寫死常數與位置取參數	OFDB671	OFDB671 依 FunctionID == "OFDB671_A" 分流	Dev/ATLAS.EC/Source/PO/PO.EC/Oracle/OFDB671OracleDao.cs:48
ec	中	E11 寫死常數與位置取參數	OFDM607	SYSTEM_ID='1' 寫死在 UPDATE 的 WHERE	Dev/ATLAS.EC/Source/PO/PO.EC/Oracle/OFDB610OracleDao.cs:519
ec	中	E11 寫死常數與位置取參數	IPJM614	FATCA 卡控訊息寫死在 UI 的 C# 裡,而且出現兩次	Dev/ATLAS.EC/Source/UI/UI.EC/IPJM614.cs:988
ec	中	E11 寫死常數與位置取參數		ReturnRowCount != 99 的魔術值	Dev/Common/Source/Utility/TA.ServerUtility/App.config:12
ec	未分級	E12 非 UTF-8 來源檔 / 編碼		PO/PO.EC/ 129 個檔的編碼 · 全部 utf-8-sig(UTF-8 with BOM),零個 cp950	Dev/ATLAS.EC/Source/UI/UI.EC/IPJB613.cs:156
ec	未分級	E12 非 UTF-8 來源檔 / 編碼		全 Dev/ATLAS.EC/Source/ 的 .cs · 同上,沒有踩到 rsp.md 那邊「40 支 cp950,grep 中文會漏」的坑	Dev/ATLAS.EC/Source/UI/UI.EC/IPJB613.cs:156
ec	未分級	E12 非 UTF-8 來源檔 / 編碼	IPJB613, OFDB600	Encoding.Default 寫檔 · 2 處:,加三支服務的 log(OFDB600_Service.cs:241 :247 等)。中文語系下是 cp950,換語系會亂碼〔客戶特定〕	Dev/ATLAS.EC/Source/UI/UI.EC/IPJB613.cs:156
ec	高	E13 交易與外部系統之間沒有補償	OFDB609	OFDB609 的 LDAP 同步在資料庫 commit 之後才跑,失敗只寄信不回滾	Dev/ATLAS.EC/Source/Control/Control.EC/OFDB609_Ctl.cs:79-145
ec	中	E13 交易與外部系統之間沒有補償	OFDB609	同上,單列的 catch (Exception) 讓某一列靜默跳過	Dev/ATLAS.EC/Source/Control/Control.EC/OFDB609_Ctl.cs:127-131
ec	中	E13 交易與外部系統之間沒有補償	OFDB671	architecture.md §4 記的「兩個庫兩個交易,沒有分散式交易」	Dev/ATLAS.EC/Source/PO/PO.EC/Oracle/OFDB671OracleDao.cs:36-38
ec	中	E14 非營業日與零筆在 log 上看不出差別	OFDB609	OFDB609_Ctl 非營業日直接回 AddResultRow(true, 0, ""),服務端寫 EventLog「Success:」加空訊息	Dev/ATLAS.EC/Source/Control/Control.EC/OFDB609_Ctl.cs:63-67
ec	中	E14 非營業日與零筆在 log 上看不出差別	OFDB680	OFDB680_Service 在 SelectFund 回零列時仍照常送出 FUND_ID = '' 執行一輪	Dev/ATLAS.EC/Source/WindowsService/WindowsService.OFDB680/OFDB680_Service.cs:66-84
ec	未分級	E15 迴圈遇壞列 break		E15 迴圈遇壞列 break	
ec	未分級	E16 = 對 <= 導致漏跑一天	OFDB600	E16 = 對 <= 導致漏跑一天	Dev/ATLAS.EC/Source/WindowsService/WindowsService.OFDB600/OFDB600_Service.cs:65-75
ec	未分級	E17 AND / OR 缺括號	OFDB609	E17 AND / OR 缺括號	Dev/ATLAS.EC/Source/Control/Control.EC/OFDB609_Ctl.cs:62
ec	中	E18 多套實作並存	OFDM607	OFDM607 有兩份活的 PO(MSSQL/OFDM607_PO.cs 與 Oracle/OFDM607OracleDao.cs),都寫 UPDATE OFD607A SET PROCESS_YN='Y'	Dev/ATLAS.EC/Source/PO/PO.EC/MSSQL/OFDM607_PO.cs:213
ec	中	E18 多套實作並存		OFDM681OracleDao 宣告實作 IOFDM680 不是 IOFDM681	Dev/ATLAS.EC/Source/PO/PO.EC/Oracle/OFDM681OracleDao.cs:15
ec	中	E18 多套實作並存	OFDB601	16 支畫面有 Model.xsd 與 _9iModel.xsd 雙份 schema	Dev/ATLAS.EC/Source/Entity/DataEntity.EC/OFDB601Model.xsd
ec	低	E18 多套實作並存	OFDB609, OFDB680	OFDB609_Service 的三行 Remoting 初始化在 Start() 與 OnStart() 各寫一次;OFDB680_Service 同款	Dev/ATLAS.EC/Source/PO/PO.EC/MSSQL/OFDM607_PO.cs:213
ec	高	E19 設定與程式不一致	OFDB680	OFDB680_Service 程式碼是 Remoting 客戶端寫法,App.config 沒有 <system.runtime.remoting> 區段	Dev/ATLAS.EC/Source/WindowsService/WindowsService.OFDB680/OFDB680_Service.cs:42
ec	低	E19 設定與程式不一致	OFDB600	三支服務的 ExceptionHandlingMode 都被註解掉	Dev/ATLAS.EC/Source/WindowsService/WindowsService.OFDB680/OFDB680_Service.cs:42
ec	高	E19 設定與程式不一致	OFDB600, OFDB609, OFDB680	Environment.UserName == "SYSTEM" 決定服務模式	Dev/ATLAS.EC/Source/WindowsService/WindowsService.OFDB680/OFDB680_Service.cs:42
ec	未分級	E20 掃描與統計會被誤導的四個地方		grep MasterTable 撈到一堆註解行 · 先剝 // 開頭的行	
ec	未分級	E20 掃描與統計會被誤導的四個地方	OFDB691	grep -rn ECAdapter 看起來有四個呼叫端 · 其中一個在 /* */ 區塊註解裡(OFDB691_Ctl),兩個在未編譯的檔裡	
ec	未分級	E20 掃描與統計會被誤導的四個地方		檔案存在就當作畫面存在 · 要比對四個 csproj 的 <Compile Include>(§0.4)—— 這是 architecture.md 附錄 D 之外新增的一條	
ec	未分級	E20 掃描與統計會被誤導的四個地方		atlas_scan.py --screen 說「PO 缺」 · 本片 PO 叫 *OracleDao.cs,再找一次	
misc	高	E.1 catch 吞例外 / 回傳值語意錯誤(本片最大宗)	TRPM001	TRPM001.GetErrDATA 的 catch 是空的,失敗回 0	Dev/ATLAS.OTA/Source/PO/PO.OTA/TRPM001_PO.cs:418-420
misc	高	E.1 catch 吞例外 / 回傳值語意錯誤(本片最大宗)	TRPM101	TRPM101.Execute 的 catch 設了失敗訊息,但後面的 if (i > 0) 又把它蓋成「檢核成功」	Dev/ATLAS.OTA/Source/PO/PO.OTA/TRPM101_PO.cs:478-484
misc	高	E.1 catch 吞例外 / 回傳值語意錯誤(本片最大宗)	TRPM101	TRPM101 另有 8 個空 catch(GetMailData / GetResult / GetTR207 / GetTR206 / GetTR202 / GetCheckFields / GetTableSchema / GetTRP001)	Dev/ATLAS.OTA/Source/PO/PO.OTA/TRPM101_PO.cs:742
misc	高	E.1 catch 吞例外 / 回傳值語意錯誤(本片最大宗)	FSKM004	FSKM004.CheckStkBrkData 的 catch 回 ReturnCode=false,而 false 在這支的語意是「可以刪」	Dev/ATLAS.FSK/Source/PO/PO.FSK/FSKM004_PO.cs:180-186
misc	中	E.1 catch 吞例外 / 回傳值語意錯誤(本片最大宗)	OFDM221C	OFDM221C.GetOFD113 的 catch 是空的	Dev/ATLAS.OTA/Source/PO/PO.OTA/OFDM221C_PO.cs:222-224
misc	中	E.1 catch 吞例外 / 回傳值語意錯誤(本片最大宗)	OTAR901	OTAR901.DoExp1 的 catch 把所有例外壓成「商業邏輯異常!」,原文只 Console.WriteLine	Dev/ATLAS.OTA.Report/Source/UI/ReportUI.OTA/OTAR901.cs:357-362
misc	中	E.1 catch 吞例外 / 回傳值語意錯誤(本片最大宗)	OFDM302B	OFDM302B.BatchAdd 的 CommonExceptionBlocker.HandleBusinessException(ex) 被註解掉	Dev/ATLAS.OTA/Source/PO/PO.OTA/OFDM302B_PO.cs:239-245
misc	中	E.1 catch 吞例外 / 回傳值語意錯誤(本片最大宗)	TRPR001, TRPI001	TRPR001 / TRPI001 的查無資料回 AddResultRow(false, 0, string.Empty)	Dev/ATLAS.OTA.Report/Source/PO/ReportPO.OTA/TRP001_PO.cs:84-87
misc	中	E.1 catch 吞例外 / 回傳值語意錯誤(本片最大宗)	TRPR001	TRPR001 的 catch 第一行就 tran.Rollback(),而 tran 在 try 內才賦值	Dev/ATLAS.OTA.Report/Source/PO/ReportPO.OTA/TRP001_PO.cs:91
misc	高	E.2 死檢核:外殼在、條件永遠不成立	OFDM302B	OFDM302B.BatchAdd 的 if (i == -1) 判刪除結果	Dev/ATLAS.OTA/Source/PO/PO.OTA/OFDM302B_PO.cs:198-203
misc	中	E.2 死檢核:外殼在、條件永遠不成立	TRPM901	TRPM901.BatchAdd 同一個 if (i == -1)	Dev/ATLAS.OTA/Source/PO/PO.OTA/TRPM901_PO.cs:271-276
misc	高	E.2 死檢核:外殼在、條件永遠不成立	OFDM302B	OFDM302B 的「鎖定後不可改」檢核比 NAV_LOCK == "1",而下拉只給 Y / N	Dev/ATLAS.OTA/Source/UI/UI.OTA/OFDM302B.cs:160
misc	中	E.2 死檢核:外殼在、條件永遠不成立	TRPM901	TRPM901 的「不開放刪除功能」整段被註解,訊息字串還留著	Dev/ATLAS.OTA/Source/UI/UI.OTA/TRPM901.cs:220-231
misc	中	E.2 死檢核:外殼在、條件永遠不成立	IJPR611	IJPR611 的 PrintType '5' / '6' 分支(七層都備好、.rpt 都在 csproj)	Dev/ATLAS.EC.Report/Source/UI/ReportUI.EC/IJPR611.designer.cs:213-218
misc	高	E.3 繞過四眼直接寫主檔	OFDM302B	OFDM302B.BatchAdd:DELETE OFD302 WHERE NAV_DATE = ? 再 INSERT,STATUS 寫死 '301'、四眼六欄全塞同一人同一時間	Dev/ATLAS.OTA/Source/PO/PO.OTA/OFDM302B_PO.cs:191-192
misc	高	E.3 繞過四眼直接寫主檔	OFDM302B	OFDM302B.Update_NAVLOCK:直接 UPDATE OFD302 SET NAV_LOCK, UPDATEID, UPDATEDATE	Dev/ATLAS.OTA/Source/PO/PO.OTA/OFDM302B_PO.cs:471-478
misc	高	E.3 繞過四眼直接寫主檔	OFDM221C, OFDM113	OFDM221C 的 AfterAdd / AfterUpdate 自組 INSERT INTO OFD113 … STATUS='301'	Dev/ATLAS.OTA/Source/PO/PO.OTA/OFDM221C_PO.cs:275-276
misc	中	E.3 繞過四眼直接寫主檔	TRPM901, OFDM302B	TRPM901.BatchAdd:DELETE TRP011 WHERE CAL_YM=? AND FH_CD=? 再 INSERT,STATUS='301'	Dev/ATLAS.OTA/Source/PO/PO.OTA/TRPM901_PO.cs:261-282
misc	高	E.4 交易邊界	TRPM101	TRPM101.Execute 開了 tran,但寫暫存表那行 ExecuteNonQuery(cmd) 沒帶 tran	Dev/ATLAS.OTA/Source/PO/PO.OTA/TRPM101_PO.cs:459
misc	中	E.4 交易邊界	OFDM302B	OFDM302B.Update_NAVLOCK 對同一個 DbCommand 連續 ExecuteNonQuery 兩次	Dev/ATLAS.OTA/Source/PO/PO.OTA/OFDM302B_PO.cs:493
misc	低	E.4 交易邊界	TRPR001	TRPR001 是純查詢卻開交易	Dev/ATLAS.OTA.Report/Source/PO/ReportPO.OTA/TRP001_PO.cs:61
misc	高	E.5 Oracle 三值邏輯與 JOIN	OFDM221C	OFDM221C.GetOFD091:OFD221.ALLOT_PROC_CODE <> 'D' 沒有 NVL	Dev/ATLAS.OTA/Source/PO/PO.OTA/OFDM221C_PO.cs:901
misc	中	E.5 Oracle 三值邏輯與 JOIN	OFDM109	OFDM109.GetCRNCY_CD:CRNCY_CD <> 'TWD' 沒有 NVL	Dev/ATLAS.OTA/Source/PO/PO.OTA/OFDM109_PO.cs:466
misc	高	E.5 Oracle 三值邏輯與 JOIN	TRPI001	TRPI001:INNER JOIN TRP001	Dev/ATLAS.OTA.Query/Source/PO/QueryPO.OFD/TRPI001_PO.cs:81
misc	高	E.5 Oracle 三值邏輯與 JOIN	TRPM101	TRPM101.GetMailData:TRPM101T1 INNER JOIN BMS001A INNER JOIN OFD601	Dev/ATLAS.OTA/Source/PO/PO.OTA/TRPM101_PO.cs:718-729
misc	中	E.5 Oracle 三值邏輯與 JOIN	TRPI001	TRPI001 用「名稱欄是不是 NULL」反推「有沒有指定基金公司」	Dev/ATLAS.OTA.Query/Source/PO/QueryPO.OFD/TRPI001_PO.cs:68-71
misc	高	E.6 邊界與索引	TRPM101	TRPM101 的「欄位未定義在媒體格式」檢核寫成 Schemarow.Length == 0 && intRow == 1	Dev/ATLAS.OTA/Source/PO/PO.OTA/TRPM101_PO.cs:248
misc	中	E.6 邊界與索引	TRPM101	TRPM101 的日期檢核用 Substring(0,4) / (4,2) / (6,2)	Dev/ATLAS.OTA/Source/PO/PO.OTA/TRPM101_PO.cs:329
misc	中	E.6 邊界與索引	TRPM001	TRPM001_ExecuteDataLoad 直接取 vdb.UIView.TRP001[0]	Dev/ATLAS.OTA/Source/UI/UI.OTA/TRPM001.cs:270
misc	中	E.6 邊界與索引	TRPM001	TRPM001.ExcuteSQLandLoadData 在 Result.Count == 0 的分支裡還去讀 Result[0].ReturnMessage	Dev/ATLAS.OTA/Source/UI/UI.OTA/TRPM001.cs:512-516
misc	中	E.6 邊界與索引	OFDM231B	OFDM231B 的 UI 兩處 Select("FUND_ID <> ''")[0] 沒有長度檢查	Dev/ATLAS.OTA/Source/UI/UI.OTA/OFDM231B.cs:487-488
misc	中	E.6 邊界與索引	CASM001, OFDM221C, OFDM109	五支畫面的 do { 取號 } while (IsExistByData(...)) 沒有次數上限	Dev/ATLAS.OTA/Source/PO/PO.OTA/OFDM221C_PO.cs:162-166
misc	高	E.7 SQL 字串串接與寫死值	OFDM251	OFDM251 的查詢條件把使用者輸入串進 LIKE:RECORD_DATE LIKE '" + Row.Value + "%'	Dev/ATLAS.OTA/Source/PO/PO.OTA/OFDM251_PO.cs:182
misc	低	E.7 SQL 字串串接與寫死值	OFDM109, OFDM231B	八支 OFDM* 的明細 SQL 都用字串串接接書號	Dev/ATLAS.OTA/Source/PO/PO.OTA/OFDM109_PO.cs:256
misc	中	E.7 SQL 字串串接與寫死值	IJPR611	IJPR611 用字串串接組 DataTable.Select 過濾式	Dev/ATLAS.EC.Report/Source/PO/ReportPO.EC/Oracle/IJPR611OracleDao.cs:586
misc	中	E.7 SQL 字串串接與寫死值	TRPM001	傳檔落地路徑有兩個不同的寫死預設值:UI 端 C:\境外傳檔\、SQL 端 'C:\'	Dev/ATLAS.OTA/Source/UI/UI.OTA/TRPM001.cs:358-360
misc	中	E.7 SQL 字串串接與寫死值	TRPM005, TRPM001	TSCD_RPT_PATH= 這個前綴在三個地方各寫一次	Dev/ATLAS.OTA/Source/PO/PO.OTA/TRPM005_PO.cs:137
misc	低	E.7 SQL 字串串接與寫死值	TRPM001	RESERVE_FIELD_SW 欄名寫死在逗號轉換邏輯裡	Dev/ATLAS.OTA/Source/PO/PO.OTA/TRPM001_PO.cs:259-264
misc	中	E.7 SQL 字串串接與寫死值		TTP12A / '07' / 'WebUser%' 寫死	Dev/ATLAS.OTA/Source/PO/PO.OTA/OFDM251_PO.cs:182
misc	中	E.8 成對路徑只改一邊	IJPR611	IJPR611 的預覽有 Parameters.Clear()、列印沒有	Dev/ATLAS.EC.Report/Source/UI/ReportUI.EC/IJPR611.cs:157
misc	高	E.8 成對路徑只改一邊	TRPM101	TRPM101 的 Execute 不帶 tran、ImportData 帶	Dev/ATLAS.OTA/Source/PO/PO.OTA/TRPM101_PO.cs:459
misc	中	E.8 成對路徑只改一邊	OFDM551, OFDM554	OFDM551 與 OFDM554 各寫一份 GetOFD562,SQL 不同	Dev/ATLAS.OTA/Source/PO/PO.OTA/OFDM551_PO.cs:385
misc	低	E.8 成對路徑只改一邊	OFDM231B	OFDM231B 的 OFD253 分支,region 標題複製自 OFD252 沒改	Dev/ATLAS.OTA/Source/PO/PO.OTA/OFDM231B_PO.cs:437
misc	高	E.9 檔案與建置	FSKM004	FSKM004_PO 繼承 BasicEVAPO 且不覆寫 Add / Update / Delete,BeforeSelect 第一行就用 dbTA	Dev/ATLAS.FSK/Source/PO/PO.FSK/FSKM004_PO.cs:29
misc	高	E.9 檔案與建置	FSKM004	FSKM004_PO 的活程式裡還有 T-SQL 的 SUBSTRING(...)	Dev/ATLAS.FSK/Source/PO/PO.FSK/FSKM004_PO.cs:114
misc	中	E.9 檔案與建置	FSKM004	FSKM004_PO 1,272 行裡 950 行是被 /* */ 包起來的上一代實作	Dev/ATLAS.FSK/Source/PO/PO.FSK/FSKM004_PO.cs:321-1270
misc	低	E.9 檔案與建置	FSKM004	FSKM004_PO 最後一行是 }//end namespace Adapterusing System	Dev/ATLAS.FSK/Source/PO/PO.FSK/FSKM004_PO.cs:1272
misc	中	E.9 檔案與建置	FSKM004	FSKM004_Ctl 沒有繼承 BaseController,每個方法自己 new PO	Dev/ATLAS.FSK/Source/Control/Control.FSK/FSKM004_Ctl.cs:13
misc	高	E.9 檔案與建置	OFDM302B	OFDM302BRPS1.rpt / OFDM302BRPS2.rpt 在一個沒有 csproj 的資料夾裡,既不是 EmbeddedResource 也沒有 PostBuild xcopy	Dev/ATLAS.OTA/Source/UI/UI.OTA/OFDM302B.cs:342
misc	中	E.9 檔案與建置	TRPR001	TRPR001_PO 住在檔名少一個 R 的 TRP001_PO.cs	Dev/ATLAS.OTA.Report/Source/PO/ReportPO.OTA/TRP001_PO.cs:2
misc	中	E.9 檔案與建置	OFDM113	OFDM113_PO.cs 是 cp950 編碼,全片唯一	Dev/ATLAS.OTA/Source/PO/PO.OTA/OFDM113_PO.cs:235
misc	中	E.9 檔案與建置	TRPM101	TRPM101_PO 有一個方法的參數型別是別支畫面的 ModelVDB(OFDM053ModelVDB)	Dev/ATLAS.OTA/Source/PO/PO.OTA/TRPM101_PO.cs:710
misc	低	E.9 檔案與建置	TRPM001	TRPM001_PO 與 TRP001_PO 的介面 XML 註解都寫「覆核層級管理 PO 共用介面」	Dev/ATLAS.OTA/Source/PO/PO.OTA/TRPM001_PO.cs:23
misc	低	E.9 檔案與建置		TRP001_PO 同時 using System.Data.OracleClient; 與 Oracle.ManagedDataAccess.Client	Dev/ATLAS.OTA.Report/Source/PO/ReportPO.OTA/TRP001_PO.cs:11
misc	高	E.10 商業規則不在程式裡	TRPM001	TRPM001 的檢核與異動 SQL 全部存在 TRP001 的 13 個欄位裡,程式只負責照跑	Dev/ATLAS.OTA/Source/PO/PO.OTA/TRPM001_PO.cs:557-582
misc	高	E.10 商業規則不在程式裡	TRPM101	TRPM101 連 INSERT 語法都存在 TR202.INSERTSQL,取出時要用三層 REPLACE 反跳脫	Dev/ATLAS.OTA/Source/PO/PO.OTA/TRPM101_PO.cs:868
misc	中	E.10 商業規則不在程式裡	TRPM101	收檔用的表名與 SP 名都是執行期從 TRP001 / TR207 讀出來的	Dev/ATLAS.OTA/Source/PO/PO.OTA/TRPM101_PO.cs:759
nfdr1	高	E-01 60 支 SP 只有 1 支在版控 —— 嚴重度 高	NFDR073, NFDR001	E-01 60 支 SP 只有 1 支在版控	Dev/ATLAS.NFD.Report/Source/PO/ReportPO.NFD/NFDR001_PO.cs:57
nfdr1	高	E-02 16 支的 m_db 永遠是 null,一呼叫就 NRE —— 嚴重度 高	NFDR115, NFDR001, NFDR073, NFDR108, NFDR155, NFDR023, NFDR071, NFDR072, NFDR103, NFDR105, NFDR107B, NFDR114	E-02 16 支的 m_db 永遠是 null,一呼叫就 NRE	Dev/ATLAS.NFD.Report/Source/PO/ReportPO.NFD/NFDR115_PO.cs:18-25
nfdr1	高	E-03 NFDR073A 的 dataID 截斷到 22 碼 —— 嚴重度 高	NFDR073A	E-03 NFDR073A 的 dataID 截斷到 22 碼	Dev/ATLAS.NFD.Report/Source/PO/ReportPO.NFD/NFDR073A_PO.cs:102
nfdr1	高	E-04 INNER JOIN 讓法遵名單無聲少人 —— 嚴重度 高	NFDR123	JOIN OFD221A_TMP T3 ON T1.BF_NO = T3.BF_NO · 從來沒有申購紀錄(例如持股全來自轉申購)的受益人,從 KYC 到期名單上消失	Dev/ATLAS.NFD.Report/Source/PO/ReportPO.NFD/NFDR123_PO.cs:89
nfdr1	高	E-04 INNER JOIN 讓法遵名單無聲少人 —— 嚴重度 高	NFDR123	JOIN BMS001A · 受益人主檔缺這筆時消失	Dev/ATLAS.NFD.Report/Source/PO/ReportPO.NFD/NFDR123_PO.cs:87
nfdr1	高	E-04 INNER JOIN 讓法遵名單無聲少人 —— 嚴重度 高	NFDR076	FROM OFD303A JOIN OFD0811A ON OFD303A.FUND_ID = OFD0811A.FUND_ID · 日結檢核:OFD0811A 對不到的基金,未日結資料查不出來,檢核直接放行	Dev/ATLAS.NFD.Report/Source/PO/ReportPO.NFD/NFDR076_PO.cs:143
nfdr1	中	E-05 30 支沒有任何「查無資料」提示 —— 嚴重度 中	NFDR004, NFDR001, NFDR073, NFDR073B, NFDR075, NFDR076, NFDR077, NFDR101, NFDR102, NFDR105, NFDR114, NFDR115	E-05 30 支沒有任何「查無資料」提示	Dev/ATLAS.NFD.Report/Source/PO/ReportPO.NFD/NFDR151_PO.cs:169
nfdr1	中	E-06 Oracle 三值邏輯:<> '值' 遇 NULL 靜默排除 —— 嚴重度 中	NFDR073A	NVL(REJ_POST,' ')<>'Y' · 有	Dev/ATLAS.NFD.Report/Source/PO/ReportPO.NFD/NFDR073A_PO.cs:195
nfdr1	中	E-06 Oracle 三值邏輯:<> '值' 遇 NULL 靜默排除 —— 嚴重度 中	NFDR073A	BF_SORT_CD <> '012' · 沒有	Dev/ATLAS.NFD.Report/Source/PO/ReportPO.NFD/NFDR073A_PO.cs:195
nfdr1	中	E-06 Oracle 三值邏輯:<> '值' 遇 NULL 靜默排除 —— 嚴重度 中	NFDR076	OFD0811A.INV_AREA <> 'D' · 沒有	Dev/ATLAS.NFD.Report/Source/PO/ReportPO.NFD/NFDR076_PO.cs:148
nfdr1	中	E-06 Oracle 三值邏輯:<> '值' 遇 NULL 靜默排除 —— 嚴重度 中	NFDR076	OFD303A.ALLOT_CTL_CODE <> '3' · 沒有	Dev/ATLAS.NFD.Report/Source/PO/ReportPO.NFD/NFDR076_PO.cs:155
nfdr1	中	E-06 Oracle 三值邏輯:<> '值' 遇 NULL 靜默排除 —— 嚴重度 中	NFDR077	A.REDEM_CTL_CODE <> '4' · 沒有	Dev/ATLAS.NFD.Report/Source/PO/ReportPO.NFD/NFDR077_PO.cs:167
nfdr1	中	E-06 Oracle 三值邏輯:<> '值' 遇 NULL 靜默排除 —— 嚴重度 中	NFDR077	OFD251A.REDEM_PROC_CODE<>'3' · 沒有	Dev/ATLAS.NFD.Report/Source/PO/ReportPO.NFD/NFDR077_PO.cs:339
nfdr1	中	E-06 Oracle 三值邏輯:<> '值' 遇 NULL 靜默排除 —— 嚴重度 中	NFDR115	OFD081V.FUND_ID <> 'ALL FUNDS' · 沒有(FUND_ID 應為 NOT NULL,風險低)	Dev/ATLAS.NFD.Report/Source/PO/ReportPO.NFD/NFDR115_PO.cs:103
nfdr1	中	E-07 CustomTransferOracleModelToView 是逐張手抄 —— 嚴重度 中	NFDR001	E-07 CustomTransferOracleModelToView 是逐張手抄	Dev/ATLAS.NFD.Report/Source/Control/ReportControl.NFD/NFDR001_Ctl.cs:92-94
nfdr1	中	E-08 MSSQL 語法殘留在 Oracle 連線上 —— 嚴重度 中	NFDR073	DELETE …; DELETE … 一行兩個 statement + @dataID	Dev/ATLAS.NFD.Report/Source/PO/ReportPO.NFD/NFDR073_PO.cs:385
nfdr1	中	E-08 MSSQL 語法殘留在 Oracle 連線上 —— 嚴重度 中	NFDR073	IF EXISTS(…) SELECT 1 ELSE SELECT 0 —— 純 T-SQL	Dev/ATLAS.NFD.Report/Source/PO/ReportPO.NFD/NFDR073_PO.cs:539
nfdr1	中	E-08 MSSQL 語法殘留在 Oracle 連線上 —— 嚴重度 中	NFDR114	dbo.f_FormatStringToTable(@FUND_ID)	Dev/ATLAS.NFD.Report/Source/PO/ReportPO.NFD/NFDR114_PO.cs:139
nfdr1	中	E-08 MSSQL 語法殘留在 Oracle 連線上 —— 嚴重度 中	NFDR115	LEFT JOIN [OFD038] —— 中括號識別字	Dev/ATLAS.NFD.Report/Source/PO/ReportPO.NFD/NFDR115_PO.cs:98
nfdr1	中	E-08 MSSQL 語法殘留在 Oracle 連線上 —— 嚴重度 中	NFDR105	[OFD006] + 字串串接	Dev/ATLAS.NFD.Report/Source/PO/ReportPO.NFD/NFDR105_PO.cs:180
nfdr1	中	E-08 MSSQL 語法殘留在 Oracle 連線上 —— 嚴重度 中	NFDR154	FROM [OFD126]	Dev/ATLAS.NFD.Report/Source/PO/ReportPO.NFD/NFDR154_PO.cs:160
nfdr1	中	E-08 MSSQL 語法殘留在 Oracle 連線上 —— 嚴重度 中		SqlDbType.NVarChar / SqlDbType.DateTime 而非 OracleDbType	Dev/ATLAS.NFD.Report/Source/PO/ReportPO.NFD/NFDR073_PO.cs:385
nfdr1	中	E-09 NFDR114 的日結檢核 SQL 少一個空白 —— 嚴重度 中	NFDR114	E-09 NFDR114 的日結檢核 SQL 少一個空白	Dev/ATLAS.NFD.Report/Source/PO/ReportPO.NFD/NFDR114_PO.cs:139-140
nfdr1	中	E-10 字串串接進 SQL —— 嚴重度 中(現況不可觸發)	NFDR105	E-10 字串串接進 SQL	Dev/ATLAS.NFD.Report/Source/PO/ReportPO.NFD/NFDR105_PO.cs:180
nfdr1	中	E-11 日結檢核例外時 return -1 —— 嚴重度 中	NFDR107A	E-11 日結檢核例外時 return -1	Dev/ATLAS.NFD.Report/Source/PO/ReportPO.NFD/NFDR107A_PO.cs:186
nfdr1	中	E-12 catch 內 tran.Rollback() 可能自己 NRE —— 嚴重度 中	NFDR073B	E-12 catch 內 tran.Rollback() 可能自己 NRE	Dev/ATLAS.NFD.Report/Source/PO/ReportPO.NFD/NFDR073B_PO.cs:193-199
nfdr1	中	E-13 成對報表的條件各有複本 —— 嚴重度 中	NFDR076, NFDR077	E-13 成對報表的條件各有複本	Dev/ATLAS.NFD.Report/Source/PO/ReportPO.NFD/NFDR076_PO.cs:145-152
nfdr1	中	E-14 四份 GetFUND 複本,四種基金清單 —— 嚴重度 中	NFDR115, NFDR154, NFDR158, NFDR159	E-14 四份 GetFUND 複本,四種基金清單	Dev/ATLAS.NFD.Report/Source/PO/ReportPO.NFD/NFDR154_PO.cs:103-105
nfdr1	中	E-15 NFDR001 的選項落在列舉外就什麼都不做 —— 嚴重度 中	NFDR001, NFDR151	E-15 NFDR001 的選項落在列舉外就什麼都不做	Dev/ATLAS.NFD.Report/Source/UI/ReportUI.NFD/NFDR001.cs:88-131
nfdr1	中	E-16 .rpt 一對多共用 —— 嚴重度 中	NFDR001	E-16 .rpt 一對多共用	
nfdr1	低	E-17 恆真條件關掉整段篩選 —— 嚴重度 低(但極易誤刪)	NFDR076	E-17 恆真條件關掉整段篩選	Dev/ATLAS.NFD.Report/Source/PO/ReportPO.NFD/NFDR076_PO.cs:152
nfdr1	低	E-18 非 UTF-8 來源檔 —— 嚴重度 低	NFDR107A, NFDR107B, NFDR108	E-18 非 UTF-8 來源檔	Dev/ATLAS.NFD.Report/Source/PO/ReportPO.NFD/NFDR107A_PO.cs:157
nfdr1	低	E-19 SP 命名兩套並存 —— 嚴重度 低	NFDR024, NFDR001, NFDR073A, NFDR073	E-19 SP 命名兩套並存	
nfdr1	低	E-20 CommandTimeout = 0 遍布全片 —— 嚴重度 低	NFDR001	E-20 CommandTimeout = 0 遍布全片	Dev/ATLAS.NFD.Report/Source/PO/ReportPO.NFD/NFDR001_PO.cs:56
nfdr1	低	E-21 寫死常數 —— 嚴重度 低	NFDR159	'2'(境內) · CTL014.SHORE_ID.OnShore	Dev/ATLAS.NFD.Report/Source/PO/ReportPO.NFD/NFDR159_PO.cs:107
nfdr1	低	E-21 寫死常數 —— 嚴重度 低	NFDR076, NFDR077	'7A' '7B' · NFDR076 / NFDR077 四處 · 設定或代碼表	Dev/ATLAS.NFD.Report/Source/PO/ReportPO.NFD/NFDR159_PO.cs:107
nfdr1	低	E-21 寫死常數 —— 嚴重度 低	NFDR123	受益人KYC到期名單.xlsx · 帶日期 / 條件	Dev/ATLAS.NFD.Report/Source/UI/ReportUI.NFD/NFDR123.cs:79
nfdr1	低	E-21 寫死常數 —— 嚴重度 低	NFDR073B, NFDR073	貴 賓 理 財 對 帳 單 · 134,145,157 四處 · 常數(對照 NFDR073 的 const string ReportName)	Dev/ATLAS.NFD.Report/Source/UI/ReportUI.NFD/NFDR073B.cs:123
nfdr2	高	E-01 37 支報表按預覽就 NullReferenceException —— 嚴重度 高	NFDR501, NFDR202, NFDR204, NFDR205, NFDR206, NFDR207	E-01 37 支報表按預覽就 NullReferenceException	Dev/ATLAS.NFD.Report/Source/PO/ReportPO.NFD/NFDR501_PO.cs:18
nfdr2	高	E-02 NFDR210 的「必須全部結帳才可列印」從來沒有生效 —— 嚴重度 高	NFDR210	AND ( 開了沒關,SQL 語法錯誤	Dev/ATLAS.NFD.Report/Source/PO/ReportPO.NFD/NFDR210_PO.cs:111
nfdr2	高	E-02 NFDR210 的「必須全部結帳才可列印」從來沒有生效 —— 嚴重度 高	NFDR210	catch (Exception) 吞掉例外	Dev/ATLAS.NFD.Report/Source/PO/ReportPO.NFD/NFDR210_PO.cs:128-132
nfdr2	高	E-02 NFDR210 的「必須全部結帳才可列印」從來沒有生效 —— 嚴重度 高	NFDR210	isChk 預設 true = 通過 → fail-open	Dev/ATLAS.NFD.Report/Source/PO/ReportPO.NFD/NFDR210_PO.cs:103
nfdr2	高	E-02 NFDR210 的「必須全部結帳才可列印」從來沒有生效 —— 嚴重度 高	NFDR210	三個 <> '常數' 對 NULL 回 UNKNOWN,漏抓	Dev/ATLAS.NFD.Report/Source/PO/ReportPO.NFD/NFDR210_PO.cs:111-113
nfdr2	高	E-03 NFDR168 的結轉檢核漏掉 NULL —— 嚴重度 高	NFDR168	E-03 NFDR168 的結轉檢核漏掉 NULL	Dev/ATLAS.NFD.Report/Source/PO/ReportPO.NFD/NFDR168_PO.cs:113
nfdr2	中	E-04 NFDR704 的指託戶檢核例外時放行 —— 嚴重度 中(修活 m_db 後變 高)	NFDR704	E-04 NFDR704 的指託戶檢核例外時放行	Dev/ATLAS.NFD.Report/Source/PO/ReportPO.NFD/NFDR704_PO.cs:137
nfdr2	高	E-05 NFDR223 列印後回寫:條件被拿掉、筆數寫死、交易處理顛倒 —— 嚴重度 高	NFDR223	AND RECEIPT_DOC_ID1 <> 'Y' 被註解掉 → 已印過第一份文件的也會被更新	Dev/ATLAS.NFD.Report/Source/PO/ReportPO.NFD/NFDR223_PO.cs:267
nfdr2	高	E-05 NFDR223 列印後回寫:條件被拿掉、筆數寫死、交易處理顛倒 —— 嚴重度 高	NFDR223	j 累加了 ExecuteNonQuery 的回傳,最後卻回報 AddResultRow(true, 0, "")	Dev/ATLAS.NFD.Report/Source/PO/ReportPO.NFD/NFDR223_PO.cs:283
nfdr2	高	E-05 NFDR223 列印後回寫:條件被拿掉、筆數寫死、交易處理顛倒 —— 嚴重度 高	NFDR223	正常路徑 //trans.Commit(); 是註解,例外路徑卻有 m_db.Rollback()	Dev/ATLAS.NFD.Report/Source/PO/ReportPO.NFD/NFDR223_PO.cs:286
nfdr2	高	E-06 NFDR201 半套 Commit:兩張表的列印註記會不一致 —— 嚴重度 高(潛伏)	NFDR201	E-06 NFDR201 半套 Commit:兩張表的列印註記會不一致	Dev/ATLAS.NFD.Report/Source/PO/ReportPO.NFD/NFDR201_PO.cs:248
nfdr2	高	E-07 T-SQL 方言殘留在 Oracle 環境 —— 嚴重度 高(潛伏)	NFDR201, NFDR241	[表名] 方括號 · NFDR201 NFDR241	Dev/ATLAS.NFD.Report/Source/PO/ReportPO.NFD/NFDR201_PO.cs:101
nfdr2	高	E-07 T-SQL 方言殘留在 Oracle 環境 —— 嚴重度 高(潛伏)	NFDR201	ISNULL(…) · NFDR201	Dev/ATLAS.NFD.Report/Source/PO/ReportPO.NFD/NFDR201_PO.cs:105
nfdr2	高	E-07 T-SQL 方言殘留在 Oracle 環境 —— 嚴重度 高(潛伏)	NFDR203	CONVERT(VARCHAR, …) + dbo.PADLeft(…) + + 串字串 · NFDR203	Dev/ATLAS.NFD.Report/Source/PO/ReportPO.NFD/NFDR203_PO.cs:90-91
nfdr2	高	E-07 T-SQL 方言殘留在 Oracle 環境 —— 嚴重度 高(潛伏)	NFDR241	EXEC proc @p = @v 整句寫在字串裡 · NFDR241	Dev/ATLAS.NFD.Report/Source/PO/ReportPO.NFD/NFDR241_PO.cs:132
nfdr2	高	E-07 T-SQL 方言殘留在 Oracle 環境 —— 嚴重度 高(潛伏)	NFDR704	@參數 命名 + SqlDbType · 37 支全部	Dev/ATLAS.NFD.Report/Source/PO/ReportPO.NFD/NFDR704_PO.cs:54
nfdr2	低	E-08 全形空白 U+3000 混進程式碼 —— 嚴重度 低	NFDR201	NFDR201 · 32	Dev/ATLAS.NFD.Report/Source/PO/ReportPO.NFD/NFDR201_PO.cs:50
nfdr2	低	E-08 全形空白 U+3000 混進程式碼 —— 嚴重度 低	NFDR803	NFDR803 · 4	Dev/ATLAS.NFD.Report/Source/PO/ReportPO.NFD/NFDR803_PO.cs:64
nfdr2	低	E-08 全形空白 U+3000 混進程式碼 —— 嚴重度 低	NFDR800	NFDR800 · 3	Dev/ATLAS.NFD.Report/Source/PO/ReportPO.NFD/NFDR800_PO.cs:73
nfdr2	低	E-08 全形空白 U+3000 混進程式碼 —— 嚴重度 低	NFDR804, NFDR805, NFDR814, NFDR815, NFDR816	NFDR804 NFDR805 NFDR814 NFDR815 NFDR816 · 各 2	Dev/ATLAS.NFD.Report/Source/PO/ReportPO.NFD/NFDR805_PO.cs:65
nfdr2	中	E-09 成對報表只改一邊 —— 嚴重度 中	NFDR806, NFDR807	NFDR806 / NFDR807 · 0.996 · 只差代號字串,業務完全不同	Dev/ATLAS.NFD.Report/Source/PO/ReportPO.NFD/NFDR806_PO.cs:61
nfdr2	中	E-09 成對報表只改一邊 —— 嚴重度 中	NFDR805, NFDR815	NFDR805 / NFDR815 · 0.963 · 只差參數名	Dev/ATLAS.NFD.Report/Source/PO/ReportPO.NFD/NFDR805_PO.cs:64
nfdr2	中	E-09 成對報表只改一邊 —— 嚴重度 中	NFDR431, NFDR432	NFDR431 / NFDR432 · 期間參數一支叫 MONTH_S / MONTH_E,一支叫 Month / Month_E	Dev/ATLAS.NFD.Report/Source/PO/ReportPO.NFD/NFDR431_PO.cs:86
nfdr2	中	E-09 成對報表只改一邊 —— 嚴重度 中	NFDR236, NFDR237	NFDR236 / NFDR237 · NFDR237Model.xsd 有 30 個 Caption,NFDR236Model.xsd 0 個;.rpt 2 張 vs 4 張	Dev/ATLAS.NFD.Report/Source/Entity/ReportDataEntity.NFD/NFDR237Model.xsd
nfdr2	中	E-09 成對報表只改一邊 —— 嚴重度 中	NFDR241, NFDR243	NFDR241 / NFDR243 · 同一段程式碼一支 T-SQL 一支 Oracle(E-07)	Dev/ATLAS.NFD.Report/Source/PO/ReportPO.NFD/NFDR241_PO.cs:54
nfdr2	中	E-09 成對報表只改一邊 —— 嚴重度 中	NFDR701, NFDR707	NFDR701–NFDR707 五支 · 五支 PO 100–101 行,只差 SP 名	Dev/ATLAS.NFD.Report/Source/PO/ReportPO.NFD/NFDR701_PO.cs:44
nfdr2	中	E-10 switch / if-else 沒有 default —— 嚴重度 中	NFDR431	NFDR431	Dev/ATLAS.NFD.Report/Source/PO/ReportPO.NFD/NFDR431_PO.cs:113
nfdr2	中	E-10 switch / if-else 沒有 default —— 嚴重度 中	NFDR432	NFDR432	Dev/ATLAS.NFD.Report/Source/PO/ReportPO.NFD/NFDR432_PO.cs:106
nfdr2	中	E-10 switch / if-else 沒有 default —— 嚴重度 中	NFDR812	NFDR812	Dev/ATLAS.NFD.Report/Source/PO/ReportPO.NFD/NFDR812_PO.cs:116
nfdr2	中	E-10 switch / if-else 沒有 default —— 嚴重度 中	NFDR436	NFDR436	Dev/ATLAS.NFD.Report/Source/PO/ReportPO.NFD/NFDR436_PO.cs:60
nfdr2	中	E-11 NFDR514 把使用者選的「日」無聲改成整月 —— 嚴重度 中	NFDR514	E-11 NFDR514 把使用者選的「日」無聲改成整月	Dev/ATLAS.NFD.Report/Source/PO/ReportPO.NFD/NFDR514_PO.cs:63-66
nfdr2	中	E-12 catch 裡裸 tran.Rollback() 蓋掉原例外 —— 嚴重度 中	NFDR514, NFDR515, NFDR800	E-12 catch 裡裸 tran.Rollback() 蓋掉原例外	Dev/ATLAS.NFD.Report/Source/PO/ReportPO.NFD/NFDR800_PO.cs:108
nfdr2	中	E-13 NFDR812 要求勾基金,然後把它丟掉 —— 嚴重度 中	NFDR812	E-13 NFDR812 要求勾基金,然後把它丟掉	Dev/ATLAS.NFD.Report/Source/UI/ReportUI.NFD/NFDR812.cs:81
nfdr2	中	E-14 零「查無資料」提示:67 支 —— 嚴重度 中	NFDR558, NFDR560, NFDR202, NFDR203, NFDR437, NFDR514, NFDR810	E-14 零「查無資料」提示:67 支	Dev/ATLAS.NFD.Report/Source/UI/ReportUI.NFD/NFDR558.cs:161
nfdr2	低	E-15 .rpt 在版控、在 csproj、卻沒人引用 —— 嚴重度 低	NFDR431	NFDR431RPS3_1.rpt · NFDR431 · UI 只引用 RPS–RPS4	Dev/ATLAS.NFD.Report/Source/UI/ReportUI.NFD/NFDR236.cs:77-92
nfdr2	低	E-15 .rpt 在版控、在 csproj、卻沒人引用 —— 嚴重度 低	NFDR432	NFDR432RPS4.rpt · NFDR432 · UI 只引用 RPS–RPS3	Dev/ATLAS.NFD.Report/Source/UI/ReportUI.NFD/NFDR236.cs:77-92
nfdr2	低	E-15 .rpt 在版控、在 csproj、卻沒人引用 —— 嚴重度 低	NFDR236	NFDR236RPS.rpt · NFDR236 · 舊版型,引用它的四行被註解()	Dev/ATLAS.NFD.Report/Source/UI/ReportUI.NFD/NFDR236.cs:77-92
nfdr2	低	E-15 .rpt 在版控、在 csproj、卻沒人引用 —— 嚴重度 低	NFDR237	NFDR237RPS.rpt · NFDR237 · 同上	Dev/ATLAS.NFD.Report/Source/UI/ReportUI.NFD/NFDR236.cs:77-92
nfdr2	低	E-15 .rpt 在版控、在 csproj、卻沒人引用 —— 嚴重度 低	NFDR223	NFDR223RPS.rpt · NFDR223 · 註解說「20090319 改用新的報表格式」()	Dev/ATLAS.NFD.Report/Source/UI/ReportUI.NFD/NFDR223.cs:90
nfdr2	低	E-16 NFDR170 的結果集用了 NFDR169 的名字 —— 嚴重度 低	NFDR170, NFDR169	E-16 NFDR170 的結果集用了 NFDR169 的名字	Dev/ATLAS.NFD.Report/Source/Entity/ReportDataEntity.NFD/NFDR170Model.xsd
nfdr2	中	E-17 NFDR243 有一張結果集永遠是空的 —— 嚴重度 中	NFDR243	E-17 NFDR243 有一張結果集永遠是空的	Dev/ATLAS.NFD.Report/Source/Entity/ReportDataEntity.NFD/NFDR243Model.xsd
nfdr2	低	E-18 NFDR204 與 NFDR206 報表中文名完全相同 —— 嚴重度 低	NFDR204, NFDR206	E-18 NFDR204 與 NFDR206 報表中文名完全相同	Dev/ATLAS.NFD.Report/Source/UI/ReportUI.NFD/NFDR206.cs:119
nfdr2	低	E-19 NFDR201 的報表名是空字串 —— 嚴重度 低	NFDR201	E-19 NFDR201 的報表名是空字串	Dev/ATLAS.NFD.Report/Source/UI/ReportUI.NFD/NFDR201.cs:104
nfdr2	低	E-20 NFDR222 的 FormType = 2 沒有名字 —— 嚴重度 低	NFDR222	E-20 NFDR222 的 FormType = 2 沒有名字	Dev/ATLAS.NFD.Report/Source/UI/ReportUI.NFD/NFDR222.cs:48
nfdr2	中	E-21 NFDR225 的受益人 ID 格式驗證整組被註解 —— 嚴重度 中	NFDR225	E-21 NFDR225 的受益人 ID 格式驗證整組被註解	Dev/ATLAS.NFD.Report/Source/UI/ReportUI.NFD/NFDR225.cs:57
nfdr2	低	E-22 NFDR814 的金額標頭吃 client 的地區設定 —— 嚴重度 低	NFDR814	E-22 NFDR814 的金額標頭吃 client 的地區設定	Dev/ATLAS.NFD.Report/Source/UI/ReportUI.NFD/NFDR814.cs:56
nfdr2	高	E-23 100 支 SP 全部不在版控 —— 嚴重度 高		E-23 100 支 SP 全部不在版控	
nfdr2	低	E-24 寫死的客戶常數 —— 嚴重度 低	NFDR434, NFDR210	E-24 寫死的客戶常數	Dev/ATLAS.NFD.Report/Source/UI/ReportUI.NFD/NFDR434.cs:60-61
nfdr2	低	E-25 「此項功能無作用」的按鈕 —— 嚴重度 低	NFDR810, NFDR811	E-25 「此項功能無作用」的按鈕	Dev/ATLAS.NFD.Report/Source/UI/ReportUI.NFD/NFDR810.cs:140
nfdr2	低	E-26 只讀報表卻開交易,而且 CommandTimeout = 0 —— 嚴重度 低	NFDR434, NFDR436, NFDR437, NFDR514, NFDR812, NFDR800	E-26 只讀報表卻開交易,而且 CommandTimeout = 0	Dev/ATLAS.NFD.Report/Source/PO/ReportPO.NFD/NFDR800_PO.cs:63
ofd123	高	E.1 五支畫面繼承 BasicEVAPO 不覆寫,連查詢都 NRE —— 嚴重度 高	OFDM017B, OFDM022, OFDM026, OFDM028, OFDM029, OFDM012, OFDM013, OFDM017, OFDM019, OFDM020	E.1 五支畫面繼承 BasicEVAPO 不覆寫,連查詢都 NRE	Dev/Common/Source/Base/TA.DataAccess/BasicEVAPO.cs:26
ofd123	高	E.2 OFDM002.IsCheck_M 的 SQL 用 T-SQL 參數符號,中部門檢核必定失敗 —— 嚴重度 高	OFDM002	IsCheck(檢核大部門) · WHERE DEPT_NO=:DEPT_NO	Dev/ATLAS.OFD/Source/PO/PO.OFD/OFDM002_PO.cs:1243
ofd123	高	E.2 OFDM002.IsCheck_M 的 SQL 用 T-SQL 參數符號,中部門檢核必定失敗 —— 嚴重度 高	OFDM002	IsCheck_M(檢核中部門) · WHERE DEPT_NO=@DEPT_NO	Dev/ATLAS.OFD/Source/PO/PO.OFD/OFDM002_PO.cs:1287
ofd123	高	E.3 Oracle 三值邏輯:欄 <> '值' 遇 NULL 是 UNKNOWN —— 嚴重度 高(範圍最廣)	OFDM002	AND DEPT_VALID_CODE <> 'N'	Dev/ATLAS.OFD/Source/PO/PO.OFD/OFDM002_PO.cs:1071
ofd123	高	E.3 Oracle 三值邏輯:欄 <> '值' 遇 NULL 是 UNKNOWN —— 嚴重度 高(範圍最廣)	OFDM002	AND (AGENT_NAME<>:A OR AGENT_NAME_E<>:B OR AGENT_SHNM<>:C)	Dev/ATLAS.OFD/Source/PO/PO.OFD/OFDM002_PO.cs:1017
ofd123	高	E.3 Oracle 三值邏輯:欄 <> '值' 遇 NULL 是 UNKNOWN —— 嚴重度 高(範圍最廣)	OFDM019	同上加 AGENT_SHNM_E	Dev/ATLAS.OFD/Source/PO/PO.OFD/OFDM019_PO.cs:93
ofd123	高	E.3 Oracle 三值邏輯:欄 <> '值' 遇 NULL 是 UNKNOWN —— 嚴重度 高(範圍最廣)	OFDM019	AND CHANNEL_DESCRP<>:CHANNEL_DESCRP	Dev/ATLAS.OFD/Source/PO/PO.OFD/OFDM019_PO.cs:113
ofd123	高	E.3 Oracle 三值邏輯:欄 <> '值' 遇 NULL 是 UNKNOWN —— 嚴重度 高(範圍最廣)	OFDM020	同上	Dev/ATLAS.OFD/Source/PO/PO.OFD/OFDM020_PO.cs:116
ofd123	高	E.3 Oracle 三值邏輯:欄 <> '值' 遇 NULL 是 UNKNOWN —— 嚴重度 高(範圍最廣)	OFDM023	同 2 / 4	Dev/ATLAS.OFD/Source/PO/PO.OFD/OFDM023_PO.cs:81
ofd123	高	E.3 Oracle 三值邏輯:欄 <> '值' 遇 NULL 是 UNKNOWN —— 嚴重度 高(範圍最廣)	OFDM024	同 2 / 4	Dev/ATLAS.OFD/Source/PO/PO.OFD/OFDM024_PO.cs:81
ofd123	高	E.4 catch 之後沒有 return,DB 出錯等於通過 —— 嚴重度 高	OFDM002	Add 覆寫裡的兩段父部門檢核包在同一個 try,catch 只寫 log 加設一筆 Result,沒有 return,流程直接落到 return base.Add(...)	Dev/ATLAS.OFD/Source/PO/PO.OFD/OFDM002_PO.cs:1090-1102
ofd123	高	E.4 catch 之後沒有 return,DB 出錯等於通過 —— 嚴重度 高	OFDM020	CheckBANK_VALID_CODE 的 catch 回 "-1",而 "-1" 在這支方法裡的意思是「總行有效」;呼叫端 判斷 strCheck != "-1" 才鎖成無效	Dev/ATLAS.OFD/Source/PO/PO.OFD/OFDM020_PO.cs:247-251
ofd123	高	E.5 OFD019A / OFD020A 的遷移只做了一半,同一支檔案裡新舊表名並存 —— 嚴重度 高(標假設)	OFDM019, OFDM020, OFDR052, OFDR081	E.5 OFD019A / OFD020A 的遷移只做了一半,同一支檔案裡新舊表名並存	Dev/Common/Source/DataSource/PO.DataSource/Basic/BasicOFD_PO.cs
ofd123	中	E.6 一條規則兩份實作:OFD002 的名稱同步 —— 嚴重度 中	OFDM002	E.6 一條規則兩份實作:OFD002 的名稱同步	Dev/ATLAS.OFD/Source/PO/PO.OFD/OFDM002_PO.cs:1008-1029
ofd123	高	E.7 OFDM003 對 MSSQL SP 回傳值的判斷與同段註解矛盾 —— 嚴重度 高(標假設)	OFDM003	E.7 OFDM003 對 MSSQL SP 回傳值的判斷與同段註解矛盾	Dev/ATLAS.OFD/Source/PO/PO.OFD/OFDM003_PO.cs:498
ofd123	高	E.8 OFDM003 的跨資料庫寫入不在交易內,且逐列 commit —— 嚴重度 高	OFDM003	E.8 OFDM003 的跨資料庫寫入不在交易內,且逐列 commit	Dev/ATLAS.OFD/Source/PO/PO.OFD/OFDM003_PO.cs:509
ofd123	中	E.9 OFDM003 修改頁遇到缺日期的月份會 NRE —— 嚴重度 中	OFDM003	E.9 OFDM003 修改頁遇到缺日期的月份會 NRE	Dev/ATLAS.OFD/Source/UI/UI.OFD/OFDM003.cs:80
ofd123	中	E.10 字串串接進 SQL —— 嚴重度 中(範圍廣)	OFDM002	部門代碼去尾兩碼 · 畫面輸入	Dev/ATLAS.OFD/Source/PO/PO.OFD/OFDM002_PO.cs:1049
ofd123	中	E.10 字串串接進 SQL —— 嚴重度 中(範圍廣)	OFDM002	部門代碼 · 畫面輸入	Dev/ATLAS.OFD/Source/PO/PO.OFD/OFDM002_PO.cs:1188
ofd123	中	E.10 字串串接進 SQL —— 嚴重度 中(範圍廣)	OFDM003	年度、行事曆類別 · 畫面參數	Dev/ATLAS.OFD/Source/PO/PO.OFD/OFDM003_PO.cs:184-187
ofd123	中	E.10 字串串接進 SQL —— 嚴重度 中(範圍廣)	OFDM003	年、月 · 查詢條件	Dev/ATLAS.OFD/Source/PO/PO.OFD/OFDM003_PO.cs:399
ofd123	中	E.10 字串串接進 SQL —— 嚴重度 中(範圍廣)	OFDM020	分行 / 總行代碼、SWIFT · 畫面輸入	Dev/ATLAS.OFD/Source/PO/PO.OFD/OFDM020_PO.cs:145
ofd123	中	E.10 字串串接進 SQL —— 嚴重度 中(範圍廣)	OFDM022	查詢條件值、登入者 ID、功能代碼 · 畫面與登入資訊	Dev/ATLAS.OFD/Source/PO/PO.OFD/OFDM022_PO.cs:130-149
ofd123	低	E.11 有訊息無 return:11 支畫面在 e.Cancel = true 後繼續執行 —— 嚴重度 低	OFDM017, OFDM019, OFDM002, OFDM015, OFDM020	E.11 有訊息無 return:11 支畫面在 e.Cancel = true 後繼續執行	Dev/ATLAS.OFD/Source/UI/UI.OFD/OFDM017.cs:68-73
ofd123	中	E.12 OFDM015 同一條規則三種寫法,條件不等價 —— 嚴重度 中	OFDM015	Select("GRADE_SEQ<1") · 有	Dev/ATLAS.OFD/Source/UI/UI.OFD/OFDM015.cs:58
ofd123	中	E.12 OFDM015 同一條規則三種寫法,條件不等價 —— 嚴重度 中	OFDM015	Select("GRADE_SEQ<1") · 無,只 e.Cancel	Dev/ATLAS.OFD/Source/UI/UI.OFD/OFDM015.cs:239
ofd123	中	E.12 OFDM015 同一條規則三種寫法,條件不等價 —— 嚴重度 中	OFDM015	Convert.ToInt32(...) == 0 · 標紅,不擋	Dev/ATLAS.OFD/Source/UI/UI.OFD/OFDM015.cs:254
ofd123	中	E.13 檢核四層俱全,呼叫端卻被註解 —— 嚴重度 中	OFDM020, OFDM019, OFDM002	E.13 檢核四層俱全,呼叫端卻被註解	Dev/ATLAS.OFD/Source/PO/PO.OFD/OFDM020_PO.cs:219
ofd123	中	E.14 集保版與內部版兩套基金屬性代碼,沒有對照表 —— 嚴重度 中(標假設)		E.14 集保版與內部版兩套基金屬性代碼,沒有對照表	
ofd123	低	E.15 OFDM022.GetBankNm 三個分支都把結果寫進錯誤的物件 —— 嚴重度 低	OFDM022, OFDM023	E.15 OFDM022.GetBankNm 三個分支都把結果寫進錯誤的物件	Dev/ATLAS.OFD/Source/PO/PO.OFD/OFDM022_PO.cs:230-231
ofd123	中	E.16 13 個來源檔不是 UTF-8 —— 嚴重度 中	OFDM003, OFDM004, OFDM005, OFDM006, OFDM007, OFDM015	E.16 13 個來源檔不是 UTF-8	DB/Trigger/OFD002_T01.SQL
ofd123	中	E.17 m_IsUpVld 旗標:總行改回有效時分行不跟著回來 —— 嚴重度 中	OFDM019	E.17 m_IsUpVld 旗標:總行改回有效時分行不跟著回來	Dev/ATLAS.OFD/Source/PO/PO.OFD/OFDM019_PO.cs:37
ofd123	低	E.18 寫死常數與魔術字串 —— 嚴重度 低 ~ 中	OFDM003	"FA" · MSSQL 連線別名寫死在建構子,換環境要改程式	Dev/ATLAS.OFD/Source/PO/PO.OFD/OFDM003_PO.cs:53
ofd123	低	E.18 寫死常數與魔術字串 —— 嚴重度 低 ~ 中	OFDM019, OFDM020	'04' / '05' · 農會 / 漁會。 有 BANK_TYPE.Farmers / Fisherman 常數,UI 用了()、PO 沒用	Dev/ATLAS.OFD/Source/PO/PO.OFD/OFDM019_PO.cs:124
ofd123	低	E.18 寫死常數與魔術字串 —— 嚴重度 低 ~ 中		'0' / '1' / '3' / '4' · AGENT_ID / CHANNEL_CD 共 10 處 · 沒有任何常數類別,全部是字面量	Dev/ATLAS.OFD/Source/PO/PO.OFD/OFDM003_PO.cs:53
ofd123	低	E.18 寫死常數與魔術字串 —— 嚴重度 低 ~ 中	OFDM002	AGENT_ID=0(數字,不是字串) · 拿數字比字元欄,靠 Oracle 隱含轉換;同一支檔案別處寫的是 '0'	Dev/ATLAS.OFD/Source/PO/PO.OFD/OFDM002_PO.cs:1208
ofd123	低	E.18 寫死常數與魔術字串 —— 嚴重度 低 ~ 中	OFDM020	"-1" · 同一個字面量在三支方法裡兩種相反意思(E.4)	Dev/ATLAS.OFD/Source/PO/PO.OFD/OFDM020_PO.cs:160
ofd123	低	E.18 寫死常數與魔術字串 —— 嚴重度 低 ~ 中	OFDM019, OFDM020, OFDM002	SUBSTR(x,2,3) / SUBSTR(x,1,3) / SUBSTR(x,6,4) · OFDM019 / OFDM020 / OFDM002 共 8 處 · 代碼結構規則(前綴幾碼是什麼)散落在字串裡,沒有集中定義	Dev/ATLAS.OFD/Source/PO/PO.OFD/OFDM003_PO.cs:53
ofd123	低	E.18 寫死常數與魔術字串 —— 嚴重度 低 ~ 中	OFDM017	"E9" · COD006A 的群組代碼	Dev/ATLAS.OFD/Source/UI/UI.OFD/OFDM017.cs:40
ofd123	低	E.18 寫死常數與魔術字串 —— 嚴重度 低 ~ 中	OFDM003	1900 / 9998 · 年度上下限	Dev/ATLAS.OFD/Source/PO/PO.OFD/OFDM003_PO.cs:279
ofd123	低	E.18 寫死常數與魔術字串 —— 嚴重度 低 ~ 中	OFDM003	199 · 備註截斷長度,判斷用 200 卻截 199	Dev/ATLAS.OFD/Source/PO/PO.OFD/OFDM003_PO.cs:99
ofd123	低	E.19 其他小坑彙整 —— 嚴重度 低	OFDM001	dbProduct = dbProduct; 自我指派 · 9 支 PO,例 · no-op,推測原意是設連線	Dev/ATLAS.OFD/Source/PO/PO.OFD/OFDM001_PO.cs:48
ofd123	低	E.19 其他小坑彙整 —— 嚴重度 低	OFDM015	空的 AfterUpdate handler · 8 支 PO,例 · 掛了事件但內容只有 //nothing	Dev/ATLAS.OFD/Source/PO/PO.OFD/OFDM015_PO.cs:64-67
ofd123	低	E.19 其他小坑彙整 —— 嚴重度 低	OFDM015	grid 錯誤被整個吞掉 · ugrdOFD016_Error 一律 e.Cancel = true,任何 grid 內部錯誤都不會顯示	Dev/ATLAS.OFD/Source/UI/UI.OFD/OFDM015.cs:216-219
ofd123	低	E.19 其他小坑彙整 —— 嚴重度 低	OFDM019, OFDM023, OFDM024	catch 後訊息是空字串 · 擋是擋了,但使用者看到空白對話框	Dev/ATLAS.OFD/Source/PO/PO.OFD/OFDM019_PO.cs:209
ofd123	低	E.19 其他小坑彙整 —— 嚴重度 低		查詢條件 Like / Equal 不一致 · §5 · 同型畫面之間行為不同	Dev/ATLAS.OFD/Source/PO/PO.OFD/OFDM001_PO.cs:48
ofd123	低	E.19 其他小坑彙整 —— 嚴重度 低		OFD022 / OFD026 零外部消費端 · §8.5 · 搭配維護畫面必 NRE,推測是廢棄的表(標假設)	Dev/ATLAS.OFD/Source/PO/PO.OFD/OFDM001_PO.cs:48
ofd123	低	E.19 其他小坑彙整 —— 嚴重度 低	OFDM020	BANK_TYPE 借 BANK_BRH 欄位傳值 · SQL 裡 BANK_TYPE BANK_BRH 別名,註解寫「借BANK_BRH存一下值」,之後 拿 BANK_BRH 當銀行類型判斷	Dev/ATLAS.OFD/Source/PO/PO.OFD/OFDM020_PO.cs:290
ofd123	低	E.19 其他小坑彙整 —— 嚴重度 低	OFDM019, OFDM020, OFDM023, OFDM024	SELECT 1 佔位 · 四支 AfterUpdate 都先用 "SELECT 1" 建 DbCommand 再覆寫 CommandText,是同一份範本複製出來的	Dev/ATLAS.OFD/Source/PO/PO.OFD/OFDM019_PO.cs:63
ofd4	高	E.1 OFDM045 / OFDM046 繼承舊基底不覆寫,連查詢都 NRE —— 嚴重度 高	OFDM045, OFDM046	dbTA = null	Dev/Common/Source/Base/TA.DataAccess/BasicEVAPO.cs:26
ofd4	高	E.1 OFDM045 / OFDM046 繼承舊基底不覆寫,連查詢都 NRE —— 嚴重度 高	OFDM045, OFDM046	賦值被註解	Dev/Common/Source/Base/TA.DataAccess/BasicEVAPO.cs:164-172
ofd4	高	E.1 OFDM045 / OFDM046 繼承舊基底不覆寫,連查詢都 NRE —— 嚴重度 高	OFDM045, OFDM046	Add 第一行	Dev/Common/Source/Base/TA.DataAccess/BasicEVAPO.cs:187
ofd4	高	E.1 OFDM045 / OFDM046 繼承舊基底不覆寫,連查詢都 NRE —— 嚴重度 高	OFDM045, OFDM046	Select 第一行	Dev/Common/Source/Base/TA.DataAccess/BasicEVAPO.cs:795-797
ofd4	高	E.1 OFDM045 / OFDM046 繼承舊基底不覆寫,連查詢都 NRE —— 嚴重度 高	OFDM045, OFDM046	子類沒覆寫	Dev/ATLAS.OFD/Source/PO/PO.OFD/OFDM045_PO.cs:6-17
ofd4	高	E.1 OFDM045 / OFDM046 繼承舊基底不覆寫,連查詢都 NRE —— 嚴重度 高	OFDM045, OFDM046	_Ctl 直接呼叫	Dev/ATLAS.OFD/Source/Control/Control.OFD/OFDM045_Ctl.cs:32-66
ofd4	高	E.2 OFDM068 把 LIKE 樣式餵給 =,非券商的銷售機構停用不會連動 —— 嚴重度 高	OFDM068	E.2 OFDM068 把 LIKE 樣式餵給 =,非券商的銷售機構停用不會連動	Dev/ATLAS.OFD/Source/PO/PO.OFD/OFDM068_PO.cs:239
ofd4	高	E.3 OFDM066 的集保編號唯一性檢核四層都在、沒有呼叫端 —— 嚴重度 高	OFDM066	PO 介面 · 有	Dev/ATLAS.OFD/Source/PO/PO.OFD/OFDM066_PO.cs:29
ofd4	高	E.3 OFDM066 的集保編號唯一性檢核四層都在、沒有呼叫端 —— 嚴重度 高	OFDM066	PO 實作 · 有	Dev/ATLAS.OFD/Source/PO/PO.OFD/OFDM066_PO.cs:242-269
ofd4	高	E.3 OFDM066 的集保編號唯一性檢核四層都在、沒有呼叫端 —— 嚴重度 高	OFDM066	Control · 有	Dev/ATLAS.OFD/Source/Control/Control.OFD/OFDM066_Ctl.cs:50-53
ofd4	高	E.3 OFDM066 的集保編號唯一性檢核四層都在、沒有呼叫端 —— 嚴重度 高	OFDM066	FormProxy · 有	Dev/ATLAS.OFD/Source/FormProxy/FormProxy.OFD/OFDM066_Pxy.cs:25-30
ofd4	高	E.3 OFDM066 的集保編號唯一性檢核四層都在、沒有呼叫端 —— 嚴重度 高	OFDM066	UI 呼叫 · 無	Dev/ATLAS.OFD/Source/UI/UI.OFD/OFDM066.cs:61-62
ofd4	高	E.4 OFDM040 的身份別互斥檢核,值域外的值會誤擋、DB 出錯會放行 —— 嚴重度 高	OFDM040	E.4 OFDM040 的身份別互斥檢核,值域外的值會誤擋、DB 出錯會放行	Dev/ATLAS.OFD/Source/PO/PO.OFD/OFDM040_PO.cs:259-271
ofd4	高	E.5 OFD063 的 DataTable 主鍵只有一欄 —— 嚴重度 高(標假設)	OFDM066, OFDM062	E.5 OFD063 的 DataTable 主鍵只有一欄	Dev/ATLAS.OFD/Source/Entity/DataEntity.OFD4/OFDM062Model.xsd:397-400
ofd4	高	E.6 OFD041 與 OFD041A 兩張同形表並存,兩個消費端讀到舊的 —— 嚴重度 高		Utility_PO.GetCopyMemo(基底) · OFD041A ✓	Dev/Common/Source/Utility/TA.UtilityPO/Utility_PO.cs:1788-1790
ofd4	高	E.6 OFD041 與 OFD041A 兩張同形表並存,兩個消費端讀到舊的 —— 嚴重度 高		UtilityOracleDao.GetCopyMemo(Oracle 覆寫,同一支方法) · OFD041 ✗	Dev/Common/Source/Utility/TA.UtilityPO/Oracle/UtilityOracleDao.cs:1654-1656
ofd4	高	E.6 OFD041 與 OFD041A 兩張同形表並存,兩個消費端讀到舊的 —— 嚴重度 高	OFDB238	OFDB238_PO.GetOFD041 · OFD041 ✗,而且 WHERE ACCOUNT_COPY = '14' 寫死	Dev/ATLAS.OFDB/Source/PO/PO.OFDB/OFDB238_PO.cs:1491-1492
ofd4	高	E.6 OFD041 與 OFD041A 兩張同形表並存,兩個消費端讀到舊的 —— 嚴重度 高	BMSM006, OFDM270, OFDM337, OFDB306, OFDB324	BMSM006_PO / OFDM270_PO / OFDM337_PO / OFDB306_PO / OFDB324_PO · OFD041A ✓	Dev/ATLAS.BMS/Source/PO/PO.BMS/BMSM006_PO.cs:913
ofd4	高	E.7 字串串接進 SQL —— 嚴重度 高(範圍廣)	OFDM030	OFDM030 查詢條件	Dev/ATLAS.OFD/Source/PO/PO.OFD/OFDM030_PO.cs:144
ofd4	高	E.7 字串串接進 SQL —— 嚴重度 高(範圍廣)	OFDM035	OFDM035 查詢條件(主檔 + 明細)	Dev/ATLAS.OFD/Source/PO/PO.OFD/OFDM035_PO.cs:130
ofd4	高	E.7 字串串接進 SQL —— 嚴重度 高(範圍廣)	OFDM036	OFDM036 查詢條件	Dev/ATLAS.OFD/Source/PO/PO.OFD/OFDM036_PO.cs:136
ofd4	高	E.7 字串串接進 SQL —— 嚴重度 高(範圍廣)	OFDM036	OFDM036 郵費 fallback 的 'TWD'	Dev/ATLAS.OFD/Source/PO/PO.OFD/OFDM036_PO.cs:233
ofd4	高	E.7 字串串接進 SQL —— 嚴重度 高(範圍廣)	OFDM040	OFDM040 查詢條件 ×3	Dev/ATLAS.OFD/Source/PO/PO.OFD/OFDM040_PO.cs:188
ofd4	高	E.7 字串串接進 SQL —— 嚴重度 高(範圍廣)	OFDM046	OFDM046 的 AddParam(連 Like 的 % 都自己包)	Dev/ATLAS.OFD/Source/PO/PO.OFD/OFDM046_PO.cs:220-233
ofd4	高	E.7 字串串接進 SQL —— 嚴重度 高(範圍廣)	OFDM054	OFDM054 的 AddParam	Dev/ATLAS.OFD/Source/PO/PO.OFD/OFDM054_PO.cs:147
ofd4	高	E.7 字串串接進 SQL —— 嚴重度 高(範圍廣)	OFDM062	OFDM062 查詢條件(主檔 + 明細)	Dev/ATLAS.OFD/Source/PO/PO.OFD/OFDM062_PO.cs:165
ofd4	高	E.7 字串串接進 SQL —— 嚴重度 高(範圍廣)	OFDM064	OFDM064 查詢條件 ×2	Dev/ATLAS.OFD/Source/PO/PO.OFD/OFDM064_PO.cs:148
ofd4	高	E.7 字串串接進 SQL —— 嚴重度 高(範圍廣)	OFDM065	OFDM065 查詢條件	Dev/ATLAS.OFD/Source/PO/PO.OFD/OFDM065_PO.cs:138
ofd4	高	E.7 字串串接進 SQL —— 嚴重度 高(範圍廣)	OFDM066	OFDM066 查詢條件(同一段重複兩次)	Dev/ATLAS.OFD/Source/PO/PO.OFD/OFDM066_PO.cs:146
ofd4	高	E.7 字串串接進 SQL —— 嚴重度 高(範圍廣)	OFDM068	OFDM068 明細查詢條件	Dev/ATLAS.OFD/Source/PO/PO.OFD/OFDM068_PO.cs:183
ofd4	高	E.7 字串串接進 SQL —— 嚴重度 高(範圍廣)	OFDM068	OFDM068.CheckDept 的四段 SQL	Dev/ATLAS.OFD/Source/PO/PO.OFD/OFDM068_PO.cs:701-702
ofd4	中	E.8 三條六層鏈的來源檔不是 UTF-8 —— 嚴重度 中	OFDM034	OFDM034 · UI	
ofd4	中	E.8 三條六層鏈的來源檔不是 UTF-8 —— 嚴重度 中	OFDM035	OFDM035 · UI、UI Designer、Control、PO(整條鏈)	
ofd4	中	E.8 三條六層鏈的來源檔不是 UTF-8 —— 嚴重度 中	OFDM041	OFDM041 · PO	
ofd4	中	E.8 三條六層鏈的來源檔不是 UTF-8 —— 嚴重度 中	OFDM061	OFDM061 · UI、PO	
ofd4	中	E.8 三條六層鏈的來源檔不是 UTF-8 —— 嚴重度 中	OFDM062	OFDM062 · UI、PO	
ofd4	中	E.8 三條六層鏈的來源檔不是 UTF-8 —— 嚴重度 中	OFDM066	OFDM066 · UI、PO	
ofd4	中	E.9 有訊息無 return,同一支檔案兩條路徑不一致 —— 嚴重度 中	OFDM030	OFDM030 修改 · e.Cancel = true 後沒有 return,後面 10 行照樣把畫面值寫回 Row;同檔的新增路徑有 return	Dev/ATLAS.OFD/Source/UI/UI.OFD/OFDM030.cs:140-150
ofd4	中	E.9 有訊息無 return,同一支檔案兩條路徑不一致 —— 嚴重度 中	OFDM034	OFDM034 新增 / 修改 · 同樣 e.Cancel = true 後沒 return,繼續把六個欄位寫回 Row	Dev/ATLAS.OFD/Source/UI/UI.OFD/OFDM034.cs:100-109
ofd4	中	E.9 有訊息無 return,同一支檔案兩條路徑不一致 —— 嚴重度 中	OFDM062, OFDM066	OFDM062 新增 · '0000000000' 時 e.Cancel = true 但沒 return,繼續跑 DoValidate();同型的 OFDM066 有 return	Dev/ATLAS.OFD/Source/UI/UI.OFD/OFDM062.cs:372-378
ofd4	中	E.9 有訊息無 return,同一支檔案兩條路徑不一致 —— 嚴重度 中	OFDM062	OFDM062 集保編號查詢出錯 · 只 ShowMessage,不 AddError → ValidateErrList.Show() 回 false → 存檔照走	Dev/ATLAS.OFD/Source/UI/UI.OFD/OFDM062.cs:78-81
ofd4	中	E.10 檢核的 catch 把 DB 錯誤當成「沒問題」—— 嚴重度 中	OFDM040	OFDM040.CheckData · 只記 log,IsExit 留 false · 沒有衝突 → 放行	Dev/ATLAS.OFD/Source/PO/PO.OFD/OFDM040_PO.cs:291-294
ofd4	中	E.10 檢核的 catch 把 DB 錯誤當成「沒問題」—— 嚴重度 中	OFDM062	OFDM062.IsFH_TSCD_CODExsits · 回 -1 · UI 只跳訊息不 AddError → 放行	Dev/ATLAS.OFD/Source/PO/PO.OFD/OFDM062_PO.cs:288-292
ofd4	中	E.10 檢核的 catch 把 DB 錯誤當成「沒問題」—— 嚴重度 中	OFDM068	OFDM068.CheckAgent · AddResultRow(false, 0, "") · 筆數 0 → 沒有交易 → 准刪	Dev/ATLAS.OFD/Source/PO/PO.OFD/OFDM068_PO.cs:646-651
ofd4	中	E.10 檢核的 catch 把 DB 錯誤當成「沒問題」—— 嚴重度 中	OFDM068	OFDM068.CheckDept · Result.Clear() + AddResultRow(false, 0, "") · 四個代碼都對不上 → 不擋	Dev/ATLAS.OFD/Source/PO/PO.OFD/OFDM068_PO.cs:775-780
ofd4	中	E.10 檢核的 catch 把 DB 錯誤當成「沒問題」—— 嚴重度 中	OFDM036	OFDM036.Get_POST_FEE · AddResultRow(false, 0, "") · UI 端不看 ReturnCode,只看 Rows.Count == 0 ? 0 : … → 郵費填 0	Dev/ATLAS.OFD/Source/PO/PO.OFD/OFDM036_PO.cs:245-250
ofd4	中	E.10 檢核的 catch 把 DB 錯誤當成「沒問題」—— 嚴重度 中	OFDM046	OFDM046 的 BeforeAdd 取號 · 只記 log,DataSeq 留 0 · 主檔與所有明細都被塞 0	Dev/ATLAS.OFD/Source/PO/PO.OFD/OFDM046_PO.cs:62-66
ofd4	中	E.11 OFDM035 的明細沒設 STATUS,成對的另一支有 —— 嚴重度 中	OFDM035, OFDM036	OFDM036	Dev/ATLAS.OFD/Source/UI/UI.OFD/OFDM036.cs:64
ofd4	中	E.11 OFDM035 的明細沒設 STATUS,成對的另一支有 —— 嚴重度 中	OFDM035, OFDM062	OFDM062	Dev/ATLAS.OFD/Source/UI/UI.OFD/OFDM062.cs:117
ofd4	中	E.11 OFDM035 的明細沒設 STATUS,成對的另一支有 —— 嚴重度 中	OFDM035, OFDM066	OFDM066	Dev/ATLAS.OFD/Source/UI/UI.OFD/OFDM066.cs:86
ofd4	中	E.12 EFFECT_YN 設成無效,虛擬帳號照樣產生 —— 嚴重度 中	OFDM030	E.12 EFFECT_YN 設成無效,虛擬帳號照樣產生	DB/Function/GET_REMIT_ACC_NO.SQL:30-33
ofd4	中	E.13 OFDM036 的 SetMasterToDetail() 在 e.Cancel 之後照跑 —— 嚴重度 中	OFDM036, OFDM035	E.13 OFDM036 的 SetMasterToDetail() 在 e.Cancel 之後照跑	Dev/ATLAS.OFD/Source/UI/UI.OFD/OFDM036.cs:125-143
ofd4	中	E.14 Oracle 三值邏輯:欄 <> '值' 遇 NULL —— 嚴重度 中	OFDM034	OFDM034.AfterUpdate → OFD068A · (AGENT_NAME <> :AGENT_NAME OR AGENT_NAME_E <> :AGENT_NAME_E OR AGENT_SHNM <> :AGENT_SHNM) · 會——OFD068A 的名稱欄允許 NULL,三欄都 NULL 時整個 OR 是 UNKNOWN,該列不更新	Dev/ATLAS.OFD/Source/PO/PO.OFD/OFDM034_PO.cs:74
ofd4	中	E.14 Oracle 三值邏輯:欄 <> '值' 遇 NULL —— 嚴重度 中	OFDM034	OFDM034.AfterUpdate → OFD071A · CHANNEL_DESCRP <> :CHANNEL_DESCRP · 會——同理	Dev/ATLAS.OFD/Source/PO/PO.OFD/OFDM034_PO.cs:93
ofd4	中	E.14 Oracle 三值邏輯:欄 <> '值' 遇 NULL —— 嚴重度 中	OFDM062	OFDM062.IsFH_TSCD_CODExsits · FH_CD <> :FH_CD · 目前不發作(FH_CD 是 PK,UI 端必填)	Dev/ATLAS.OFD/Source/PO/PO.OFD/OFDM062_PO.cs:275
ofd4	中	E.14 Oracle 三值邏輯:欄 <> '值' 遇 NULL —— 嚴重度 中	OFDM066	OFDM066.IsTSCD_AGENT_CDxsits · GAGENT_CD <> :GAGENT_CD · 不發作(因為根本沒人呼叫,見 E.3)	Dev/ATLAS.OFD/Source/PO/PO.OFD/OFDM066_PO.cs:249
ofd4	中	E.14 Oracle 三值邏輯:欄 <> '值' 遇 NULL —— 嚴重度 中	OFDM068	OFDM068.CheckDept ×4 · AGENT_CODE <> '<串接值>' · 目前不發作(UI 端 AGENT_CODE 必填且先 return),但順序一改就發作;Oracle 的 '' 即 NULL	Dev/ATLAS.OFD/Source/PO/PO.OFD/OFDM068_PO.cs:701
ofd4	中	E.15 其他小坑彙整 —— 嚴重度 低 ~ 中	OFDM068	OFDM068.CheckDept 的 UI 端把同一個 IVR_DEPT_OFD 參數 AddParametersRow 兩次,會撞 Parameters 的主鍵	Dev/ATLAS.OFD/Source/UI/UI.OFD/OFDM068.cs:139-146
ofd4	低	E.15 其他小坑彙整 —— 嚴重度 低 ~ 中	OFDM068	OFDM068.CheckDept 四個結果全部 AddError 到 ucomEC_DEPT_NFD,紅框永遠在同一格	Dev/ATLAS.OFD/Source/UI/UI.OFD/OFDM068.cs:152-170
ofd4	中	E.15 其他小坑彙整 —— 嚴重度 低 ~ 中	OFDM068	OFDM068.Update 的明細三段「影響筆數」檢核全被註解,主檔那段沒被註解	Dev/ATLAS.OFD/Source/PO/PO.OFD/OFDM068_PO.cs:502-503
ofd4	中	E.15 其他小坑彙整 —— 嚴重度 低 ~ 中	OFDM068	OFDM068.UpdateAGENT_VALID_CODE 的 catch 先 tran.Rollback() 再吞掉,呼叫端不知情繼續 Commit()	Dev/ATLAS.OFD/Source/PO/PO.OFD/OFDM068_PO.cs:274-278
ofd4	中	E.15 其他小坑彙整 —— 嚴重度 低 ~ 中	OFDM068	OFDM068.Add 的 i += 累加讓「明細一列都沒寫」也判成成功	Dev/ATLAS.OFD/Source/PO/PO.OFD/OFDM068_PO.cs:325-333
ofd4	中	E.15 其他小坑彙整 —— 嚴重度 低 ~ 中	OFDM034	OFDM034_PO 1192 行裡 1043 行是被 /* */ 註解的舊實作(87.5 % 死碼)	Dev/ATLAS.OFD/Source/PO/PO.OFD/OFDM034_PO.cs:144-145
ofd4	中	E.15 其他小坑彙整 —— 嚴重度 低 ~ 中	OFDM039	OFDM039_PO 1007 行裡 943 行是被 // 註解的舊實作(93.6 % 死碼),而且檔尾是 }//end namespace Adapterusing System; 這種合併殘留	Dev/ATLAS.OFD/Source/PO/PO.OFD/OFDM039_PO.cs:60-1002
ofd4	中	E.15 其他小坑彙整 —— 嚴重度 低 ~ 中	OFDM034	OFDM034.CheckData DB 出錯時擋住刪除但訊息是空字串,使用者看到空白對話框	Dev/ATLAS.OFD/Source/PO/PO.OFD/OFDM034_PO.cs:138
ofd4	中	E.15 其他小坑彙整 —— 嚴重度 低 ~ 中	OFDM045	OFDM045 的 KYC_ITEM 自動編號用完 19 個字母後留空字串,不擋不提示,直接送去撞 PK	Dev/ATLAS.OFD/Source/UI/UI.OFD/OFDM045.cs:175-185
ofd4	中	E.15 其他小坑彙整 —— 嚴重度 低 ~ 中	OFDM046	OFDM046 附件多選只取第一個檔,其餘靜默丟棄	Dev/ATLAS.OFD/Source/UI/UI.OFD/OFDM046.cs:92-103
ofd4	低	E.15 其他小坑彙整 —— 嚴重度 低 ~ 中	OFDM046	OFDM046 附件下載同名檔直接覆寫,不問	Dev/ATLAS.OFD/Source/UI/UI.OFD/OFDM046.cs:123-132
ofd4	中	E.15 其他小坑彙整 —— 嚴重度 低 ~ 中	OFDM062	OFDM062 的 IsDuplicateError()(同作業別只能一筆主要窗口)只在修改路徑呼叫,新增路徑沒有	Dev/ATLAS.OFD/Source/UI/UI.OFD/OFDM062.cs:392
ofd4	低	E.15 其他小坑彙整 —— 嚴重度 低 ~ 中	OFDM062, OFDM030	OFDM062 主檔查詢用 Like 且不判空字串,空條件變成 Like '%';同片其他畫面都有判	Dev/ATLAS.OFD/Source/UI/UI.OFD/OFDM062.cs:366-367
ofd4	低	E.15 其他小坑彙整 —— 嚴重度 低 ~ 中	OFDM061	OFDM061_PO 有一行 dbProduct = dbProduct; 自我指派;AfterUpdate body 只有 //nothing	Dev/ATLAS.OFD/Source/PO/PO.OFD/OFDM061_PO.cs:48
ofd4	低	E.15 其他小坑彙整 —— 嚴重度 低 ~ 中	OFDM038	OFDM038 的明細把基金簡稱與警示備註 \ · 低	Dev/ATLAS.OFD/Source/PO/PO.OFD/OFDM038_PO.cs:84
ofd4	低	E.15 其他小坑彙整 —— 嚴重度 低 ~ 中	OFDM066	OFDM066_PO.BuildMasterSQLString 把「GAGENT_CD 查詢條件」整段原封不動複製了兩次,同一個條件會被 append 兩遍(… And OFD066.GAGENT_CD = 'x' And OFD066.GAGENT_CD = 'x')。結果不會錯,但多一次比對,也代表這支 PO 沒人再看過	Dev/ATLAS.OFD/Source/PO/PO.OFD/OFDM066_PO.cs:140-153
ofd4	低	E.15 其他小坑彙整 —— 嚴重度 低 ~ 中	OFDM030	OFDM030 的 AfterAddButtonClicked 又跑一次 DoValidate(),與 BeforeAdd 重複	Dev/ATLAS.OFD/Source/UI/UI.OFD/OFDM030.cs:183-191
ofd4	低	E.15 其他小坑彙整 —— 嚴重度 低 ~ 中	OFDM036	OFDM036 的存檔 handler 叫 BeforeAddModityButtonClicked(Modity 拼錯)	Dev/ATLAS.OFD/Source/UI/UI.OFD/OFDM036.cs:123
ofd4	低	E.15 其他小坑彙整 —— 嚴重度 低 ~ 中	OFDM046	OFDM046.BuildDetailSQLString 若表名不是 OFD047,組出來的 SQL 會缺整段欄位清單	Dev/ATLAS.OFD/Source/PO/PO.OFD/OFDM046_PO.cs:173-192
ofd4	低	E.15 其他小坑彙整 —— 嚴重度 低 ~ 中	OFDM035, OFDM036	OFDM035 / OFDM036 改 REMIT_MAX 時用 DataTable.Select("REMIT_AMT1>=" + …) 字串串接組條件	Dev/ATLAS.OFD/Source/UI/UI.OFD/OFDM035.cs:242
ofd4	中	E.15 其他小坑彙整 —— 嚴重度 低 ~ 中	OFDB238	寫死常數彙整:'ALL'、'0000000000'、'TWD'、'5'、'00'/'01'/'02'、'334'/'335'、'150'、'073'、'99'、'01'(境內對帳單)、'14'(OFDB238 的片語名稱)、19(KYC 項數)、5(集保代碼長度)、8(SWIFT 長度)。全部沒有走 MappingCode 常數類別	Dev/ATLAS.OFD/Source/UI/UI.OFD/OFDM068.cs:139-146
ofd5	高	E.1 OFDM082 / OFDM082B 繞過四眼直接改資料 —— 嚴重度 高	OFDM082, OFDM082B	E.1 OFDM082 / OFDM082B 繞過四眼直接改資料	Dev/ATLAS.OFD/Source/PO/PO.OFD/OFDM082_PO.cs:26-33
ofd5	高	E.2 Oracle 三值邏輯:欄 <> '值' 遇 NULL 是 UNKNOWN —— 嚴重度 高	OFDM085A	OFDM085A.Check_Switch_Fund_Id 第 2 個 WHEN · OFD081A.CDSC_YEARS <> SW_OFD081A.CDSC_YEARS	Dev/ATLAS.OFD/Source/PO/PO.OFD/OFDM085A_PO.cs:179
ofd5	高	E.2 Oracle 三值邏輯:欄 <> '值' 遇 NULL 是 UNKNOWN —— 嚴重度 高	OFDM085A	同上第 3 個 WHEN · OFD081A.AFEE_TYPE <> SW_OFD081A.AFEE_TYPE	Dev/ATLAS.OFD/Source/PO/PO.OFD/OFDM085A_PO.cs:180
ofd5	高	E.2 Oracle 三值邏輯:欄 <> '值' 遇 NULL 是 UNKNOWN —— 嚴重度 高	OFDM074	OFDM074.intBANK_HQ_COUNT(3 參數) · BANK_SUB_TYPE<>'{1}' AND UNIT_CODE<>'{3}'	Dev/ATLAS.OFD/Source/PO/PO.OFD/OFDM074_PO.cs:315-319
ofd5	高	E.2 Oracle 三值邏輯:欄 <> '值' 遇 NULL 是 UNKNOWN —— 嚴重度 高	OFDM074	OFDM074.intBANK_HQ_COUNT(4 參數) · BANK_SUB_TYPE<>'{1}' AND DATA_CENTER='{3}'	Dev/ATLAS.OFD/Source/PO/PO.OFD/OFDM074_PO.cs:352-356
ofd5	高	E.3 OFDM081A 的 FND001 同步靠「哪一張明細寫完」判斷,而且兩個事件用不同索引 —— 嚴重度 高	OFDM081A	E.3 OFDM081A 的 FND001 同步靠「哪一張明細寫完」判斷,而且兩個事件用不同索引	Dev/ATLAS.OFD/Source/PO/PO.OFD/OFDM081A_PO.cs:143-159
ofd5	高	E.4 同一份 catch 樣板,在不同呼叫端失效成相反的方向 —— 嚴重度 高		「有子通路就擋」 · CheckM_Data Check_Middle_Data IsExsit_Middle_ChannelData IsExsit_Small_ChannelData · if (ReturnCode) AddError(...) · 該擋沒擋:可以把有下層的通路設成無效或刪掉	Dev/ATLAS.OFD/Source/PO/PO.OFD/OFDM071_PO.cs:152-157
ofd5	高	E.4 同一份 catch 樣板,在不同呼叫端失效成相反的方向 —— 嚴重度 高		「上層必須存在」 · CheckB_Data CheckData · if (!ReturnCode) AddError("不存在此大通路…") · 不該擋卻擋:使用者看到「不存在此大通路」但其實是 DB 有問題	Dev/ATLAS.OFD/Source/PO/PO.OFD/OFDM071_PO.cs:152-157
ofd5	高	E.5 共用表 OFD078:兩支畫面各看一半,而且都不知道另一半存在 —— 嚴重度 高	OFDM076, OFDM074	E.5 共用表 OFD078:兩支畫面各看一半,而且都不知道另一半存在	Dev/ATLAS.OFD/Source/PO/PO.OFD/OFDM076_PO.cs:337-338
ofd5	高	E.6 OFDM074 的 EC 檢核被一段「已註解掉訊息」的變數綁住 —— 嚴重度 高	OFDM074	E.6 OFDM074 的 EC 檢核被一段「已註解掉訊息」的變數綁住	Dev/ATLAS.OFD/Source/UI/UI.OFD/OFDM074.cs:398-410
ofd5	高	E.7 OFDM081A 的 MSSQL 同步在交易外、不檢查前一步、判斷值與註解打架 —— 嚴重度 高	OFDM081A	Ctl 在 ExecPOActionToViewVDB(...) 回來(Oracle 已 commit)之後才呼叫 SP	Dev/ATLAS.OFD/Source/Control/Control.OFD/OFDM081A_Ctl.cs:61-66
ofd5	高	E.7 OFDM081A 的 MSSQL 同步在交易外、不檢查前一步、判斷值與註解打架 —— 嚴重度 高	OFDM081A	不檢查 Add / Update 的結果就打 SP	Dev/ATLAS.OFD/Source/Control/Control.OFD/OFDM081A_Ctl.cs:61-66
ofd5	高	E.7 OFDM081A 的 MSSQL 同步在交易外、不檢查前一步、判斷值與註解打架 —— 嚴重度 高	OFDM081A	@WOSTATUS 判 != "Y",旁邊註解寫 1.資料更新成功 2.失敗	Dev/ATLAS.OFD/Source/PO/PO.OFD/OFDM081A_PO.cs:805-812
ofd5	高	E.7 OFDM081A 的 MSSQL 同步在交易外、不檢查前一步、判斷值與註解打架 —— 嚴重度 高	OFDM081A	公開多載沒有 FUND_LOCK 檢查(死掉的 private 多載有)	Dev/ATLAS.OFD/Source/PO/PO.OFD/OFDM081A_PO.cs:787-790
ofd5	高	E.7 OFDM081A 的 MSSQL 同步在交易外、不檢查前一步、判斷值與註解打架 —— 嚴重度 高	OFDM081A	new OFDM081A_PO() 繞過 GetDaoInstance,每次多建一條 MSSQL Database	Dev/ATLAS.OFD/Source/Control/Control.OFD/OFDM081A_Ctl.cs:64
ofd5	中	E.8 OFDM081B(境外)沒有任何下游同步 —— 嚴重度 中	OFDM081B, OFDM081A	E.8 OFDM081B(境外)沒有任何下游同步	Dev/ATLAS.OFD/Source/PO/PO.OFD/OFDM081B_PO.cs:42-58
ofd5	中	E.9 只有一支方法帶 T-SQL 痕跡,而它正好是跨庫那一支 —— 嚴重度 中	OFDM081A	E.9 只有一支方法帶 T-SQL 痕跡,而它正好是跨庫那一支	Dev/ATLAS.OFD/Source/PO/PO.OFD/OFDM081A_PO.cs:799-808
ofd5	中	E.10 兩道「有錯還回 true」的早退 —— 嚴重度 中	OFDM081A, OFDM087	E.10 兩道「有錯還回 true」的早退	Dev/ATLAS.OFD/Source/UI/UI.OFD/OFDM081A.cs:197
ofd5	中	E.11 成對畫面只改一邊 —— 嚴重度 中	OFDM070B	OFDM070B 的存檔錯誤訊息 · 境外畫面仍然說「銷售機構承銷境內基金設定明細資料 必須輸入」	Dev/ATLAS.OFD/Source/UI/UI.OFD/OFDM070B.cs:53
ofd5	中	E.11 成對畫面只改一邊 —— 嚴重度 中	OFDM082B, OFDM082	OFDM082B 的參數物件 · dbProduct.AddInParameter(...) 配 dbTA.GetSqlStringCommand(...) / dbTA.ExecuteScalar(...);境內版全程 dbTA	Dev/ATLAS.OFD/Source/PO/PO.OFD/OFDM082B_PO.cs:83
ofd5	中	E.11 成對畫面只改一邊 —— 嚴重度 中	OFDM082B, OFDM082	OFDM082B 的 DbCommand 建立位置 · 建在迴圈外,境內版建在迴圈內	Dev/ATLAS.OFD/Source/PO/PO.OFD/OFDM082B_PO.cs:74-75
ofd5	中	E.11 成對畫面只改一邊 —— 嚴重度 中	OFDM084B, OFDM084	OFDM084B 的明細 join · INNER JOIN OFD081,境內版是 LEFT JOIN OFD081A → 基金被移除時明細列靜靜消失	Dev/ATLAS.OFD/Source/PO/PO.OFD/OFDM084B_PO.cs:104-105
ofd5	中	E.11 成對畫面只改一邊 —— 嚴重度 中	OFDM084, OFDM084B	OFDM084 的 MasterPKey · 少了 OPEN_TYPE(被註解),境外版保留	Dev/ATLAS.OFD/Source/PO/PO.OFD/OFDM084_PO.cs:30
ofd5	中	E.12 catch 內第一行就 tran.Rollback(),tran 可能是 null —— 嚴重度 中	OFDM082, OFDM082B, OFDM088	E.12 catch 內第一行就 tran.Rollback(),tran 可能是 null	Dev/ATLAS.OFD/Source/PO/PO.OFD/OFDM082_PO.cs:128-130
ofd5	中	E.13 OFDM088 跨兩個資料庫的 commit 不是原子的 —— 嚴重度 中	OFDM088	E.13 OFDM088 跨兩個資料庫的 commit 不是原子的	Dev/ATLAS.OFD/Source/PO/PO.OFD/OFDM088_PO.cs:337-338
ofd5	中	E.14 檢核 / 訊息被註解,外殼還在 —— 嚴重度 中	OFDM072	OFDM072 · ID 格式檢核(8 碼統編 / 10 碼身分證),以及「同一大通路下推薦人重複」兩段;後者呼叫的 CheckSPONSOR_IDNO / CheckSPONSOR 連方法都不在 PO 裡了	Dev/ATLAS.OFD/Source/UI/UI.OFD/OFDM072.cs:140-164
ofd5	中	E.14 檢核 / 訊息被註解,外殼還在 —— 嚴重度 中	OFDM087	OFDM087 · 四段「暫停日期不可小於基金成立 / 發行日期」	Dev/ATLAS.OFD/Source/UI/UI.OFD/OFDM087.cs:250-266
ofd5	中	E.14 檢核 / 訊息被註解,外殼還在 —— 嚴重度 中	OFDM087	OFDM087 · GetFundStopDateData 內 14 行手寫四眼欄位清單,已被 AllEVAColumnsForSelect 取代	Dev/ATLAS.OFD/Source/PO/PO.OFD/OFDM087_PO.cs:249-262
ofd5	中	E.14 檢核 / 訊息被註解,外殼還在 —— 嚴重度 中	OFDM081A	OFDM081A · 官網 CMS 拋轉:事件掛載、第二條連線、方法本體呼叫全被註解,UpdateCMSFundA 的前半(讀 Oracle)還會執行	Dev/ATLAS.OFD/Source/PO/PO.OFD/OFDM081A_PO.cs:64-72
ofd5	中	E.14 檢核 / 訊息被註解,外殼還在 —— 嚴重度 中	OFDM081A	OFDM081A · 六組日期順序檢核裡有四組被註解(發行日、NAV 起算日、短線交易開始日、集保上線日)	Dev/ATLAS.OFD/Source/UI/UI.OFD/OFDM081A.cs:203-220
ofd5	中	E.14 檢核 / 訊息被註解,外殼還在 —— 嚴重度 中	OFDM091B	OFDM091B · BeforeUpdate 掛載被註解,AfterUpdate 掛著但方法本體只有 //nothing	Dev/ATLAS.OFD/Source/PO/PO.OFD/OFDM091B_PO.cs:50-51
ofd5	中	E.14 檢核 / 訊息被註解,外殼還在 —— 嚴重度 中	OFDM070A	OFDM070A · MasterPKey 的 SHORE_ID 被註解(「2014/03/18 ATLAS ATLAS SHORE_ID已停用」),UI 的下拉清單還在	Dev/ATLAS.OFD/Source/PO/PO.OFD/OFDM070A_PO.cs:39-40
ofd5	高	E.15 字串串接進 SQL —— 嚴重度 高(範圍廣)	OFDM071	OFDM071 · string.Format 串通路代碼,六支方法都有	Dev/ATLAS.OFD/Source/PO/PO.OFD/OFDM071_PO.cs:189-192
ofd5	高	E.15 字串串接進 SQL —— 嚴重度 高(範圍廣)	OFDM074	OFDM074 · string.Format 串四個值	Dev/ATLAS.OFD/Source/PO/PO.OFD/OFDM074_PO.cs:322
ofd5	高	E.15 字串串接進 SQL —— 嚴重度 高(範圍廣)	OFDM076	OFDM076 · 查詢條件 " And OFD078." + Row.Name + " = '" + Row.Value + "'"	Dev/ATLAS.OFD/Source/PO/PO.OFD/OFDM076_PO.cs:343-350
ofd5	高	E.15 字串串接進 SQL —— 嚴重度 高(範圍廣)	OFDM082, OFDM082B	OFDM082 / OFDM082B · " And FH_CD = '" + Row.Value + "'"	Dev/ATLAS.OFD/Source/PO/PO.OFD/OFDM082_PO.cs:207-213
ofd5	高	E.15 字串串接進 SQL —— 嚴重度 高(範圍廣)	OFDM087	OFDM087 · 四組 " And OFD087A." + pRow.Name + " = '" + pRow.Value + "'"	Dev/ATLAS.OFD/Source/PO/PO.OFD/OFDM087_PO.cs:145-150
ofd5	高	E.15 字串串接進 SQL —— 嚴重度 高(範圍廣)	OFDM091B	OFDM091B · " And OFD091." + Row.Name + " = '" + Row.Value + "'"	Dev/ATLAS.OFD/Source/PO/PO.OFD/OFDM091B_PO.cs:147-152
ofd5	高	E.15 字串串接進 SQL —— 嚴重度 高(範圍廣)	OFDM088	OFDM088 · String.Format 餵 DataTable.Select()(不是 SQL,但同一個問題)	Dev/ATLAS.OFD/Source/PO/PO.OFD/OFDM088_PO.cs:330
ofd5	中	E.16 訊息是空字串,使用者看不到失敗原因 —— 嚴重度 中	OFDM082, OFDM082B, OFDM088	E.16 訊息是空字串,使用者看不到失敗原因	Dev/ATLAS.OFD/Source/PO/PO.OFD/OFDM082_PO.cs:105-112
ofd5	中	E.17 ExecuteNonQuery 的回傳值被當成累加,實際是覆寫 —— 嚴重度 中	OFDM082, OFDM082B	E.17 ExecuteNonQuery 的回傳值被當成累加,實際是覆寫	Dev/ATLAS.OFD/Source/PO/PO.OFD/OFDM082_PO.cs:102
ofd5	中	E.18 OFDM085Ap0 同一支方法內,兩段檢核一段判 null 一段不判 —— 嚴重度 中		E.18 OFDM085Ap0 同一支方法內,兩段檢核一段判 null 一段不判	Dev/ATLAS.OFD/Source/UI/UI.OFD/OFDM085Ap0.cs:464
ofd5	中	E.19 查詢條件的 else 分支吃掉所有非 "1" 的值 —— 嚴重度 中	OFDM087	E.19 查詢條件的 else 分支吃掉所有非 "1" 的值	Dev/ATLAS.OFD/Source/PO/PO.OFD/OFDM087_PO.cs:153-167
ofd5	中	E.20 三支畫面的來源檔不是 UTF-8 —— 嚴重度 中	OFDM074	OFDM074 · PO · Control · FormProxy	Dev/ATLAS.OFD/Source/PO/PO.OFD/OFDM087_PO.cs
ofd5	中	E.20 三支畫面的來源檔不是 UTF-8 —— 嚴重度 中	OFDM076	OFDM076 · PO · Control · FormProxy	Dev/ATLAS.OFD/Source/PO/PO.OFD/OFDM087_PO.cs
ofd5	中	E.20 三支畫面的來源檔不是 UTF-8 —— 嚴重度 中	OFDM082	OFDM082 · PO · Control · FormProxy	Dev/ATLAS.OFD/Source/PO/PO.OFD/OFDM087_PO.cs
ofd5	中	E.20 三支畫面的來源檔不是 UTF-8 —— 嚴重度 中	OFDM082B	OFDM082B · PO · Control · FormProxy	Dev/ATLAS.OFD/Source/PO/PO.OFD/OFDM087_PO.cs
ofd5	中	E.20 三支畫面的來源檔不是 UTF-8 —— 嚴重度 中	OFDM085A	OFDM085A · PO · Control · FormProxy	Dev/ATLAS.OFD/Source/PO/PO.OFD/OFDM087_PO.cs
ofd5	中	E.20 三支畫面的來源檔不是 UTF-8 —— 嚴重度 中	OFDM085B	OFDM085B · PO · Control · FormProxy	Dev/ATLAS.OFD/Source/PO/PO.OFD/OFDM087_PO.cs
ofd5	中	E.20 三支畫面的來源檔不是 UTF-8 —— 嚴重度 中	OFDM086	OFDM086 · PO · Control · FormProxy	Dev/ATLAS.OFD/Source/PO/PO.OFD/OFDM087_PO.cs
ofd5	中	E.20 三支畫面的來源檔不是 UTF-8 —— 嚴重度 中	OFDM087	OFDM087 · 四層全部(PO · UI · Control · FormProxy)	Dev/ATLAS.OFD/Source/PO/PO.OFD/OFDM087_PO.cs
ofd5	中	E.20 三支畫面的來源檔不是 UTF-8 —— 嚴重度 中	OFDM088	OFDM088 · PO · UI	Dev/ATLAS.OFD/Source/PO/PO.OFD/OFDM087_PO.cs
ofd5	中	E.20 三支畫面的來源檔不是 UTF-8 —— 嚴重度 中		子對話框 · OFDM088p0 OFDM088p1 OFDM088p2	Dev/ATLAS.OFD/Source/PO/PO.OFD/OFDM087_PO.cs
ofd5	低	E.21 其餘小事彙整 —— 嚴重度 低	OFDM084B	OFDM084B_Ctl .cs 檔名的副檔名前多一個半形空白,csproj 照抄,所以編得起來但所有檔名比對工具都漏掉它	Dev/ATLAS.OFD/Source/Control/Control.OFD/Control.OFD.csproj:121
ofd5	低	E.21 其餘小事彙整 —— 嚴重度 低	OFDM082	OFDM082 把 OFD081A 別名成 OFD081,在一份「OFD081 = 境外」的程式庫裡最容易讀錯	Dev/ATLAS.OFD/Source/PO/PO.OFD/OFDM082_PO.cs:187
ofd5	低	E.21 其餘小事彙整 —— 嚴重度 低	OFDM082	OFDM082 的 WHERE … And FH_CD = '…' 沒有加表別名前綴,OFD0814A 若長出同名欄位會 ambiguous	Dev/ATLAS.OFD/Source/PO/PO.OFD/OFDM082_PO.cs:211
ofd5	低	E.21 其餘小事彙整 —— 嚴重度 低	OFDM088	OFDM088.SetHoliday 判長度 > 200 卻截成 Substring(0, 199),少一個字	Dev/ATLAS.OFD/Source/PO/PO.OFD/OFDM088_PO.cs:295-302
ofd5	低	E.21 其餘小事彙整 —— 嚴重度 低	OFDM087	OFDM087_PO.DoValidate 不管載回幾列一律 AddResultRow(true, …),靠 UI 自己數列數才擋得住	Dev/ATLAS.OFD/Source/PO/PO.OFD/OFDM087_PO.cs:389-390
ofd5	低	E.21 其餘小事彙整 —— 嚴重度 低	OFDM071	OFDM071.CheckData / CheckB_Data 用 SELECT COUNT(*), CHANNEL_CODE … GROUP BY 配 ExecuteScalar,語意錯但結果剛好對	Dev/ATLAS.OFD/Source/PO/PO.OFD/OFDM071_PO.cs:239-256
ofd5	低	E.21 其餘小事彙整 —— 嚴重度 低	OFDM076	OFDM076 的 View.Util.Result[0] 未檢查 Count 就取用	Dev/ATLAS.OFD/Source/UI/UI.OFD/OFDM076.cs:86
ofd5	低	E.21 其餘小事彙整 —— 嚴重度 低	OFDM081A	OFDM081A.Copy 八張明細只複製三張(加上有條件的 OFD084A),沒有註解說明是否刻意	Dev/ATLAS.OFD/Source/PO/PO.OFD/OFDM081A_PO.cs:983-1002
ofd5	低	E.21 其餘小事彙整 —— 嚴重度 低	OFDM081A	OFDM081A 的刪除閘門在伺服端回 -1 時只 return,ButtonDeleteEnable 停在上一次的狀態、SetData() 也沒跑	Dev/ATLAS.OFD/Source/UI/UI.OFD/OFDM081A.cs:1292-1300
ofd5	低	E.21 其餘小事彙整 —— 嚴重度 低	OFDM074, OFDM076, OFDM081A	寫死常數:郵局 "700"()、業務別 'ALL'()、AFEE_TYPE = "4"()、DIV_PAY_DESK = "2"()、STATUS.StartsWith("3")()	Dev/ATLAS.OFD/Source/PO/PO.OFD/OFDM074_PO.cs:455
ofd5	低	E.21 其餘小事彙整 —— 嚴重度 低		OFDM085Ap0 用 custSWITCH_FUND_ID.SHORE_ID,OFDM085Bp0 / OFDM086p0 用 custFUND_IDSide.SOURCE_CD,兩種控件兩種屬性做同一件事	Dev/ATLAS.OFD/Source/UI/UI.OFD/OFDM085Ap0.cs:80
ofd5	低	E.21 其餘小事彙整 —— 嚴重度 低	OFDM088	OFDM088 的 MYOFD081A CTE 在同一支 PO 內抄了兩份(主檔與明細各一),改一邊要改兩邊	Dev/ATLAS.OFD/Source/PO/PO.OFD/OFDM088_PO.cs:60-77
ofd5	低	E.21 其餘小事彙整 —— 嚴重度 低		OFD081 的 REGIST_CODE / INVEST_AREA / INVEST_CODE 三欄 Caption 都是「註冊地代碼」	Dev/ATLAS.OFD/Source/Entity/DataEntity.OFD5/OFDM081BModel.xsd
ofd5	低	E.21 其餘小事彙整 —— 嚴重度 低		OFD076 39 欄只有 4 欄有 Caption、OFD084A 18 欄全空,查中文名要往別處找	Dev/ATLAS.OFD/Source/Entity/DataEntity.OFD5/OFDM076Model.xsd
ofd5	低	E.21 其餘小事彙整 —— 嚴重度 低	OFDM081A, OFDM082	OFDM081A 的第 2 張明細 vdb 名叫 OFDM081A_NOEVA,但 OFD0814A 實際上有完整四眼 13 欄	Dev/ATLAS.OFD/Source/PO/PO.OFD/OFDM081A_PO.cs:46
ofd6	高	E.1 【高】八支畫面繼承 BasicEVAPO / MultiRowEVAPO,連查詢都 NRE	OFDM123, OFDM127, OFDM128, OFDM154, OFDM155, OFDM161, OFDM163, OFDM164	dbTA 宣告即 null、建構子建立連線整段被註解,子類沒有一支自己賦值;8 支的 BeforeSelect 第一行就用 dbTA 組 DbCommand	Dev/Common/Source/Base/TA.DataAccess/BasicEVAPO.cs:26
ofd6	高	E.2 【高】OFDM123A 覆核後寫回受益人主檔,回傳筆數檢查被註解	OFDM123A	dbProduct.ExecuteNonQuery(cmdUpdate, args.DbTran); 後面緊跟著兩行註解 //if (… != 1) //throw new ApplicationException("受益人風險屬性及KYC終止日更新失敗");	Dev/ATLAS.OFD/Source/PO/PO.OFD/OFDM123A_PO.cs:254-256
ofd6	高	E.3 【高】OFDM164 伺服端檢核出錯時不擋存檔	OFDM164	if (i == -1) { ShowMessage(…ServerSideError); return; } —— 有訊息、有 return,但沒有 e.Cancel = true	Dev/ATLAS.OFD/Source/UI/UI.OFD/OFDM164.cs:95-99
ofd6	高	E.4 【高】OFDM161 的「已執行過就不能改」檢核整段被 /* */ 註解	OFDM161	BeforeModifyButtonClicked 與 BeforeDeleteButtonClicked 裡,「該基金已有定期買回計算作業執行記錄,是否繼續執行?」整段被註解;連帶 PO 的 ChkOFD166 成為無呼叫者的死碼	Dev/ATLAS.OFD/Source/UI/UI.OFD/OFDM161.cs:111-132
ofd6	高	E.5 【高】OFDM157 的 HIGHRISK_COUNTRY 用 INNER JOIN,國別檔沒有就整筆消失	OFDM157, OFDM126	FROM HIGHRISK_COUNTRY JOIN OFD008 ON …COUNTRY_CD = …COUNTRY_CD,不是 LEFT JOIN;OFDM126 原版沒有這個 join	Dev/ATLAS.OFD/Source/PO/PO.OFD/OFDM157_PO.cs:99-102
ofd6	中	E.6 【中】三支畫面用 INNER JOIN 接外部主檔(同型)	OFDM123	OFDM123 · INNER JOIN [BMS001]	Dev/ATLAS.OFD/Source/PO/PO.OFD/OFDM123_PO.cs:251
ofd6	中	E.6 【中】三支畫面用 INNER JOIN 接外部主檔(同型)	OFDM135	OFDM135 · JOIN BMS001A	Dev/ATLAS.OFD/Source/PO/PO.OFD/OFDM135_PO.cs:80
ofd6	中	E.6 【中】三支畫面用 INNER JOIN 接外部主檔(同型)	OFDM157	OFDM157 · JOIN OFD008	Dev/ATLAS.OFD/Source/PO/PO.OFD/OFDM157_PO.cs:101
ofd6	中	E.7 【中】Oracle 三值邏輯:欄 <> '值' 遇 NULL	OFDM115A	OFDM115A 重複列管檢核 · AND DATA_SEQ <> " + row.DATA_SEQ	Dev/ATLAS.OFD/Source/PO/PO.OFD/OFDM115A_PO.cs:138
ofd6	中	E.7 【中】Oracle 三值邏輯:欄 <> '值' 遇 NULL	OFDM164	OFDM164 區間重疊檢核 · AND (BNG_DATE <>@BNG OR BNG_DATE ='1900/01/01')	Dev/ATLAS.OFD/Source/PO/PO.OFD/OFDM164_PO.cs:180
ofd6	中	E.8 【中】OFDM122A 的 AfterApprove 是 199 行的空方法	OFDM122A, OFDM123A	事件有掛(:35-36),方法本體 :56-254 整段註解。被註解的內容是從 OFDM123A 複製來的(註解裡還留著 FROM OFD123A)	Dev/ATLAS.OFD/Source/PO/PO.OFD/OFDM122A_PO.cs:35-36
ofd6	中	E.9 【中】成對畫面只改一邊(本片三組)	OFDM126, OFDM157	OFDM126 / OFDM157 · PO 0.779 · Ctl 0.858 · UI 0.685 · OFDM157 多了一個 INNER JOIN OFD008(E.5),而註解沒改(還寫「取得行銷說明 流水號最大值」)	Dev/ATLAS.OFD/Source/PO/PO.OFD/OFDM157_PO.cs:73
ofd6	中	E.9 【中】成對畫面只改一邊(本片三組)	OFDM125A, OFDM135	OFDM125A / OFDM135 · UI 標籤與三句檢核訊息一字不差 · 日期查詢的防呆:OFDM135 檢查起迄兩邊(:97),OFDM125A 只檢查起日(:155)	Dev/ATLAS.OFD/Source/PO/PO.OFD/OFDM135_PO.cs:97
ofd6	中	E.9 【中】成對畫面只改一邊(本片三組)	OFDM122A, OFDM123A	OFDM122A / OFDM123A · DoValidate 的六句檢核一字不差 · OFDM122A 那份整段被註解	Dev/ATLAS.OFD/Source/UI/UI.OFD/OFDM122A.cs:479-525
ofd6	中	E.10 【中】字串串接進 SQL(全片 8 處以上)	OFDM115A	OFDM115A BeforeAddUpdate · CUS_NAME(客戶姓名)、ID_NO、五個日期	Dev/ATLAS.OFD/Source/PO/PO.OFD/OFDM115A_PO.cs:126-138
ofd6	中	E.10 【中】字串串接進 SQL(全片 8 處以上)	OFDM123A	OFDM123A 寫回 BMS · WHERE BF_NO = '" + row.BF_NO + "'(同段的 SET 卻用具名參數)	Dev/ATLAS.OFD/Source/PO/PO.OFD/OFDM123A_PO.cs:248
ofd6	中	E.10 【中】字串串接進 SQL(全片 8 處以上)	OFDM123	OFDM123 刪除前檢核 · string.Format(strSQL, strKYC_ANS_NO, …)	Dev/ATLAS.OFD/Source/PO/PO.OFD/OFDM123_PO.cs:602
ofd6	中	E.10 【中】字串串接進 SQL(全片 8 處以上)	OFDM125A, OFDM135	OFDM125A / OFDM135 日期子查詢 · 起迄日	Dev/ATLAS.OFD/Source/PO/PO.OFD/OFDM125A_PO.cs:157
ofd6	中	E.10 【中】字串串接進 SQL(全片 8 處以上)	OFDM126, OFDM157	OFDM126 / OFDM157 BeforeAdd · ST_CD / COUNTRY_CD 走 string.Format	Dev/ATLAS.OFD/Source/PO/PO.OFD/OFDM126_PO.cs:76-79
ofd6	中	E.10 【中】字串串接進 SQL(全片 8 處以上)	OFDM151	OFDM151 明細 SQL · QUERY_GRPCD 串三次	Dev/ATLAS.OFD/Source/PO/PO.OFD/OFDM151_PO.cs:221
ofd6	中	E.10 【中】字串串接進 SQL(全片 8 處以上)	OFDM154	OFDM154 查詢條件 · 三個參數全串	Dev/ATLAS.OFD/Source/PO/PO.OFD/OFDM154_PO.cs:100
ofd6	中	E.11 【中】DATA_SEQ 流水號 MAX + 1,三支畫面都沒有鎖	OFDM115A, OFDM126, OFDM157	E.11 【中】DATA_SEQ 流水號 MAX + 1,三支畫面都沒有鎖	
ofd6	中	E.12 【中】OFDM114 的 'ALL FUNDS' 是無定義的魔法字串	OFDM114	E.12 【中】OFDM114 的 'ALL FUNDS' 是無定義的魔法字串	Dev/ATLAS.OFD/Source/PO/PO.OFD/OFDM114_PO.cs:124-129
ofd6	中	E.13 【中】OFDM157 / OFDM126 沒有期間重疊檢核,下游 join 不帶日期	OFDM157, OFDM126	E.13 【中】OFDM157 / OFDM126 沒有期間重疊檢核,下游 join 不帶日期	Dev/Common/Source/DataSource/PO.DataSource/Basic/BasicBMS_PO.cs:75
ofd6	中	E.14 【中】OFDM161 的 DataTable.Select 條件字串少一個空白	OFDM161	E.14 【中】OFDM161 的 DataTable.Select 條件字串少一個空白	Dev/ATLAS.OFD/Source/PO/PO.OFD/OFDM161_PO.cs:201
ofd6	中	E.15 【中】OFDM163 三處欄位名不一致 + Split(':') 沒防呆	OFDM163	E.15 【中】OFDM163 三處欄位名不一致 + Split(':') 沒防呆	Dev/ATLAS.OFD/Source/UI/UI.OFD/OFDM163.cs:54
ofd6	低	E.16 【低】OFDM151 的 AppendToDoString 是死碼;OFDM154 有兩個沒接上的事件處理器	OFDM151, OFDM154	E.16 【低】OFDM151 的 AppendToDoString 是死碼;OFDM154 有兩個沒接上的事件處理器	Dev/ATLAS.OFD/Source/PO/PO.OFD/OFDM151_PO.cs:35-36
ofd6	低	E.17 【低】OFDM151 的明細 SQL 在沒帶參數時回空字串	OFDM151	E.17 【低】OFDM151 的明細 SQL 在沒帶參數時回空字串	Dev/ATLAS.OFD/Source/PO/PO.OFD/OFDM151_PO.cs:86
ofd6	低	E.18 【低】OFDM123 七處 throw new ApplicationException("") 訊息是空字串	OFDM123	E.18 【低】OFDM123 七處 throw new ApplicationException("") 訊息是空字串	Dev/ATLAS.OFD/Source/PO/PO.OFD/OFDM123_PO.cs:626
ofd6	低	E.19 【低】OFDM127 同一支 PO 用兩套連線欄位	OFDM127	E.19 【低】OFDM127 同一支 PO 用兩套連線欄位	Dev/ATLAS.OFD/Source/PO/PO.OFD/OFDM127_PO.cs:317
ofd6	低	E.20 【低】混世代 helper:四支活畫面同時用 xEVAStringHelper 與 EVAStringHelper	OFDM133, OFDM135, OFDM126, OFDM157	E.20 【低】混世代 helper:四支活畫面同時用 xEVAStringHelper 與 EVAStringHelper	
ofd6	低	E.21 【低】OFDM157 的 SELECT 讓 COUNTRY_NAME 出現兩次	OFDM157	E.21 【低】OFDM157 的 SELECT 讓 COUNTRY_NAME 出現兩次	Dev/ATLAS.OFD/Source/PO/PO.OFD/OFDM157_PO.cs:100
ofd6	低	E.22 【低】OFDM155 主檔清單的「轉入基金」永遠是空的	OFDM155	E.22 【低】OFDM155 主檔清單的「轉入基金」永遠是空的	Dev/ATLAS.OFD/Source/PO/PO.OFD/OFDM155_PO.cs:86
ofd6	低	E.23 【低】OFDM156 的錯誤全綁在同一個無關控制項上	OFDM156	E.23 【低】OFDM156 的錯誤全綁在同一個無關控制項上	Dev/ATLAS.OFD/Source/UI/UI.OFD/OFDM156.cs:212
ofd6	低	E.24 【低】檔案存在但沒有畫面:OFDM152 那一組 Entity		E.24 【低】檔案存在但沒有畫面:OFDM152 那一組 Entity	
ofd6	低	E.25 【低】DB/ 腳本編碼混用,同一個變更單裡兩種編碼		cp950 · (共 4 支)	DB/Table/create_OFD125A_M.sql
ofd6	低	E.25 【低】DB/ 腳本編碼混用,同一個變更單裡兩種編碼		utf-8-sig · (共 4 支)	DB/Table/create_OFD125A_M_Trigger.sql
ofd6	低	E.26 【低】OFD123A 的 _LP 後綴意義靠推測	OFDM123A	E.26 【低】OFD123A 的 _LP 後綴意義靠推測	Dev/ATLAS.OFD/Source/PO/PO.OFD/OFDM123A_PO.cs:79-84
ofd7	高	E.1 逐年遞減檢核掛在錯的分支,永遠不會成立 —— 嚴重度 高	OFDM193	1 · "1" 是境外(SHORE_ID.OffShore)	Dev/Common/Source/MappingCode/TA.MappingCode/CTL014.cs:298-300
ofd7	高	E.1 逐年遞減檢核掛在錯的分支,永遠不會成立 —— 嚴重度 高	OFDM193	2 · 境外時 RATE1 / RATE2 欄被隱藏	Dev/ATLAS.OFD/Source/UI/UI.OFD/OFDM193.cs:599-602
ofd7	高	E.1 逐年遞減檢核掛在錯的分支,永遠不會成立 —— 嚴重度 高	OFDM193	3 · 境外時 RATE1 / RATE2 格子禁止編輯	Dev/ATLAS.OFD/Source/UI/UI.OFD/OFDM193.cs:627-636
ofd7	高	E.1 逐年遞減檢核掛在錯的分支,永遠不會成立 —— 嚴重度 高	OFDM193	4 · 境外時存檔前 RATE1 / RATE2 強制歸零	Dev/ATLAS.OFD/Source/UI/UI.OFD/OFDM193.cs:96-101
ofd7	高	E.1 逐年遞減檢核掛在錯的分支,永遠不會成立 —— 嚴重度 高	OFDM193	5 · 檢核式子是 (RATE == 0 && RATE1 == 0) \ · (RATE > RATE1)。RATE1 恆為 0 時,RATE == 0 走前半、RATE > 0 走後半,兩邊都成立	Dev/ATLAS.OFD/Source/UI/UI.OFD/OFDM193.cs:67-70
ofd7	高	E.2 OFDM197 匯入的重複檢核查錯 DataTable,永遠不觸發 —— 嚴重度 高	OFDM197	E.2 OFDM197 匯入的重複檢核查錯 DataTable,永遠不觸發	Dev/ATLAS.OFD/Source/PO/PO.OFD/OFDM197_PO.cs:204
ofd7	高	E.3 OFDM195 的「一人一筆未終止」檢核三層外殼都在,沒有呼叫端 —— 嚴重度 高	OFDM195	E.3 OFDM195 的「一人一筆未終止」檢核三層外殼都在,沒有呼叫端	Dev/ATLAS.OFD/Source/PO/PO.OFD/OFDM195_PO.cs:315
ofd7	高	E.4 FeeTypeValidate 的 catch 不補結果列,例外會被當成通過 —— 嚴重度 高	OFDM194, OFDM194B, OFDM198	E.4 FeeTypeValidate 的 catch 不補結果列,例外會被當成通過	Dev/ATLAS.OFD/Source/PO/PO.OFD/OFDM194_PO.cs:394-398
ofd7	高	E.5 三個批次匯入繞過四眼與伺服端卡控 —— 嚴重度 高	OFDM197	OFDM197.BatchAdd · 四眼;STATUS 寫死 '301',ENTRYID/VERIFYID/APPROVEID 同人同時	Dev/ATLAS.OFD/Source/PO/PO.OFD/OFDM197_PO.cs:242-247
ofd7	高	E.5 三個批次匯入繞過四眼與伺服端卡控 —— 嚴重度 高	OFDM206	OFDM206.BatchAdd · 四眼 + BeforeAdd 的「每位受益人只能設定一筆開戶優惠」	Dev/ATLAS.OFD/Source/PO/PO.OFD/OFDM206_PO.cs:182-189
ofd7	高	E.5 三個批次匯入繞過四眼與伺服端卡控 —— 嚴重度 高	OFDM206	OFDM206.BatchAddEC · 同上,另加寫死條件 etraflg='Y'	Dev/ATLAS.OFD/Source/PO/PO.OFD/OFDM206_PO.cs:295-302
ofd7	高	E.6 OFDM206 刪除確認的判斷方向相反 —— 嚴重度 高	OFDM206, OFDM195	E.6 OFDM206 刪除確認的判斷方向相反	Dev/ATLAS.OFD/Source/UI/UI.OFD/OFDM206.cs:214-217
ofd7	中	E.7 三支畫面的來源檔不是 UTF-8 —— 嚴重度 中	OFDM197	OFDM197 · UI/UI.OFD/OFDM197.cs、UI/UI.OFD/OFDM197.Designer.cs、Control/Control.OFD/OFDM197_Ctl.cs、FormProxy/FormProxy.OFD/OFDM197_Pxy.cs、PO/PO.OFD/OFDM197_PO.cs	
ofd7	中	E.7 三支畫面的來源檔不是 UTF-8 —— 嚴重度 中	OFDM213	OFDM213 · Control/Control.OFD/OFDM213_Ctl.cs、FormProxy/FormProxy.OFD/OFDM213_Pxy.cs、PO/PO.OFD/OFDM213_PO.cs	
ofd7	中	E.7 三支畫面的來源檔不是 UTF-8 —— 嚴重度 中	OFDM214	OFDM214 · Control/Control.OFD/OFDM214_Ctl.cs、FormProxy/FormProxy.OFD/OFDM214_Pxy.cs、PO/PO.OFD/OFDM214_PO.cs	
ofd7	中	E.8 OFDM213.IsBfExsits 查一個不存在的欄位 —— 嚴重度 中	OFDM213, OFDM214, OFDM215	E.8 OFDM213.IsBfExsits 查一個不存在的欄位	Dev/ATLAS.OFD/Source/PO/PO.OFD/OFDM213_PO.cs:181-183
ofd7	中	E.9 三胞胎的複製功能三處不一致 —— 嚴重度 中	OFDM213, OFDM214, OFDM215	複製時 STATUS · 清成 string.Empty() · row.STATUS = row.STATUS; 自我指派,等於不清() · 同 OFDM214()	Dev/ATLAS.OFD/Source/PO/PO.OFD/OFDM213_PO.cs:118
ofd7	中	E.9 三胞胎的複製功能三處不一致 —— 嚴重度 中	OFDM214, OFDM215	一般 catch 是否記 log · 有() · 沒有()	Dev/ATLAS.OFD/Source/PO/PO.OFD/OFDM214_PO.cs:228
ofd7	中	E.9 三胞胎的複製功能三處不一致 —— 嚴重度 中	OFDM213, OFDM214, OFDM215	解構子是否解除事件訂閱 · 沒有() · 有() · 有()	Dev/ATLAS.OFD/Source/PO/PO.OFD/OFDM213_PO.cs:40-43
ofd7	中	E.10 OFDM196 明細 SQL 的日期條件被註解 —— 嚴重度 中	OFDM196	E.10 OFDM196 明細 SQL 的日期條件被註解	Dev/ATLAS.OFD/Source/PO/PO.OFD/OFDM196_PO.cs:181-182
ofd7	中	E.11 「永久費率」的日期哨兵值有兩種寫法 —— 嚴重度 中	OFDM191	OFDM191 · "00000000" / "99999999"	Dev/ATLAS.OFD/Source/UI/UI.OFD/OFDM191.cs:74-75
ofd7	中	E.11 「永久費率」的日期哨兵值有兩種寫法 —— 嚴重度 中	OFDM198	OFDM198 · "00000000" / "99999999"	Dev/ATLAS.OFD/Source/UI/UI.OFD/OFDM198.cs:73-74
ofd7	中	E.11 「永久費率」的日期哨兵值有兩種寫法 —— 嚴重度 中	OFDM193	OFDM193 境外 · "00000000" / "99999999"	Dev/ATLAS.OFD/Source/UI/UI.OFD/OFDM193.cs:96-97
ofd7	中	E.11 「永久費率」的日期哨兵值有兩種寫法 —— 嚴重度 中	OFDM193	OFDM193 境內 · "" / ""	Dev/ATLAS.OFD/Source/UI/UI.OFD/OFDM193.cs:106-107
ofd7	中	E.11 「永久費率」的日期哨兵值有兩種寫法 —— 嚴重度 中	OFDM194	OFDM194 · "" / ""	Dev/ATLAS.OFD/Source/UI/UI.OFD/OFDM194.cs:90-91
ofd7	中	E.11 「永久費率」的日期哨兵值有兩種寫法 —— 嚴重度 中	OFDM196	OFDM196 境外 / 境內 · "00000000"/"99999999" 與 ""/""	Dev/ATLAS.OFD/Source/UI/UI.OFD/OFDM196.cs:158-172
ofd7	中	E.11 「永久費率」的日期哨兵值有兩種寫法 —— 嚴重度 中	OFDM194	舊版(被註解) · 1900/1/1 與 9998/12/31	Dev/ATLAS.OFD/Source/UI/UI.OFD/OFDM194.cs:88-89
ofd7	中	E.12 OFDM199 一次存檔,七張表兩種生效時機 —— 嚴重度 中	OFDM199	E.12 OFDM199 一次存檔,七張表兩種生效時機	
ofd7	中	E.13 OFDM199 定額優惠「迄日」檢核方向存疑 —— 嚴重度 中(標「假設」)	OFDM199	E.13 OFDM199 定額優惠「迄日」檢核方向存疑	Dev/ATLAS.OFD/Source/UI/UI.OFD/OFDM199.cs:236
ofd7	低	E.14 Oracle 三值邏輯:<> 遇 NULL —— 嚴重度 低(目前不發作)	OFDM206	E.14 Oracle 三值邏輯:<> 遇 NULL	Dev/ATLAS.OFD/Source/PO/PO.OFD/OFDM206_PO.cs:69
ofd7	中	E.15 OFD206.BF_SRNO 在匯入流程裡裝的是戶號 —— 嚴重度 中(易誤判)	OFDM206	E.15 OFD206.BF_SRNO 在匯入流程裡裝的是戶號	Dev/ATLAS.OFD/Source/UI/UI.OFD/OFDM206p0.cs:106
ofd7	高	E.16 OFDM206_PO.CheckData 是一個可執行任意 SQL 的伺服端入口 —— 嚴重度 高	OFDM206	E.16 OFDM206_PO.CheckData 是一個可執行任意 SQL 的伺服端入口	Dev/ATLAS.OFD/Source/PO/PO.OFD/OFDM206_PO.cs:221-269
ofd7	高	E.17 字串串接進 SQL —— 嚴重度 高(範圍廣)	OFDM194	OFDM194 · FUND_ID CRNCY_CD BF_NO FEE_TYPE	Dev/ATLAS.OFD/Source/PO/PO.OFD/OFDM194_PO.cs:361-385
ofd7	高	E.17 字串串接進 SQL —— 嚴重度 高(範圍廣)	OFDM194	OFDM194 · string.Format 拼 BF_NO 與 FUND_ID	Dev/ATLAS.OFD/Source/PO/PO.OFD/OFDM194_PO.cs:418-436
ofd7	高	E.17 字串串接進 SQL —— 嚴重度 高(範圍廣)	OFDM194	OFDM194 · :311 · DataTable.Select() 的過濾字串	Dev/ATLAS.OFD/Source/PO/PO.OFD/OFDM194_PO.cs:306
ofd7	高	E.17 字串串接進 SQL —— 嚴重度 高(範圍廣)	OFDM194B, OFDM194	OFDM194B · 同 OFDM194	Dev/ATLAS.OFD/Source/PO/PO.OFD/OFDM194B_PO.cs:202-226
ofd7	高	E.17 字串串接進 SQL —— 嚴重度 高(範圍廣)	OFDM195	OFDM195 · 六個查詢條件	Dev/ATLAS.OFD/Source/PO/PO.OFD/OFDM195_PO.cs:188-278
ofd7	高	E.17 字串串接進 SQL —— 嚴重度 高(範圍廣)	OFDM195	OFDM195 · 四個查詢條件	Dev/ATLAS.OFD/Source/PO/PO.OFD/OFDM195_PO.cs:339-394
ofd7	高	E.17 字串串接進 SQL —— 嚴重度 高(範圍廣)	OFDM197	OFDM197 · MKT_ID ID_NO BF_NO,含 LIKE	Dev/ATLAS.OFD/Source/PO/PO.OFD/OFDM197_PO.cs:134-175
ofd7	高	E.17 字串串接進 SQL —— 嚴重度 高(範圍廣)	OFDM197	OFDM197 · string.Format 拼 MKT_ID	Dev/ATLAS.OFD/Source/PO/PO.OFD/OFDM197_PO.cs:200
ofd7	高	E.17 字串串接進 SQL —— 嚴重度 高(範圍廣)	OFDM198	OFDM198 · FUND_ID DISC_CODE BF_NO FEE_TYPE	Dev/ATLAS.OFD/Source/PO/PO.OFD/OFDM198_PO.cs:203-221
ofd7	高	E.17 字串串接進 SQL —— 嚴重度 高(範圍廣)	OFDM199	OFDM199 · 自寫的 AddParam,全部值直接串	Dev/ATLAS.OFD/Source/PO/PO.OFD/OFDM199_PO.cs:500-513
ofd7	高	E.17 字串串接進 SQL —— 嚴重度 高(範圍廣)	OFDM206	OFDM206 · string.Join(" OR ", … string.Format("BF_NO = {0}", r.BF_SRNO))	Dev/ATLAS.OFD/Source/PO/PO.OFD/OFDM206_PO.cs:146-148
ofd7	高	E.17 字串串接進 SQL —— 嚴重度 高(範圍廣)	OFDM213	OFDM213 · :88、:148、:183 · FUND_ID / BF_NO	Dev/ATLAS.OFD/Source/PO/PO.OFD/OFDM213_PO.cs:73
ofd7	高	E.17 字串串接進 SQL —— 嚴重度 高(範圍廣)	OFDM214	OFDM214 · :93、:120、:176、:292 · FUND_ID / BF_NO,其中 :292 是把整句子查詢串進 IN ( )	Dev/ATLAS.OFD/Source/PO/PO.OFD/OFDM214_PO.cs:62
ofd7	高	E.17 字串串接進 SQL —— 嚴重度 高(範圍廣)	OFDM215	OFDM215 · :124、:211、:238、:310 · 同上	Dev/ATLAS.OFD/Source/PO/PO.OFD/OFDM215_PO.cs:74
ofd7	中	E.18 catch 內第一行就 tran.Rollback(),原始例外可能被蓋掉 —— 嚴重度 中	OFDM197, OFDM206, OFDM194	E.18 catch 內第一行就 tran.Rollback(),原始例外可能被蓋掉	Dev/ATLAS.OFD/Source/PO/PO.OFD/OFDM197_PO.cs:276-282
ofd7	中	E.19 死碼比例 —— 嚴重度 中	OFDM195	1,724 · :506-1722 · 71%	Dev/ATLAS.OFD/Source/PO/PO.OFD/OFDM195_PO.cs
ofd7	中	E.19 死碼比例 —— 嚴重度 中	OFDM214	1,040 · :313-1038 · 70%	Dev/ATLAS.OFD/Source/Control/Control.OFD/OFDM214_Ctl.cs
ofd7	中	E.19 死碼比例 —— 嚴重度 中	OFDM199	1,443 · :539-583 + :586-857 + :861-1441 · 62%	Dev/ATLAS.OFD/Source/PO/PO.OFD/OFDM199_PO.cs
ofd7	中	E.19 死碼比例 —— 嚴重度 中	OFDM199A	152 · :45-148 · 68%(而且整個檔不在 csproj)	Dev/ATLAS.OFD/Source/FormProxy/FormProxy.OFD/OFDM199A_Pxy.cs
ofd7	中	E.20 OFDM197p0 匯入的兩個靜默行為 —— 嚴重度 中		覆寫確認後的第二次 BatchAdd 回傳值沒被檢查,下一行無條件顯示「複製成功」	Dev/ATLAS.OFD/Source/UI/UI.OFD/OFDM197p0.cs:88-92
ofd7	中	E.20 OFDM197p0 匯入的兩個靜默行為 —— 嚴重度 中		CSV 讀到空行就 break,後面的戶號全部靜默丟掉	Dev/ATLAS.OFD/Source/UI/UI.OFD/OFDM197p0.cs:116-117
ofd7	低	E.21 Result[0] 未檢查 Count 就取用 —— 嚴重度 低		E.21 Result[0] 未檢查 Count 就取用	Dev/ATLAS.OFD/Source/UI/UI.OFD/OFDM197p0.cs:95
ofd7	中	E.22 寫死常數彙整 —— 嚴重度 中	OFDM191, OFDM193, OFDM194, OFDM194B, OFDM196, OFDM198	BNG_AMT = 1 · 群組第一列	Dev/ATLAS.OFD/Source/PO/PO.OFD/OFDM191_PO.cs:92
ofd7	中	E.22 寫死常數彙整 —— 嚴重度 中	OFDM192	BNG_YEAR = 1900 · 同上	Dev/ATLAS.OFD/Source/PO/PO.OFD/OFDM192_PO.cs:82
ofd7	中	E.22 寫死常數彙整 —— 嚴重度 中	OFDM193	'Atlas' · 境內基金公司代碼〔客戶特定〕	Dev/ATLAS.OFD/Source/UI/UI.OFD/OFDM193.cs:572
ofd7	中	E.22 寫死常數彙整 —— 嚴重度 中	OFDM214, OFDM215	'ALL FUNDS' · 「所有基金」的魔術字串	Dev/ATLAS.OFD/Source/PO/PO.OFD/OFDM214_PO.cs:281
ofd7	中	E.22 寫死常數彙整 —— 嚴重度 中	OFDM197	'C' / '301' · SOURCE_CD 批次轉入 / 已覆核	Dev/ATLAS.OFD/Source/PO/PO.OFD/OFDM197_PO.cs:246
ofd7	中	E.22 寫死常數彙整 —— 嚴重度 中	OFDM206	'301' · :298 · 已覆核	Dev/ATLAS.OFD/Source/PO/PO.OFD/OFDM206_PO.cs:185
ofd7	中	E.22 寫死常數彙整 —— 嚴重度 中	OFDM206	etraflg='Y' + trim(openday) is not null · EC 已開戶〔客戶特定〕	Dev/ATLAS.OFD/Source/PO/PO.OFD/OFDM206_PO.cs:300-301
ofd7	中	E.22 寫死常數彙整 —— 嚴重度 中	OFDM191, OFDM192	1m / 999999999999m / 1900m / 9999m · 階梯上下界	Dev/ATLAS.OFD/Source/UI/UI.OFD/OFDM191.cs:210
ofd7	低	E.23 OFD687A 的欄名拼錯成 COMPAIGN_CODE —— 嚴重度 低(已被程式繞過)	OFDM199	E.23 OFD687A 的欄名拼錯成 COMPAIGN_CODE	Dev/ATLAS.OFD/Source/PO/PO.OFD/OFDM199_PO.cs:493-494
ofd7	中	E.24 BMS 側 OFD206 的 ROWNUM = 1 配上整批 DELETE —— 嚴重度 中(標「假設」)	BMSM001	E.24 BMS 側 OFD206 的 ROWNUM = 1 配上整批 DELETE	Dev/ATLAS.BMS/Source/PO/PO.BMS/BMSM001_PO.cs:1129
ofd8	高	E-1 整代基底跑不動:七支畫面掛在未賦值的連線上	OFDM242, OFDM284, OFDM285, OFDM321, OFDM331, OFDM344, OFDM361	BasicEVAPO 與 MultiRowEVAPO 的建構子把 dbTA / dbPTPF 的賦值整段註解,欄位停在 null;Add 第一行就 dbTA.CreateConnection()	Dev/Common/Source/Base/TA.DataAccess/BasicEVAPO.cs:167-175
ofd8	高	E-1 整代基底跑不動:七支畫面掛在未賦值的連線上	OFDM242	OFDM242_PO 自己的 m_db 也被註解成 null,GetMasterData 直接 m_db.CreateConnection()	Dev/ATLAS.OFD/Source/PO/PO.OFD/OFDM242_PO.cs:31-32
ofd8	高	E-1 整代基底跑不動:七支畫面掛在未賦值的連線上	OFDM242	OFDM242_PO.BeforeApproveDelete 是整段 T-SQL 批次:DECLARE @FUND_ID VARCHAR(10)、DECLARE CURSOR + @@FETCH_STATUS、參數型別用 SqlDbType.NVarChar	Dev/ATLAS.OFD/Source/PO/PO.OFD/OFDM242_PO.cs:63-131
ofd8	高	E-1 整代基底跑不動:七支畫面掛在未賦值的連線上	OFDM242	OFDM242_PO 查詢 SQL 用 CONVERT(VARCHAR(10), …, 111)、@REDEM_DATE 具名參數	Dev/ATLAS.OFD/Source/PO/PO.OFD/OFDM242_PO.cs:1192
ofd8	高	E-1 整代基底跑不動:七支畫面掛在未賦值的連線上	OFDM284, OFDM321, OFDM331, OFDM344	OFDM284 OFDM321 OFDM331 OFDM344 的 live SQL 仍用 SQL Server 方括號識別字 [BMS001] [OFD286A] [LOG106] [OFD321] [OFD322] [OFD331] [OFD332] [OFD335] [OFD344]	Dev/ATLAS.OFD/Source/PO/PO.OFD/OFDM284_PO.cs:222
ofd8	高	E-2 Oracle 三值邏輯:欄 <> '值' 遇 NULL 靜默過濾	OFDM271	(OFD272A.TRN_CD<>'3' OR (OFD272A.TRN_CD='3' AND OFD251A.DOC_NID<>'Y')) · DOC_NID 是 left join 來的,沒有對應買回書時必為 NULL → 整條 UNKNOWN → 該筆缺件在「到件回復」清單上消失。同一行的註解還寫「DOC_NID可以是空白或N」,顯示作者只想到空白	Dev/ATLAS.OFD/Source/PO/PO.OFD/OFDM271_PO.cs:277
ofd8	高	E-2 Oracle 三值邏輯:欄 <> '值' 遇 NULL 靜默過濾	OFDM231A	AND OFD251A.REDEM_PROC_CODE <> '3' · 未結帳的買回書若 REDEM_PROC_CODE 為 NULL,會被當成「已結帳」排除	Dev/ATLAS.OFD/Source/PO/PO.OFD/OFDM231A_PO.cs:1325
ofd8	高	E-2 Oracle 三值邏輯:欄 <> '值' 遇 NULL 靜默過濾	OFDM231A	AND B.REDEM_PROC_CODE<>'3' · 同上	Dev/ATLAS.OFD/Source/PO/PO.OFD/OFDM231A_PO.cs:1445
ofd8	中	E-2 Oracle 三值邏輯:欄 <> '值' 遇 NULL 靜默過濾	OFDM231A	AND ALLOT_CTL_CODE <> '0' · 控制碼為 NULL 的過帳控制列被漏掉	Dev/ATLAS.OFD/Source/PO/PO.OFD/OFDM231A_PO.cs:2418
ofd8	中	E-2 Oracle 三值邏輯:欄 <> '值' 遇 NULL 靜默過濾	OFDM231A	AND BF_NATIONALITY <> '0001' · 國籍未填的受益人被當成本國人排除	Dev/ATLAS.OFD/Source/PO/PO.OFD/OFDM231A_PO.cs:2955
ofd8	中	E-2 Oracle 三值邏輯:欄 <> '值' 遇 NULL 靜默過濾	OFDM221A	AND BF_NATIONALITY <> '0001' · 同上	Dev/ATLAS.OFD/Source/PO/PO.OFD/OFDM221A_PO.cs:2316
ofd8	中	E-2 Oracle 三值邏輯:欄 <> '值' 遇 NULL 靜默過濾	OFDM231A	AND RSP_TYPE<>'2' · 定期定額型別未填的契約被漏掉	Dev/ATLAS.OFD/Source/PO/PO.OFD/OFDM231A_PO.cs:3230
ofd8	中	E-2 Oracle 三值邏輯:欄 <> '值' 遇 NULL 靜默過濾	OFDM231A	AND RSP006A.RSP_TYPE <> '2' · 同上	Dev/ATLAS.OFD/Source/PO/PO.OFD/OFDM231A_PO.cs:3254
ofd8	低	E-2 Oracle 三值邏輯:欄 <> '值' 遇 NULL 靜默過濾	OFDM242	WHERE OFD651A.EC_REDEM_PCODE <> '4' · 同上(該支本來就跑不動,見 E-1)	Dev/ATLAS.OFD/Source/PO/PO.OFD/OFDM242_PO.cs:915
ofd8	低	E-2 Oracle 三值邏輯:欄 <> '值' 遇 NULL 靜默過濾	OFDM242	WHERE OFD656.EC_REDEM_PCODE <> '4' · 同上	Dev/ATLAS.OFD/Source/PO/PO.OFD/OFDM242_PO.cs:922
ofd8	中	E-2 Oracle 三值邏輯:欄 <> '值' 遇 NULL 靜默過濾	OFDM221A	dt.Select("COMPARE_NO<>''")	Dev/ATLAS.OFD/Source/UI/UI.OFD/OFDM221A.cs:2042
ofd8	中	E-2 Oracle 三值邏輯:欄 <> '值' 遇 NULL 靜默過濾	OFDM221A	dt.Select("REMIT_CTL_NO <> ''")	Dev/ATLAS.OFD/Source/UI/UI.OFD/OFDM221A.cs:2066
ofd8	中	E-2 Oracle 三值邏輯:欄 <> '值' 遇 NULL 靜默過濾	OFDM221A	UIView.OFD272.Select("GET_COPY_DATE<>''")	Dev/ATLAS.OFD/Source/UI/UI.OFD/OFDM221A.cs:1793
ofd8	低	E-2 Oracle 三值邏輯:欄 <> '值' 遇 NULL 靜默過濾	OFDM221A	dt.Select("ALLOT_DATE <> '' ")	Dev/ATLAS.OFD/Source/UI/UI.OFD/OFDM221A.cs:891
ofd8	中	E-2 Oracle 三值邏輯:欄 <> '值' 遇 NULL 靜默過濾	OFDM231A	m_view.OFD272.Select("GET_COPY_UID<>''")	Dev/ATLAS.OFD/Source/UI/UI.OFD/OFDM231A.cs:2777
ofd8	高	E-3 成對畫面 / 成對路徑只改一邊	OFDM231A	OFDM231A 轉申購:新增走 156 行逐欄指派,修改只同步 1 個欄位	Dev/ATLAS.OFD/Source/PO/PO.OFD/OFDM231A_PO.cs:1936-2105
ofd8	中	E-3 成對畫面 / 成對路徑只改一邊	OFDM220, OFDM232	OFDM220 的 OFD303A 更新在 2009 年從 BeforeAdd 改到 AfterAdd,OFDM232 沒跟	Dev/ATLAS.OFD/Source/PO/PO.OFD/OFDM220_PO.cs:47-48
ofd8	中	E-3 成對畫面 / 成對路徑只改一邊	OFDM220, OFDM232	同一組 UPDATE,OFDM220 綁參數並寫 UPDATEID / UPDATEDATE,OFDM232 用 string.Format 串字串且不寫更新者	Dev/ATLAS.OFD/Source/PO/PO.OFD/OFDM220_PO.cs:113-131
ofd8	中	E-3 成對畫面 / 成對路徑只改一邊	OFDM281	OFDM281 的「已產生配息資料不得修改 / 刪除」:修改路徑硬化成 Int32.TryParse,刪除路徑仍是 Convert.ToInt32	Dev/ATLAS.OFD/Source/UI/UI.OFD/OFDM281.cs:399
ofd8	中	E-3 成對畫面 / 成對路徑只改一邊	OFDM300, OFDM301	OFDM300 用 Convert.ToDecimal 判斷匯率,OFDM301 用 Convert.ToDouble	Dev/ATLAS.OFD/Source/UI/UI.OFD/OFDM300.cs:149
ofd8	中	E-3 成對畫面 / 成對路徑只改一邊	OFDM221A	OFDM221A 刪除卡控:按鈕層用 DataTable.Select 運算式、列層用欄位直接比較	Dev/ATLAS.OFD/Source/UI/UI.OFD/OFDM221A.cs:2041-2071
ofd8	低	E-3 成對畫面 / 成對路徑只改一邊	OFDM302	OFDM302 刪除卡控同上:按鈕層 Select("NAV_LOCK='…'")、列層 row.NAV_LOCK == …	Dev/ATLAS.OFD/Source/UI/UI.OFD/OFDM302.cs:265
ofd8	低	E-3 成對畫面 / 成對路徑只改一邊	OFDM286	OFDM286 的「同一基金僅可有一筆生效中資料」在新增列與修改列各寫一次	Dev/ATLAS.OFD/Source/UI/UI.OFD/OFDM286.cs:307
ofd8	中	E-3 成對畫面 / 成對路徑只改一邊	OFDM221A, OFDB310	OFDM221A 與 OFDB310 對 OFD272A 的取數 SQL 幾乎逐字相同,分別維護	Dev/ATLAS.OFD/Source/PO/PO.OFD/OFDM221A_PO.cs:913-928
ofd8	高	E-4 手寫逐欄對應與漏欄	OFDM231A	OFDM231A 轉申購的 156 行手寫指派(row220.* 與 row221.*)	Dev/ATLAS.OFD/Source/PO/PO.OFD/OFDM231A_PO.cs:1936-2105
ofd8	高	E-4 手寫逐欄對應與漏欄	OFDM231A	同上的修改分支 FindByALLOT_NOALLOT_SRNO(row1.ALLOT_NO, 1) 把 ALLOT_SRNO 寫死成 1,回傳值沒有 null 檢查	Dev/ATLAS.OFD/Source/PO/PO.OFD/OFDM231A_PO.cs:2111-2112
ofd8	高	E-4 手寫逐欄對應與漏欄	OFDM331	OFDM331_PO.BeforeAdd 建了三個明細 row 卻從未 Add*Row,COMPLAIN_NO 設在孤兒物件上;被註解掉的舊版反而會重新指向 Rows[0] 且處理四張明細	Dev/ATLAS.OFD/Source/PO/PO.OFD/OFDM331_PO.cs:103-105
ofd8	中	E-4 手寫逐欄對應與漏欄	OFDM221A	OFDM221A 的明細取數靠 LoadDataSet 的 7 個表名參數與 SQL 段落順序對齊	Dev/ATLAS.OFD/Source/PO/PO.OFD/OFDM221A_PO.cs:127-136
ofd8	高	E-5 字串串接進 SQL	OFDM091	OFDM091	Dev/ATLAS.OFD/Source/PO/PO.OFD/OFDM091_PO.cs:134
ofd8	高	E-5 字串串接進 SQL	OFDM233	OFDM233	Dev/ATLAS.OFD/Source/PO/PO.OFD/OFDM233_PO.cs:149
ofd8	高	E-5 字串串接進 SQL	OFDM243A	OFDM243A	Dev/ATLAS.OFD/Source/PO/PO.OFD/OFDM243A_PO.cs:168
ofd8	高	E-5 字串串接進 SQL	OFDM264	OFDM264	Dev/ATLAS.OFD/Source/PO/PO.OFD/OFDM264_PO.cs:237
ofd8	高	E-5 字串串接進 SQL	OFDM281	OFDM281	Dev/ATLAS.OFD/Source/PO/PO.OFD/OFDM281_PO.cs:164
ofd8	高	E-5 字串串接進 SQL	OFDM284	OFDM284	Dev/ATLAS.OFD/Source/PO/PO.OFD/OFDM284_PO.cs:222
ofd8	高	E-5 字串串接進 SQL	OFDM297	OFDM297	Dev/ATLAS.OFD/Source/PO/PO.OFD/OFDM297_PO.cs:101
ofd8	高	E-5 字串串接進 SQL	OFDM321	OFDM321	Dev/ATLAS.OFD/Source/PO/PO.OFD/OFDM321_PO.cs:163
ofd8	高	E-5 字串串接進 SQL	OFDM331	OFDM331	Dev/ATLAS.OFD/Source/PO/PO.OFD/OFDM331_PO.cs:230
ofd8	高	E-5 字串串接進 SQL	OFDM344	OFDM344	Dev/ATLAS.OFD/Source/PO/PO.OFD/OFDM344_PO.cs:198
ofd8	高	E-5 字串串接進 SQL	OFDM271	UPDATE OFD272A SET GET_COPY_DATE=' ', …, TRN_MEMO='<使用者輸入>' WHERE TRN_CD='…' AND TRN_NO='…';只有 TRN_MEMO 走 ConvertTo.OracleString 跳脫,其餘直接串	Dev/ATLAS.OFD/Source/PO/PO.OFD/OFDM271_PO.cs:92-113
ofd8	高	E-5 字串串接進 SQL	OFDM271	同上,GET_COPY_DATE 直接串畫面輸入值	Dev/ATLAS.OFD/Source/PO/PO.OFD/OFDM271_PO.cs:128-151
ofd8	高	E-6 一律回報成功 / 失敗訊息是空字串	OFDM271	OFDM271_PO.Execute 五個失敗出口有四個回 AddResultRow(false, 0, "")	Dev/ATLAS.OFD/Source/PO/PO.OFD/OFDM271_PO.cs:112
ofd8	中	E-6 一律回報成功 / 失敗訊息是空字串	OFDM271	OFDM271_PO.Execute 成功時回的筆數是 Convert.ToInt32(j),j 是最後一次 ExecuteScalar 的結果,不是更新筆數;沒走到 ExecuteScalar 時 j 為 null → 回 0 筆但標記成功	Dev/ATLAS.OFD/Source/PO/PO.OFD/OFDM271_PO.cs:205
ofd8	中	E-6 一律回報成功 / 失敗訊息是空字串	OFDM271	OFDM271_PO.Execute 內外兩層 catch 都會 AddResultRow,內層已經 rollback + 寫結果,外層再寫一次	Dev/ATLAS.OFD/Source/PO/PO.OFD/OFDM271_PO.cs:207-226
ofd8	中	E-6 一律回報成功 / 失敗訊息是空字串	OFDM221A, OFDM231A, CASM001	OFDM221A / OFDM231A 的 After 掛點共 15 處 throw new ApplicationException("") —— 空訊息	Dev/ATLAS.OFD/Source/PO/PO.OFD/OFDM221A_PO.cs:2678-2741
ofd8	高	E-6 一律回報成功 / 失敗訊息是空字串	OFDM331	OFDM331_PO.BeforeAdd 的 catch 吞掉例外後方法正常返回	Dev/ATLAS.OFD/Source/PO/PO.OFD/OFDM331_PO.cs:143-148
ofd8	中	E-6 一律回報成功 / 失敗訊息是空字串	CASM001, OFDM221A, OFDM231A, OFDM270, OFDM337	四支 Ctl 直接讀 result.Util.Result[0] 組成功訊息,沒檢查 Count	Dev/ATLAS.OFD/Source/Control/Control.OFD/OFDM221A_Ctl.cs:59
ofd8	中	E-7 被註解掉但外殼還在的檢核與程式	OFDM221A	「此 推薦人 不存在該 通路代碼」檢核	Dev/ATLAS.OFD/Source/UI/UI.OFD/OFDM221A.cs:806
ofd8	中	E-7 被註解掉但外殼還在的檢核與程式	OFDM221A	「交易方式為傳真時,需可傳真交易」檢核	Dev/ATLAS.OFD/Source/UI/UI.OFD/OFDM221A.cs:1034
ofd8	低	E-7 被註解掉但外殼還在的檢核與程式	OFDM221A	TDCC 來源原本是「詢問 + bypass」,現改為硬擋,舊分支整段留著	Dev/ATLAS.OFD/Source/UI/UI.OFD/OFDM221A.cs:2030-2038
ofd8	中	E-7 被註解掉但外殼還在的檢核與程式	OFDM264	「資料內容必填」「補位字元必填」	Dev/ATLAS.OFD/Source/UI/UI.OFD/OFDM264.cs:288
ofd8	低	E-7 被註解掉但外殼還在的檢核與程式	OFDM281	舊版「作業處理碼 不為尚未處理時,不得修改／刪除」	Dev/ATLAS.OFD/Source/UI/UI.OFD/OFDM281.cs:389
ofd8	低	E-7 被註解掉但外殼還在的檢核與程式	OFDM302	舊版「淨值日 不存在於 基金代碼[X] 之營業日」	Dev/ATLAS.OFD/Source/UI/UI.OFD/OFDM302.cs:55
ofd8	中	E-7 被註解掉但外殼還在的檢核與程式	OFDM221A	AfterDelete 裡回沖 OFD303A 的整段	Dev/ATLAS.OFD/Source/PO/PO.OFD/OFDM221A_PO.cs:2686-2691
ofd8	低	E-7 被註解掉但外殼還在的檢核與程式	OFDM233	整段舊 SQL Server 版 PO(160 行)	Dev/ATLAS.OFD/Source/PO/PO.OFD/OFDM233_PO.cs:307-466
ofd8	中	E-7 被註解掉但外殼還在的檢核與程式	OFDM331	整段舊 Add / Select override(415 行,比 live 段還長)	Dev/ATLAS.OFD/Source/PO/PO.OFD/OFDM331_PO.cs:390-806
ofd8	低	E-7 被註解掉但外殼還在的檢核與程式	OFDM344	整段舊 Add / Select override(209 行)	Dev/ATLAS.OFD/Source/PO/PO.OFD/OFDM344_PO.cs:250-459
ofd8	中	E-7 被註解掉但外殼還在的檢核與程式	OFDM284	MasterTable.Add(new TableMapping("LOG106", "LOG"))	Dev/ATLAS.OFD/Source/PO/PO.OFD/OFDM284_PO.cs:39
ofd8	中	E-7 被註解掉但外殼還在的檢核與程式	OFDM270	AfterAdd / AfterUpdate / AfterUnDelete 的訂閱	Dev/ATLAS.OFD/Source/PO/PO.OFD/OFDM270_PO.cs:40-42
ofd8	中	E-8 寫死常數與位置取參數	OFDM231A, OFDM271	OFDM231A 用字面量 '3' 表示缺件種類「贖回轉換」,同一支的別處卻用 TRN_CD.RedeemAndSwitch	Dev/ATLAS.OFD/Source/PO/PO.OFD/OFDM231A_PO.cs:1173
ofd8	中	E-8 寫死常數與位置取參數	OFDM271	OFDM271 同一支裡兩種寫法並存:TRN_CD.RedeemAndSwitch 與字面量 '3'	Dev/ATLAS.OFD/Source/PO/PO.OFD/OFDM271_PO.cs:172
ofd8	中	E-8 寫死常數與位置取參數	OFDM231A	REDEM_PROC_CODE == "3"(已結帳)三處字面量,全庫沒有對應的常數類別	Dev/ATLAS.OFD/Source/PO/PO.OFD/OFDM231A_PO.cs:3522
ofd8	中	E-8 寫死常數與位置取參數	OFDM221A	OFDM221A 的缺件查詢寫死 SHORE_ID = '2'(境內)〔客戶特定〕	Dev/ATLAS.OFD/Source/PO/PO.OFD/OFDM221A_PO.cs:924
ofd8	高	E-8 寫死常數與位置取參數	OFDM231A	FindByALLOT_NOALLOT_SRNO(…, 1) 寫死序號 1	Dev/ATLAS.OFD/Source/PO/PO.OFD/OFDM231A_PO.cs:2111
ofd8	低	E-8 寫死常數與位置取參數	OFDM242, OFDM302, OFDM321, OFDB757, OFDM114, OFDM087, OFDM221A	OFDM242 / OFDM302 / OFDM321 的訊息字串直接寫入別的畫面代號(OFDB757 OFDM114 OFDM087)	Dev/ATLAS.OFD/Source/UI/UI.OFD/OFDM242.cs:516
ofd8	中	E-9 無上限重試與死碼	CASM001, OFDM221A, OFDM231A, OFDM337, OFDM331	四支畫面的取號 do { 取號 } while (已存在) 沒有次數上限	Dev/ATLAS.OFD/Source/PO/PO.OFD/OFDM221A_PO.cs:173-176
ofd8	低	E-9 無上限重試與死碼	OFDM221A	OFDM221A_PO.BeforeAdd 建了 EVAUtility util 從未使用(建構子還會產生一顆 Guid)	Dev/ATLAS.OFD/Source/PO/PO.OFD/OFDM221A_PO.cs:165
ofd8	低	E-9 無上限重試與死碼	BMSM001, OFDM221A	同一支的 string bms001_dataid = string.Empty; 宣告後從未使用	Dev/ATLAS.OFD/Source/PO/PO.OFD/OFDM221A_PO.cs:160
ofd8	中	E-9 無上限重試與死碼	OFDM361	OFDM361 三層空類別 + 653 行 Designer + 兩份 655 行 xsd	Dev/ATLAS.OFD/Source/Control/Control.OFD/OFDM361_Ctl.cs:7-9
ofd8	未分級	E-9 無上限重試與死碼	OFDM331	OFDM331_PO.BeforeAdd 的條件 row.COMPLAIN_NO != string.Empty \ · 低	Dev/ATLAS.OFD/Source/PO/PO.OFD/OFDM331_PO.cs:118
ofd8	高	E-10 交易邊界被掛點打破	OFDM331	OFDM331_PO.BeforeAdd 在 Before* 掛點裡直接 args.DbTran.Rollback() 然後 throw	Dev/ATLAS.OFD/Source/PO/PO.OFD/OFDM331_PO.cs:122-123
ofd8	高	E-10 交易邊界被掛點打破	OFDM231A	OFDM231A_PO.BeforeUpdate 在主檔階段 改動 this.DetailTable(Clear() 後只加 OFD272A)	Dev/ATLAS.OFD/Source/PO/PO.OFD/OFDM231A_PO.cs:3527-3528
ofd8	中	E-10 交易邊界被掛點打破	OFDM271	OFDM271_PO.Execute 自己 BeginTransaction / Commit,不在 EVA 交易內	Dev/ATLAS.OFD/Source/PO/PO.OFD/OFDM271_PO.cs:65
ofd8	中	E-11 命名與檔案結構的陷阱	OFDM242	OFDM242 的 xsd DataTable 叫 OFDM643 / OFDM643_Detail / OFDM643_Chk,而全庫沒有 OFDM643 這支畫面	Dev/ATLAS.OFD/Source/Entity/DataEntity.OFD8/OFDM242Model.xsd
ofd8	低	E-11 命名與檔案結構的陷阱	OFDM221A	OFDM221A_PO 的介面叫 IOFDM221_PO(少一個 A)	Dev/ATLAS.OFD/Source/PO/PO.OFD/OFDM221A_PO.cs:25
ofd8	低	E-11 命名與檔案結構的陷阱	OFDM231A	OFDM231A 的意定代理人 vdb 叫 OFD231A_AGENT,實體表卻是 OFD251A_AGENT	Dev/ATLAS.OFD/Source/PO/PO.OFD/OFDM231A_PO.cs:78
ofd8	中	E-11 命名與檔案結構的陷阱	OFDM331	OFDM331 的 _K 後綴在「客訴」與「處理」兩組裡語意相反(§2.1)	Dev/ATLAS.OFD/Source/PO/PO.OFD/OFDM331_PO.cs:34-37
ofd8	中	E-11 命名與檔案結構的陷阱	OFDM271	OFDM271 代號是 M 但繼承 xOneStepProcessForm,行為是 B	Dev/ATLAS.OFD/Source/UI/UI.OFD/OFDM271.cs:28
ofd8	中	E-11 命名與檔案結構的陷阱		OFD270A 實體只有 2 欄,vdb 卻有 43 欄(41 欄是 join 來的)	Dev/ATLAS.OFD/Source/Entity/DataEntity.OFD8/OFDM270Model.xsd
ofd8	低	E-11 命名與檔案結構的陷阱	OFDM264	OFDM264_Ctl 自己定義私有的 ExecPOActionToViewVDB,不用基底版本	Dev/ATLAS.OFD/Source/Control/Control.OFD/OFDM264_Ctl.cs:284
ofd8	未分級	E-11 命名與檔案結構的陷阱		本片所有 .cs 實測皆為可解碼的 UTF-8,無非 UTF-8 來源檔、無 null bytes	Dev/ATLAS.OFD/Source/Entity/DataEntity.OFD8/OFDM242Model.xsd
ofd8	未分級	E-12 讀這份文件本身要注意的	OFDM221A, OFDM302	E-12 讀這份文件本身要注意的	
ofd9	高	E.1 高	OFDM931B, OFDM931A, CASB001	OFDM931B 的覆核閘門 AND / OR 缺括號:AND (A='OFDM931A' AND STATUS IN ('301','302') OR A='OFDM931B')。AND 優先序高,後半段完全不看狀態	Dev/ATLAS.OFD/Source/PO/PO.OFD/OFDM931B_PO.cs:175
ofd9	高	E.1 高	OFDM724, OFDM723	OFDM724 的四個 WHERE 用裸 = '' / <> '',同組的 OFDM723 四個分支全部用 NVL(欄,' ')	Dev/ATLAS.OFD/Source/PO/PO.OFD/OFDM724_PO.cs:60
ofd9	高	E.1 高	OFDM724, OFDM723, OFDM725	OFDM724 的「只處理勾選列」整段被註解(//if (Convert.ToBoolean(drw.IsCheck)) 連同 //{ //}),UI 側「至少須註記一筆資料」也被註解	Dev/ATLAS.OFD/Source/PO/PO.OFD/OFDM724_PO.cs:100-101
ofd9	高	E.1 高	OFDM431, OFDM431bb	OFDM431 缺「基金已在其他群組」檢核、OFDM431bb 缺 FEE_CALDT_TYPE 欄位——同一張 OFD431A 的兩支維護畫面各漏一半	Dev/ATLAS.OFD/Source/UI/UI.OFD/OFDM431.cs:140-150
ofd9	高	E.1 高	OFDM450, OFDM454, OFDM456	OFDM450 的「同機構計算戶號重複」檢核整段被 /* */ 註解,OFDM454 / OFDM456 都有。方法名與失敗訊息仍寫「計算戶號、計算基金」	Dev/ATLAS.OFD/Source/PO/PO.OFD/OFDM450_PO.cs:542-561
ofd9	高	E.1 高	OFDM450	IsExistSameData / IsExistSameBFData / IsExistSameAgent 三支各建一條 DbConnection 卻沒有 finally { conn.Close(); }(同檔的 IsExistSameDate 有)	Dev/ATLAS.OFD/Source/PO/PO.OFD/OFDM450_PO.cs:537
ofd9	高	E.1 高	OFDM450, OFDM454, OFDM456	Oracle 三值邏輯:BMS001A.TRUST_AGENT_CODE <> :AGENT_CODE 判斷「開戶機構與契約機構不同」	Dev/ATLAS.OFD/Source/PO/PO.OFD/OFDM450_PO.cs:726
ofd9	高	E.1 高	OFDM721	Oracle 三值邏輯:OFD724.PRT_UID <> ''「過濾已列印的資料」,而同一支檔的 INSERT 把 @PRT_UID 綁成 string.Empty	Dev/ATLAS.OFD/Source/PO/PO.OFD/OFDM721_PO.cs:91
ofd9	高	E.1 高	OFDM722, OFDM725, OFDM700, OFDM723, OFDM541	Oracle 三值邏輯:PRT_UID<>''、PRT_DTTM<>'1900/01/01'、CER_SOURCE<>'5'、VISA_RTN_DTTM <> '1900/1/1'、CER_TAKE_UID <>''、CTL014.IsDefault <> '1'、OFD724.BF_CTL_SRNO <> '0'、PROJ <> ' ' 八處	Dev/ATLAS.OFD/Source/PO/PO.OFD/OFDM722_PO.cs:114
ofd9	高	E.1 高	OFDM432, OFDM434	DECODE(EXPIRE_DATE, ' ', '99991231', EXPIRE_DATE) 把「一個空白」當無限遠,但 DECODE 用 = 比對,NULL 比不到	Dev/ATLAS.OFD/Source/PO/PO.OFD/OFDM432_PO.cs:212
ofd9	高	E.1 高	OFDM721, OFDM369, OFDM907, OFDM913A	五支畫面在 INSERT 時把 Status 寫死 '301'(已覆核),EntryID / VerifyID / ApproveID 全綁同一人	Dev/ATLAS.OFD/Source/PO/PO.OFD/OFDM721_PO.cs:271-279
ofd9	高	E.1 高	OFDM374	OFDM374 在 AfterAdd / AfterUpdate 就寫 BMS001,只有刪除等到 AfterApproveDelete	Dev/ATLAS.OFD/Source/PO/PO.OFD/OFDM374_PO.cs:235-264
ofd9	高	E.1 高	OFDM374, OFDM375, OFDM376, OFDM377	OFDM374 / OFDM375(及 OFDM376 / OFDM377)對同一張表,一支走四眼、一支不走	Dev/ATLAS.OFD/Source/PO/PO.OFD/OFDM374_PO.cs:36-45
ofd9	高	E.1 高	OFDM721, OFDM722, OFDM931A, OFDM931B, OFDM907, OFDM913A, OFDM725, OFDM450	字串串接進 SQL,17 處:UpdateID='" + strUserID + "'(OFDM721 四處、OFDM722 三處)、IN (" + strBF_NO + ")(E 線三支各三處)、" AND " + Row.Name + " = '" + Row.Value + "'"(OFDM931A / OFDM931B 各兩處)、"AND " + Row1.Name + "=" + Row1.Value(OFDM722)、string.Format 串 BF_NO …	Dev/ATLAS.OFD/Source/PO/PO.OFD/OFDM721_PO.cs:294
ofd9	高	E.1 高	OFDM907, OFDM913A	string.Join("OR", …) 組 WHERE,DataTable 為空就產生 WHERE 結尾的語法錯 SQL	Dev/ATLAS.OFD/Source/PO/PO.OFD/OFDM907_PO.cs:118-121
ofd9	高	E.1 高	OFDM907	OFDM907.CheckBFExists 用 COUNT(0) 對比 grid 列數	Dev/ATLAS.OFD/Source/PO/PO.OFD/OFDM907_PO.cs:150-160
ofd9	高	E.1 高	OFDM450, OFDM454, OFDM456	catch 之後 AddResultRow(false, …),而正常路徑的 false 代表「沒有重複」	Dev/ATLAS.OFD/Source/PO/PO.OFD/OFDM450_PO.cs:584-591
ofd9	高	E.1 高	OFDM431bb	OFDM431bb.IsFundExsits 回傳值三義:找不到回 0、找到回 -1、例外也回 -1;而且 SQL 沒排除自己所在的群組	Dev/ATLAS.OFD/Source/PO/PO.OFD/OFDM431bb_PO.cs:111-138
ofd9	高	E.1 高	OFDM721	OFDM721.Execute() 五個步驟共用一個 i,只用最後一個值決定 commit / rollback	Dev/ATLAS.OFD/Source/PO/PO.OFD/OFDM721_PO.cs:487-500
ofd9	高	E.1 高	OFDM721	con.Open() / BeginTransaction() 在 try 外,catch 無條件 tran.Rollback()	Dev/ATLAS.OFD/Source/PO/PO.OFD/OFDM721_PO.cs:152-154
ofd9	高	E.1 高	OFDM725	OFDM725.CheckCER_RUNIT(「已有贖回中單位數,不可取消領回」)整支 80 行被逐行註解,只剩一條 CER_RUNIT = 0 的過濾	Dev/ATLAS.OFD/Source/PO/PO.OFD/OFDM725_PO.cs:399-478
ofd9	高	E.1 高	OFDM725	OFDM725 的 //if (ExecType == "3") 被註解,它管的那一行沒被註解	Dev/ATLAS.OFD/Source/PO/PO.OFD/OFDM725_PO.cs:302-303
ofd9	高	E.1 高	OFDM731	OFDM731 三條必填檢核全被註解(結匯銀行代碼、中文名稱、「明細資料至少要輸入一筆」)	Dev/ATLAS.OFD/Source/UI/UI.OFD/OFDM731.cs:115
ofd9	高	E.1 高	OFDM913A	OFDM913A.CheckEffective 把字串欄 emp_no 跟未加引號的值比:string.Format("… AND emp_no={2}", …, r.EMP_NO)	Dev/ATLAS.OFD/Source/PO/PO.OFD/OFDM913A_PO.cs:391
ofd9	高	E.1 高	OFDM913A	OFDM913A.AfterApprove 的第一段是 DELETE OFD913A_UPD WHERE BF_NO = :BF_NO AND nvl(CONFIRM_ID,' ')<>' '——刪掉這個戶號所有已確認的歷史	Dev/ATLAS.OFD/Source/PO/PO.OFD/OFDM913A_PO.cs:109
ofd9	高	E.1 高	OFDM382	OFDM382 的六處 AddResultRow 全部被註解	Dev/ATLAS.OFD/Source/PO/PO.OFD/OFDM382_PO.cs:264
ofd9	中	E.2 中	OFDM931A, OFDM931B, OFDM371	ReturnCode = true 代表「擋下」,與全庫其他地方相反,出現在 OFDM931A / OFDM931B 的兩道閘門與 OFDM371 的兩句訊息	Dev/ATLAS.OFD/Source/PO/PO.OFD/OFDM931A_PO.cs:155
ofd9	中	E.2 中	OFDM931A, OFDM931B	DoValidate() 兩條分支回同一個值:if (ErrorCount > 0) return true; return true	Dev/ATLAS.OFD/Source/UI/UI.OFD/OFDM931A.cs:86-88
ofd9	中	E.2 中	OFDM931A, OFDM931B	OFDM931A / OFDM931B 讀 Rows[0][0] 不檢查 Rows.Count	Dev/ATLAS.OFD/Source/PO/PO.OFD/OFDM931A_PO.cs:184
ofd9	中	E.2 中	OFDM724	OFDM724 用 grid 第 0 列的 VISA_ID 決定整批要不要更新 OFD721	Dev/ATLAS.OFD/Source/PO/PO.OFD/OFDM724_PO.cs:88
ofd9	中	E.2 中	OFDM724	OFDM724 把 SET 與 WHERE 串在同一個字串裡,套用到 OFD724 與 OFD721 兩張表	Dev/ATLAS.OFD/Source/PO/PO.OFD/OFDM724_PO.cs:57-60
ofd9	中	E.2 中	OFDM723	OFDM723 兩個交易(業務庫 + 平台庫序號)沒有補償:取到簽證號但業務更新失敗,號就跳掉	Dev/ATLAS.OFD/Source/PO/PO.OFD/OFDM723_PO.cs:55-59
ofd9	中	E.2 中	OFDM721, OFDM723	BF_CTL_SRNO 一欄三種型別認知:xsd 是 string、OFDM721_PO 綁 SqlDbType.Int、OFDM723 拿字串 '0' 比	Dev/ATLAS.OFD/Source/PO/PO.OFD/OFDM721_PO.cs:446
ofd9	中	E.2 中	OFDM722	OFDM722 拿字串欄跟數字比:OFD721.CER_STATUS=2(無引號)	Dev/ATLAS.OFD/Source/PO/PO.OFD/OFDM722_PO.cs:112
ofd9	中	E.2 中	OFDM913A	OFDM913A 用 strSQL.ToUpper() 送 SQL	Dev/ATLAS.OFD/Source/PO/PO.OFD/OFDM913A_PO.cs:110
ofd9	中	E.2 中	OFDM913A	if (j == -1) 判斷 DELETE 失敗,而 ExecuteNonQuery 刪 0 列回 0	Dev/ATLAS.OFD/Source/PO/PO.OFD/OFDM913A_PO.cs:114
ofd9	中	E.2 中	OFDM907	OFDM907.CheckExists / CheckEffective 成功時不寫 Result,而且先 Clear() 掉輸入資料	Dev/ATLAS.OFD/Source/PO/PO.OFD/OFDM907_PO.cs:122
ofd9	中	E.2 中	OFDM907	OFDM907 的日期區間查詢:有起日就直接讀迄日,不檢查 null	Dev/ATLAS.OFD/Source/PO/PO.OFD/OFDM907_PO.cs:102-103
ofd9	中	E.2 中	OFDM375, OFDM377, OFDM731, OFDM913A, OFDM531	ex.Message 直接當使用者訊息	Dev/ATLAS.OFD/Source/PO/PO.OFD/OFDM375_PO.cs:413
ofd9	中	E.2 中	OFDM725	throw ex; 重設堆疊	Dev/ATLAS.OFD/Source/PO/PO.OFD/OFDM725_PO.cs:147
ofd9	中	E.2 中		OFD562_T02 在 IF (INSERTING OR UPDATING) 裡用 :OLD.* 當 DELETE 條件	DB/Trigger/OFD562_T02.SQL:38-53
ofd9	中	E.2 中		OFD562_T01 用 NVL(:NEW.BF_NO, :OLD.BF_NO) 查、用 :OLD.BF_NO 寫	DB/Trigger/OFD562_T01.SQL:16
ofd9	中	E.2 中		OFD374 的欄位清單有兩套大小寫並存(DATAID/dataid、STATUS/Status …,共 34 欄),來源是 BMS 與 RSP 兩個模組的 xsd	Dev/ATLAS.BMS/Source/Entity/DataEntity.BMS/BMSM001Model.xsd
ofd9	中	E.2 中		OFD913A_UPD 有三個名字極像的狀態欄:Status(框架)、STATUS(Caption「資料狀態」)、STATUSDESC(Caption 也是「資料狀態」)	Dev/ATLAS.OFD/Source/Entity/DataEntity.OFD9/OFDM913AModel.xsd
ofd9	中	E.2 中	OFDM742, OFDM741, OFDM743	xsd DataTable 名與實體表名交叉錯位:OFDM742 既是畫面也是 DataTable(裝 OFD742 或 OFD743);OFD743 既是實體表也是 DataTable(裝 OFD746)	Dev/ATLAS.OFD/Source/PO/PO.OFD/OFDM741_PO.cs:25
ofd9	中	E.2 中		同一張 OFD431A 有兩組不同命名法的 xsd 與 VDB 並存	Dev/ATLAS.OFD/Source/Entity/DataEntity.OFD9/OFDM431Modelbb.xsd
ofd9	中	E.2 中	OFDM431bb	OFDM431bb 在 foreach 內 new OFDM431bb_Pxy() 逐列遠端呼叫	Dev/ATLAS.OFD/Source/UI/UI.OFD/OFDM431bb.cs:191
ofd9	中	E.2 中	OFDM913A	OFDM913A 五支檢核在 foreach 內逐列查資料庫	Dev/ATLAS.OFD/Source/PO/PO.OFD/OFDM913A_PO.cs:340-357
ofd9	中	E.2 中	OFDM450, OFDM454, OFDM456	OFDM450 的 IsExistSameAgent 有兩段客戶特定分支,OFDM454 / OFDM456 沒有	Dev/ATLAS.OFD/Source/PO/PO.OFD/OFDM450_PO.cs:729-739
ofd9	中	E.2 中	OFDM432	OFD068A_V01 這支 view 不在 DB/View/(只有 _V02)	Dev/ATLAS.OFD/Source/PO/PO.OFD/OFDM432_PO.cs
ofd9	中	E.2 中	OFDM722, OFDM724	f_GetEVAStatus(SQL Server TVF)與 dbo.PADLeft(SQL Server 純量函式)不在版控,且 Oracle 不支援	Dev/ATLAS.OFD/Source/PO/PO.OFD/OFDM722_PO.cs:122
ofd9	中	E.2 中	OFDM721	OFDM721 算好的 DATA_SEQ 被註解掉不用,但兩支取號方法仍然每次都跑(各開一條連線)	Dev/ATLAS.OFD/Source/PO/PO.OFD/OFDM721_PO.cs:160-162
ofd9	中	E.2 中	OFDM374, OFDM376, OFDM711, OFDM712, OFDM713	OFDM374_PO.cs 1,829 行裡 1,222 行(66.8%)是一整塊 /* */ 註解,含一份完整的第二個建構子	Dev/ATLAS.OFD/Source/PO/PO.OFD/OFDM374_PO.cs:604-1824
ofd9	中	E.2 中	OFDM531	OFDM531 的上傳成功訊息寫「已上傳{0}筆指派客戶資料」,這支傳的是匯率	Dev/ATLAS.OFD/Source/PO/PO.OFD/OFDM531_PO.cs:207
ofd9	中	E.2 中	OFDM450, OFDM454, OFDM456, BBSM013	OFDM450 那段被註解的重複檢核裡,訊息指到錯誤的 grid(ugrdSAL912A,應為 ugrdSAL913A);OFDM454 / OFDM456 的對應位置指對了	Dev/ATLAS.OFD/Source/UI/UI.OFD/OFDM450.cs:439
ofd9	中	E.2 中	OFDM450, OFDM454	迴圈遇壞列 break:被註解的重複檢核區塊裡用 break 跳出整個 foreach,只回報第一筆重複	Dev/ATLAS.OFD/Source/UI/UI.OFD/OFDM450.cs:442
ofd9	中	E.2 中	OFDM871, OFDM741, OFDM742	詢問型訊息走失敗通道:「…是否繼續執行?」「…請確認是否仍要修改?」「已設定 KYC 問卷分數等級對應,是否刪除?」三處都用 AddResultRow(false, …)	Dev/ATLAS.OFD/Source/PO/PO.OFD/OFDM871_PO.cs:299
ofd9	中	E.2 中	OFDM482A	OFDM482A 把日期字串塞進 ReturnMessage 當資料值回傳	Dev/ATLAS.OFD/Source/PO/PO.OFD/OFDM482A_PO.cs:231
ofd9	中	E.2 中	OFDM931A, OFDM399	寫死中文字串當判斷條件:EMP_NAME='未到職'、KPI 名稱含「質化目標」	Dev/ATLAS.OFD/Source/UI/UI.OFD/OFDM931A.cs:83
ofd9	中	E.2 中	OFDM430, OFDM431	PO 類別名不照命名鐵律:OFDM430AOracleDao / OFDM431AOracleDao(在 PO.OFD 而不是 .Query 專案)	Dev/ATLAS.OFD/Source/PO/PO.OFD/OFDM430_PO.cs:27
ofd9	中	E.2 中		DB/ 下與本片相關的四支檔都是 cp950(全 DB/ 196 支 cp950 / 81 支 UTF-8)	DB/Trigger/OFD562_T01.SQL
ofd9	中	E.2 中		OFD562 的 OFD562_T02 任何 UPDATE 都觸發,而四眼引擎每次 EVA 都會改那 13 欄	DB/Trigger/OFD562_T02.SQL:2
ofd9	低	E.3 低	OFDM713	同一句訊息在 OFDM713 四處,其中一處空白位置不同({0} +{1} + {2}),證明是手改	Dev/ATLAS.OFD/Source/PO/PO.OFD/OFDM713_PO.cs:1079
ofd9	低	E.3 低	OFDM931A, OFDM931B	同一欄 G_MEMO 的 grid 標題兩支不同:「單位主管調整金額原因」與「單位主管調整原因」	Dev/ATLAS.OFD/Source/UI/UI.OFD/OFDM931A.cs:355
ofd9	低	E.3 低	OFDM931A, OFDM931B	同一段 SQL 兩支寫法差一個空白:CTL_CODE='2' 與 CTL_CODE = '2'	Dev/ATLAS.OFD/Source/PO/PO.OFD/OFDM931A_PO.cs:144
ofd9	低	E.3 低	OFDM374, OFDM376, OFDM711, OFDM712, OFDM713	五支畫面同一行死碼:SELECT * FROM [OFDxxx] Where ((UpdateID <> '…') OR (RejectID <> ''))"; ;(兩個分號)	Dev/ATLAS.OFD/Source/PO/PO.OFD/OFDM374_PO.cs:1238
ofd9	低	E.3 低	OFDM724, OFDM725	空日期哨兵值兩種寫法並存:'1900/01/01' 與 '1900/1/1'	Dev/ATLAS.OFD/Source/PO/PO.OFD/OFDM724_PO.cs:63
ofd9	低	E.3 低	OFDM723	OFDM723 case 3 把 VISA_NO 設成 ' '、case 4 設成 '',後續判斷靠 NVL 救回來	Dev/ATLAS.OFD/Source/PO/PO.OFD/OFDM723_PO.cs:93
ofd9	低	E.3 低	OFDM374	OFDM374_PO_BeforeDelete 是空方法但仍註冊	Dev/ATLAS.OFD/Source/PO/PO.OFD/OFDM374_PO.cs:219-221
ofd9	低	E.3 低	OFDM432, OFDM434	OFDM432 / OFDM434 用 MessageBox.Show 而非框架的 Dialog(全片僅此兩處)	Dev/ATLAS.OFD/Source/UI/UI.OFD/OFDM432.cs:265
ofd9	低	E.3 低	OFDM431bb	IsFundExsits 方法名拼錯(應為 Exists),而且全庫六支同名方法語意各不相同	Dev/ATLAS.OFD/Source/PO/PO.OFD/OFDM431bb_PO.cs:111
ofd9	低	E.3 低	OFDM722	OFDM722 的註解「鉤斷有鉤選」(應為「判斷有勾選」)	Dev/ATLAS.OFD/Source/PO/PO.OFD/OFDM722_PO.cs:243
ofd9	低	E.3 低	OFDM742	OFDM742 的「此問卷版本已被使用,不可修改」被註解,但 PO 側「不可刪除」仍生效	Dev/ATLAS.OFD/Source/UI/UI.OFD/OFDM742.cs:267
ofd9	低	E.3 低	OFDM723	本片五支憑證畫面沒有一支用官方的 CerStatusDataSrc 下拉,狀態值全寫字面值	Dev/ATLAS.OFD/Source/UI/UI.OFD/OFDM723.cs:382
ofdb	高	E.1 一律回報成功(批次第一大坑)	OFDB287	i = dbTA.ExecuteNonQuery(cmd, tran); i = 1; —— 回傳值收下來,下一行硬寫成 1,底下的 if (i == 0) 成為死碼	Dev/ATLAS.OFDB/Source/PO/PO.OFDB/OFDB287_PO.cs:124-126
ofdb	高	E.1 一律回報成功(批次第一大坑)	OFDB287	同上那段 if (i == 0) 就算成立,也只是 tran.Rollback() 之後 j += 1 繼續跑迴圈,沒有 return;迴圈結束又 tran.Commit()	Dev/ATLAS.OFDB/Source/PO/PO.OFDB/OFDB287_PO.cs:126-140
ofdb	高	E.1 一律回報成功(批次第一大坑)	OFDB223	OFDB223 七張表逐列 UPDATE,ExecuteNonQuery 回傳值完全丟掉,最後固定 AddResultRow(true, 1, "")	Dev/ATLAS.OFDB/Source/PO/PO.OFDB/OFDB223_PO.cs:141
ofdb	高	E.1 一律回報成功(批次第一大坑)	OFDB161	OFDB161 int i = base.ExecuteNonQuery(...) 之後直接 tran.Commit(),i 從未被檢查	Dev/ATLAS.OFDB/Source/PO/PO.OFDB/OFDB161_PO.cs:73-76
ofdb	中	E.1 一律回報成功(批次第一大坑)	OFDB019A	OFDB019A dbProduct.ExecuteNonQuery(cmd, tranUpdate); 回傳值不接,成功筆數寫死 AddResultRow(true, 1, "")	Dev/ATLAS.OFDB/Source/PO/PO.OFDB/OFDB019A_PO.cs:91
ofdb	高	E.1 一律回報成功(批次第一大坑)	OFDB281	OFDB281 原本的 if (i <= 0) { rollback … } 整段被註解,只靠 SP 的 strMsg 判成敗	Dev/ATLAS.OFDB/Source/PO/PO.OFDB/OFDB281_PO.cs:411
ofdb	中	E.1 一律回報成功(批次第一大坑)	OFDB222	OFDB222 i += ExecuteNonQuery(...) 只累加不檢查;部分列更新 0 筆時整批仍報「執行成功」	Dev/ATLAS.OFDB/Source/PO/PO.OFDB/OFDB222_PO.cs:104
ofdb	高	E.1 一律回報成功(批次第一大坑)	OFDB040, CASM001	OFDB040 成功路徑完全不塞 Result 列,只有 catch 裡才有	Dev/ATLAS.OFDB/Source/PO/PO.OFDB/OFDB040_PO.cs:83-137
ofdb	中	E.1 一律回報成功(批次第一大坑)	OFDB003	OFDB003 的成功筆數 N 取自第一個 refcursor 的列數,不是 SP 回報的影響列數	Dev/ATLAS.OFDB/Source/PO/PO.OFDB/OFDB003_PO.cs:123
ofdb	高	E.2 執行鈕 / 卡控是空操作	OFDB041	OFDB041.Is_UnLock() 恆回 true —— 方法開頭 Result.Clear(),迴圈裡原本的三行 AddResultRow 被註解,結尾卻用 Result.Count != 0 判斷	Dev/ATLAS.OFDB/Source/PO/PO.OFDB/OFDB041_PO.cs:209
ofdb	高	E.2 執行鈕 / 卡控是空操作	OFDB281	OFDB281 的「受益人扣繳類別未輸入不得產生」檢核:PO / Ctl / Pxy 六層都在,只有 UI 的呼叫被註解	Dev/ATLAS.OFDB/Source/UI/UI.OFDB/OFDB281.cs:150-156
ofdb	中	E.2 執行鈕 / 卡控是空操作	OFDB281	OFDB281 UI 另有 27 行被註解的 PROCESS_CODE / IsClose 前置檢核,訊息含「基準日未完成日結轉作業,不得產生受益分配資料」	Dev/ATLAS.OFDB/Source/UI/UI.OFDB/OFDB281.cs:103-129
ofdb	低	E.2 執行鈕 / 卡控是空操作	OFDB004	OFDB004 兩個下拉的「只列已覆核基金」過濾器被註解,事件方法變成空方法	Dev/ATLAS.OFDB/Source/UI/UI.OFDB/OFDB004.cs:159-171
ofdb	中	E.2 執行鈕 / 卡控是空操作	OFDB003	OFDB003 的 GetExecTime() / BMS001Chg() / GetOFD681() 三支方法沒有可達呼叫端	Dev/ATLAS.OFDB/Source/PO/PO.OFDB/OFDB003_PO.cs:164-174
ofdb	中	E.2 執行鈕 / 卡控是空操作	OFDB005	OFDB005 的 GetOFD681 / GetExecTime 同樣不可達(Pxy 沒開放)	Dev/ATLAS.OFDB/Source/Control/Control.OFDB/OFDB005_Ctl.cs:57
ofdb	中	E.2 執行鈕 / 卡控是空操作	OFDB019B	OFDB019B 的「刪除 xml 檔案」分支永遠刪不到東西 —— strXML_FILE_NAME 在該分支恆為空字串	Dev/ATLAS.OFDB/Source/UI/UI.OFDB/OFDB019B.cs:138
ofdb	中	E.2 執行鈕 / 卡控是空操作	OFDB003	OFDB003 的密碼補發段(PO 127 行 + Ctl 258 行)全部 /* */ 註解,OFD607A 相關 refcursor 仍在宣告	Dev/ATLAS.OFDB/Source/PO/PO.OFDB/OFDB003_PO.cs:176-303
ofdb	高	E.2 執行鈕 / 卡控是空操作	OFDB019B	OFDB019B 有一支 670 行的 XOFDB019B_AfterExecuteButtonClicked,Designer 沒掛	Dev/ATLAS.OFDB/Source/UI/UI.OFDB/OFDB019B.cs:675-1344
ofdb	中	E.2 執行鈕 / 卡控是空操作	OFDB019B	活著的那支 OFDB019B_AfterExecuteButtonClicked 裡另有 197 行 /* */(v1.0 版) + 三段被註解的 ControllingPerson / PaymentAmnt 欄位	Dev/ATLAS.OFDB/Source/UI/UI.OFDB/OFDB019B.cs:468-664
ofdb	低	E.2 執行鈕 / 卡控是空操作	OFDB003	OFDB003_Pxy.Query() 是空殼,永遠回 (true, 0, "")	Dev/ATLAS.OFDB/Source/FormProxy/FormProxy.OFDB/OFDB003_Pxy.cs:77-82
ofdb	高	E.3 整支跑不起來的死碼	OFDB001, OFDB005, OFDB011, OFDB161	OFDB001 / OFDB005 / OFDB011 / OFDB161 四支的 dbTA 恆為 null —— BasicEVAPO 的建構子賦值被註解,子類也沒補	Dev/Common/Source/Base/TA.DataAccess/BasicEVAPO.cs:26
ofdb	高	E.3 整支跑不起來的死碼	OFDB001, OFDB005, OFDB011, OFDB161	同四支的 SQL 是 T-SQL(EXEC @x=@y、SqlDbType、TOP 1、ISNULL()、[OFD342]),連線卻是 Oracle	Dev/ATLAS.OFDB/Source/PO/PO.OFDB/OFDB001_PO.cs:41
ofdb	中	E.3 整支跑不起來的死碼	OFDB001	同四支的 Ctl 不繼承 BaseController,直接 new PO(),不走 DataAccessPool / VDB 轉換框架	Dev/ATLAS.OFDB/Source/Control/Control.OFDB/OFDB001_Ctl.cs:14
ofdb	高	E.4 交易與 rollback 的破口	OFDB003, OFDB004, OFDB019A, OFDB281, OFDB223, OFDB040	catch 直接讀 / 呼叫 tran,而 tran 在 try 內才賦值 —— 本片至少八支都這樣寫	Dev/ATLAS.OFDB/Source/PO/PO.OFDB/OFDB003_PO.cs:132-147
ofdb	中	E.4 交易與 rollback 的破口	OFDB003, OFDB040, OFDB223, OFDB281	catch (SqlException) 在 Oracle 連線上永遠不會命中,但本片七支都寫了	Dev/ATLAS.OFDB/Source/PO/PO.OFDB/OFDB003_PO.cs:132
ofdb	高	E.4 交易與 rollback 的破口	OFDB003	OFDB003 的 LDAP 推送在 commit 之後,失敗時把成功訊息 Clear() 換成失敗訊息	Dev/ATLAS.OFDB/Source/Control/Control.OFDB/OFDB003_Ctl.cs:60-61
ofdb	高	E.4 交易與 rollback 的破口	OFDB287	OFDB287 在 rollback 之後繼續迴圈並 commit(見 E1.2)	Dev/ATLAS.OFDB/Source/PO/PO.OFDB/OFDB287_PO.cs:126-140
ofdb	中	E.4 交易與 rollback 的破口	OFDB281	OFDB281 的 CommonExceptionBlocker.HandleBusinessException(ex) 被註解掉	Dev/ATLAS.OFDB/Source/PO/PO.OFDB/OFDB281_PO.cs:446
ofdb	中	E.4 交易與 rollback 的破口	OFDB004	OFDB004 開兩個交易(dbProduct + dbPTPF),中間任何一段失敗兩邊一起 rollback,但兩次 commit 之間不是原子的	Dev/ATLAS.OFDB/Source/PO/PO.OFDB/OFDB004_PO.cs:710-711
ofdb	中	E.5 Oracle 三值邏輯與比較寫法	OFDB019A	NVL(PROC_CODE,' ') <> 'D' 有包 NVL(正確),但同檔另有多處寫 NVL(PROC_CODE,' ') = ' ',兩種語意不同	Dev/ATLAS.OFDB/Source/PO/PO.OFDB/OFDB019A_PO.cs:170
ofdb	高	E.5 Oracle 三值邏輯與比較寫法	OFDB286	OFDB286 同一支 PO 對 OFD131A.TERMINATE_DATE 用了兩種寫法:退匯段是 TERMINATE_DATE = ' '(一個空白字元的等值比較),取消退匯段是 trim(TERMINATE_DATE) IS NULL	Dev/ATLAS.OFDB/Source/PO/PO.OFDB/OFDB286_PO.cs:79
ofdb	高	E.5 Oracle 三值邏輯與比較寫法	OFDB003, OFDB701, OFDI011	CHG_UPD_DTTM 的「未生效」判準全庫有三種寫法:SUBSTR(NVL(TRIM(x),'19000101'),1,8) = '19000101'、NVL(x,' ') = ' '、x = '1900/01/01'	Dev/ATLAS.OFDB/Source/PO/PO.OFDB/OFDB003_PO.cs:318
ofdb	高	E.5 Oracle 三值邏輯與比較寫法	OFDB041	OFDB041 SQL 用 ALLOT_CTL_CODE >= '3' 撈,C# 卻用 == "3" 判	Dev/ATLAS.OFDB/Source/PO/PO.OFDB/OFDB041_PO.cs:244-246
ofdb	高	E.5 Oracle 三值邏輯與比較寫法	OFDB041	OFDB041 申購側與贖回側用 if / else if	Dev/ATLAS.OFDB/Source/PO/PO.OFDB/OFDB041_PO.cs:293
ofdb	中	E.5 Oracle 三值邏輯與比較寫法	OFDB003	OFDB003.Check() 拿 DATE 欄位直接跟 'yyyyMMdd' 字串比(IsDate = false),同支的 BMS001Chg() 卻用 TO_CHAR(...,'YYYYMMDD')(IsDate = true)	Dev/ATLAS.OFDB/Source/PO/PO.OFDB/OFDB003_PO.cs:320-322
ofdb	高	E.6 AND / OR 括號、無鍵 UPDATE	OFDB223	OFDB223 的 UPDATE 只用 AGENT_ID + AGENT_CODE 當條件,七張交易表、沒有任何日期或單號範圍	Dev/ATLAS.OFDB/Source/PO/PO.OFDB/OFDB223_PO.cs:129-133
ofdb	高	E.6 AND / OR 括號、無鍵 UPDATE	OFDB223	OFDB223 的換號迴圈沒有防「鏈式置換」:設定檔有 A→B 與 B→C 兩列時,第二列會把剛改成 B 的也改成 C	Dev/ATLAS.OFDB/Source/PO/PO.OFDB/OFDB223_PO.cs:123-139
ofdb	低	E.6 AND / OR 括號、無鍵 UPDATE	OFDB286	OFDB286 的 OFD131A 更新條件 (FUND_ID = :FUND_ID OR FUND_ID = 'ALL FUNDS') AND … —— 括號有加,沒有中雷,但 'ALL FUNDS' 是寫死值	Dev/ATLAS.OFDB/Source/PO/PO.OFDB/OFDB286_PO.cs:77
ofdb	未分級	E.6 AND / OR 括號、無鍵 UPDATE	OFDB041	OFDB041 的兩段 SQL 用 (A >= x OR B >= y OR C = 'Y') 包在 AND 後面 —— 括號也有加,無雷	Dev/ATLAS.OFDB/Source/PO/PO.OFDB/OFDB041_PO.cs:244-246
ofdb	未分級	E.7 CommandTimeout = 0(無逾時保護)	OFDB003	OFDB003	Dev/ATLAS.OFDB/Source/PO/PO.OFDB/OFDB003_PO.cs:65
ofdb	未分級	E.7 CommandTimeout = 0(無逾時保護)	OFDB001	OFDB001	Dev/ATLAS.OFDB/Source/PO/PO.OFDB/OFDB001_PO.cs:177
ofdb	未分級	E.7 CommandTimeout = 0(無逾時保護)	OFDB002	OFDB002	Dev/ATLAS.OFDB/Source/PO/PO.OFDB/OFDB002_PO.cs:106
ofdb	未分級	E.7 CommandTimeout = 0(無逾時保護)	OFDB005	OFDB005	Dev/ATLAS.OFDB/Source/PO/PO.OFDB/OFDB005_PO.cs:47
ofdb	未分級	E.7 CommandTimeout = 0(無逾時保護)	OFDB019A	OFDB019A	Dev/ATLAS.OFDB/Source/PO/PO.OFDB/OFDB019A_PO.cs:87
ofdb	未分級	E.7 CommandTimeout = 0(無逾時保護)	OFDB019B	OFDB019B	Dev/ATLAS.OFDB/Source/PO/PO.OFDB/OFDB019B_PO.cs:102
ofdb	未分級	E.7 CommandTimeout = 0(無逾時保護)	OFDB040	OFDB040	Dev/ATLAS.OFDB/Source/PO/PO.OFDB/OFDB040_PO.cs:103
ofdb	未分級	E.7 CommandTimeout = 0(無逾時保護)	OFDB222	OFDB222	Dev/ATLAS.OFDB/Source/PO/PO.OFDB/OFDB222_PO.cs:94
ofdb	未分級	E.7 CommandTimeout = 0(無逾時保護)	OFDB223	OFDB223	Dev/ATLAS.OFDB/Source/PO/PO.OFDB/OFDB223_PO.cs:135
ofdb	未分級	E.7 CommandTimeout = 0(無逾時保護)	OFDB281	OFDB281	Dev/ATLAS.OFDB/Source/PO/PO.OFDB/OFDB281_PO.cs:391
ofdb	未分級	E.7 CommandTimeout = 0(無逾時保護)	OFDB011	OFDB011	Dev/ATLAS.OFDB/Source/PO/PO.OFDB/OFDB011_PO.cs:534
ofdb	未分級	E.7 CommandTimeout = 0(無逾時保護)	OFDB008	OFDB008	Dev/ATLAS.OFDB/Source/PO/PO.OFDB/OFDB008_PO.cs:80
ofdb	中	E.8 字串串接進 SQL	OFDB002	OFDB002 的 VOC_NO(只包成 N'值') · 畫面輸入框	Dev/ATLAS.OFDB/Source/PO/PO.OFDB/OFDB002_PO.cs:167
ofdb	中	E.8 字串串接進 SQL	OFDB003, OFDB004, OFDB019A, OFDB019B	OFDB003 / OFDB004 / OFDB019A / OFDB019B 共用的 AddParam() 把值包成 '值' 直接串 · 畫面參數(含 BF_CHG_NO)	Dev/ATLAS.OFDB/Source/PO/PO.OFDB/OFDB003_PO.cs:466-481
ofdb	中	E.8 字串串接進 SQL	OFDB004	OFDB004 的 GetSQLByCheckFund() 與 BuildSQLString() 用 string.Format 串 FUND_ID · 基金代碼下拉(值域受控)	Dev/ATLAS.OFDB/Source/PO/PO.OFDB/OFDB004_PO.cs:295
ofdb	中	E.8 字串串接進 SQL	OFDB040	OFDB040 的 FUND_LOCK 用 string.Format 串進 UPDATE,同段的 FUND_ID 卻有綁參數 · 單選鈕(只會是 Y/N)	Dev/ATLAS.OFDB/Source/PO/PO.OFDB/OFDB040_PO.cs:92
ofdb	低	E.8 字串串接進 SQL	OFDB223	OFDB223 的表名用 "UPDATE " + split[i] 串接 · 程式內寫死的七張表名	Dev/ATLAS.OFDB/Source/PO/PO.OFDB/OFDB223_PO.cs:129
ofdb	中	E.8 字串串接進 SQL	OFDB019A, OFDB019B	OFDB019A / OFDB019B 的 MESSAGE_REF_ID 組字串把 YEARS 串進 SQL · 畫面年度輸入	Dev/ATLAS.OFDB/Source/PO/PO.OFDB/OFDB019A_PO.cs:147-148
ofdb	高	E.9 寫死常數與位置取參數	OFDB019B, OFDB019A	OFDB019B 的申報年度寫死 '2019'(同一段在 OFDB019A 是取畫面參數)	Dev/ATLAS.OFDB/Source/PO/PO.OFDB/OFDB019B_PO.cs:159-160
ofdb	中	E.9 寫死常數與位置取參數	OFDB019A, OFDB019B	OFDB019A / OFDB019B 用 ucomMSG_TYPE.Rows[3].Hidden = true 以位置索引隱藏 CRS703	Dev/ATLAS.OFDB/Source/UI/UI.OFDB/OFDB019A.cs:42
ofdb	中	E.9 寫死常數與位置取參數	OFDB019B	OFDB019B 的執行功能用 CheckedIndex + 2 換算 SP 參數	Dev/ATLAS.OFDB/Source/UI/UI.OFDB/OFDB019B.cs:78
ofdb	中	E.9 寫死常數與位置取參數	OFDB019A	CRS 公司識別碼 TW-86385617 寫死在 SQL 字串裡	Dev/ATLAS.OFDB/Source/PO/PO.OFDB/OFDB019A_PO.cs:147
ofdb	中	E.9 寫死常數與位置取參數	OFDB222	OFDB222 自動建次一日關帳列的條件寫死 AGENT_ID == "0" && AGENT_CODE != "A0901" && AGENT_CODE != "OP101"	Dev/ATLAS.OFDB/Source/PO/PO.OFDB/OFDB222_PO.cs:107-109
ofdb	中	E.9 寫死常數與位置取參數	OFDB004	OFDB004 的 CreateOFD085Row() 有 12 個寫死的業務預設值(轉換日期基準、匯費收取方式、折數 -1M …)	Dev/ATLAS.OFDB/Source/PO/PO.OFDB/OFDB004_PO.cs:905-914
ofdb	中	E.9 寫死常數與位置取參數	OFDB004	OFDB004 短線費只在 OFDM260.Rows.Count == 1 時才複製	Dev/ATLAS.OFDB/Source/PO/PO.OFDB/OFDB004_PO.cs:660
ofdb	中	E.9 寫死常數與位置取參數	OFDB004, OFDM233	OFDB004 用 "OFDM233" 當權限識別字,實際寫的是 OFD260A / OFD261A	Dev/ATLAS.OFDB/Source/PO/PO.OFDB/OFDB004_PO.cs:662
ofdb	低	E.9 寫死常數與位置取參數	OFDB003	OFDB003 的 CHG_DATE 空值哨兵寫死 '19000101'	Dev/ATLAS.OFDB/Source/PO/PO.OFDB/OFDB003_PO.cs:75
ofdb	低	E.9 寫死常數與位置取參數	OFDB003	OFDB003 把 iUpdateID 綁成 NVarchar2,其餘字串參數用 Varchar2	Dev/ATLAS.OFDB/Source/PO/PO.OFDB/OFDB003_PO.cs:78
ofdb	中	E.9 寫死常數與位置取參數	OFDB019B	OFDB019B 一處參數名多一個冒號:AddInParameter(cmd91, ":YEARS", …)	Dev/ATLAS.OFDB/Source/PO/PO.OFDB/OFDB019B_PO.cs:260
ofdb	中	E.10 檔案處理與編碼	OFDB281	OFDB281.cs 與 OFDB281.Designer.cs 是 UTF-16LE(BOM FF FE),Dev/ATLAS.OFDB/ 底下唯二	Dev/ATLAS.OFDB/Source/UI/UI.OFDB/OFDB281.cs
ofdb	中	E.10 檔案處理與編碼	OFDB008	OFDB008 申報檔用 Encoding.Default(作業系統 ANSI 字碼頁)	Dev/ATLAS.OFDB/Source/UI/UI.OFDB/OFDB008.cs:213
ofdb	中	E.10 檔案處理與編碼	OFDB008, OFDB019B	OFDB008 / OFDB019B 寫檔一律 new StreamWriter(path, false, …),同名檔直接覆蓋不提示	Dev/ATLAS.OFDB/Source/UI/UI.OFDB/OFDB008.cs:213
ofdb	中	E.10 檔案處理與編碼	OFDB019B, OFDB008	OFDB019B 不檢查輸出目錄是否存在(OFDB008 有檢查)	Dev/ATLAS.OFDB/Source/UI/UI.OFDB/OFDB019B.cs:140-144
ofdb	中	E.10 檔案處理與編碼	OFDB007	OFDB007 匯入 Excel 整段包在 catch { ShowMessage(…) },沒有例外變數、沒有 log	Dev/ATLAS.OFDB/Source/UI/UI.OFDB/OFDB007.cs:221-224
ofdb	中	E.10 檔案處理與編碼	OFDB007	OFDB007 匯入迴圈:第一列出錯之後,後面所有列都因 ErrorCount < 1 不成立而不進資料表	Dev/ATLAS.OFDB/Source/UI/UI.OFDB/OFDB007.cs:176-193
ofdb	高	E.11 例外被吞、fail-open	OFDB281	OFDB281 六支檢核方法的 catch 全部 return true(放行)	Dev/ATLAS.OFDB/Source/PO/PO.OFDB/OFDB281_PO.cs:88-92
ofdb	高	E.11 例外被吞、fail-open	OFDB281	OFDB281.Check_CTL_CODE 查不到 OFD303A 的列時也回 true(只有 POST_CTL_CODE == "N" 才擋)	Dev/ATLAS.OFDB/Source/PO/PO.OFDB/OFDB281_PO.cs:259-266
ofdb	高	E.11 例外被吞、fail-open	OFDB003	OFDB003 的 UpdateLDAPCustomer / UpdateLDAPStatus 逐列 catch 後什麼都不做	Dev/ATLAS.OFDB/Source/Control/Control.OFDB/OFDB003_Ctl.cs:99-102
ofdb	中	E.11 例外被吞、fail-open	OFDB003	OFDB003 的 UpdateLDAPStatus 失敗通知信被註解,只剩畫面訊息	Dev/ATLAS.OFDB/Source/Control/Control.OFDB/OFDB003_Ctl.cs:111
ofdb	中	E.11 例外被吞、fail-open	OFDB001	OFDB001.CheckCTL_DATE 例外時回傳 -1,呼叫端當成筆數用	Dev/ATLAS.OFDB/Source/PO/PO.OFDB/OFDB001_PO.cs:152-161
ofdb	中	E.11 例外被吞、fail-open	OFDB004, CASM001	OFDB004.Check() 例外時 AddResultRow(false, 0, "") —— 空訊息	Dev/ATLAS.OFDB/Source/PO/PO.OFDB/OFDB004_PO.cs:278-282
ofdb	中	E.11 例外被吞、fail-open	OFDB286, OFDB287	OFDB286 / OFDB287 多處 AddResultRow(false, 0, "") 空訊息	Dev/ATLAS.OFDB/Source/PO/PO.OFDB/OFDB286_PO.cs:170
ofdb	未分級	E.12 索引 / 陣列越界	OFDB002	OFDB002:if (j < 1 · 高	Dev/ATLAS.OFDB/Source/PO/PO.OFDB/OFDB002_PO.cs:110-114
ofdb	高	E.12 索引 / 陣列越界	OFDB040	OFDB040 成功不塞 Result,上層讀 Result0	Dev/ATLAS.OFDB/Source/PO/PO.OFDB/OFDB040_PO.cs:83-137
ofdb	中	E.12 索引 / 陣列越界	OFDB019A, OFDB019B	OFDB019A / OFDB019B 多處 vdb.UIView.CRSP001_TEMP.Rows[0]["…"] 未先檢查列數	Dev/ATLAS.OFDB/Source/UI/UI.OFDB/OFDB019A.cs:84
ofdb	未分級	E.12 索引 / 陣列越界	OFDB008	OFDB008 讀 view.UIView.OFDB008_CO[0].CO_LID 前有做 Rows.Count > 0 判斷(沒中雷)	Dev/ATLAS.OFDB/Source/UI/UI.OFDB/OFDB008.cs:195
ofdb	高	E.13 複製貼上的分身	OFDB019A, OFDB019B	OFDB019A_PO(552 行)與 OFDB019B_PO(565 行)實質差異只有五處,其餘全是空白	Dev/ATLAS.OFDB/Source/PO/PO.OFDB/OFDB003_PO.cs:447-504
ofdb	中	E.13 複製貼上的分身	OFDB003, OFDB004, OFDB019A, OFDB019B	AddParam() / GetParamValue() 這兩個私有方法在本片至少四支 PO 裡逐字重複(OFDB003 / OFDB004 / OFDB019A / OFDB019B),而且 IsDate 分支的行為還不一樣	Dev/ATLAS.OFDB/Source/PO/PO.OFDB/OFDB003_PO.cs:447-504
ofdb	中	E.13 複製貼上的分身	OFDB286, OFDB287	OFDB286 與 OFDB287 的 Execute 結構幾乎一致(匿名 PL/SQL + 逐列 + ExeType 分流),但 OFDB286 有檢查 i、OFDB287 把 i 寫死成 1	Dev/ATLAS.OFDB/Source/PO/PO.OFDB/OFDB286_PO.cs:164-170
ofdb	中	E.14 中文名 / 中繼資料錯誤		OFDB003Model.xsd 的 ORG_ID_TYPE Caption 填成「ORG_CELL_PHONE」、NEW_ID_TYPE 填成「NEW_CELL_PHONE」、NEW_ALLIN3 填成「NEW_ID_NO」	Dev/ATLAS.OFDB/Source/Entity/DataEntity.OFDB/OFDB003Model.xsd
ofdb	中	E.14 中文名 / 中繼資料錯誤		同檔 ORG_ID_NO 與 ORG_ALLIN3 共用同一個 Caption「ID_NO」	Dev/ATLAS.OFDB/Source/Entity/DataEntity.OFDB/OFDB003Model.xsd
ofdb	低	E.14 中文名 / 中繼資料錯誤		OFDB005Model.xsd 的 REL_PROC_TIME、OFDB040Model.xsd 的 STATUS、OFDB161Model.xsd 的 PERIOD_REDEM_DATE 的 Caption 填的是英文欄名	Dev/ATLAS.OFDB/Source/Entity/DataEntity.OFDB/OFDB003Model.xsd
ofdb	低	E.14 中文名 / 中繼資料錯誤	OFDM233, OFDB004	OFDB004Model.xsd 還留著 OFDM233 的 DataTable,但程式已不複製	Dev/ATLAS.OFDB/Source/PO/PO.OFDB/OFDB004_PO.cs:73-74
ofdb	中	E.14 中文名 / 中繼資料錯誤	OFDB002	OFDB002 在方法裡改共用 PO 實例的 MasterTable	Dev/ATLAS.OFDB/Source/PO/PO.OFDB/OFDB002_PO.cs:68
ofdb	低	E.14 中文名 / 中繼資料錯誤	OFDB008	OFDB008_PO 宣告了 dbPTPF 卻從未使用	Dev/ATLAS.OFDB/Source/PO/PO.OFDB/OFDB008_PO.cs:34
ofdb	低	E.14 中文名 / 中繼資料錯誤	OFDB003	OFDB003_Ctl.Execute 取了 model 卻不用	Dev/ATLAS.OFDB/Source/Control/Control.OFDB/OFDB003_Ctl.cs:57
ofdb	低	E.14 中文名 / 中繼資料錯誤	OFDB019A	OFDB019A_Ctl.Execute 同樣取了 model 不用	Dev/ATLAS.OFDB/Source/Control/Control.OFDB/OFDB019A_Ctl.cs:55
ofdb	低	E.14 中文名 / 中繼資料錯誤	OFDB019A	OFDB019A.cs 的規格註解裡留了一段 T-SQL(SELECT TOP 1 … WHERE YEARS = '2020'),與下方實際執行的 Oracle 查詢不同	Dev/ATLAS.OFDB/Source/UI/UI.OFDB/OFDB019A.cs:194-199
ofdb	中	E.14 中文名 / 中繼資料錯誤	OFDB004	OFDB004.Execute<T> 回傳的是新 new 的 mModelTo 而非傳入的 mModel,全片唯一	Dev/ATLAS.OFDB/Source/PO/PO.OFDB/OFDB004_PO.cs:363
ofdb	低	E.14 中文名 / 中繼資料錯誤	OFDB222	OFDB222 的 strTRAN_TYPE 沒有 else,非 1 非 2 時 strUpdate 是空字串	Dev/ATLAS.OFDB/Source/PO/PO.OFDB/OFDB222_PO.cs:79-93
ofdb	中	E.14 中文名 / 中繼資料錯誤	OFDB004	OFDB004 的 13 張檢核表 ≠ 16 張複製表:OFD074 / OFD076 / OFD261A 會被寫入但不在檢核清單	Dev/ATLAS.OFDB/Source/PO/PO.OFDB/OFDB004_PO.cs:113-270
ofdb3	高	E.1 整組沒被編譯	OFDB606, OFDB610, OFDB611, OFDB690	OFDB606 / OFDB610 / OFDB611 / OFDB690 的六層檔案都在,但 UI / Pxy / Ctl / Interface / OracleDao 五個 csproj 全部沒有它們	Dev/ATLAS.EC/Source/UI/UI.EC/UI.EC.csproj
ofdb3	高	E.1 整組沒被編譯	OFDB606, OFDB610, OFDB611, OFDB690, OFDB600	MSSQL\ 底下 15 支 OFDB6*_PO.cs 每一行都被 // 註解,卻全部留在 csproj	Dev/ATLAS.EC/Source/PO/PO.EC/MSSQL/OFDB600_PO.cs:1
ofdb3	中	E.1 整組沒被編譯		Oracle\ 底下八個 IPJB*OracleDao.cs 也全部不在 csproj	Dev/ATLAS.EC/Source/PO/PO.EC/PO.EC.csproj
ofdb3	高	E.2 整支跑不起來的死碼	OFDB562, OFDB563, OFDB564	Dev/ATLAS.OFDB/ 的 OFDB562 / OFDB563 / OFDB564 三份 PO 繼承 MultiRowEVAPO,而 MultiRowEVAPO.dbTA 恆為 null	Dev/Common/Source/Base/TA.DataAccess/MultiRowEVAPO.cs:18
ofdb3	高	E.2 整支跑不起來的死碼	OFDB600	OFDB600 的 GetBefExecRowCount 把舊版與新版兩段完整 SQL 接在同一個字串上(#region 不是註解)	Dev/ATLAS.EC/Source/PO/PO.EC/Oracle/OFDB600OracleDao.cs:320-398
ofdb3	中	E.2 整支跑不起來的死碼	OFDB600	OFDB600_Service.BefExec() 定義了但沒有任何呼叫端	Dev/ATLAS.EC/Source/WindowsService/WindowsService.OFDB600/OFDB600_Service.cs:164
ofdb3	中	E.2 整支跑不起來的死碼	OFDB605	OFDB605.CheckBMS_CTL_CODE_1 吃的是舊 entity OFDB605ModelVDB,而現行是 OFDB605_9iModelVDB;Ctl 也沒呼叫它	Dev/ATLAS.EC/Source/PO/PO.EC/Oracle/OFDB605OracleDao.cs:272-279
ofdb3	中	E.2 整支跑不起來的死碼	OFDB540, OFDB580, OFDB600A	catch (SqlException) 掛在 Oracle 連線上,全片 6 處	Dev/ATLAS.EC/Source/PO/PO.EC/Oracle/OFDB600OracleDao.cs:89
ofdb3	高	E.3 一律回報成功	OFDB605	OFDB605:int i = 0; ... ExecuteNonQuery(...); i = 1; 回傳值丟掉	Dev/ATLAS.EC/Source/PO/PO.EC/Oracle/OFDB605OracleDao.cs:97
ofdb3	高	E.3 一律回報成功	OFDB615	OFDB615:int i = db.ExecuteNonQuery(...); i = 1;,而 if (i == 1) 決定 Commit	Dev/ATLAS.EC/Source/PO/PO.EC/Oracle/OFDB615OracleDao.cs:285-286
ofdb3	高	E.3 一律回報成功	OFDB616	OFDB616:int i = 0; 在迴圈裡被 i = 1; 無條件設定	Dev/ATLAS.EC/Source/PO/PO.EC/Oracle/OFDB616OracleDao.cs:202
ofdb3	高	E.3 一律回報成功	OFDB608	OFDB608:「0 筆就 rollback 並回『無可執行之資料』」整段被註解	Dev/ATLAS.EC/Source/PO/PO.EC/Oracle/OFDB608OracleDao.cs:69-85
ofdb3	高	E.3 一律回報成功	OFDB560, OFDB570	OFDB560 / OFDB570:if (ExecuteNonQuery(...) <= 0) { rollback; 執行失敗 } 被 /* */ 註解,外殼還在	Dev/ATLAS.OFDB/Source/PO/PO.OFDB/OFDB560_PO.cs:101-107
ofdb3	中	E.3 一律回報成功	OFDB540, OFDB580, OFDB600A, OFDB672, OFDB673	OFDB540 / OFDB580 / OFDB600A / OFDB672 / OFDB673:成功訊息寫死「執行成功」,不看 ExecuteNonQuery	Dev/ATLAS.OFDB/Source/PO/PO.OFDB/OFDB540_PO.cs:85-87
ofdb3	高	E.3 一律回報成功	OFDB566	OFDB566:註解寫「格式正確 寫入temp檔」,但 bl 只在 IsImportRecFormatError(...) 回 true 時被設為 true;而且 AddResultRow(bl, ...) 直接把它當成功旗標	Dev/ATLAS.OFDB/Source/PO/PO.OFDB/OFDB566_PO.cs:60
ofdb3	高	E.4 例外被吞、fail-open	OFDB601A, OFDB602A, OFDB603, OFDB604A	OFDB601A / OFDB602A / OFDB603 / OFDB604A 的 27 個 Check_* 全部 fail-open(bool boolvalue = true; + catch 不改值 + return boolvalue)	Dev/ATLAS.OTAB/Source/PO/PO.OTA/OFDB601A_PO.cs:284
ofdb3	高	E.4 例外被吞、fail-open	OFDB605, OFDB600	OFDB605.ValidateCtlData 例外時 return true	Dev/ATLAS.EC/Source/PO/PO.EC/Oracle/OFDB605OracleDao.cs:206-210
ofdb3	高	E.4 例外被吞、fail-open	OFDB605	OFDB605.ValidatePCode 例外時 return true	Dev/ATLAS.OTAB/Source/PO/PO.OTA/OFDB601A_PO.cs:284
ofdb3	高	E.4 例外被吞、fail-open	OFDB600	OFDB600_Service.GetTIMES 裡的 catch { }(完全空)	Dev/ATLAS.EC/Source/WindowsService/WindowsService.OFDB600/OFDB600_Service.cs:149-151
ofdb3	中	E.4 例外被吞、fail-open	OFDB609	OFDB609_Ctl 兩個空 catch { }	Dev/ATLAS.EC/Source/Control/Control.EC/OFDB609_Ctl.cs:427
ofdb3	高	E.4 例外被吞、fail-open	OFDB615, OFDB616	OFDB615 / OFDB616 例外時把訊息寫進輸入的 vdb,回傳的卻是新建的 result	Dev/ATLAS.EC/Source/PO/PO.EC/Oracle/OFDB615OracleDao.cs:420
ofdb3	中	E.4 例外被吞、fail-open		多支在 catch 裡 AddResultRow(false, 0, string.Empty)	Dev/ATLAS.EC/Source/PO/PO.EC/Oracle/OFDB600OracleDao.cs:100
ofdb3	低	E.4 例外被吞、fail-open	OFDB672, OFDB673	OFDB672 / OFDB673 在 catch 裡把 ex.Message 直接回給畫面	Dev/ATLAS.EC/Source/PO/PO.EC/Oracle/OFDB672OracleDao.cs:66
ofdb3	中	E.5 交易與 rollback 的破口	OFDB560, OFDB540	tran.Rollback() 沒有 null 檢查,全片多處	Dev/ATLAS.EC/Source/PO/PO.EC/Oracle/OFDB600OracleDao.cs:91
ofdb3	高	E.5 交易與 rollback 的破口	OFDB560	OFDB560:tran 只在兩個 if 分支裡被建立,tran.Commit() 在分支外	Dev/ATLAS.OFDB/Source/PO/PO.OFDB/OFDB560_PO.cs:81
ofdb3	中	E.5 交易與 rollback 的破口	OFDB570	OFDB570:mModel.DataEntity.OFD570A[0] 在沒檢查 Count 的情況下取用	Dev/ATLAS.OFDB/Source/PO/PO.OFDB/OFDB570_PO.cs:103
ofdb3	中	E.5 交易與 rollback 的破口	OFDB570	OFDB570 分兩段交易,第一段寫完就 Commit	Dev/ATLAS.OFDB/Source/PO/PO.OFDB/OFDB570_PO.cs:95-108
ofdb3	中	E.5 交易與 rollback 的破口	OFDB565	OFDB565 開兩個連線兩個交易(TA + PTPF),各自 Commit / Rollback	Dev/ATLAS.OFDB/Source/PO/PO.OFDB/OFDB565_PO.cs:50
ofdb3	中	E.5 交易與 rollback 的破口	OFDB671	OFDB671 同型:tran(TA)+ tranPTPF(PTPF)	Dev/ATLAS.EC/Source/PO/PO.EC/Oracle/OFDB671OracleDao.cs:38-40
ofdb3	中	E.5 交易與 rollback 的破口	OFDB601A	OFDB601A 家族:檢查不過時 return modelVDB 直接從 try 跳出,既沒 Commit 也沒 Rollback,只靠 finally 的 Dispose(tran)	Dev/ATLAS.OTAB/Source/PO/PO.OTA/OFDB601A_PO.cs:141
ofdb3	中	E.5 交易與 rollback 的破口	OFDB608, OFDB616	OFDB608 / OFDB616 的 BeginTransaction() 寫在 try 外面	Dev/ATLAS.EC/Source/PO/PO.EC/Oracle/OFDB608OracleDao.cs:50
ofdb3	高	E.5 交易與 rollback 的破口	OFDB600	OFDB600:SendMail 在 tran.Commit() 之前呼叫	Dev/ATLAS.EC/Source/PO/PO.EC/Oracle/OFDB600OracleDao.cs:75-76
ofdb3	高	E.6 無鍵 / 位置式 / 串接的 SQL	OFDB672	OFDB672:insert into OFDB672 values(...) 沒有欄位清單	Dev/ATLAS.EC/Source/PO/PO.EC/Oracle/OFDB672OracleDao.cs:43-52
ofdb3	高	E.6 無鍵 / 位置式 / 串接的 SQL	OFDB671	OFDB671:DELETE OFD678A WHERE INV_DEP_YN = :INV_DEP_YN,而該值由寫死字串 "OFDB671_A" 比對 FunctionID 決定	Dev/ATLAS.EC/Source/PO/PO.EC/Oracle/OFDB671OracleDao.cs:43-49
ofdb3	高	E.6 無鍵 / 位置式 / 串接的 SQL	OFDB605	OFDB605:四處把值(甚至欄位名)串進 SQL	Dev/ATLAS.EC/Source/PO/PO.EC/Oracle/OFDB605OracleDao.cs:62
ofdb3	低	E.6 無鍵 / 位置式 / 串接的 SQL	OFDB562	OFDB562(OFDB 那份):把比較運算子串進 SQL	Dev/ATLAS.OFDB/Source/PO/PO.OFDB/OFDB562_PO.cs:75
ofdb3	中	E.6 無鍵 / 位置式 / 串接的 SQL	OFDB673, OFDB672	OFDB673.Select 完全沒有 WHERE	Dev/ATLAS.EC/Source/PO/PO.EC/Oracle/OFDB673OracleDao.cs:66-75
ofdb3	中	E.6 無鍵 / 位置式 / 串接的 SQL	OFDB680	OFDB680:SELECT ALERT_LIMIT_TIMES FROM OFD680A 沒有 WHERE,服務端取 [0]	Dev/ATLAS.EC/Source/PO/PO.EC/Oracle/OFDB680OracleDao.cs:704
ofdb3	高	E.7 成對邏輯只改一邊	OFDB600	OFDB600 的跨午夜補丁(< '02' 就把日期減一)只加在 OFD655A / OFD661A / OFD657A / OFD658A / OFD601CHG 五張,OFD620A / OFD651A 兩張沒加	Dev/ATLAS.EC/Source/PO/PO.EC/Oracle/OFDB600OracleDao.cs:366
ofdb3	高	E.7 成對邏輯只改一邊		GetBefExecRowCount 的舊 SQL 用 #region 包(還是活的),GetAftExecRowCount 的用 // 註解(真的死了)	Dev/ATLAS.EC/Source/PO/PO.EC/Oracle/OFDB600OracleDao.cs:366
ofdb3	低	E.7 成對邏輯只改一邊	OFDB600	OFDB600 的 AddInParameter 一處用 "CHECK_DATE"、另一處用 ":CHECK_DATE"	Dev/ATLAS.EC/Source/PO/PO.EC/Oracle/OFDB600OracleDao.cs:366
ofdb3	中	E.7 成對邏輯只改一邊	OFDB615, OFDB616	OFDB615 / OFDB616 的 SQL 用 @ 前綴參數,但連線是 Oracle;同專案其他支用 :	Dev/ATLAS.EC/Source/PO/PO.EC/Oracle/OFDB615OracleDao.cs:172
ofdb3	低	E.7 成對邏輯只改一邊	OFDB602A, OFDB603	OFDB602A / OFDB603 兩支都有變數 CheckOFD561Transfer 接 Check_OFD651_Transfer 的回傳(651 打成 561)	Dev/ATLAS.OTAB/Source/PO/PO.OTA/OFDB602A_PO.cs:154
ofdb3	低	E.7 成對邏輯只改一邊	OFDB562	OFDB562(OTAB)四個方法名把 CONFIRMED 拼成 COMFIRMED	Dev/ATLAS.OTAB/Source/PO/PO.OTA/OFDB562_PO.cs:36-45
ofdb3	高	E.8 被註解但外殼還在的檢核 / 功能	OFDB600	OFDB600_Ctl 的三種通知信(Gen36 / Gen39 / Gen46)整段被註解,但 OFD681 / OFD681_EMP / OFD681_Err 三張 DataTable 還在填	Dev/ATLAS.EC/Source/Control/Control.EC/OFDB600_Ctl.cs:172-196
ofdb3	中	E.8 被註解但外殼還在的檢核 / 功能	OFDB607	OFDB607 的第二組 Commit / Rollback 被註解	Dev/ATLAS.EC/Source/PO/PO.EC/Oracle/OFDB607OracleDao.cs:266-283
ofdb3	中	E.8 被註解但外殼還在的檢核 / 功能	OFDB615	OFDB615 的密碼加解密(AtlasEncrypt.Encrypt)被註解,理由寫「Sharon無法執行先註解」	Dev/ATLAS.EC/Source/PO/PO.EC/Oracle/OFDB615OracleDao.cs:135
ofdb3	中	E.8 被註解但外殼還在的檢核 / 功能	OFDB615	OFDB615 的語音密碼(IVR_VICODE)分支整段被註解	Dev/ATLAS.EC/Source/Control/Control.EC/OFDB600_Ctl.cs:172-196
ofdb3	中	E.8 被註解但外殼還在的檢核 / 功能	OFDB680	OFDB680_Service 的 BF_SRNO 由畫面決定那段被註解,改成寫死 -1	Dev/ATLAS.EC/Source/WindowsService/WindowsService.OFDB680/OFDB680_Service.cs:77-80
ofdb3	低	E.8 被註解但外殼還在的檢核 / 功能	OFDB680	OFDB680_Service 的整個 DoExecute() 舊版(直接 new OFDB680_Ctl() 不走 Pxy)被註解留在檔尾	Dev/ATLAS.EC/Source/Control/Control.EC/OFDB600_Ctl.cs:172-196
ofdb3	中	E.9 迴圈 break / 位置取值 / 檔案處理	OFDB560	OFDB560 UI:if (strData.Length == 0 \ · 高	Dev/ATLAS.OFDB/Source/UI/UI.OFDB/OFDB560.cs:61
ofdb3	高	E.9 迴圈 break / 位置取值 / 檔案處理	OFDB560	OFDB560 UI:第一行是空的就 return,沒設 e.Cancel = true	Dev/ATLAS.OFDB/Source/UI/UI.OFDB/OFDB560.cs:61
ofdb3	中	E.9 迴圈 break / 位置取值 / 檔案處理	OFDB560	OFDB560 UI 用 strData[0]~strData[14] 位置取欄	Dev/ATLAS.OFDB/Source/UI/UI.OFDB/OFDB560.cs:61
ofdb3	中	E.9 迴圈 break / 位置取值 / 檔案處理	OFDB560, OFDB600, OFDB680	Encoding.Default 讀寫檔,多處	Dev/ATLAS.OFDB/Source/UI/UI.OFDB/OFDB560.cs:55
ofdb3	低	E.9 迴圈 break / 位置取值 / 檔案處理	OFDB600, OFDB680	WriteLog 先整檔讀進記憶體再整檔覆寫	Dev/ATLAS.EC/Source/WindowsService/WindowsService.OFDB600/OFDB600_Service.cs:239-252
ofdb3	高	E.9 迴圈 break / 位置取值 / 檔案處理	OFDB600	OFDB600_Service:sEXEC_TIMES.PadLeft(4, '0'); 回傳值沒接	Dev/ATLAS.EC/Source/WindowsService/WindowsService.OFDB600/OFDB600_Service.cs:130
ofdb3	中	E.9 迴圈 break / 位置取值 / 檔案處理		MaskName 用 Replace(舊, 星號) 而不是依位置遮	Dev/ATLAS.EC/Source/PO/PO.EC/Oracle/OFDB600OracleDao.cs:510-526
ofdb3	中	E.9 迴圈 break / 位置取值 / 檔案處理	OFDB673	OFDB673 UI:ugrdOFDB672.ActiveRow 沒有 null 檢查	Dev/ATLAS.EC/Source/UI/UI.EC/OFDB673.cs:83-85
ofdb3	高	E.10 寫死常數與假四眼	OFDB671	OFDB671 把 OFD678A 的 Status 寫死 '301'、四組四眼人員時間全塞同一個 CreateID、RejectDate 寫死 1900-01-01	Dev/ATLAS.EC/Source/PO/PO.EC/Oracle/OFDB671OracleDao.cs:70-82
ofdb3	高	E.10 寫死常數與假四眼	OFDB615, OFDB616	OFDB615 / OFDB616 對 LOG602 做同一件事	Dev/ATLAS.EC/Source/PO/PO.EC/Oracle/OFDB615OracleDao.cs:351
ofdb3	中	E.10 寫死常數與假四眼	OFDB560	OFDB560 的 FND003 INSERT 寫死 COL_TYPE='D'、TRAN_TYPE='C'、TRN_CODE='00';MON001 寫死 FN_CLASS_TYPE='2'	Dev/ATLAS.OFDB/Source/PO/PO.OFDB/OFDB560_PO.cs:69
ofdb3	低	E.10 寫死常數與假四眼	OFDB570	OFDB570 的 BF_NO 寫死 0	Dev/ATLAS.OFDB/Source/PO/PO.OFDB/OFDB570_PO.cs:72
ofdb3	低	E.10 寫死常數與假四眼	OFDB601A	OFDB601A 家族的 SP WCODE 寫死 'I' / 'D'	Dev/ATLAS.OTAB/Source/PO/PO.OTA/OFDB601A_PO.cs:182
ofdb3	中	E.10 寫死常數與假四眼	OFDB615	OFDB615 的 sysdate+2(密碼有效兩天)、EC_SYSTEM_TYPE='3'、SYSTEM_ID='1'、CHG_TYPE='4'	Dev/ATLAS.EC/Source/PO/PO.EC/Oracle/OFDB615OracleDao.cs:324-325
ofdb3	中	E.10 寫死常數與假四眼	OFDB609	OFDB609 的排程 SQL 寫死 SYSTEM_ID='1' AND EC_SYSTEM_TYPE='1'	Dev/ATLAS.EC/Source/PO/PO.EC/Oracle/OFDB609OracleDao.cs:573
ofdb3	低	E.10 寫死常數與假四眼	OFDB600, OFDB680	三支服務的 log 路徑寫死 "C://Vendor//WindowService//<代號>//"	Dev/ATLAS.EC/Source/WindowsService/WindowsService.OFDB600/OFDB600_Service.cs:220
ofdb3	中	E.10 寫死常數與假四眼	OFDB560	OFDB560 的 FND003 流水號用 NVL(MAX(TO_NUMBER(seq,'99999')),1)+1	Dev/ATLAS.OFDB/Source/PO/PO.OFDB/OFDB560_PO.cs:64
ofdb3	高	E.11 使用者介面上的誤導	OFDB673	OFDB673 的「是否同意變更？」按「否」也會執行(走退件路徑),沒有 e.Cancel = true	Dev/ATLAS.EC/Source/UI/UI.EC/OFDB673.cs:89-93
ofdb3	高	E.11 使用者介面上的誤導	OFDB673	OFDB673 的 wAPPROVE 判斷的是參數存不存在,不是值	Dev/ATLAS.EC/Source/PO/PO.EC/Oracle/OFDB673OracleDao.cs:36
ofdb3	中	E.11 使用者介面上的誤導	OFDB673	OFDB673 傳給 SP 的 USERID 是那筆資料的 CREATEID(申請人),不是審核者	Dev/ATLAS.EC/Source/UI/UI.EC/OFDB673.cs:88
ofdb3	中	E.11 使用者介面上的誤導	OFDB609, OFDB003	OFDB609 的 LDAP 失敗訊息叫使用者「去 OFDB609 按『更新LDAP資料』」—— 而那就是他剛按的畫面	Dev/ATLAS.EC/Source/Control/Control.EC/OFDB609_Ctl.cs:139
ofdb3	高	E.11 使用者介面上的誤導	OFDB609, OFDB003	OFDB609 LDAP 失敗時 Result.Clear() 再塞失敗訊息,把 DB 已 commit 的事實蓋掉	Dev/ATLAS.EC/Source/UI/UI.EC/OFDB673.cs:89-93
ofdb3	中	E.12 其他	OFDB560, OFDB570, OFDB601A	CommandTimeout = 0 且註解「此程式讓它永久跑」,全片 9 處	Dev/ATLAS.EC/Source/PO/PO.EC/Oracle/OFDB600OracleDao.cs:51
ofdb3	高	E.12 其他	OFDB680	OFDB680 服務的 config 含三組明文資料庫帳密	Dev/ATLAS.EC/Source/WindowsService/WindowsService.OFDB680/App.config:246-262
ofdb3	高	E.12 其他	OFDB600, OFDB609, OFDB680	三支服務靠 Environment.UserName == "SYSTEM" 決定跑不跑	Dev/ATLAS.EC/Source/WindowsService/WindowsService.OFDB600/Program.cs:28
ofdb3	低	E.12 其他	OFDB680	三支服務的 Remoting 三行初始化在 Start() 與 OnStart() 各出現一次	Dev/ATLAS.EC/Source/WindowsService/WindowsService.OFDB680/OFDB680_Service.cs:42-44
ofdb3	中	E.12 其他	OFDB672	OFDB672 的重複檢查用 Convert.ToString(ExecuteScalar(...)) != ""	Dev/ATLAS.EC/Source/PO/PO.EC/Oracle/OFDB672OracleDao.cs:32-37
ofdb3	中	E.12 其他	OFDB680	OFDB680 的重跑鍵 DATACHECK 是字串拼的(基金清單 + 日期 + "-1")	Dev/ATLAS.EC/Source/WindowsService/WindowsService.OFDB680/OFDB680_Service.cs:83
ofdb4	高	E1 一律回報成功 / 判斷結果被覆蓋(本片第一大坑)	OFDB702, OFDB704, OFDB719, OFDB751	匯入檔案格式檢核四份複本,bl 語意與註解相反:格式錯誤時才匯入,而且回報成功	Dev/ATLAS.OFDB/Source/PO/PO.OFDB/OFDB702_PO.cs:2337-2350
ofdb4	高	E1 一律回報成功 / 判斷結果被覆蓋(本片第一大坑)	OFDB732, OFDB733	加密後檔案不存在就退回讀加密前檔案	Dev/ATLAS.OFDB/Source/Control/Control.OFDB/OFDB732_Ctl.cs:225-231
ofdb4	高	E1 一律回報成功 / 判斷結果被覆蓋(本片第一大坑)	OFDB701	s_TA_SealProof_Process_1 的 OUT 參數 IsSuccess / MSG 讀出來後完全沒用,一律 commit 報成功	Dev/ATLAS.OFDB/Source/PO/PO.OFDB/OFDB701_PO.cs:1128-1152
ofdb4	高	E1 一律回報成功 / 判斷結果被覆蓋(本片第一大坑)	OFDB716, OFDB717	OFDB716 / OFDB717 前兩段匯出 0 筆只寫訊息不中斷,第三段把訊息 Clear() 後改寫成成功	Dev/ATLAS.OFDB/Source/PO/PO.OFDB/OFDB716_PO.cs:182-186
ofdb4	高	E1 一律回報成功 / 判斷結果被覆蓋(本片第一大坑)	OFDB702	OFDB702 的 ExecOption 只認 "0" / "3",其他值什麼都沒做但照樣 commit 報成功	Dev/ATLAS.OFDB/Source/PO/PO.OFDB/OFDB702_PO.cs:945
ofdb4	中	E1 一律回報成功 / 判斷結果被覆蓋(本片第一大坑)	OFDB701	OFDB701 匯出 0 筆時 rollback,但 AddResultRow(true, …)	Dev/ATLAS.OFDB/Source/PO/PO.OFDB/OFDB701_PO.cs:1059-1065
ofdb4	中	E1 一律回報成功 / 判斷結果被覆蓋(本片第一大坑)	OFDB757	OFDB757 commit 之後一律 AddResultRow(true, 1, "執行成功"),不看 SP 影響筆數	Dev/ATLAS.OFDB/Source/PO/PO.OFDB/OFDB757_PO.cs:156-160
ofdb4	高	E2 空操作 / 被註解但外殼還在	OFDB701	OFDB701 寫 OFD704 時把 CreateID / EntryID / VerifyID / ApproveID 全填成執行者本人	Dev/ATLAS.OFDB/Source/PO/PO.OFDB/OFDB701_PO.cs:883-891
ofdb4	高	E2 空操作 / 被註解但外殼還在	OFDB913, OFDM082B	OFDB913 直接手寫 SQL 改 Status / ApproveID / ApproveDate,繞過 EVA 引擎,也不檢查權限	Dev/ATLAS.OFDB/Source/PO/PO.OFDB/OFDB913_PO.cs:79-83
ofdb4	中	E2 空操作 / 被註解但外殼還在	OFDB703	OFDB703 的「扣款送件查核表」整段被註解,外層 if (業務別=="2" && …) 判斷還在	Dev/ATLAS.OFDB/Source/UI/UI.OFDB/OFDB703.cs:107-215
ofdb4	高	E2 空操作 / 被註解但外殼還在	OFDB691	OFDB691 的 RSP605 / RSP607 更新整段被註解,畫面上「定額申購」「定額異動」兩個頁籤還在,SendMail 也不處理這兩類	Dev/ATLAS.EC/Source/PO/PO.EC/Oracle/OFDB691OracleDao.cs:367
ofdb4	中	E2 空操作 / 被註解但外殼還在	OFDB950	OFDB950 的 Execute 建一個空 VDB 就回傳	Dev/ATLAS.OFDB/Source/PO/PO.OFDB/OFDB950_PO.cs:31
ofdb4	中	E2 空操作 / 被註解但外殼還在	OFDB722	OFDB722 的第二組媒體匯出("Z")與整段交易控制被註解,只剩一組	Dev/ATLAS.OFDB/Source/PO/PO.OFDB/OFDB722_PO.cs:290
ofdb4	低	E2 空操作 / 被註解但外殼還在	OFDB693	OFDB693 六個基底介面方法全是 throw new NotImplementedException()	Dev/ATLAS.EC/Source/PO/PO.EC/Oracle/OFDB693OracleDao.cs:222-247
ofdb4	高	E2 空操作 / 被註解但外殼還在	OFDB703	OFDB703 的 INSERT INTO OFD705 整段被註解,只剩 #region OFD705 外殼;全片沒有任何一支寫 OFD705,但取數 SQL 還在讀它	Dev/ATLAS.OFDB/Source/PO/PO.OFDB/OFDB703_PO.cs:1090-1095
ofdb4	高	E3 SQL 語句本身壞掉	OFDB701	INSERT INTO OFD704 欄位 15 個、VALUES 16 個(多一個 :dataid);AddInParameter 把 VERIFYDATE 綁兩次,APPROVEDATE 從未綁;REJECTID / REJECTDATE 打成 REJCETID / REJCETDATE	Dev/ATLAS.OFDB/Source/PO/PO.OFDB/OFDB701_PO.cs:864-894
ofdb4	中	E3 SQL 語句本身壞掉	OFDB921	OFDB921.LastData 的 SQL 裡有一個 U+3000 全形空白(:YEARS AND)	Dev/ATLAS.OFDB/Source/PO/PO.OFDB/OFDB921_PO.cs:169
ofdb4	高	E3 SQL 語句本身壞掉	OFDB871	OFDB871 的 DELETE 把 CLB_DATE 綁成 OracleDbType.Date,INSERT 綁成 Varchar2,而來源是字串	Dev/ATLAS.OFDB/Source/PO/PO.OFDB/OFDB871_PO.cs:149
ofdb4	中	E3 SQL 語句本身壞掉	OFDB871	OFDB871.Check_DATA 在 Oracle PO 裡用 SqlDbType.VarChar 綁參數	Dev/ATLAS.OFDB/Source/PO/PO.OFDB/OFDB871_PO.cs:426-427
ofdb4	高	E3 SQL 語句本身壞掉	OFDB703, OFDB701	同一段 INSERT INTO OFD704 在 OFDB703 是正確的 15 欄 15 值,在 OFDB701 卻是 15 欄 16 值 —— 成對程式只改一邊	Dev/ATLAS.OFDB/Source/PO/PO.OFDB/OFDB703_PO.cs:1051-1059
ofdb4	低	E4 catch (SqlException) 在 Oracle 上是死碼	OFDB702	OFDB702 的 catch (SqlException sqlex) 永遠不會進去	Dev/ATLAS.OFDB/Source/PO/PO.OFDB/OFDB702_PO.cs:2281
ofdb4	低	E4 catch (SqlException) 在 Oracle 上是死碼	OFDB707	OFDB707 同上	Dev/ATLAS.OFDB/Source/PO/PO.OFDB/OFDB707_PO.cs:335
ofdb4	高	E5 Oracle 三值邏輯與會靜默濾掉資料的條件	OFDB703	OFDB703.HasExecute 的 " AND SUB_BANK_CODE <> " + strAgentBank	Dev/ATLAS.OFDB/Source/PO/PO.OFDB/OFDB703_PO.cs:1416
ofdb4	高	E5 Oracle 三值邏輯與會靜默濾掉資料的條件	OFDB901	OFDB901.AfterAdd 的 BATCH_ID <> '{0}' 子查詢	Dev/ATLAS.OFDB/Source/PO/PO.OFDB/OFDB901_PO.cs:99
ofdb4	高	E5 Oracle 三值邏輯與會靜默濾掉資料的條件	OFDB706, OFDB701	CHG_UPD_DTTM 的「未生效」判準全庫有 四種 寫法:SUBSTR(NVL(TRIM(x),'19000101'),1,8)='19000101'、NVL(x,' ')=' '、x='1900/01/01'、x='1900/1/1'	Dev/ATLAS.OFDB/Source/PO/PO.OFDB/OFDB706_PO.cs:113
ofdb4	中	E5 Oracle 三值邏輯與會靜默濾掉資料的條件	OFDB691	OFDB691 的 if (row.EMAIL == "") continue	Dev/ATLAS.EC/Source/Control/Control.EC/OFDB691_Ctl.cs:92
ofdb4	中	E5 Oracle 三值邏輯與會靜默濾掉資料的條件	OFDB718	OFDB718 的 HAVING MAX(BAL_DATE) = :BAL_DATE 沒有 GROUP BY	Dev/ATLAS.OFDB/Source/PO/PO.OFDB/OFDB718_PO.cs:71-88
ofdb4	高	E6 無鍵 / 少鍵的 UPDATE	OFDB721	OFDB721 的 UPDATE OFD081A SET TDCC_START_BAL_DATE = ' ' WHERE FUND_ID = :FUND_ID 沒有 TRANS_DATE	Dev/ATLAS.OFDB/Source/PO/PO.OFDB/OFDB721_PO.cs:126-128
ofdb4	高	E6 無鍵 / 少鍵的 UPDATE	OFDB903	OFDB903 確認作業的兩條 UPDATE 只有 DEF_SUB_DATE,沒有 FUND_ID	Dev/ATLAS.OTAB/Source/PO/PO.OTA/OFDB903_PO.cs:229-230
ofdb4	高	E6 無鍵 / 少鍵的 UPDATE	OFDB903	OFDB903 的 xFlag 初值空字串,TYPE2 非 "0"/"1" 時 CFM_CD 被寫成空字串	Dev/ATLAS.OTAB/Source/PO/PO.OTA/OFDB903_PO.cs:126
ofdb4	高	E7 ExecuteNonQuery 回傳值被常數蓋掉	OFDB718	OFDB718:k = Convert.ToInt32(...); k = 1	Dev/ATLAS.OFDB/Source/PO/PO.OFDB/OFDB718_PO.cs:134-135
ofdb4	高	E7 ExecuteNonQuery 回傳值被常數蓋掉	OFDB721	OFDB721:同一行寫法	Dev/ATLAS.OFDB/Source/PO/PO.OFDB/OFDB721_PO.cs:134-135
ofdb4	中	E8 交易與 rollback 的破口	OFDB718, OFDB721	OFDB718 的 catch 沒有 tran.Rollback(),只靠 finally 的 Dispose	Dev/ATLAS.OFDB/Source/PO/PO.OFDB/OFDB718_PO.cs:155-159
ofdb4	高	E8 交易與 rollback 的破口	OFDB921	OFDB921.BeforeExecuteCheck 的 catch 對 恆為 null 的 tran 呼叫 Rollback()	Dev/ATLAS.OFDB/Source/PO/PO.OFDB/OFDB921_PO.cs:104
ofdb4	中	E8 交易與 rollback 的破口	OFDB701	12 支同時開 dbTA 與 dbPTPF 兩個交易,commit 分兩次	Dev/ATLAS.OFDB/Source/PO/PO.OFDB/OFDB701_PO.cs:1054-1055
ofdb4	中	E8 交易與 rollback 的破口	OFDB704, OFDB751, OFDB950	OFDB704 / OFDB751 / OFDB950 完全沒有交易	Dev/ATLAS.OFDB/Source/PO/PO.OFDB/OFDB704_PO.cs:50-75
ofdb4	中	E8 交易與 rollback 的破口	OFDB716	OFDB716 建了一條 cnptpf 連線(而且是從 dbTA 建的)之後從未使用也未關閉	Dev/ATLAS.OFDB/Source/PO/PO.OFDB/OFDB716_PO.cs:127
ofdb4	中	E8 交易與 rollback 的破口	OFDB911, OFDB921, OFDB733	CommandTimeout = 0(無限等)出現在 16 支	Dev/ATLAS.OFDB/Source/PO/PO.OFDB/OFDB911_PO.cs:68
ofdb4	中	E9 寫死常數與位置取參數	OFDB715	f_TA_IsFundClose(:FUND_ID, …, '2', '0') 後兩個位置參數是魔術值,無註解	Dev/ATLAS.OFDB/Source/PO/PO.OFDB/OFDB715_PO.cs:205
ofdb4	中	E9 寫死常數與位置取參數	OFDB704	OFDB704.GetMEDIA_NO 把 FUND_ID 寫死成 "ALL FUNDS"	Dev/ATLAS.OFDB/Source/PO/PO.OFDB/OFDB704_PO.cs:106
ofdb4	低	E9 寫死常數與位置取參數	OFDB701	OFDB701 對郵局的特例寫死銀行代碼 "700"	Dev/ATLAS.OFDB/Source/PO/PO.OFDB/OFDB701_PO.cs:1021
ofdb4	中	E9 寫死常數與位置取參數	OFDB901	OFDB901 用 Substring(0,11) + Substring(11,4) 拆批號	Dev/ATLAS.OFDB/Source/PO/PO.OFDB/OFDB901_PO.cs:73
ofdb4	中	E9 寫死常數與位置取參數	OFDB901	OFDB901 輸出檔的 trailer 寫死 "3########V011100008160170158"	Dev/ATLAS.OFDB/Source/UI/UI.OFDB/OFDB901.cs:196
ofdb4	中	E9 寫死常數與位置取參數	OFDB950	OFDB950 四種記錄長度(170 / 119 / 248 / 135)與所有欄位位移全部寫死在 UI	Dev/ATLAS.OFDB/Source/UI/UI.OFDB/OFDB950.cs:86
ofdb4	低	E9 寫死常數與位置取參數	OFDB703, OFDB301	OFDB703 的錯誤訊息寫死另一支畫面代號 OFDB301	Dev/ATLAS.OFDB/Source/PO/PO.OFDB/OFDB703_PO.cs:1583
ofdb4	中	E10 字串串接進 SQL	OFDB701	OFDB701 兩處 "... WHERE BATCH_ID = '" + strBATCH_ID + "'"	Dev/ATLAS.OFDB/Source/PO/PO.OFDB/OFDB701_PO.cs:1069
ofdb4	中	E10 字串串接進 SQL	OFDB701, OFDB702	OFDB701 / OFDB702 的 f_TA_GetBankHQ(...) = '" + strAgentBank + "'	Dev/ATLAS.OFDB/Source/PO/PO.OFDB/OFDB701_PO.cs:346
ofdb4	高	E10 字串串接進 SQL	OFDB703	OFDB703 銀行代碼串接,而且 = / <> 兩處連引號都沒有	Dev/ATLAS.OFDB/Source/PO/PO.OFDB/OFDB703_PO.cs:1406
ofdb4	中	E10 字串串接進 SQL	OFDB731	OFDB731 基金代碼串接	Dev/ATLAS.OFDB/Source/PO/PO.OFDB/OFDB731_PO.cs:446-447
ofdb4	中	E10 字串串接進 SQL	OFDB753	OFDB753 的 F_TA_SPLITWORDS('" + strFUND_ID + "')	Dev/ATLAS.OFDB/Source/PO/PO.OFDB/OFDB753_PO.cs:76
ofdb4	中	E10 字串串接進 SQL	OFDB901	OFDB901 的 TRADE_NO='{0}' 與 BATCH_ID <> '{0}' 用 string.Format	Dev/ATLAS.OFDB/Source/PO/PO.OFDB/OFDB901_PO.cs:67
ofdb4	高	E10 字串串接進 SQL	OFDB691	OFDB691 全部的 UPDATE 都用 sb.AppendFormat(" UPDATE ... SET x='{0}' ", …)	Dev/ATLAS.EC/Source/PO/PO.EC/Oracle/OFDB691OracleDao.cs:173
ofdb4	高	E11 例外被吞 / fail-open / fail-closed	OFDB703	OFDB703.CheckALLOT_CLS 的 catch 把 ReturnCode 設成 false,而 UI 只在 true 時擋	Dev/ATLAS.OFDB/Source/PO/PO.OFDB/OFDB703_PO.cs:1587-1591
ofdb4	高	E11 例外被吞 / fail-open / fail-closed	OFDB871	OFDB871.Check_DATA 的 catch 吞掉例外後 return -1(= 已存在)	Dev/ATLAS.OFDB/Source/PO/PO.OFDB/OFDB871_PO.cs:432-437
ofdb4	高	E11 例外被吞 / fail-open / fail-closed	OFDB731	OFDB731.SaveFile 是 catch { return false; } —— 完全空的 catch	Dev/ATLAS.OFDB/Source/PO/PO.OFDB/OFDB731_PO.cs:514-517
ofdb4	高	E11 例外被吞 / fail-open / fail-closed	OFDB913	OFDB913 的 catch 連 CommonExceptionBlocker.HandleBusinessException 都沒有	Dev/ATLAS.OFDB/Source/PO/PO.OFDB/OFDB913_PO.cs:133-138
ofdb4	中	E11 例外被吞 / fail-open / fail-closed	OFDB911, OFDB912, OFDB921, OFDB691	OFDB911 / OFDB912 / OFDB921 / OFDB691 的 catch 把訊息設成空字串	Dev/ATLAS.OFDB/Source/PO/PO.OFDB/OFDB911_PO.cs:113
ofdb4	中	E11 例外被吞 / fail-open / fail-closed	OFDB921	OFDB921.BeforeExecuteCheck 查無資料時 Result 被清空而不補列	Dev/ATLAS.OFDB/Source/PO/PO.OFDB/OFDB921_PO.cs:131-135
ofdb4	高	E12 迴圈與狀態機	OFDB913	OFDB913 的 strStatus 宣告在迴圈外,if/else if 鏈沒有 else	Dev/ATLAS.OFDB/Source/PO/PO.OFDB/OFDB913_PO.cs:65
ofdb4	中	E12 迴圈與狀態機	OFDB871	OFDB871 的 strPreID 用來判斷「換人了就先 DELETE」,但兩個迴圈共用同一個變數且中間沒重設	Dev/ATLAS.OFDB/Source/PO/PO.OFDB/OFDB871_PO.cs:75
ofdb4	高	E12 迴圈與狀態機	OFDB731	OFDB731.ImportDataToVDB 兩次呼叫 mDir.GetFiles("*.txt"),而且不篩本次上傳的檔名	Dev/ATLAS.OFDB/Source/PO/PO.OFDB/OFDB731_PO.cs:540
ofdb4	高	E13 複製貼上的分身	OFDB702, OFDB701	OFDB702.designer.cs 有 6,319 行,其中約 4,800 行是基金主檔維護畫面的頁籤(保本型 / 手續費 / 收益分配 / 郵匯費)	Dev/ATLAS.OFDB/Source/UI/UI.OFDB/OFDB702.designer.cs:2985
ofdb4	高	E13 複製貼上的分身		PrepareExecute 四份逐字複本	Dev/ATLAS.OFDB/Source/UI/UI.OFDB/OFDB702.designer.cs:2985
ofdb4	中	E13 複製貼上的分身	OFDB716, OFDB717, OFDB753	ExportDataList 樣板在 716 717 722 752 753 755 756 七支裡幾乎逐字相同,但失敗處理各不相同	Dev/ATLAS.OFDB/Source/PO/PO.OFDB/OFDB716_PO.cs:124
ofdb4	中	E13 複製貼上的分身	OFDB691	OFDB691 同時存在 MSSQL/OFDB691_PO.cs(整支註解)與 Oracle/OFDB691OracleDao.cs,兩份都編譯	Dev/ATLAS.EC/Source/PO/PO.EC/MSSQL/OFDB691_PO.cs:13
ofdb4	中	E14 中繼資料 / 編碼	OFDB691, OFDB690	OFDB691 的 App.config section 裡 SelectedPlugin="OFDB690"	Dev/ATLAS.EC/Source/UI/UI.EC/App.config:235
ofdb4	中	E14 中繼資料 / 編碼	OFDB701, OFDB702	與 是 cp950,同專案其餘 .cs 都是 UTF-8 with BOM	Dev/ATLAS.OFDB/Source/UI/UI.OFDB/OFDB701.cs
ofdb4	低	E14 中繼資料 / 編碼	OFDB903	是 cp950	DB/SP/S_OTA_OFDB903_EXE.sql
ofdb4	高	E14 中繼資料 / 編碼		裡有明碼連線字串(含帳號與密碼)與主機名	Dev/ATLAS.OFDB/Source/PO/PO.OFDB/App.config
ofdb4	低	E14 中繼資料 / 編碼		同一支檔案裡 dataConfiguration defaultDatabase 被設成 Logging 而不是 TA	Dev/ATLAS.OFDB/Source/PO/PO.OFDB/App.config:61
ofdb4	高	E15 整組跑不起來的死碼	OFDB706, OFDB731, OFDB732, OFDB733, OFDB734	OFDB706 / OFDB731 / OFDB732 / OFDB733 / OFDB734 五支繼承 BasicEVAPO,dbTA 恆為 null,且整支是 T-SQL	
ofdb5	高	E.1 整支跑不起來	OFDB236, OFDB237, OFDB239, OFDB240, OFDB241, OFDB242, OFDB307	7 支 BasicEVAPO 的 dbTA 恆 null	Dev/Common/Source/Base/TA.DataAccess/BasicEVAPO.cs:26
ofdb5	高	E.1 整支跑不起來	OFDB330	OFDB330 的日期合理性檢核整個方法是死的	Dev/ATLAS.OFDB/Source/PO/PO.OFDB/OFDB330_PO.cs:571
ofdb5	高	E.2 卡控失效	OFDB305	REMIT_FAIL_CODE='' 在 Oracle 恆 UNKNOWN	Dev/ATLAS.OFDB/Source/PO/PO.OFDB/OFDB305_PO.cs:229
ofdb5	高	E.2 卡控失效	OFDB061, OFDB089	50 個 bool 卡控方法 fail-open	Dev/ATLAS.OTAB/Source/PO/PO.OTA/OFDB061_PO.cs:984-987
ofdb5	高	E.2 卡控失效	OFDB061	Oracle 三值邏輯 欄 <> '值' 遇 NULL	Dev/ATLAS.OTAB/Source/PO/PO.OTA/OFDB061_PO.cs:961-964
ofdb5	中	E.2 卡控失效	OFDB305	「受益人暫停申購」自 2009 年被 /* */ 註解	Dev/ATLAS.OFDB/Source/PO/PO.OFDB/OFDB305_PO.cs:245-260
ofdb5	中	E.2 卡控失效	OFDB307	OFDB307 的 OR (… AND 1=1)	Dev/ATLAS.OFDB/Source/PO/PO.OFDB/OFDB307_PO.cs:79
ofdb5	高	E.3 一律回成功	OFDB486A, OFDB489A	ExecuteNonQuery 回傳值被 i = 1; 蓋掉,共 12 處	Dev/ATLAS.OFDB/Source/PO/PO.OFDB/OFDB486A_PO.cs:131-145
ofdb5	高	E.3 一律回成功	OFDB303	OFDB303 的成功訊息筆數寫死 1,而且 ExecuteNonQuery 回傳值沒接	Dev/ATLAS.OFDB/Source/PO/PO.OFDB/OFDB303_PO.cs:193
ofdb5	中	E.3 一律回成功	OFDB089	OFDB089 六段 DELETE 的影響列數全部沒檢查	Dev/ATLAS.OTAB/Source/PO/PO.OTA/OFDB089_PO.cs:139
ofdb5	高	E.4 資料遺失	OFDM252	OFDM252 把 ROW_STATE 改寫成 "Deleted"	Dev/ATLAS.OTAB/Source/PO/PO.OTA/OFDM252_PO.cs:388-393
ofdb5	中	E.4 資料遺失	OFDM252	OFDM252 無條件把 OFD282.CFM_YN 設 'Y'	Dev/ATLAS.OTAB/Source/PO/PO.OTA/OFDM252_PO.cs:352-394
ofdb5	中	E.4 資料遺失	OFDB089	OFDB089 第六段 DELETE OFD256 的範圍靠 NVL 撐	Dev/ATLAS.OTAB/Source/PO/PO.OTA/OFDB089_PO.cs:232-243
ofdb5	中	E.4 資料遺失	OFDB135	OFDB135 取消結帳會 DELETE OFD220 / DELETE OFD221	Dev/ATLAS.OTAB/Source/PO/PO.OTA/OFDB135_PO.cs:738
ofdb5	高	E.5 繞過四眼 / 假四眼	OFDB489A, OFDB490A	OFDB489A / OFDB490A 的 INSERT OFD497A 把 Verify / Approve / Reject 三組四眼欄填成同一人同一秒,Status 寫死 '302'	Dev/ATLAS.OFDB/Source/PO/PO.OFDB/OFDB489A_PO.cs:100-119
ofdb5	高	E.5 繞過四眼 / 假四眼	OFDM252	OFDM252 直接 INSERT/UPDATE/DELETE OFD283,完全沒有覆核階段	Dev/ATLAS.OTAB/Source/PO/PO.OTA/OFDM252_PO.cs:397-477
ofdb5	中	E.6 交易與 rollback 的破口	OFDB303	catch 第一行就 tran.Rollback()	Dev/ATLAS.OFDB/Source/PO/PO.OFDB/OFDB303_PO.cs:199-212
ofdb5	中	E.6 交易與 rollback 的破口	OFDB489A	OFDB489A rollback 後不 return 也不 break	Dev/ATLAS.OFDB/Source/PO/PO.OFDB/OFDB489A_PO.cs:139-146
ofdb5	低	E.6 交易與 rollback 的破口	OFDB089	OFDB089 提早 return 時沒有 Rollback,只靠 finally 的 Dispose	Dev/ATLAS.OTAB/Source/PO/PO.OTA/OFDB089_PO.cs:110
ofdb5	中	E.6 交易與 rollback 的破口	OTAB901	OTAB901 開 m_db 的交易,finally 卻 Dispose 基底的 dbProduct	Dev/ATLAS.OTAB/Source/PO/PO.OTA/OTAB901_PO.cs:86
ofdb5	中	E.6 交易與 rollback 的破口	OTAB901	OTAB901 三處 BeginTransaction() 寫在 try 外	Dev/ATLAS.OTAB/Source/PO/PO.OTA/OTAB901_PO.cs:86
ofdb5	中	E.6 交易與 rollback 的破口	OFDB061, OFDB089	檢核方法的讀取有的傳 tran 有的不傳	Dev/ATLAS.OTAB/Source/PO/PO.OTA/OFDB061_PO.cs:977
ofdb5	中	E.7 例外被吞		全片 58 支 PO 的 throw 出現次數合計 0	Dev/ATLAS.OFDB/Source/PO/PO.OFDB/OFDB330_PO.cs:445
ofdb5	中	E.7 例外被吞	OFDB330, OFDB351, OFDB486A	88 處 AddResultRow(false, 0, "")(19 支)	Dev/ATLAS.OFDB/Source/PO/PO.OFDB/OFDB330_PO.cs:445
ofdb5	低	E.7 例外被吞	OFDB303	OFDB303 的訊息被砍成半句:"執行失敗,請檢查 : "	Dev/ATLAS.OFDB/Source/PO/PO.OFDB/OFDB303_PO.cs:210
ofdb5	中	E.7 例外被吞	OTAB901	OTAB901.InsAPILog 的失敗訊息寫成「取得境外基金主檔(OFD081)失敗」	Dev/ATLAS.OTAB/Source/PO/PO.OTA/OTAB901_PO.cs:108
ofdb5	低	E.7 例外被吞	OTAB901	OTAB901 的 Console.WriteLine	Dev/ATLAS.OTAB/Source/UI/UI.OTA/OTAB901.cs:142-143
ofdb5	高	E.8 安全	OTAB901	TLS 憑證驗證被整個行程關掉	Dev/ATLAS.OTAB/Source/UI/UI.OTA/OTAB901p0.cs:161
ofdb5	高	E.8 安全		把所有 SecurityProtocolType 相加,連 SSL3 / TLS1.0 一起啟用	Dev/ATLAS.OTAB/Source/UI/UI.OTA/OTAB901p0.cs:34-40
ofdb5	高	E.8 安全		App.config 明文連線字串(含帳密)	Dev/ATLAS.OFDB/Source/PO/PO.OFDB/App.config:9-11
ofdb5	高	E.8 安全	OFDB236, OFDB237	字串串接進 SQL	Dev/ATLAS.OFDB/Source/PO/PO.OFDB/OFDB236_PO.cs:146
ofdb5	中	E.9 誤導與失去資訊	OFDB285	OFDB285 畫面有「信件主旨 / 信件內容」欄位,但整片 58 支沒有任何寄信程式碼	Dev/ATLAS.OFDB/Source/UI/UI.OFDB/OFDB285.Designer.cs:481
ofdb5	高	E.9 誤導與失去資訊	OTAB901	OTAB901 失敗不寫 API log	Dev/ATLAS.OTAB/Source/UI/UI.OTA/OTAB901p0.cs:171-189
ofdb5	中	E.9 誤導與失去資訊	OTAB901	OTAB901 的「API Path 未設定」檢核永遠到不了	Dev/ATLAS.OTAB/Source/UI/UI.OTA/OTAB901p0.cs:126
ofdb5	低	E.9 誤導與失去資訊	OFDB328	OFDB328 報表段沒勾檔案時靜默結束	Dev/ATLAS.OFDB/Source/PO/PO.OFDB/OFDB328_PO.cs:1129
ofdb5	低	E.9 誤導與失去資訊	OFDB061	OFDB061 在日期為空時仍把空字串塞進訊息	Dev/ATLAS.OTAB/Source/UI/UI.OTA/OFDB061.cs:199-206
ofdb5	中	E.9 誤導與失去資訊	OTAB901	OTAB901.DoExp1 沒有 try	Dev/ATLAS.OTAB/Source/UI/UI.OTA/OTAB901.cs:116-124
ofdb5	中	E.10 寫死常數與寫死字串	OFDB328	OFDB328 用 FILE_ID.IndexOf("DR") == 0 決定走哪一支 SP	Dev/ATLAS.OFDB/Source/PO/PO.OFDB/OFDB328_PO.cs:1132
ofdb5	低	E.10 寫死常數與寫死字串	OFDB236	OFDB236 預設目錄寫死 c:\	Dev/ATLAS.OFDB/Source/UI/UI.OFDB/OFDB236.cs:238
ofdb5	中	E.10 寫死常數與寫死字串	OFDB489A	OFD497A.Status 寫死 '302'、RejectDate 寫死 1900/01/01	Dev/ATLAS.OFDB/Source/PO/PO.OFDB/OFDB489A_PO.cs:116
ofdb5	低	E.10 寫死常數與寫死字串	OFDB351	OFDB351 兩個方法都把 iCHECK_TYPE 寫死 "Y"	Dev/ATLAS.OFDB/Source/PO/PO.OFDB/OFDB351_PO.cs:60
ofdb5	低	E.10 寫死常數與寫死字串	OFDB328	OFDB328 的 bool.Parse(參數)	Dev/ATLAS.OFDB/Source/PO/PO.OFDB/OFDB328_PO.cs:1170
ofdb5	中	E.11 成對批次只改一邊	OFDB239, OFDB241	OFDB239 的 UPDATE 有 REMIT_CLS_CD='Y' 守衛,OFDB241 沒有	Dev/ATLAS.OFDB/Source/PO/PO.OFDB/OFDB239_PO.cs:51-54
ofdb5	中	E.11 成對批次只改一邊		OTAB901p0 / OTAB901p1 相似度 92.3%	Dev/ATLAS.OTAB/Source/UI/UI.OTA/OTAB901p0.cs
ofdb5	中	E.11 成對批次只改一邊	OFDB489A, OFDB490A	OFDB489A / OFDB490A 相似度 64.4%	Dev/ATLAS.OFDB/Source/PO/PO.OFDB/OFDB489A_PO.cs
ofdb5	中	E.12 維護陷阱	OFDB305, OFDB323	OFDB305_PO.cs / OFDB323_PO.cs 各有一份過期副本在 UI 資料夾,不在 csproj	Dev/ATLAS.OFDB/Source/UI/UI.OFDB/OFDB305_PO.cs
ofdb5	中	E.12 維護陷阱	OFDB289, OFDB305, OFDB323	9 個 .cs 是 cp950 不是 UTF-8	Dev/ATLAS.OFDB/Source/UI/UI.OFDB/OFDB305_PO.cs
ofdb5	低	E.12 維護陷阱		ATLAS.OTAB 的資料夾叫 PO.OTA / UI.OTA,但組件與 namespace 是 OTAB	Dev/ATLAS.OTAB/Source/PO/PO.OTA/PO.OTAB.csproj
ofdb5	中	E.12 維護陷阱	OFDB051, OFDB081	SET COL = '' 在 Oracle 寫入的是 NULL	Dev/ATLAS.OTAB/Source/PO/PO.OTA/OFDB051_PO.cs:383-385
ofdb5	低	E.12 維護陷阱	OFDB432, OFDB434	OFDB432 / OFDB434 還留著沒用到的 using System.Data.SqlClient	Dev/ATLAS.OFDB/Source/PO/PO.OFDB/OFDB432_PO.cs:11
ofdb5	低	E.12 維護陷阱	OFDB328	OFDB328 有一整段「已停用」的 ACH 付款檢核	Dev/ATLAS.OFDB/Source/PO/PO.OFDB/OFDB328_PO.cs:1398
ofdi1	高	E.1 BasicEVAPO.dbTA 恆為 null,三支畫面按查詢就炸 — 高	OFDI058B, OFDI375, OFDI719, OFDI059	E.1 BasicEVAPO.dbTA 恆為 null,三支畫面按查詢就炸	Dev/Common/Source/Base/TA.DataAccess/BasicEVAPO.cs:26
ofdi1	高	E.2 OFDI481 的期別條件沒有引號,是裸注入點 — 高	OFDI481	E.2 OFDI481 的期別條件沒有引號,是裸注入點	Dev/ATLAS.OFD.Query/Source/PO/QueryPO.OFD/OFDI481_PO.cs:142
ofdi1	高	E.3 Oracle 三值邏輯:<> 與 NOT IN 遇 NULL 靜默吃資料 — 高	OFDI901	OFDI901 · 九個 欄 <> 0 用 OR 串	Dev/ATLAS.OFD.Query/Source/PO/QueryPO.OFD/OFDI901_PO.cs:112-120
ofdi1	高	E.3 Oracle 三值邏輯:<> 與 NOT IN 遇 NULL 靜默吃資料 — 高	OFDI019	OFDI019 · MESSAGE_REF_ID NOT IN (SELECT DISTINCT CORR_MESSAGE_REF_ID FROM CRSP001)	Dev/ATLAS.OFD.Query/Source/PO/QueryPO.OFD/OFDI019_PO.cs:158
ofdi1	高	E.3 Oracle 三值邏輯:<> 與 NOT IN 遇 NULL 靜默吃資料 — 高	OFDI019	OFDI019 · AND MESSAGE_TYPE <> 'CRS702'	Dev/ATLAS.OFD.Query/Source/PO/QueryPO.OFD/OFDI019_PO.cs:157
ofdi1	高	E.3 Oracle 三值邏輯:<> 與 NOT IN 遇 NULL 靜默吃資料 — 高	OFDI058B	OFDI058B · AND OFD081V.FUND_SETUP_DATE <> '1900/01/01' / AND OFD221A.ALLOT_PROC_CODE <> 'D'	Dev/ATLAS.OFD.Query/Source/PO/QueryPO.OFD/OFDI058B_PO.cs:60
ofdi1	高	E.4 OFDI060 的 bind 變數少了冒號 — 高	OFDI060, OFDI716	E.4 OFDI060 的 bind 變數少了冒號	Dev/ATLAS.OFD.Query/Source/PO/QueryPO.OFD/OFDI060_PO.cs:81
ofdi1	中	E.5 OFDI719 同一欄同時對兩種編碼 join — 中	OFDI719	E.5 OFDI719 同一欄同時對兩種編碼 join	Dev/ATLAS.OFD.Query/Source/PO/QueryPO.OFD/OFDI719_PO.cs:66-67
ofdi1	中	E.6 例外處理三套並存,同一個錯在不同畫面表現不同 — 中	OFDI716, OFDI719	甲 · AddResultRow(false, 0, ex.Message) · Oracle 原文錯誤訊息(含表名欄名) · OFDI716 OFDI719	Dev/ATLAS.OFD.Query/Source/PO/QueryPO.OFD/OFDI716_PO.cs:175-179
ofdi1	中	E.6 例外處理三套並存,同一個錯在不同畫面表現不同 — 中	OFDI311, OFDI701, OFDI702, OFDI901, OFDI123A	乙 · CommonExceptionBlocker.HandleBusinessException(ex) · 框架的例外視窗 · OFDI311 OFDI701 OFDI702 OFDI901 OFDI123A 等	Dev/ATLAS.OFD.Query/Source/PO/QueryPO.OFD/OFDI716_PO.cs:175-179
ofdi1	中	E.6 例外處理三套並存,同一個錯在不同畫面表現不同 — 中	OFDI010, OFDI060, OFDI058B, OFDI913, OFDI915	丙 · 兩個都做 · 先塞訊息再彈視窗 · OFDI010 OFDI060 OFDI058B OFDI913 OFDI915	Dev/ATLAS.OFD.Query/Source/PO/QueryPO.OFD/OFDI716_PO.cs:175-179
ofdi1	中	E.7 OFDI123A 用字串取代改已組好的 SQL — 中	OFDI123A	E.7 OFDI123A 用字串取代改已組好的 SQL	Dev/ATLAS.OFD.Query/Source/PO/QueryPO.OFD/OFDI123A_PO.cs:88
ofdi1	中	E.8 NULL 在 Ctl 被轉成哨兵值,語意遺失 — 中	OFDI375, OFDI058B	E.8 NULL 在 Ctl 被轉成哨兵值,語意遺失	Dev/ATLAS.OFD.Query/Source/PO/QueryPO.OFD/OFDI058B_PO.cs:257
ofdi1	中	E.9 Model 與 View 欄數對不上 — 中	OFDI702	OFDI702 · OFDI702 23 欄 · OFDI702 22 欄	Dev/ATLAS.OFD.Query/Source/Entity/QueryDataEntity.OFD/OFDI702Model.xsd
ofdi1	中	E.9 Model 與 View 欄數對不上 — 中	OFDI060	OFDI060 · OFDI060_SHORT_TIME 9 欄 · OFDI060_SHORT_TIME 11 欄	Dev/ATLAS.OFD.Query/Source/Entity/QueryDataEntity.OFD/OFDI060Model.xsd
ofdi1	低	E.10 OFDI701Model..xsd 檔名多一個點 — 低	OFDI702	E.10 OFDI701Model..xsd 檔名多一個點	Dev/ATLAS.OFD.Query/Source/Entity/QueryDataEntity.OFD/QueryDataEntity.OFD.csproj:222
ofdi1	中	E.11 OFDI058B 的權限保護不了資料 — 中	OFDI058B, OFDI022, OFDI076A, OFDI901	E.11 OFDI058B 的權限保護不了資料	Dev/ATLAS.OFD.Query/Source/PO/QueryPO.OFD/OFDI058B_PO.cs:49-58
ofdi1	中	E.12 六支匯出畫面的欄位契約完全在版控外 — 中	OFDI016, OFDI912, OFDI916, OFDI915	E.12 六支匯出畫面的欄位契約完全在版控外	Dev/ATLAS.OFD.Query/Source/PO/QueryPO.OFD/OFDI915_PO.cs:64-75
ofdi1	中	E.13 IN 條件在三參數版 AddParam 完全沒跳脫 — 中	OFDI751, OFDI752	E.13 IN 條件在三參數版 AddParam 完全沒跳脫	Dev/Common/Source/Utility/TA.ServerUtility/SQLHelper.cs:369-370
ofdi1	低	E.14 寫死常數與魔術數字 — 低	OFDI022, OFDI901, OFDI716	E.14 寫死常數與魔術數字	Dev/ATLAS.OFD.Query/Source/PO/QueryPO.OFD/OFDI022_PO.cs:75
ofdi1	低	E.15 被註解但外殼還在 — 低	OFDI022	OFDI022 · 一整段 T-SQL 條件組法,含把 FUND_ID 串進 IN(...) 的寫法	Dev/ATLAS.OFD.Query/Source/PO/QueryPO.OFD/OFDI022_PO.cs:443-449
ofdi1	低	E.15 被註解但外殼還在 — 低	OFDI019	OFDI019 · 遷移前的訊息編號產生規則(CONVERT(VARCHAR,DATEPART(YEAR,GETDATE())))	Dev/ATLAS.OFD.Query/Source/PO/QueryPO.OFD/OFDI019_PO.cs:133-134
ofdi1	低	E.15 被註解但外殼還在 — 低	OFDI311, OFDI701	OFDI311 / OFDI701 · 自建連線的 Dbcon.Open() / finally 全段註解	Dev/ATLAS.OFD.Query/Source/PO/QueryPO.OFD/OFDI701_PO.cs:244-248
ofdi1	低	E.15 被註解但外殼還在 — 低		BasicEVAPO · 就是 E.1 的元兇	Dev/Common/Source/Base/TA.DataAccess/BasicEVAPO.cs:169-170
ofdi1	低	E.16 /*RowNum*/ 是死記號 — 低	OFDI701, OFDI702	E.16 /*RowNum*/ 是死記號	Dev/ATLAS.OFD.Query/Source/PO/QueryPO.OFD/OFDI701_PO.cs:75
ofdi1	中	E.17 OFDI058B 查無資料時 Result 是空的 — 中	OFDI058B, OFDI716	E.17 OFDI058B 查無資料時 Result 是空的	Dev/ATLAS.OFD.Query/Source/PO/QueryPO.OFD/OFDI058B_PO.cs:167-170
ofdi1	高	E.18 OFDI701 的 Like 分支把欄名串兩次 — 高	OFDI701, OFDI702	E.18 OFDI701 的 Like 分支把欄名串兩次	Dev/ATLAS.OFD.Query/Source/PO/QueryPO.OFD/OFDI701_PO.cs:154
ofdi1	未分級	E.19 INNER JOIN 讓對不到的資料無聲消失 — 中,但範圍最廣	OFDI751	OFDI751 · OFD751 / BMS001A / OFD081V 三個 inner · 集保對照表沒建 → 整筆下單查不到	Dev/ATLAS.OFD.Query/Source/PO/QueryPO.OFD/OFDI751_PO.cs:96-99
ofdi1	未分級	E.19 INNER JOIN 讓對不到的資料無聲消失 — 中,但範圍最廣	OFDI716	OFDI716 · 明細 JOIN TRP805A · 主檔缺列 → 明細消失	Dev/ATLAS.OFD.Query/Source/PO/QueryPO.OFD/OFDI716_PO.cs:129-130
ofdi1	未分級	E.19 INNER JOIN 讓對不到的資料無聲消失 — 中,但範圍最廣	OFDI075A, OFDI076A	OFDI075A OFDI076A · JOIN BMS001A + JOIN OFD081A · 受益人或基金主檔對不到 → 庫存消失	Dev/ATLAS.OFD.Query/Source/PO/QueryPO.OFD/OFDI075A_PO.cs:65-76
ofdi1	未分級	E.19 INNER JOIN 讓對不到的資料無聲消失 — 中,但範圍最廣	OFDI010	OFDI010 · JOIN TA_AA_USER · 建檔人已離職刪帳號 → 刪除軌跡查不到	Dev/ATLAS.OFD.Query/Source/PO/QueryPO.OFD/OFDI010_PO.cs:69-70
ofdi1	未分級	E.19 INNER JOIN 讓對不到的資料無聲消失 — 中,但範圍最廣	OFDI716	OFDI716 等 · LEFT JOIN OFD081V + WHERE OFD081V.FUND_ID IN (…) · LEFT JOIN 被 WHERE 打回 inner	Dev/ATLAS.OFD.Query/Source/PO/QueryPO.OFD/OFDI716_PO.cs:86-92
ofdi1	低	E.20 OFDI901 與 OFDI076A 是重複實作 — 低	OFDI901, OFDI076A	E.20 OFDI901 與 OFDI076A 是重複實作	Dev/ATLAS.OFD.Query/Source/PO/QueryPO.OFD/OFDI076A_PO.cs:65-76
ofdi2	未分級	E.1 NVL(TRIM(:P), 欄) 樣板讓 NULL 欄位的資料列永遠查不到	OFDI612A, OFDI072B, OFDI283A, IPJI613, OFDI553	E.1 NVL(TRIM(:P), 欄) 樣板讓 NULL 欄位的資料列永遠查不到	Dev/ATLAS.OTA.Query/Source/PO/QueryPO.OFD/OFDI612A_PO.cs:138-139
ofdi2	未分級	E.2 OFDI553 的 AND / OR 缺括號,填書號區間就繞過全部條件	OFDI553, OFDI554	E.2 OFDI553 的 AND / OR 缺括號,填書號區間就繞過全部條件	Dev/ATLAS.OTA.Query/Source/PO/QueryPO.OFD/OFDI553_PO.cs:174
ofdi2	未分級	E.3 日期(迄)接了一個全形空白,TO_DATE 極可能拋 ORA-01861		E.3 日期(迄)接了一個全形空白,TO_DATE 極可能拋 ORA-01861	Dev/ATLAS.EC.Query/Source/PO/QueryPO.EC/Oracle/OFDI607OracleDao.cs:118
ofdi2	未分級	E.4 INNER JOIN FSK003 讓沒有幣別對照的交易無聲消失	OFDI612A, OFDI611, OFDI283A, OFDI553	E.4 INNER JOIN FSK003 讓沒有幣別對照的交易無聲消失	Dev/ATLAS.OTA.Query/Source/PO/QueryPO.OFD/OFDI612A_PO.cs:135
ofdi2	未分級	E.5 三支 PO 把畫面輸入直接串進 SQL	IPJI630	E.5 三支 PO 把畫面輸入直接串進 SQL	Dev/ATLAS.EC.Query/Source/PO/QueryPO.EC/Oracle/IPJI630OracleDao.cs:76
ofdi2	未分級	E.6 OFDM287 的八個查詢條件全部字串串接	OFDM287	E.6 OFDM287 的八個查詢條件全部字串串接	Dev/ATLAS.OFD/Source/PO/PO.OFD/OFDM287_PO.cs:143
ofdi2	未分級	E.7 六支死畫面:PO 整檔註解仍掛 csproj,Ctl 退出 csproj 卻還在磁碟上	OFDI606, OFDI609, OFDI610, OFDI612, OFDI613, OFDI614, OFDI601	E.7 六支死畫面:PO 整檔註解仍掛 csproj,Ctl 退出 csproj 卻還在磁碟上	Dev/ATLAS.EC.Query/Source/PO/QueryPO.EC/QueryPO.EC.csproj:132-146
ofdi2	未分級	E.8 OFDI563 借用 OFDI562 的 xsd,改一支動到兩支	OFDI563, OFDI562	E.8 OFDI563 借用 OFDI562 的 xsd,改一支動到兩支	Dev/ATLAS.OTA.Query/Source/PO/QueryPO.OFD/OFDI563_PO.cs:93
ofdi2	未分級	E.9 表別名取成另一張真實存在的表名	OFDI052, OFDI553, OFDI612A	E.9 表別名取成另一張真實存在的表名	Dev/ATLAS.OTA.Query/Source/PO/QueryPO.OFD/OFDI052_PO.cs:119-123
ofdi2	未分級	E.10 OFDM287 的維護頁只回寫 MEMO,其他欄位改了不存也不提示	OFDM287	E.10 OFDM287 的維護頁只回寫 MEMO,其他欄位改了不存也不提示	Dev/ATLAS.OFD/Source/UI/UI.OFD/OFDM287.cs:248-253
ofdi2	未分級	E.11 IPJI613 沒有「至少挑一檔基金」的守門員	IPJI613, IPJI614, IPJI620	E.11 IPJI613 沒有「至少挑一檔基金」的守門員	Dev/ATLAS.EC.Query/Source/PO/QueryPO.EC/Oracle/IPJI613OracleDao.cs:83
ofdi2	未分級	E.12 OFDM287 的 GET_WAY == "3" 寫死在 UI,下拉卻走代碼表	OFDM287	E.12 OFDM287 的 GET_WAY == "3" 寫死在 UI,下拉卻走代碼表	Dev/ATLAS.OFD/Source/UI/UI.OFD/OFDM287.cs:96
ofdi2	未分級	E.13 IPJI612 同一組七張結果集有兩段各自維護的 SQL	IPJI612	E.13 IPJI612 同一組七張結果集有兩段各自維護的 SQL	Dev/ATLAS.EC.Query/Source/PO/QueryPO.EC/Oracle/IPJI612OracleDao.cs:632
ofdi2	未分級	E.14 OFDI056 / OFDI057 沒有 ORDER BY	OFDI056, OFDI057	E.14 OFDI056 / OFDI057 沒有 ORDER BY	Dev/ATLAS.OTA.Query/Source/PO/QueryPO.OFD/OFDI056_PO.cs:128
ofdi2	未分級	E.15 OFD651.EC_REDEM_PCODE = '3' 翻成空字串	OFDI612A, OFDI613A	E.15 OFD651.EC_REDEM_PCODE = '3' 翻成空字串	Dev/ATLAS.OTA.Query/Source/PO/QueryPO.OFD/OFDI612A_PO.cs:101
ofdi2	未分級	E.16 OFDI607 的 Substring(0, 10) 位置取參數	OFDI607	E.16 OFDI607 的 Substring(0, 10) 位置取參數	Dev/ATLAS.EC.Query/Source/PO/QueryPO.EC/Oracle/OFDI607OracleDao.cs:113
ofdi2	未分級	E.17 OFDM287 的 CanSave 是死碼	OFDM287	E.17 OFDM287 的 CanSave 是死碼	Dev/ATLAS.OFD/Source/UI/UI.OFD/OFDM287.cs:28
ofdi2	未分級	E.18 OFDM287 的 BF_NO 條件被複製貼上兩次	OFDM287	E.18 OFDM287 的 BF_NO 條件被複製貼上兩次	Dev/ATLAS.OFD/Source/PO/PO.OFD/OFDM287_PO.cs:207-219
ofdi2	未分級	E.19 錯誤訊息把 Oracle 原文貼上畫面	OFDI612A	E.19 錯誤訊息把 Oracle 原文貼上畫面	Dev/ATLAS.OTA.Query/Source/PO/QueryPO.OFD/OFDI612A_PO.cs:171
ofdi2	未分級	E.20 OTA.Query 24 支沒有任何必填檢核,也沒有分頁	IPJI620	E.20 OTA.Query 24 支沒有任何必填檢核,也沒有分頁	Dev/ATLAS.EC.Query/Source/UI/QueryUI.EC/IPJI620.cs:233
ofdr1	高	附錄 E(前言表)	OFDR022	繼承基底 → 連查詢都 NRE · 13 支 PO 的 m_db 永遠是 null,初始化被註解掉,第一行就解參考	Dev/ATLAS.OFD.Report/Source/PO/ReportPO.OFD/OFDR022_PO.cs:17-24
ofdr1	高	附錄 E(前言表)	OFDR716	.rpt 不在版控(報表獨有) · OFDR716 第三分支要 OFDR716RPS2,檔案、伴生 .cs、csproj 宣告三者皆無,報表中文名也是空字串	Dev/ATLAS.OFD.Report/Source/UI/ReportUI.OFD/OFDR716.cs:56
ofdr1	高	附錄 E(前言表)	OFDR022	INNER JOIN 讓對不到的資料無聲消失 · OFDR022 的 INNER JOIN OFD132,沒有寄發設定的受益人整筆消失	Dev/ATLAS.OFD.Report/Source/PO/ReportPO.OFD/OFDR022_PO.cs:213-216
ofdr1	高	附錄 E(前言表)	OFDR022	Oracle 三值邏輯 · OFDR022 的 WHERE CELL_PHONE <> '';Oracle 把 '' 當 NULL,整句恆為 UNKNOWN	Dev/ATLAS.OFD.Report/Source/PO/ReportPO.OFD/OFDR022_PO.cs:217
ofdr1	高	附錄 E(前言表)	OFDR455, OFDR457, OFDR452, OFDR453	迴圈外的清理被漏做(成對只改一邊) · OFDR455 OFDR457 沒有 _DEL SP、沒有刪除呼叫;OFDR452 OFDR453 有	Dev/ATLAS.OFD.Report/Source/PO/ReportPO.OFD/OFDR455_PO.cs:75
ofdr1	高	附錄 E(前言表)	OFDR452, OFDR453, OFDR455, OFDR457	catch fail-open / 例外被二次例外蓋掉 · 請款四支的 catch 對已 Commit 的交易呼叫 Rollback(),拋 InvalidOperationException 蓋掉原例外;AddResultRow(false, 0, string.Empty) 給空訊息	Dev/ATLAS.OFD.Report/Source/PO/ReportPO.OFD/OFDR452_PO.cs:185-190
ofdr1	高	附錄 E(前言表)	OFDR022, OFDR023	同上 · OFDR022 OFDR023 的 catch 對 null 的 trans 呼叫 Rollback(),finally 再對 null 的 Dbcon 呼叫 Close()	Dev/ATLAS.OFD.Report/Source/PO/ReportPO.OFD/OFDR022_PO.cs:177-183
ofdr1	高	附錄 E(前言表)	OFDR022	被註解掉的檢核 · OFDR022 的重寄防護 AND RECEIPT_DOC_ID <> 'Y' 被註解;簡訊在 UPDATE 之前就發了	Dev/ATLAS.OFD.Report/Source/PO/ReportPO.OFD/OFDR022_PO.cs:157
ofdr1	高	附錄 E(前言表)	OFDR023	零檢核 · OFDR023 全檔沒有一條 AddError,也沒有確認對話框,動作是對外發簡訊	Dev/ATLAS.OFD.Report/Source/UI/ReportUI.OFD/OFDR023.cs
ofdr1	中	附錄 E(前言表)	OFDR452	i = 1; 蓋掉 ExecuteNonQuery 回傳值 · 請款四支全中;if (i > 0) 因此永遠成立	Dev/ATLAS.OFD.Report/Source/PO/ReportPO.OFD/OFDR022_PO.cs:17-24
ofdr1	中	附錄 E(前言表)	OFDR002A, OFDR564	T-SQL 殘留:語法層級 · OFDR002A 的 LEFT JOIN OFD038、OFDR564 的 GETDATE()	Dev/ATLAS.OFD.Report/Source/PO/ReportPO.OFD/OFDR002A_PO.cs:85
ofdr1	中	附錄 E(前言表)	OFDR022	T-SQL 殘留:型別與參數前綴 · 12 支 PO 只用 SqlDbType、一個 OracleDbType 都沒有,參數名帶 @	Dev/ATLAS.OFD.Report/Source/PO/ReportPO.OFD/OFDR022_PO.cs:124-131
ofdr1	中	附錄 E(前言表)	OFDR022, OFDR023	字串串接進 SQL · OFDR022 OFDR023 把使用者輸入的 ID_NO BF_NO 日期直接串進 WHERE	Dev/ATLAS.OFD.Report/Source/PO/ReportPO.OFD/OFDR022_PO.cs:250
ofdr1	中	附錄 E(前言表)	OFDR452, OFDR455, OFDR457, OFDR453	成對報表只改一邊 · 請款四支對 DATA_TYPE 做了四件不同的事:OFDR452 可選、OFDR455 OFDR457 寫死 '1'、OFDR453 不送	Dev/ATLAS.OFD.Report/Source/PO/ReportPO.OFD/OFDR022_PO.cs:17-24
ofdr1	中	附錄 E(前言表)	OFDR511, OFDR513	非 UTF-8 來源檔 · OFDR511.cs 與 OFDR513.cs 是 cp950,其餘 38 支是 UTF-8	Dev/ATLAS.OFD.Report/Source/UI/ReportUI.OFD/OFDR511.cs:49
ofdr1	中	附錄 E(前言表)	OFDR001A	.rpt 與 .cs 的第三份 schema 沒有編譯期保護 · SetRptSchemaOnDoc() 是唯一綁定點;.rpt 是二進位,欄位對不上不會編譯錯	Dev/ATLAS.OFD.Report/Source/UI/ReportUI.OFD/OFDR001A.cs:290
ofdr1	中	附錄 E(前言表)	OFDR452, OFDR461	檔名不照規則 · OFDR452_PXy.cs / OFDR461_PXy.cs 大寫 X;OFDR461_Ct.cs 少一個 l	Dev/ATLAS.OFD.Report/Source/FormProxy/ReportFormProxy/OFDR452_PXy.cs
ofdr1	中	附錄 E(前言表)	OFDR022	寫死常數 · OFDR022 的簡訊全文、公司名、客服電話寫在 C# 裡;A / B 兩個 case 文字一字不差	Dev/ATLAS.OFD.Report/Source/PO/ReportPO.OFD/OFDR022_PO.cs:105-118
ofdr1	中	附錄 E(前言表)	OFDR021	寫死常數 · OFDR021 把 CTL014 的八個 SourceType 寫死;與 ofdi1.md 記的六個完全不重疊	Dev/ATLAS.OFD.Report/Source/PO/ReportPO.OFD/OFDR021_PO.cs:130
ofdr1	中	附錄 E(前言表)	OFDR540	動態組資源名 · OFDR540 用 "OFDR540RPS" + 選項值 組版型名;default 送空字串	Dev/ATLAS.OFD.Report/Source/UI/ReportUI.OFD/OFDR540.cs:107
ofdr1	中	附錄 E(前言表)	OFDR512	同一支內兩套參數慣例 · OFDR512_PO 前段用 stri / dati / int 前綴,後段用裸欄名	Dev/ATLAS.OFD.Report/Source/PO/ReportPO.OFD/OFDR512_PO.cs:61-76
ofdr1	低	附錄 E(前言表)	OFDR239	UI key 與 SP 參數名對不上 · OFDR239 的 UI 傳 CTL_DATE_ST/END,PO 綁到 SP 的 striALLOT_DATE_ST/ED	Dev/ATLAS.OFD.Report/Source/UI/ReportUI.OFD/OFDR239.cs
ofdr1	低	附錄 E(前言表)	OFDR015	寫死常數 · OFDR015 未輸入日期時傳 1900/01/01 ~ 9998/12/31	Dev/ATLAS.OFD.Report/Source/UI/ReportUI.OFD/OFDR015.cs:80-81
ofdr1	低	附錄 E(前言表)	OFDR513, OFDR511, OFDR512	寫死常數 · OFDR513 戶號空白時傳 -1;OFDR511 OFDR512 沒有這個約定	Dev/ATLAS.OFD.Report/Source/UI/ReportUI.OFD/OFDR513.cs:79
ofdr1	低	附錄 E(前言表)	OFDR540	兩個選項同一個報表抬頭 · OFDR540 的 8 與 9 中文名完全相同,版型不同	Dev/ATLAS.OFD.Report/Source/UI/ReportUI.OFD/OFDR540.cs:133-136
ofdr1	低	附錄 E(前言表)	OFDR453	控件顯示文字被當檔名 · OFDR453 用 uchkQUERY_TYPE_B1.Text 串輸出檔名	Dev/ATLAS.OFD.Report/Source/UI/ReportUI.OFD/OFDR453.cs:284
ofdr1	低	附錄 E(前言表)	OFDR237	隱藏的部署相依 · OFDR237 直接 using Microsoft.Office.Interop.Excel	Dev/ATLAS.OFD.Report/Source/UI/ReportUI.OFD/OFDR237.cs:21
ofdr1	低	附錄 E(前言表)		同功能四個 helper · SQLEVAHelper.GetParamValue / EVAStringHelper.GetParamValue / 裸 GetParamValue / this.GetParamValue	Dev/ATLAS.OFD.Report/Source/PO/ReportPO.OFD/OFDR022_PO.cs:17-24
ofdr1	低	附錄 E(前言表)	OFDR014	範本註解殘留 · 13 支 Basic_PO 派的 UI 留著 //@@@ 步驟2 :指定報表ClassName	Dev/ATLAS.OFD.Report/Source/UI/ReportUI.OFD/OFDR014.cs:60
ofdr2	高	附錄 E(前言表)	OFDR042	全域暫存表當資料權限 · OFDR042 的資料權限(非豁免部門只看自己的受益人)用 TA_DEPT_EMP DSMR008T4 兩張沒有使用者鍵的表算,DELETE 全表重建	DB/SP/S_OTA_OFDR042_GET.SQL:493-495
ofdr2	高	附錄 E(前言表)	OFDR601A, OFDR088	全域暫存表無聲空白 · 18 個 SP 用 DELETE OFD068AT0; INSERT ... FROM OFD068A_V02 重建銷售機構名稱,無使用者鍵	DB/SP/S_OTA_OFDR601A_GET.SQL:36-39
ofdr2	高	附錄 E(前言表)	DSMR008, OFDR133, OFDR042	全域暫存表 + INNER JOIN → 零筆 · 7 個 SP 把使用者勾的基金塞進 DSMR008T0(無使用者鍵),主查詢 INNER JOIN DSMR008T0	DB/SP/S_OTA_OFDR133_GET.SQL:40-43
ofdr2	高	附錄 E(前言表)	OFDR050, OFDR901A	.rpt 不在版控(報表獨有) · OFDR050 要 OFDR050RPS1、OFDR901A 要 OFDR901ARPS1,檔案、伴生 .cs、csproj 宣告三者皆無	Dev/ATLAS.OTA.Report/Source/UI/ReportUI.OTA/OFDR050.cs:228
ofdr2	高	附錄 E(前言表)	OFDR042, OFDR606A, OFDR088	Oracle 三值邏輯 · 欄 = NVL(i參數, 欄) 164 處 / 37 SP;NVL(TRIM(x), 欄) 8 SP;OMNIBUS_PCD_* <> '0' 3 欄	DB/SP/S_OTA_OFDR606A_GET.SQL:63-64
ofdr2	高	附錄 E(前言表)	OFDR002, OFDR042	INNER JOIN 讓對不到的資料無聲消失 · 34 / 38 個 SP 有 INNER JOIN;寄發家族 7 支 INNER JOIN OFD132A——沒有寄發設定的受益人整筆不印;OFDR002 INNER JOIN OFD303——沒結帳列的基金不檢核也不印	DB/SP/S_OTA_OFDR042_GET.SQL:574-576
ofdr2	高	附錄 E(前言表)	OFDR607	檔案存在但不在 csproj · EC 7 支 UI / Ctl / Pxy 不在 csproj、PO 整檔註解	Dev/ATLAS.EC.Report/Source/UI/ReportUI.EC/ReportUI.EC.csproj:211-266
ofdr2	中	附錄 E(前言表)	OFDR601A	零「查無資料」提示 · OTA 34 支 PO 零筆回 AddResultRow(false, 0, string.Empty),訊息空;EC 6 支回 true + 0 筆	Dev/ATLAS.OTA.Report/Source/PO/ReportPO.OTA/OFDR601A_PO.cs:90-93
ofdr2	中	附錄 E(前言表)	OFDR601A, OFDR050	catch 對 null 的 tran 呼叫 Rollback() · 37 個 BeginTransaction 在 try 內、tran.Rollback() 在 catch 內;BeginTransaction 自己拋例外(連線失敗)時 tran 為 null	Dev/ATLAS.OTA.Report/Source/PO/ReportPO.OTA/OFDR601A_PO.cs:58-61
ofdr2	中	附錄 E(前言表)	OFDR901A	catch fail-open / 訊息被吃掉 · S_OTA_OFDR901A_GET 查無 SAL071 時 WHEN OTHERS 設 strMsg 後 RAISE,最外層只 DBMS_OUTPUT.put_line 就正常結束,OutTB1 OutTB2 沒 OPEN	DB/SP/S_OTA_OFDR901A_GET.SQL:58-67
ofdr2	中	附錄 E(前言表)	OFDR901A	LIKE 樣式餵給 =(反向) · A.AGENT_CODE LIKE AGENT.AGENT_CODE,右邊是欄值	DB/SP/S_OTA_OFDR901A_GET.SQL:232
ofdr2	中	附錄 E(前言表)	OFDR050, OFDR042, OFDR133	成對報表只改一邊 / 寫死常數 · 寄發類別碼:OFDR050 用 STATEMENT_CODE = '0100'(註解寫「交易確認書」),054 085 086 554 四支確認書與 042 對帳單、133 通知書全用 '0130'	Dev/ATLAS.OTA.Report/Source/PO/ReportPO.OTA/OFDR050_PO.cs:82
ofdr2	中	附錄 E(前言表)	OFDR094	全形空白 U+3000 進 SQL · S_OTA_OFDR094_GET 第 115 行 INNER JOIN FSK003 前有	DB/SP/S_OTA_OFDR094_GET.sql:115
ofdr2	中	附錄 E(前言表)	OFDR601, OFDR051	檔名與內容不符 · 內容是 S_OTA_OFDR051_GET	DB/SP/S_OTA_OFDR601_GET.SQL
ofdr2	低	附錄 E(前言表)		檔案存在但不在 csproj · OFDR042RPS1.cs~RPS4.cs 在磁碟,csproj 掛的是 RPS11~RPS41,類別名相同	Dev/ATLAS.OTA.Report/Source/CrystalReports/Report.OTA/Report.OTA.csproj:221-239
ofdr2	低	附錄 E(前言表)	OFDR085, OFDR086	字串串接進 SQL · OFDR085 OFDR086 把 grid 勾選的基金清單串成 IN ('a', 'b')	Dev/ATLAS.OTA.Report/Source/UI/ReportUI.OTA/OFDR085.cs:238
ofdr2	低	附錄 E(前言表)	OFDR042, OFDR601A	死碼 · EC 5 支 PO 的 DoDeleteTempTable(含字串串接 DELETE)與 xUSERDOMAIN = Guid.NewGuid() 無人呼叫;OTA 20 支 UI 宣告 ClientOTABizUtility m_OTABiz 多數沒用;OFDR042 OFDR601A 的 UserId 欄位賦值後沒人讀	Dev/ATLAS.EC.Report/Source/PO/ReportPO.EC/Oracle/OFDR601OracleDao.cs:39
ofdr2	低	附錄 E(前言表)	OFDR002, OFDR058, OFDR132, OFDR134, OFDR001B	xsd 借用 · OFDR002 用 OFDR001BModel、OFDR058 用 OFDR057Model、OFDR132 OFDR134 用 OFDR131Model	Dev/ATLAS.OTA.Report/Source/PO/ReportPO.OTA/OFDR002_PO.cs:59
ofdr2	低	附錄 E(前言表)		檔名含空白 · OFDR901AView .xsd(View 後有一個空白),csproj 也照這個名字掛	Dev/ATLAS.OTA.Report/Source/Entity/ReportUIEntity.OTA/ReportUIEntity.OTA.csproj:366
ofdr2	低	附錄 E(前言表)		死 xsd · EC 7 支活的各有 <代號>Model.xsd(MSSQL 版)在 csproj,活的是 _9iModel	Dev/ATLAS.EC.Report/Source/Entity/ReportDataEntity.EC/ReportDataEntity.EC.csproj:263
ofdr2	低	附錄 E(前言表)	OFDR602	成對 handler · OFDR602(EC)預覽與列印各一份幾乎相同的 handler	Dev/ATLAS.EC.Report/Source/UI/ReportUI.EC/OFDR602.cs:140-173
ofdr2	低	附錄 E(前言表)	OFDR606, OFDR904	中文名錯字 · OFDR606 第二版型「路受益人…」少「網」;OFDR904 Rport RP31	Dev/ATLAS.EC.Report/Source/UI/ReportUI.EC/OFDR606.cs:63
ofdr2	未分級	附錄 E(前言表)	OFDR002, OFDR901A, OFDR904	可攜性(記錄) · OFDR002 OFDR901A OFDR904 的 SP 在 OPEN 游標之後 DELETE 暫存	DB/SP/S_OTA_OFDR002_GET.SQL:103-123
ofdr2	未分級	附錄 E(前言表)	OFDR050	設計,非缺陷(記錄) · OFDR050 製作資料用 USERDOMAIN 隔離過程,但 _GET 讀回時只用日期 / 戶號篩——結果跨使用者共用	Dev/ATLAS.OTA.Report/Source/PO/ReportPO.OTA/OFDR050_PO.cs:270-271
ofdr2	低	附錄 E(前言表)	OFDR088	必輸未提示 · OFDR088 SP OFD251.FH_CD = xFH_CD 不加 NVL,基金公司不選就零筆;UI 沒擋	DB/SP/S_OTA_OFDR088_GET.sql:75
rsp	高	E1 會直接產生錯誤資料的五條	RSPB052	RSPB052 把 UPDATE RSP005A 的影響列數硬寫成 1(RSP005 = 1;)	Dev/ATLAS.RSP/Source/PO/PO.RSP/RSPB052_PO.cs:417-418
rsp	高	E1 會直接產生錯誤資料的五條	RSPM037	RSPM037.Execute 同樣把 ExecuteNonQuery 回傳值蓋成 1(o = 1;)	Dev/ATLAS.RSP/Source/PO/PO.RSP/RSPM037_PO.cs:283-284
rsp	高	E1 會直接產生錯誤資料的五條	RSPB021, RSPB022, RSPB023, RSPB041, RSPB042	五支 SP 外殼在 catch 裡把錯誤寫進 model,卻回傳 resultVdb	Dev/ATLAS.RSP/Source/PO/PO.RSP/RSPB021_PO.cs:85-98
rsp	高	E1 會直接產生錯誤資料的五條	RSPB009	RSPB009 的 catch (SqlException) 在 Oracle 環境永遠不會被觸發	Dev/ATLAS.RSP/Source/PO/PO.RSP/RSPB009_PO.cs:109-131
rsp	高	E1 會直接產生錯誤資料的五條	RSPB008	RSPB008 在 CORRECT = 'Y'(有更新失敗資料)時回 ReturnCode = false 但仍然 tran.Commit()	Dev/ATLAS.RSP/Source/PO/PO.RSP/RSPB008_PO.cs:102-108
rsp	高	E2 Oracle 三值邏輯:<> '值' 抓不到 NULL	RSPB009	TABLE_NavDate.FUND_STATUS <> '0' THEN '該基金已清算或合併,不可執行'	Dev/ATLAS.RSP/Source/PO/PO.RSP/RSPB009_PO.cs:338
rsp	高	E2 Oracle 三值邏輯:<> '值' 抓不到 NULL	RSPB016	同上,訊息「不可執行單位數計算」	Dev/ATLAS.RSP/Source/PO/PO.RSP/RSPB016_PO.cs:65
rsp	高	E2 Oracle 三值邏輯:<> '值' 抓不到 NULL	RSPB018	同上,訊息「不可執行定期定額申購結轉」	Dev/ATLAS.RSP/Source/PO/PO.RSP/RSPB018_PO.cs:53
rsp	中	E2 Oracle 三值邏輯:<> '值' 抓不到 NULL	RSPB009	WHERE SUB_STATUS <>'0'	Dev/ATLAS.RSP/Source/PO/PO.RSP/RSPB009_PO.cs:489
rsp	中	E2 Oracle 三值邏輯:<> '值' 抓不到 NULL	RSPB009	AND RSP013A.RSP_CHG_CODE <>' '	Dev/ATLAS.RSP/Source/PO/PO.RSP/RSPB009_PO.cs:531
rsp	中	E2 Oracle 三值邏輯:<> '值' 抓不到 NULL	RSPB016	AND CTL006.RSP_CTL_CODE <> '0'	Dev/ATLAS.RSP/Source/PO/PO.RSP/RSPB016_PO.cs:82
rsp	未分級	E3 NVL(x, '') = '':在 Oracle 永遠是 UNKNOWN	RSPB018	E3 NVL(x, '') = '':在 Oracle 永遠是 UNKNOWN	Dev/ATLAS.RSP/Source/PO/PO.RSP/RSPB018_PO.cs:64
rsp	未分級	E4 被註解掉但外殼還在的檢核(11 處)	RSPB021	RSPB021 的「是否已執行過 168 扣款轉申購」 · UI 呼叫整段註解,理由「SP已有檢核,故取消」;PO 的 ValidateLOG095A 與 Proxy 方法都還在	Dev/ATLAS.RSP/Source/UI/UI.RSP/RSPB021.cs:67-91
rsp	未分級	E4 被註解掉但外殼還在的檢核(11 處)	RSPB008	RSPB008 的郵局每日交易限額 · UI + PO 兩側各註解一整段,理由「改寫在 StoredProcedure 裡檢核」	Dev/ATLAS.RSP/Source/UI/UI.RSP/RSPB008.cs:54-66
rsp	未分級	E4 被註解掉但外殼還在的檢核(11 處)	RSPM004	RSPM004 的「推薦人必須屬於該銷售機構」 · 註解	Dev/ATLAS.RSP/Source/UI/UI.RSP/RSPM004p0.cs:2367-2372
rsp	未分級	E4 被註解掉但外殼還在的檢核(11 處)	RSPM005	RSPM005 的「不可異動『鎖利定額』契約」 · 註解	Dev/ATLAS.RSP/Source/UI/UI.RSP/RSPM005.cs:248
rsp	未分級	E4 被註解掉但外殼還在的檢核(11 處)	RSPM020	RSPM020 的「執行類別 為必填欄位」+ 對應下拉設定 · 兩處都註解	Dev/ATLAS.RSP/Source/UI/UI.RSP/RSPM020.cs:82
rsp	未分級	E4 被註解掉但外殼還在的檢核(11 處)	RSPM021, RSPM022	RSPM021 的「子基金與受益人風險等級不符」 · 註解,而 RSPM022 的同一條是有效的	Dev/ATLAS.RSP/Source/UI/UI.RSP/RSPM021.cs:1818
rsp	未分級	E4 被註解掉但外殼還在的檢核(11 處)	RSPM021	RSPM021 的「契約申購明細資料已結轉,契約不可刪除」 · 註解	Dev/ATLAS.RSP/Source/UI/UI.RSP/RSPM021.cs:660-679
rsp	未分級	E4 被註解掉但外殼還在的檢核(11 處)	RSPM042, RSPM041	RSPM042 的「已有相同交易資料,不可新增」 · 註解,而 RSPM041 的同一條是有效的	Dev/ATLAS.RSP/Source/UI/UI.RSP/RSPM042.cs:836-854
rsp	未分級	E4 被註解掉但外殼還在的檢核(11 處)	RSPM037	RSPM037 的「契約收件日須在在職期間」 · 註解,理由「user不想要此功能 20090716」,兩處	Dev/ATLAS.RSP/Source/PO/PO.RSP/RSPM037_PO.cs:177
rsp	未分級	E4 被註解掉但外殼還在的檢核(11 處)	RSPR034	RSPR034 的「預覽」分支(約 55 行) · 註解,switch 沒有 default,傳 PREVIEW 進來會靜默回「查無資料」	Dev/ATLAS.RSP.Report/Source/PO/ReportPO.RSP/RSPR034_PO.cs:137-192
rsp	未分級	E4 被註解掉但外殼還在的檢核(11 處)	RSPM004, RSPM005	RSPM004 / RSPM005 的「郵局(700)自動配核印用戶號碼」 · 四段(各兩處 BeforeAdd / BeforeUpdate)全註解,日期標 20181119 / 20181120	Dev/ATLAS.RSP/Source/PO/PO.RSP/RSPM004_PO.cs:819-856
rsp	中	E5 有訊息但沒有 return / 訊息與控制項對不上 / 訊息是空的	RSPB022, RSPB042, RSPB021	RSPB022 / RSPB042 / RSPB021 的「刪除重作」分支,AddError 帶的是 PO 回傳的空字串	Dev/ATLAS.RSP/Source/UI/UI.RSP/RSPB022.cs:90-91
rsp	中	E5 有訊息但沒有 return / 訊息與控制項對不上 / 訊息是空的	RSPM042	RSPM042 的「門檻金額(變更後)必須大於等於10000」掛在 unumMIN_AMT_BEF(變更前、唯讀欄)	Dev/ATLAS.RSP/Source/UI/UI.RSP/RSPM042.cs:828
rsp	低	E5 有訊息但沒有 return / 訊息與控制項對不上 / 訊息是空的	RSPM042	RSPM042 的「沒有變更任何欄位」之後 ValidateErrList.Show() 但沒有 return,後面的 Compare() 照跑	Dev/ATLAS.RSP/Source/UI/UI.RSP/RSPM042.cs:875-877
rsp	低	E5 有訊息但沒有 return / 訊息與控制項對不上 / 訊息是空的	RSPM022	RSPM022 三處 string.Format("未填附自主申購聲明書，無法申購!", d_Row.AFT_SON_FUND_ID) —— 格式字串沒有 {0},基金代碼被丟掉	Dev/ATLAS.RSP/Source/UI/UI.RSP/RSPM022.cs:323
rsp	中	E5 有訊息但沒有 return / 訊息與控制項對不上 / 訊息是空的	RSPM004, RSPM005, RSPM021	RSPM004 / RSPM005 / RSPM021 的四眼後置事件失敗時 throw new ApplicationException("") —— 訊息是空字串	Dev/ATLAS.RSP/Source/PO/PO.RSP/RSPM004_PO.cs:2588
rsp	低	E5 有訊息但沒有 return / 訊息與控制項對不上 / 訊息是空的	RSPM005	RSPM005 的「鎖定契約書失敗,請檢查」在契約書號不存在時也會跳,訊息誤導	Dev/ATLAS.RSP/Source/PO/PO.RSP/RSPM005_PO.cs:419-420
rsp	低	E5 有訊息但沒有 return / 訊息與控制項對不上 / 訊息是空的	RSPB041, RSPB023	RSPB041 的區塊註解寫「(RSP073A)」,實際查的是 RSP042A —— 從 RSPB023 複製沒改	Dev/ATLAS.RSP/Source/UI/UI.RSP/RSPB041.cs:91
rsp	低	E5 有訊息但沒有 return / 訊息與控制項對不上 / 訊息是空的	RSPM041	RSPM041 的「已有有相同交易資料,不可新增」—— 多一個字	Dev/ATLAS.RSP/Source/UI/UI.RSP/RSPM041.cs:802
rsp	中	E5 有訊息但沒有 return / 訊息與控制項對不上 / 訊息是空的	RSPR060	28 支報表 PO 的 catch 回 AddResultRow(false, 0, ""),與「查無資料」的回傳一模一樣	Dev/ATLAS.RSP.Report/Source/PO/ReportPO.RSP/RSPR060_PO.cs:83-89
rsp	高	E6 空 catch 與吞例外	RSPR066	catch { // pass } —— 全模組唯一的空 catch,包住「一次印成功 + 失敗兩份報表」的整段流程	Dev/ATLAS.RSP.Report/Source/UI/ReportUI.RSP/RSPR066.cs:205-208
rsp	低	E6 空 catch 與吞例外	RSPR049	反過來把 ex.ToString()(含完整堆疊)直接秀給使用者	Dev/ATLAS.RSP.Report/Source/UI/ReportUI.RSP/RSPR049.cs:100-103
rsp	未分級	E7 六處 catch (SqlException) 在 Oracle-only 環境是死碼	RSPB009, RSPB015, RSPB016, RSPB018, RSPB019, RSPR049, RSPB008	E7 六處 catch (SqlException) 在 Oracle-only 環境是死碼	Dev/ATLAS.RSP/Source/PO/PO.RSP/RSPB009_PO.cs:109
rsp	高	E8 兩支畫面沒有移轉到 Oracle(假設)	RSPM037	RSPM037 · ISNULL / CONVERT(NVARCHAR,…,111) / GetDate() / [] / f_GetAgent() / SqlDbType / 無 A 尾碼表名 / 無 [PODbType] / 基底是 BasicEVAPO	Dev/ATLAS.RSP/Source/PO/PO.RSP/RSPM037_PO.cs:17
rsp	高	E8 兩支畫面沒有移轉到 Oracle(假設)	RSPB010	RSPB010 · EXEC s_RSPB010_Excute @p=@x… T-SQL 字串 / SqlDbType / dbo.f_GetBankHQ() / 無 [PODbType] / 基底是 BasicEVAPO	Dev/ATLAS.RSP/Source/PO/PO.RSP/RSPM037_PO.cs:17
rsp	未分級	E9 簡易開戶:註解說取消,程式路徑還在,而且 SQL 可能組錯	RSPM004, RSPB020, RSPM005	E9 簡易開戶:註解說取消,程式路徑還在,而且 SQL 可能組錯	Dev/ATLAS.RSP/Source/UI/UI.RSP/RSPM004.cs:36
rsp	中	E10 併發與交易	RSPB018	RSPB018 逐檔基金各自 commit,中途失敗前面不回滾	Dev/ATLAS.RSP/Source/PO/PO.RSP/RSPB018_PO.cs:209-241
rsp	中	E10 併發與交易	RSPB052	RSPB052 兩個獨立交易(業務庫 + PTPF 庫),沒有分散式交易	Dev/ATLAS.RSP/Source/PO/PO.RSP/RSPB052_PO.cs:110-111
rsp	低	E10 併發與交易	RSPB021	五支 SP 外殼的 catch 無條件 tran.Rollback() 不檢查 null,而同方法的 finally 有檢查	Dev/ATLAS.RSP/Source/PO/PO.RSP/RSPB021_PO.cs:87
rsp	低	E10 併發與交易	RSPB008	RSPB008_Service 的 sTIMES 是執行個體欄位,timer 事件與 GetTIMES() 之間沒有同步	Dev/ATLAS.RSP/Source/WindowsService/WindowsService.RSPB008/RSPB008_Service.cs:18
rsp	低	E10 併發與交易	RSPB008	RSPB008_Service 的 log 檔每次寫入先整份讀再整份重寫,而且沒有清檔	Dev/ATLAS.RSP/Source/WindowsService/WindowsService.RSPB008/RSPB008_Service.cs:133-146
rsp	中	E10 併發與交易	BMSB901A	BMS 的 BMSB901A 清暫存表時 DELETE BMSB901A_T1; DELETE BMSB901A_T2; 不帶 DATAID	Dev/ATLAS.BMS/Source/PO/PO.BMS/BMSB901A_PO.cs:200-203
rsp	高	E11 字串串接進 SQL / 過濾式	RSPM037	AddParam 把參數值用 ' 包起來直接串進 SQL,含 LIKE / IN / = 三種	Dev/ATLAS.RSP/Source/PO/PO.RSP/RSPM037_PO.cs:56-63
rsp	中	E11 字串串接進 SQL / 過濾式	RSPM004	CheckSrNoComment 把 SrNo.BfNo 與 BF_NO 串進 SQL	Dev/ATLAS.RSP/Source/PO/PO.RSP/RSPM004_PO.cs:2363-2364
rsp	低	E11 字串串接進 SQL / 過濾式	RSPR049	DataTable.Select("CAMPAIGN_CODE = '" + dr.CAMPAIGN_CODE + "' OR …")	Dev/ATLAS.RSP.Report/Source/UI/ReportUI.RSP/RSPR049.cs:70
rsp	低	E11 字串串接進 SQL / 過濾式	RSPM004	string.Format("iSUB_ACCOUNT_NO='{0}' AND iSEAL_TYPE='{1}' AND iSUB_DATE=#2009/1/", …) 再接扣款日與 #	Dev/ATLAS.RSP/Source/UI/UI.RSP/RSPM004.cs:2271-2273
rsp	低	E11 字串串接進 SQL / 過濾式	RSPM037	Select("LEAVE_EMP_NO='" + row.EMP_NO + "'")	Dev/ATLAS.RSP/Source/UI/UI.RSP/RSPM037.cs:114
rsp	低	E12 死條件、死分支、寫反的判斷	RSPM004	(SUB_BANK_CODE LIKE '700%' OR (SUB_BANK_CODE='' AND SUB_BANK_CODE LIKE '700%')) —— 第二個分支不可能成立	Dev/ATLAS.RSP/Source/UI/UI.RSP/RSPM004.cs:2255-2257
rsp	低	E12 死條件、死分支、寫反的判斷	RSPM005	RSPM005.AfterApproveDelete 的 if (strSQL != string.Empty) —— strSQL 至少是 "BEGIN END;",守衛永遠成立	Dev/ATLAS.RSP/Source/PO/PO.RSP/RSPM005_PO.cs:569-573
rsp	低	E12 死條件、死分支、寫反的判斷	RSPM005	同一段 CancelStop(row1) 被呼叫兩次,第二次只為了判斷要不要加分號	Dev/ATLAS.RSP/Source/PO/PO.RSP/RSPM005_PO.cs:569-570
rsp	中	E12 死條件、死分支、寫反的判斷	RSPM005	RSPM005 新增變更書的來源檢核三條 AND 串:只要該契約曾經開過任何一張變更書,整條檢核就失效 —— 而訊息正是「契約書已被異動,尚未覆核,不可新增異動資料」	Dev/ATLAS.RSP/Source/PO/PO.RSP/RSPM005_PO.cs:423-436
rsp	中	E12 死條件、死分支、寫反的判斷	RSPM042	RSPM042 的「有沒有變更」用六個計數,其中兩個看的是 _BEF(變更前)欄位,永遠有值	Dev/ATLAS.RSP/Source/UI/UI.RSP/RSPM042.cs:858-877
rsp	中	E12 死條件、死分支、寫反的判斷	RSPB042, RSPB021	RSPB042.ValidateOFD303A 迴圈內 Errmsg = "..."(不是 +=)且用 else if,多檔基金只會留最後一條訊息,而且買回與申購兩種錯誤只報一種	Dev/ATLAS.RSP/Source/PO/PO.RSP/RSPB042_PO.cs:143-147
rsp	中	E12 死條件、死分支、寫反的判斷	RSPM004	RSPM004.CheckSrNoComment 用 ExecuteNonQuery 去跑 SELECT COUNT(0),拿回來的是「影響列數」不是 count	Dev/ATLAS.RSP/Source/PO/PO.RSP/RSPM004_PO.cs:2366-2370
rsp	低	E12 死條件、死分支、寫反的判斷	RSPB008	RSPB008 的 AfterExecuteButtonClicked 判 Result.Count == 2,而 PO 永遠只 AddResultRow 一次 —— 死碼	Dev/ATLAS.RSP/Source/UI/UI.RSP/RSPB008.cs:128-131
rsp	中	E12 死條件、死分支、寫反的判斷	RSPR034	RSPR034 的 switch 沒有 default,PREVIEW 分支被註解後會靜默落空	Dev/ATLAS.RSP.Report/Source/PO/ReportPO.RSP/RSPR034_PO.cs:135-192
rsp	低	E12 死條件、死分支、寫反的判斷	RSPM004	RSPM004.SetBfDataVisible(false) 沒有把 Simple_Open 設回 false,旗標只會被設成 true	Dev/ATLAS.RSP/Source/UI/UI.RSP/RSPM004.cs:1929-1939
rsp	未分級	E13 一個概念多套實作	RSPB008, RSPB023, RSPB041	「還有沒覆核的資料」的比較運算子 · 3 種 · RSPB008 用 =、RSPB023 / RSPB041 用 <=( / )	Dev/ATLAS.RSP/Source/PO/PO.RSP/RSPB008_PO.cs:156
rsp	未分級	E13 一個概念多套實作	RSPB008, RSPB021	檢核方法的回傳約定 · 2 種相反 · CheckStatus / CheckSmallAmountCode:有問題時 ReturnCode = true 靠訊息判斷;ValidateOFD303A / ValidateLOGxxxA:有問題時 ReturnCode = false( 對 )	Dev/ATLAS.RSP/Source/PO/PO.RSP/RSPB008_PO.cs:172
rsp	未分級	E13 一個概念多套實作	RSPB008	「不限」的表達 · 2 種 · 哨兵值 '19000101' 與 NULL 判斷,同一支 SQL 內混用()	Dev/ATLAS.RSP/Source/PO/PO.RSP/RSPB008_PO.cs:155-158
rsp	未分級	E13 一個概念多套實作	RSPB010, RSPM037	主明細宣告 · 2 種 · xTableMapping(23 支)與 TableMapping(RSPB010 / RSPM037)	Dev/ATLAS.RSP/Source/PO/PO.RSP/RSPB008_PO.cs:156
rsp	未分級	E13 一個概念多套實作		PO 基底 · 2 種 · BaseEVADaoPO(23 支)與 BasicEVAPO(2 支)	Dev/ATLAS.RSP/Source/PO/PO.RSP/RSPB008_PO.cs:156
rsp	未分級	E13 一個概念多套實作	RSPB021	168 的 DECODE(REDEM_DATE, …) 展開表 · 抄了 2 份 · 與	Dev/ATLAS.RSP/Source/PO/PO.RSP/RSPB021_PO.cs:126-128
rsp	未分級	E13 一個概念多套實作	RSPM022, RSPM042	Compare() 變更前後比對 · 抄了 2 份 · 與	Dev/ATLAS.RSP/Source/UI/UI.RSP/RSPM022.cs:1093
rsp	未分級	E13 一個概念多套實作	RSPM021	「挑申購書」的四條檢核 · 抄了 2 份 · RSPM021 新增()與修改()	Dev/ATLAS.RSP/Source/UI/UI.RSP/RSPM021.cs:225-300
rsp	未分級	E13 一個概念多套實作	RSPB023, RSPB041	RSPB023 / RSPB041 · 整支抄 · PO 與 UI 都是逐行相同,只差表名	Dev/ATLAS.RSP/Source/PO/PO.RSP/RSPB008_PO.cs:156
rsp	未分級	E13 一個概念多套實作	RSPM004, RSPB020, RSPM021, RSPB025	RSPM004 / RSPB020、RSPM021 / RSPB025 · 整支抄 · 取數 SQL 與 xsd 平行維護	Dev/ATLAS.RSP/Source/PO/PO.RSP/RSPB008_PO.cs:156
rsp	未分級	E14 手寫逐欄對應	RSPB052, RSPM005	E14 手寫逐欄對應	Dev/ATLAS.RSP/Source/PO/PO.RSP/RSPB052_PO.cs:179-390
rsp	未分級	E15 寫死常數〔客戶特定〕	RSPM004, RSPB020	'2'(扣款帳號抓取依據) · RSPM004 / RSPB020 的 UI 與 PO 各一處	Dev/ATLAS.RSP/Source/UI/UI.RSP/RSPM004.cs:166
rsp	未分級	E15 寫死常數〔客戶特定〕	RSPB052, RSPM004	'301'(四眼狀態) · 三處	Dev/ATLAS.RSP/Source/PO/PO.RSP/RSPB052_PO.cs:135
rsp	未分級	E15 寫死常數〔客戶特定〕	RSPM004	'ALL FUNDS'(OFD131A.FUND_ID) · AddOFD130A	Dev/ATLAS.RSP/Source/PO/PO.RSP/RSPM004_PO.cs:1234
rsp	未分級	E15 寫死常數〔客戶特定〕	RSPM004	DATE'1900-01-01'(REJECTDATE) · AddOFD130A 兩處	Dev/ATLAS.RSP/Source/PO/PO.RSP/RSPM004_PO.cs:1217
rsp	未分級	E15 寫死常數〔客戶特定〕	RSPM004	'140' / '090'(BF_SORT_CD) · 簡易開戶	Dev/ATLAS.RSP/Source/PO/PO.RSP/RSPM004_PO.cs:661
rsp	未分級	E15 寫死常數〔客戶特定〕	RSPM004	'0001'(BF_NATIONALITY) · 簡易開戶	Dev/ATLAS.RSP/Source/PO/PO.RSP/RSPM004_PO.cs:676
rsp	未分級	E15 寫死常數〔客戶特定〕	RSPM004	'700'(郵局) · RSPM004 三處	Dev/ATLAS.RSP/Source/UI/UI.RSP/RSPM004.cs:2255
rsp	未分級	E15 寫死常數〔客戶特定〕	RSPM041, RSPM042	10000(停利門檻下限) · RSPM041 / RSPM042	Dev/ATLAS.RSP/Source/UI/UI.RSP/RSPM041.cs:765
rsp	未分級	E15 寫死常數〔客戶特定〕	RSPM041, RSPM042	0.5(手續費率上限對折) · RSPM041 / RSPM042	Dev/ATLAS.RSP/Source/UI/UI.RSP/RSPM041.cs:841
rsp	未分級	E15 寫死常數〔客戶特定〕	RSPB021, RSPB024	6 / 16 / 26(轉申購日) · RSPB021 / RSPB024	Dev/ATLAS.RSP/Source/UI/UI.RSP/RSPB021.cs:61
rsp	未分級	E15 寫死常數〔客戶特定〕	RSPM004	'86A03'(促銷活動) · RSPM004_PO.Check86A03	Dev/ATLAS.RSP/Source/PO/PO.RSP/RSPM004_PO.cs:1785
rsp	未分級	E15 寫死常數〔客戶特定〕	RSPM037	'1'(EMP_CD) · RSPM037 兩處	Dev/ATLAS.RSP/Source/PO/PO.RSP/RSPM037_PO.cs:96
rsp	未分級	E15 寫死常數〔客戶特定〕	RSPM004	'42'(COD006A.CODE_SORT) · RSPM004 取數	Dev/ATLAS.RSP/Source/PO/PO.RSP/RSPM004_PO.cs:247
rsp	未分級	E15 寫死常數〔客戶特定〕	RSPB008	'6'(OFD681.SEND_TYPE) · RSPB008	Dev/ATLAS.RSP/Source/PO/PO.RSP/RSPB008_PO.cs:344
rsp	未分級	E15 寫死常數〔客戶特定〕	RSPB008	60000 毫秒 · 服務 timer	Dev/ATLAS.RSP/Source/WindowsService/WindowsService.RSPB008/RSPB008_Service.cs:25
rsp	未分級	E15 寫死常數〔客戶特定〕	RSPB008	C://Vendor//WindowService//RSPB008// · 服務 log 路徑	Dev/ATLAS.RSP/Source/WindowsService/WindowsService.RSPB008/RSPB008_Service.cs:114
rsp	未分級	E15 寫死常數〔客戶特定〕	RSPB008	"AutoJob" · 服務的 UserID	Dev/ATLAS.RSP/Source/WindowsService/WindowsService.RSPB008/RSPB008_Service.cs:52
rsp	未分級	E15 寫死常數〔客戶特定〕	RSPB008	AGITest / sa / sa / test002 / TAAdmin · 服務 App.config 的明碼連線字串	Dev/ATLAS.RSP/Source/WindowsService/WindowsService.RSPB008/App.config:73-77
rsp	未分級	E15 寫死常數〔客戶特定〕	BMSB901A	'039' → '810' / '20171207' / '20171219' · BMS 的 BMSB901A 寫進 RSP006A	Dev/ATLAS.BMS/Source/PO/PO.BMS/BMSB901A_PO.cs:174-178
rsp	中	E16 型別與字串處理	RSPM021	RSPM021 的申購金額合計用 Convert.ToInt64 累加,不是 decimal —— 小數被四捨五入。全庫金額一律 decimal(architecture.md §4.6)	Dev/ATLAS.RSP/Source/UI/UI.RSP/RSPM021.cs:242
rsp	中	E16 型別與字串處理	RSPR017	RSPR017 把 RSP_TYPE 做 Trim('0'),值本身是 "0" 時會變成空字串	Dev/ATLAS.RSP.Report/Source/UI/ReportUI.RSP/RSPR017.cs:130
rsp	中	E16 型別與字串處理	RSPM004	RSPM004 的限額檢核用 Convert.ToInt32(row.RSP_ALLOT_DAYS1),扣款日為空字串時會丟例外;而它前面的 DataTable.Select 過濾式也會變成語法錯的 iSUB_DATE=#2009/1/#	Dev/ATLAS.RSP/Source/UI/UI.RSP/RSPM004.cs:2278-2288
rsp	中	E16 型別與字串處理	RSPM004, RSPM005	RSPM004 / RSPM005 的 AfterApproveDelete 用 BuildOldSeal().Split(';')[0] / [1] 切 SQL —— SQL 內若出現任何分號就錯位	Dev/ATLAS.RSP/Source/PO/PO.RSP/RSPM004_PO.cs:2623
rsp	低	E16 型別與字串處理	RSPM042, RSPM022	RSPM042.Compare() 的空值相等判斷寫成 (befObj == null ^ aftObj != null) —— 結果正確但沒人讀得懂,且 RSPM022 抄了同一份	Dev/ATLAS.RSP/Source/UI/UI.RSP/RSPM042.cs:1018-1019
rsp	低	E16 型別與字串處理	RSPM041	RSPM041 的 NoticeFeeRate * Convert.ToDecimal(0.5) —— 0.5 是 double 字面值	Dev/ATLAS.RSP/Source/UI/UI.RSP/RSPM041.cs:841
rsp	低	E16 型別與字串處理	RSPB008	服務的 WriteLog 用 Encoding.Default 讀寫中文 log	Dev/ATLAS.RSP/Source/WindowsService/WindowsService.RSPB008/RSPB008_Service.cs:135
rsp	未分級	E17 非 UTF-8 來源檔:40 個	RSPB008, RSPB009, RSPB016, RSPB018, RSPB019	E17 非 UTF-8 來源檔:40 個	Dev/ATLAS.RSP.Report/Source/Entity/ReportDataEntity.RSP/RSPR060ModelVDB.cs
tmk	未分級	E1 平行畫面只改一邊:四個拒絕行銷旗標在 TMKM002 是死的	TMKM002, TMKM001	E1 平行畫面只改一邊:四個拒絕行銷旗標在 TMKM002 是死的	Dev/ATLAS.TMK/Source/PO/PO.TMK/TMKM002_PO.cs:214-217
tmk	未分級	E2 平行畫面只改一邊:再聯絡日期的拆法	TMKM001, TMKM002	E2 平行畫面只改一邊:再聯絡日期的拆法	Dev/ATLAS.TMK/Source/PO/PO.TMK/TMKM001_PO.cs:460-465
tmk	未分級	E3 同一件事兩套實作,而且舊的那套沒有主鍵條件	TMKM002	E3 同一件事兩套實作,而且舊的那套沒有主鍵條件	Dev/ATLAS.TMK/Source/UI/UI.TMK/TMKM002p0.cs:74-75
tmk	未分級	E4 跳號一覽表記到別人的號別,七處一致	TMKM002	E4 跳號一覽表記到別人的號別,七處一致	Dev/ATLAS.TMK/Source/PO/PO.TMK/TMKM002_PO.cs:378
tmk	未分級	E5 有訊息但沒有 return:TMKM901 檢核失敗照樣改資料	TMKM901	E5 有訊息但沒有 return:TMKM901 檢核失敗照樣改資料	Dev/ATLAS.TMK/Source/UI/UI.TMK/TMKM901.cs:93-99
tmk	未分級	E6 覆核回報永遠成功:TMKM901 的 args.Cancel 在迴圈裡被覆寫	TMKM901, DSMB001	E6 覆核回報永遠成功:TMKM901 的 args.Cancel 在迴圈裡被覆寫	Dev/ATLAS.TMK/Source/PO/PO.TMK/TMKM901_PO.cs:182-185
tmk	未分級	E7 CSV 遇壞列 break,靜默吃掉後面全部		E7 CSV 遇壞列 break,靜默吃掉後面全部	Dev/ATLAS.TMK/Source/UI/UI.TMK/TMKM001p1.cs:111
tmk	未分級	E8 匯入筆數回報多一筆,而且空檔也回報成功	TMKM001	E8 匯入筆數回報多一筆,而且空檔也回報成功	Dev/ATLAS.TMK/Source/PO/PO.TMK/TMKM001_PO.cs:642
tmk	未分級	E9 AND 應該是 OR:TMKM002 的哨兵值判斷是死碼	TMKM002, CASB001	E9 AND 應該是 OR:TMKM002 的哨兵值判斷是死碼	Dev/ATLAS.TMK/Source/UI/UI.TMK/TMKM002.cs:759-762
tmk	未分級	E10 全形空白混進 SQL:TMKM901 的 MERGE	TMKM901	E10 全形空白混進 SQL:TMKM901 的 MERGE	Dev/ATLAS.TMK/Source/PO/PO.TMK/TMKM901_PO.cs:230
tmk	未分級	E11 TMKM901 的 MERGE 範圍比工單大	TMKM901	E11 TMKM901 的 MERGE 範圍比工單大	Dev/ATLAS.TMK/Source/PO/PO.TMK/TMKM901_PO.cs:169-186
tmk	未分級	E12 TMKM901 帶資料用 INNER JOIN AA_USER,離職的人帶不出來	TMKM901	E12 TMKM901 帶資料用 INNER JOIN AA_USER,離職的人帶不出來	Dev/ATLAS.TMK/Source/PO/PO.TMK/TMKM901_PO.cs:68
tmk	未分級	E13 Oracle 三值邏輯:<> 'A0' 遇 NULL 是 UNKNOWN	TMKM001, CASB001, CLSM001, DSMB001	E13 Oracle 三值邏輯:<> 'A0' 遇 NULL 是 UNKNOWN	Dev/ATLAS.TMK/Source/PO/PO.TMK/TMKM001_PO.cs:206
tmk	未分級	E14 字串串接進 SQL	TMKM001, TMKM002	E14 字串串接進 SQL	Dev/ATLAS.TMK/Source/PO/PO.TMK/TMKM001_PO.cs:259
tmk	未分級	E15 catch 把所有例外翻譯成一句話	TMKM901, TMKM001, TMKM002	E15 catch 把所有例外翻譯成一句話	Dev/ATLAS.TMK/Source/PO/PO.TMK/TMKM901_PO.cs:82
tmk	未分級	E16 例外訊息直接丟給使用者看	CASM004, CODM009	E16 例外訊息直接丟給使用者看	Dev/ATLAS.TMK/Source/UI/UI.TMK/TMKM001p1.cs:130
tmk	未分級	E17 「查無資料」與「SP 失敗」在報表上長得一樣	TMKR001	E17 「查無資料」與「SP 失敗」在報表上長得一樣	Dev/ATLAS.TMK.Report/Source/PO/ReportPO.TMK/TMKR001_PO.cs:80
tmk	未分級	E18 報表 PO 的 catch 先 tran.Rollback()	TMKR001	E18 報表 PO 的 catch 先 tran.Rollback()	Dev/ATLAS.TMK.Report/Source/PO/ReportPO.TMK/TMKR001_PO.cs:51-54
tmk	未分級	E19 產 Excel 失敗完全沒有訊息	TMKR001	E19 產 Excel 失敗完全沒有訊息	Dev/ATLAS.TMK.Report/Source/UI/ReportUI.TMK/TMKR001.cs:382-385
tmk	未分級	E20 TMKR901 指名一支不存在的 .rpt	TMKR901	E20 TMKR901 指名一支不存在的 .rpt	Dev/ATLAS.TMK.Report/Source/UI/ReportUI.TMK/TMKR901.cs:194
tmk	未分級	E21 TMKR901 算了登入者員工代碼卻沒傳	TMKR901	E21 TMKR901 算了登入者員工代碼卻沒傳	Dev/ATLAS.TMK.Report/Source/UI/ReportUI.TMK/TMKR901.cs:55-64
tmk	未分級	E22 TMKR009 的錯誤訊息掛在錯的控件上	TMKR009, CLSR002	E22 TMKR009 的錯誤訊息掛在錯的控件上	Dev/ATLAS.TMK.Report/Source/UI/ReportUI.TMK/TMKR009.cs:216-221
tmk	未分級	E23 TMKR009 只填「AO代碼(迄)」時,迄會被靜默丟掉	TMKR009	E23 TMKR009 只填「AO代碼(迄)」時,迄會被靜默丟掉	Dev/ATLAS.TMK.Report/Source/UI/ReportUI.TMK/TMKR009.cs:109-117
tmk	未分級	E24 被註解掉但外殼還在的六處		1 · 「只有第一個項次能設有效代碼」的整段判斷(兩支彈窗)	Dev/ATLAS.TMK/Source/UI/UI.TMK/TMKM001p0.cs:374-381
tmk	未分級	E24 被註解掉但外殼還在的六處	TMKM001, TMKM002	2 · 查詢前「五個條件必須擇一填寫」(兩支 M 畫面)	Dev/ATLAS.TMK/Source/UI/UI.TMK/TMKM001.cs:129-139
tmk	未分級	E24 被註解掉但外殼還在的六處		3 · TMK003A.COMMENT1 的回寫(TMKM001p0 與 TMKM002p2)	Dev/ATLAS.TMK/Source/UI/UI.TMK/TMKM001p0.cs:477
tmk	未分級	E24 被註解掉但外殼還在的六處	TMKM002	4 · TMKM002 的整段明細欄位回寫(15 行)	Dev/ATLAS.TMK/Source/UI/UI.TMK/TMKM002.cs:448-472
tmk	未分級	E24 被註解掉但外殼還在的六處	TMKR005	5 · TMKR005_PO 的 rpt_type 分支	Dev/ATLAS.TMK.Report/Source/PO/ReportPO.TMK/TMKR005_PO.cs:83-115
tmk	未分級	E24 被註解掉但外殼還在的六處	TMKR006	6 · TMKR006 的每月配額數頁首參數	Dev/ATLAS.TMK.Report/Source/UI/ReportUI.TMK/TMKR006.cs:159
tmk	未分級	E25 其他讀碼陷阱	TMKM001	主檔 SQL 有兩個 LEFT JOIN 都叫 X(TMK_MGN_V X 與 MYTMK002A X)。目前因為兩者沒有同名欄位被引用而能跑,任何一邊加欄位就會 ORA-00918	Dev/ATLAS.TMK/Source/PO/PO.TMK/TMKM001_PO.cs:227
tmk	未分級	E25 其他讀碼陷阱	TMKM001	LEFT JOIN MYEMP_LIST Z ON 1 = 1 —— 沒有關聯條件的 join,靠 WHERE 裡的 Z.EMP_NO = TMK001A.EMP_NO 收尾	Dev/ATLAS.TMK/Source/PO/PO.TMK/TMKM001_PO.cs:229-230
tmk	未分級	E25 其他讀碼陷阱	TMKM001	整批匯入的子查詢 alias A 蓋掉外層的 FROM BMS001A A	Dev/ATLAS.TMK/Source/PO/PO.TMK/TMKM001_PO.cs:572
tmk	未分級	E25 其他讀碼陷阱	TMKM001	四句 DELETE 包在 string.Format 裡但樣板沒有 {0},傳進去的參數完全沒用	Dev/ATLAS.TMK/Source/PO/PO.TMK/TMKM001_PO.cs:595-602
tmk	未分級	E25 其他讀碼陷阱	TMKM001	CheckExists 先塞一句不合法的 "SELECT 1 = 1" 佔位,靠後面覆蓋才沒事	Dev/ATLAS.TMK/Source/PO/PO.TMK/TMKM001_PO.cs:679
tmk	未分級	E25 其他讀碼陷阱	TMKM002	再聯絡時間的檢核訊息說「必須介於1~24時之間」,實際只擋 0,25 以上照過(三處都一樣)	Dev/ATLAS.TMK/Source/UI/UI.TMK/TMKM001p0.cs:546-551
tmk	未分級	E25 其他讀碼陷阱		有效代碼變更時無提示覆蓋同名單全部項次	Dev/ATLAS.TMK/Source/UI/UI.TMK/TMKM001p0.cs:437-447
tmk	未分級	E25 其他讀碼陷阱	TMKM002	GetLAST_USERID 取的是 MAX(USER_ID_L)(上次服務人員),方法名與註解卻說「最後指派人員」	Dev/ATLAS.TMK/Source/PO/PO.TMK/TMKM002_PO.cs:433-438
tmk	未分級	E25 其他讀碼陷阱	TMKM901	TMKM901 的「已覆核不可修改」用 APPROVEID != string.Empty 判斷;ATLAS 的預設值常是一個空白字元	Dev/ATLAS.TMK/Source/UI/UI.TMK/TMKM901.cs:84
tmk	未分級	E25 其他讀碼陷阱	TMKM901	TMKM901 把「伺服器一列結果都沒回」當成成功	Dev/ATLAS.TMK/Source/UI/UI.TMK/TMKM901.cs:125
tmk	未分級	E25 其他讀碼陷阱	TMKM002	GetCRM003A_Row 有三組重複的 HM_TEL_AREA / HM_TEL 指派,後兩組是複製貼上殘留	Dev/ATLAS.TMK/Source/UI/UI.TMK/TMKM002.cs:842-853
tmk	未分級	E25 其他讀碼陷阱		TMKM002p1 兩張 grid 的 LIKE 前置條件寫法不一致(一邊自動加 %,一邊要自己加)	Dev/ATLAS.TMK/Source/UI/UI.TMK/TMKM002p1.cs:66
tmk	未分級	E25 其他讀碼陷阱	TMKM002	TMKM002 新增列時 Convert.ToDecimal(this.custBF_NO.Value),潛在客戶沒有戶號時會丟例外	Dev/ATLAS.TMK/Source/UI/UI.TMK/TMKM002.cs:969
tmk	未分級	E25 其他讀碼陷阱	TMKM001, OFDM907	TMKM001_Ctl.CheckExists 的區域變數叫 m_OFDM907_PO —— 從 OFD 那支畫面複製過來沒改名	Dev/ATLAS.TMK/Source/Control/Control.TMK/TMKM001_Ctl.cs:66
tmk	未分級	E25 其他讀碼陷阱	TMKM001	TMKM001_Pxy 的兩支自訂方法 new TMKM001_Ctl() 而不用 this.Control;GetExceptionResult 定義了卻沒人呼叫	Dev/ATLAS.TMK/Source/FormProxy/FormProxy.TMK/TMKM001_Pxy.cs:30-36
tmk	未分級	E25 其他讀碼陷阱	TMKM001	範本下載用 Encoding.Default 寫檔,讀回來的 StreamReader 用預設 UTF-8	Dev/ATLAS.TMK/Source/UI/UI.TMK/TMKM001.cs:87
tmk	未分級	E25 其他讀碼陷阱		通聯原因大類是用 code.Substring(0, 3) 取的,代碼短於 3 碼會丟例外	Dev/ATLAS.TMK/Source/UI/UI.TMK/App_Code/UltraGridCheckedListManager.cs:416
tmk	未分級	E25 其他讀碼陷阱	TMKM001	TMKM001 的通聯管理器註解說「只建一次」,但每次關掉彈窗都 Dispose(),下次靠 Initialize 重建 → 每開一次彈窗就重查兩次 COD006A	Dev/ATLAS.TMK/Source/UI/UI.TMK/TMKM001.cs:61
tmk	未分級	E25 其他讀碼陷阱	TMKM001, TMKM002	TMKM001 的主檔 SQL 有兩行 180 個以上的空白把註解推到極右,TMKM002 也照抄	Dev/ATLAS.TMK/Source/PO/PO.TMK/TMKM001_PO.cs:180
tmk	未分級	E25 其他讀碼陷阱	TMKM002	TMKM002 的七處 throw new ApplicationException("") 是空訊息例外	Dev/ATLAS.TMK/Source/PO/PO.TMK/TMKM002_PO.cs:378
