訊息	呼叫方式	檔案:行號
資料已被其他使用者異動，請重新查詢後再按複製鍵	throw new ApplicationException(	Dev/Common/Source/Base/TA.DataAccess/BaseEVADaoPO.cs:176
{…} 系統處理資料狀態及待辦事項失敗，請檢查	throw new ApplicationException(	Dev/Common/Source/Base/TA.DataAccess/BaseEVADaoPO.cs:179
{…} 複製失敗，請檢查	throw new ApplicationException(	Dev/Common/Source/Base/TA.DataAccess/BaseEVADaoPO.cs:186
{…} 明細資料不存在，無法複製，請檢查	throw new ApplicationException(	Dev/Common/Source/Base/TA.DataAccess/BaseEVADaoPO.cs:204
{…} 複製失敗，請檢查	throw new ApplicationException(	Dev/Common/Source/Base/TA.DataAccess/BaseEVADaoPO.cs:220
複製失敗，請檢查	throw new ApplicationException(	Dev/Common/Source/Base/TA.DataAccess/BaseMultiRowEVADaoPO.cs:58
資料已存在，無法新增，請檢查	throw new ApplicationException(	Dev/Common/Source/Base/TA.DataAccess/BaseMultiRowEVADaoPO.cs:71
系統處理資料狀態及待辦事項失敗，請檢查	throw new ApplicationException(	Dev/Common/Source/Base/TA.DataAccess/BaseMultiRowEVADaoPO.cs:75
複製失敗，請檢查	throw new ApplicationException(	Dev/Common/Source/Base/TA.DataAccess/BaseMultiRowEVADaoPO.cs:89
複製失敗，請檢查	throw new ApplicationException(	Dev/Common/Source/Base/TA.DataAccess/BaseMultiRowEVADaoPO.cs:125
資料不存在，無法修改，請檢查	throw new ApplicationException(	Dev/Common/Source/Base/TA.DataAccess/BaseMultiRowEVADaoPO.cs:139
資料已被其他使用者異動，請重新查詢後再按複製鍵	throw new ApplicationException(	Dev/Common/Source/Base/TA.DataAccess/BaseMultiRowEVADaoPO.cs:143
系統處理資料狀態及待辦事項失敗，請檢查	throw new ApplicationException(	Dev/Common/Source/Base/TA.DataAccess/BaseMultiRowEVADaoPO.cs:147
複製失敗，請檢查	throw new ApplicationException(	Dev/Common/Source/Base/TA.DataAccess/BaseMultiRowEVADaoPO.cs:165
傳入主檔資料必為一筆，請檢查	throw new ApplicationException(	Dev/Common/Source/Base/TA.DataAccess/Basic4EyesPO.cs:227
新增失敗，請檢查{…}	AddResultRow(	Dev/Common/Source/Base/TA.DataAccess/Basic4EyesPO.cs:248
此筆資料(Edit Table)已存在，無法新增，請檢查	throw new ApplicationException(	Dev/Common/Source/Base/TA.DataAccess/Basic4EyesPO.cs:291
系統處理資料狀態及待辦事項失敗，請檢查	throw new ApplicationException(	Dev/Common/Source/Base/TA.DataAccess/Basic4EyesPO.cs:295
新增時影響筆數超過一筆，新增失敗，請檢查	throw new ApplicationException(	Dev/Common/Source/Base/TA.DataAccess/Basic4EyesPO.cs:304
明細資料(Edit Table)已存在，無法新增，請檢查	throw new ApplicationException(	Dev/Common/Source/Base/TA.DataAccess/Basic4EyesPO.cs:322
系統處理明細資料的資料狀態及待辦事項失敗，請檢查	throw new ApplicationException(	Dev/Common/Source/Base/TA.DataAccess/Basic4EyesPO.cs:328
傳入主檔資料必為一筆，請檢查	throw new ApplicationException(	Dev/Common/Source/Base/TA.DataAccess/Basic4EyesPO.cs:377
修改失敗，請檢查{…}	AddResultRow(	Dev/Common/Source/Base/TA.DataAccess/Basic4EyesPO.cs:398
此筆資料不存在，無法新增，請檢查	throw new ApplicationException(	Dev/Common/Source/Base/TA.DataAccess/Basic4EyesPO.cs:447
系統處理資料狀態及待辦事項失敗，請檢查	throw new ApplicationException(	Dev/Common/Source/Base/TA.DataAccess/Basic4EyesPO.cs:450
修改時影響筆數超過一筆，修改失敗，請檢查	throw new ApplicationException(	Dev/Common/Source/Base/TA.DataAccess/Basic4EyesPO.cs:455
傳入主檔資料必為一筆，請檢查	throw new ApplicationException(	Dev/Common/Source/Base/TA.DataAccess/Basic4EyesPO.cs:630
資料已異動，請重新查詢	throw new ApplicationException(	Dev/Common/Source/Base/TA.DataAccess/Basic4EyesPO.cs:634
系統處理資料狀態及待辦事項失敗，請檢查	throw new ApplicationException(	Dev/Common/Source/Base/TA.DataAccess/Basic4EyesPO.cs:638
刪除時主檔影響筆數超過一筆，刪除失敗，請檢查	throw new ApplicationException(	Dev/Common/Source/Base/TA.DataAccess/Basic4EyesPO.cs:648
明細資料不存在，無法刪除，請檢查	throw new ApplicationException(	Dev/Common/Source/Base/TA.DataAccess/Basic4EyesPO.cs:671
系統處理明細資料的資料狀態及待辦事項失敗，請檢查	throw new ApplicationException(	Dev/Common/Source/Base/TA.DataAccess/Basic4EyesPO.cs:677
刪除失敗，請檢查{…}	AddResultRow(	Dev/Common/Source/Base/TA.DataAccess/Basic4EyesPO.cs:720
傳入主檔資料必為一筆，請檢查	throw new ApplicationException(	Dev/Common/Source/Base/TA.DataAccess/Basic4EyesPO.cs:993
資料已異動，請重新查詢	throw new ApplicationException(	Dev/Common/Source/Base/TA.DataAccess/Basic4EyesPO.cs:997
系統處理資料狀態及待辦事項失敗，請檢查	throw new ApplicationException(	Dev/Common/Source/Base/TA.DataAccess/Basic4EyesPO.cs:1001
取消刪除時主檔影響筆數超過一筆，取消刪除失敗，請檢查	throw new ApplicationException(	Dev/Common/Source/Base/TA.DataAccess/Basic4EyesPO.cs:1010
明細資料不存在，無法取消刪除，請檢查	throw new ApplicationException(	Dev/Common/Source/Base/TA.DataAccess/Basic4EyesPO.cs:1033
系統處理明細資料的資料狀態及待辦事項失敗，請檢查	throw new ApplicationException(	Dev/Common/Source/Base/TA.DataAccess/Basic4EyesPO.cs:1039
取消刪除失敗，請檢查{…}	AddResultRow(	Dev/Common/Source/Base/TA.DataAccess/Basic4EyesPO.cs:1080
傳入主檔資料必為一筆，請檢查	throw new ApplicationException(	Dev/Common/Source/Base/TA.DataAccess/Basic4EyesPO.cs:1135
資料已異動，請重新查詢	throw new ApplicationException(	Dev/Common/Source/Base/TA.DataAccess/Basic4EyesPO.cs:1139
系統處理資料狀態及待辦事項失敗，請檢查	throw new ApplicationException(	Dev/Common/Source/Base/TA.DataAccess/Basic4EyesPO.cs:1143
確認時主檔影響筆數超過一筆，確認失敗，請檢查	throw new ApplicationException(	Dev/Common/Source/Base/TA.DataAccess/Basic4EyesPO.cs:1152
明細資料不存在，無法確認，請檢查	throw new ApplicationException(	Dev/Common/Source/Base/TA.DataAccess/Basic4EyesPO.cs:1175
系統處理明細資料的資料狀態及待辦事項失敗，請檢查	throw new ApplicationException(	Dev/Common/Source/Base/TA.DataAccess/Basic4EyesPO.cs:1181
確認失敗，請檢查{…}	AddResultRow(	Dev/Common/Source/Base/TA.DataAccess/Basic4EyesPO.cs:1222
傳入主檔資料必為一筆，請檢查	throw new ApplicationException(	Dev/Common/Source/Base/TA.DataAccess/Basic4EyesPO.cs:1302
資料已異動，請重新查詢	throw new ApplicationException(	Dev/Common/Source/Base/TA.DataAccess/Basic4EyesPO.cs:1306
系統處理資料狀態及待辦事項失敗，請檢查	throw new ApplicationException(	Dev/Common/Source/Base/TA.DataAccess/Basic4EyesPO.cs:1310
覆核時主檔影響筆數超過一筆，覆核失敗，請檢查	throw new ApplicationException(	Dev/Common/Source/Base/TA.DataAccess/Basic4EyesPO.cs:1320
明細資料不存在，無法覆核，請檢查	throw new ApplicationException(	Dev/Common/Source/Base/TA.DataAccess/Basic4EyesPO.cs:1349
系統處理明細資料的資料狀態及待辦事項失敗，請檢查	throw new ApplicationException(	Dev/Common/Source/Base/TA.DataAccess/Basic4EyesPO.cs:1356
覆核失敗，請檢查{…}	AddResultRow(	Dev/Common/Source/Base/TA.DataAccess/Basic4EyesPO.cs:1404
傳入主檔資料必為一筆，請檢查	throw new ApplicationException(	Dev/Common/Source/Base/TA.DataAccess/Basic4EyesPO.cs:1461
資料已異動，請重新查詢	throw new ApplicationException(	Dev/Common/Source/Base/TA.DataAccess/Basic4EyesPO.cs:1465
系統處理資料狀態及待辦事項失敗，請檢查	throw new ApplicationException(	Dev/Common/Source/Base/TA.DataAccess/Basic4EyesPO.cs:1469
復原時主檔影響筆數超過一筆，復原失敗，請檢查	throw new ApplicationException(	Dev/Common/Source/Base/TA.DataAccess/Basic4EyesPO.cs:1479
明細資料不存在，無法復原，請檢查	throw new ApplicationException(	Dev/Common/Source/Base/TA.DataAccess/Basic4EyesPO.cs:1503
系統處理明細資料的資料狀態及待辦事項失敗，請檢查	throw new ApplicationException(	Dev/Common/Source/Base/TA.DataAccess/Basic4EyesPO.cs:1510
覆核失敗，請檢查{…}	AddResultRow(	Dev/Common/Source/Base/TA.DataAccess/Basic4EyesPO.cs:1558
傳入主檔資料必為一筆，請檢查	throw new ApplicationException(	Dev/Common/Source/Base/TA.DataAccess/Basic4EyesPO.cs:1613
資料已異動，請重新查詢	throw new ApplicationException(	Dev/Common/Source/Base/TA.DataAccess/Basic4EyesPO.cs:1617
系統處理資料狀態及待辦事項失敗，請檢查	throw new ApplicationException(	Dev/Common/Source/Base/TA.DataAccess/Basic4EyesPO.cs:1621
退回時主檔影響筆數超過一筆，退回失敗，請檢查	throw new ApplicationException(	Dev/Common/Source/Base/TA.DataAccess/Basic4EyesPO.cs:1630
明細資料不存在，無法退回，請檢查	throw new ApplicationException(	Dev/Common/Source/Base/TA.DataAccess/Basic4EyesPO.cs:1653
系統處理明細資料的資料狀態及待辦事項失敗，請檢查	throw new ApplicationException(	Dev/Common/Source/Base/TA.DataAccess/Basic4EyesPO.cs:1659
退回失敗，請檢查{…}	AddResultRow(	Dev/Common/Source/Base/TA.DataAccess/Basic4EyesPO.cs:1700
傳入主檔資料必為一筆，請檢查	throw new ApplicationException(	Dev/Common/Source/Base/TA.DataAccess/Basic4EyesPO.cs:1753
資料已異動，請重新查詢	throw new ApplicationException(	Dev/Common/Source/Base/TA.DataAccess/Basic4EyesPO.cs:1757
系統處理資料狀態及待辦事項失敗，請檢查	throw new ApplicationException(	Dev/Common/Source/Base/TA.DataAccess/Basic4EyesPO.cs:1761
重送時主檔影響筆數超過一筆，重送失敗，請檢查	throw new ApplicationException(	Dev/Common/Source/Base/TA.DataAccess/Basic4EyesPO.cs:1770
明細資料不存在，無法重送，請檢查	throw new ApplicationException(	Dev/Common/Source/Base/TA.DataAccess/Basic4EyesPO.cs:1792
系統處理明細資料的資料狀態及待辦事項失敗，請檢查	throw new ApplicationException(	Dev/Common/Source/Base/TA.DataAccess/Basic4EyesPO.cs:1798
重送失敗，請檢查{…}	AddResultRow(	Dev/Common/Source/Base/TA.DataAccess/Basic4EyesPO.cs:1839
傳入主檔資料必為一筆，請檢查	throw new ApplicationException(	Dev/Common/Source/Base/TA.DataAccess/Basic4EyesPO.cs:1894
資料已異動，請重新查詢	throw new ApplicationException(	Dev/Common/Source/Base/TA.DataAccess/Basic4EyesPO.cs:1898
系統處理資料狀態及待辦事項失敗，請檢查	throw new ApplicationException(	Dev/Common/Source/Base/TA.DataAccess/Basic4EyesPO.cs:1902
回復失敗，請檢查{…}	AddResultRow(	Dev/Common/Source/Base/TA.DataAccess/Basic4EyesPO.cs:1961
DataEntity	AddResultRow(	Dev/Common/Source/Base/TA.DataAccess/Basic4EyesPO.cs:2004
此筆資料已異動，請重新查詢	throw new ApplicationException(	Dev/Common/Source/Base/TA.DataAccess/Basic4EyesPO.cs:2067
系統處理資料狀態及待辦事項失敗，請檢查	throw new ApplicationException(	Dev/Common/Source/Base/TA.DataAccess/Basic4EyesPO.cs:2071
ApproveDelete時，MasterTable影響筆數不等於一筆，請檢查	throw new ApplicationException(	Dev/Common/Source/Base/TA.DataAccess/Basic4EyesPO.cs:2084
明細資料不存在，無法刪除，請檢查	throw new ApplicationException(	Dev/Common/Source/Base/TA.DataAccess/Basic4EyesPO.cs:2118
系統處理明細資料的資料狀態及待辦事項失敗，請檢查	throw new ApplicationException(	Dev/Common/Source/Base/TA.DataAccess/Basic4EyesPO.cs:2124
BasicEVAPO.ApproveDelete，發生ApplicationException：{0}	AddResultRow(	Dev/Common/Source/Base/TA.DataAccess/Basic4EyesPO.cs:2151
新增失敗，請檢查	AddResultRow(	Dev/Common/Source/Base/TA.DataAccess/Basic4EyesPO.cs:2646
傳入主檔表格至少一個，請檢查	throw new ApplicationException(	Dev/Common/Source/Base/TA.DataAccess/Basic4EyesPO.cs:2666
此筆資料已存在，無法新增，請檢查	throw new ApplicationException(	Dev/Common/Source/Base/TA.DataAccess/Basic4EyesPO.cs:2677
此筆資料已存在，無法新增，請檢查	throw new ApplicationException(	Dev/Common/Source/Base/TA.DataAccess/Basic4EyesPO.cs:2692
系統處理資料狀態及待辦事項失敗，請檢查	throw new ApplicationException(	Dev/Common/Source/Base/TA.DataAccess/Basic4EyesPO.cs:2698
系統處理資料狀態及待辦事項失敗，請檢查	throw new ApplicationException(	Dev/Common/Source/Base/TA.DataAccess/Basic4EyesPO.cs:2703
新增時影響筆數小於一筆，新增失敗，請檢查	throw new ApplicationException(	Dev/Common/Source/Base/TA.DataAccess/Basic4EyesPO.cs:2717
修改失敗，請檢查	AddResultRow(	Dev/Common/Source/Base/TA.DataAccess/Basic4EyesPO.cs:2753
傳入主檔表格至少一個，請檢查	throw new ApplicationException(	Dev/Common/Source/Base/TA.DataAccess/Basic4EyesPO.cs:2773
此筆資料不存在，無法刪除，請檢查	throw new ApplicationException(	Dev/Common/Source/Base/TA.DataAccess/Basic4EyesPO.cs:2800
此筆資料已異動，請重新查詢	throw new ApplicationException(	Dev/Common/Source/Base/TA.DataAccess/Basic4EyesPO.cs:2804
此筆資料已存在，無法新增，請檢查	throw new ApplicationException(	Dev/Common/Source/Base/TA.DataAccess/Basic4EyesPO.cs:2853
系統處理資料狀態及待辦事項失敗，請檢查	throw new ApplicationException(	Dev/Common/Source/Base/TA.DataAccess/Basic4EyesPO.cs:2861
系統處理資料狀態及待辦事項失敗，請檢查	throw new ApplicationException(	Dev/Common/Source/Base/TA.DataAccess/Basic4EyesPO.cs:2867
此筆資料已異動，請重新查詢	throw new ApplicationException(	Dev/Common/Source/Base/TA.DataAccess/Basic4EyesPO.cs:2897
此筆資料不存在，無法修改，請檢查	throw new ApplicationException(	Dev/Common/Source/Base/TA.DataAccess/Basic4EyesPO.cs:2900
系統處理資料狀態及待辦事項失敗，請檢查	throw new ApplicationException(	Dev/Common/Source/Base/TA.DataAccess/Basic4EyesPO.cs:2907
系統處理資料狀態及待辦事項失敗，請檢查	throw new ApplicationException(	Dev/Common/Source/Base/TA.DataAccess/Basic4EyesPO.cs:2913
修改時影響筆數小於一筆，修改失敗，請檢查	throw new ApplicationException(	Dev/Common/Source/Base/TA.DataAccess/Basic4EyesPO.cs:2938
複製失敗，請檢查	throw new ApplicationException(	Dev/Common/Source/Base/TA.DataAccess/Basic4EyesPO.cs:2967
資料已存在，無法新增，請檢查	throw new ApplicationException(	Dev/Common/Source/Base/TA.DataAccess/Basic4EyesPO.cs:2975
系統處理資料狀態及待辦事項失敗，請檢查	throw new ApplicationException(	Dev/Common/Source/Base/TA.DataAccess/Basic4EyesPO.cs:2979
複製失敗，請檢查	throw new ApplicationException(	Dev/Common/Source/Base/TA.DataAccess/Basic4EyesPO.cs:2993
資料已異動，請重新查詢	throw new ApplicationException(	Dev/Common/Source/Base/TA.DataAccess/Basic4EyesPO.cs:3005
資料不存在，無法修改，請檢查	throw new ApplicationException(	Dev/Common/Source/Base/TA.DataAccess/Basic4EyesPO.cs:3008
系統處理資料狀態及待辦事項失敗，請檢查	throw new ApplicationException(	Dev/Common/Source/Base/TA.DataAccess/Basic4EyesPO.cs:3012
複製失敗，請檢查	throw new ApplicationException(	Dev/Common/Source/Base/TA.DataAccess/Basic4EyesPO.cs:3030
傳入主檔表格至少一個，請檢查	throw new ApplicationException(	Dev/Common/Source/Base/TA.DataAccess/Basic4EyesPO.cs:3055
刪除失敗，請檢查	throw new ApplicationException(	Dev/Common/Source/Base/TA.DataAccess/Basic4EyesPO.cs:3061
資料已異動，請重新查詢	throw new ApplicationException(	Dev/Common/Source/Base/TA.DataAccess/Basic4EyesPO.cs:3091
系統處理資料狀態及待辦事項失敗，請檢查	throw new ApplicationException(	Dev/Common/Source/Base/TA.DataAccess/Basic4EyesPO.cs:3100
系統處理資料狀態及待辦事項失敗，請檢查	throw new ApplicationException(	Dev/Common/Source/Base/TA.DataAccess/Basic4EyesPO.cs:3105
刪除時影響筆數等於 0 筆，刪除失敗，請檢查	throw new ApplicationException(	Dev/Common/Source/Base/TA.DataAccess/Basic4EyesPO.cs:3119
刪除失敗，請檢查	AddResultRow(	Dev/Common/Source/Base/TA.DataAccess/Basic4EyesPO.cs:3141
傳入主檔表格至少一個，請檢查	throw new ApplicationException(	Dev/Common/Source/Base/TA.DataAccess/Basic4EyesPO.cs:3157
無符合查詢條件的資料	throw new ApplicationException(	Dev/Common/Source/Base/TA.DataAccess/Basic4EyesPO.cs:3186
查詢失敗：{0}，請檢查	AddResultRow(	Dev/Common/Source/Base/TA.DataAccess/Basic4EyesPO.cs:3198
傳入主檔表格至少一個，請檢查	throw new ApplicationException(	Dev/Common/Source/Base/TA.DataAccess/Basic4EyesPO.cs:3212
查無資料	throw new ApplicationException(	Dev/Common/Source/Base/TA.DataAccess/Basic4EyesPO.cs:3241
查詢失敗：{0}，請檢查	AddResultRow(	Dev/Common/Source/Base/TA.DataAccess/Basic4EyesPO.cs:3253
傳入主檔表格至少一個，請檢查	throw new ApplicationException(	Dev/Common/Source/Base/TA.DataAccess/Basic4EyesPO.cs:3272
資料已異動，請重新查詢	throw new ApplicationException(	Dev/Common/Source/Base/TA.DataAccess/Basic4EyesPO.cs:3289
系統處理資料狀態及待辦事項失敗，請檢查	throw new ApplicationException(	Dev/Common/Source/Base/TA.DataAccess/Basic4EyesPO.cs:3309
系統處理資料狀態及待辦事項失敗，請檢查	throw new ApplicationException(	Dev/Common/Source/Base/TA.DataAccess/Basic4EyesPO.cs:3314
取消刪除時影響筆數小於一筆，取消刪除失敗，請檢查	throw new ApplicationException(	Dev/Common/Source/Base/TA.DataAccess/Basic4EyesPO.cs:3328
取消刪除失敗，請檢查	AddResultRow(	Dev/Common/Source/Base/TA.DataAccess/Basic4EyesPO.cs:3347
傳入主檔表格至少一個，請檢查	throw new ApplicationException(	Dev/Common/Source/Base/TA.DataAccess/Basic4EyesPO.cs:3367
資料已異動，請重新查詢	throw new ApplicationException(	Dev/Common/Source/Base/TA.DataAccess/Basic4EyesPO.cs:3394
系統處理資料狀態及待辦事項失敗，請檢查	throw new ApplicationException(	Dev/Common/Source/Base/TA.DataAccess/Basic4EyesPO.cs:3404
系統處理資料狀態及待辦事項失敗，請檢查	throw new ApplicationException(	Dev/Common/Source/Base/TA.DataAccess/Basic4EyesPO.cs:3409
確認時主檔影響筆數超過一筆，確認失敗，請檢查	throw new ApplicationException(	Dev/Common/Source/Base/TA.DataAccess/Basic4EyesPO.cs:3423
確認失敗，請檢查	AddResultRow(	Dev/Common/Source/Base/TA.DataAccess/Basic4EyesPO.cs:3443
傳入主檔表格至少一個，請檢查	throw new ApplicationException(	Dev/Common/Source/Base/TA.DataAccess/Basic4EyesPO.cs:3462
資料已異動，請重新查詢	throw new ApplicationException(	Dev/Common/Source/Base/TA.DataAccess/Basic4EyesPO.cs:3488
刪除失敗，請檢查	throw new ApplicationException(	Dev/Common/Source/Base/TA.DataAccess/Basic4EyesPO.cs:3494
系統處理資料狀態及待辦事項失敗，請檢查	throw new ApplicationException(	Dev/Common/Source/Base/TA.DataAccess/Basic4EyesPO.cs:3505
系統處理資料狀態及待辦事項失敗，請檢查	throw new ApplicationException(	Dev/Common/Source/Base/TA.DataAccess/Basic4EyesPO.cs:3510
覆核時主檔影響筆數小於一筆，覆核失敗，請檢查	throw new ApplicationException(	Dev/Common/Source/Base/TA.DataAccess/Basic4EyesPO.cs:3533
覆核失敗，請檢查	AddResultRow(	Dev/Common/Source/Base/TA.DataAccess/Basic4EyesPO.cs:3548
傳入主檔表格至少一個，請檢查	throw new ApplicationException(	Dev/Common/Source/Base/TA.DataAccess/Basic4EyesPO.cs:3572
資料已異動，請重新查詢	throw new ApplicationException(	Dev/Common/Source/Base/TA.DataAccess/Basic4EyesPO.cs:3588
系統處理資料狀態及待辦事項失敗，請檢查	throw new ApplicationException(	Dev/Common/Source/Base/TA.DataAccess/Basic4EyesPO.cs:3605
系統處理資料狀態及待辦事項失敗，請檢查	throw new ApplicationException(	Dev/Common/Source/Base/TA.DataAccess/Basic4EyesPO.cs:3610
退回時主檔影響筆數小於一筆，退回失敗，請檢查	throw new ApplicationException(	Dev/Common/Source/Base/TA.DataAccess/Basic4EyesPO.cs:3625
退回失敗，請檢查	AddResultRow(	Dev/Common/Source/Base/TA.DataAccess/Basic4EyesPO.cs:3644
傳入主檔表格至少一個，請檢查	throw new ApplicationException(	Dev/Common/Source/Base/TA.DataAccess/Basic4EyesPO.cs:3663
資料已異動，請重新查詢	throw new ApplicationException(	Dev/Common/Source/Base/TA.DataAccess/Basic4EyesPO.cs:3679
系統處理資料狀態及待辦事項失敗，請檢查	throw new ApplicationException(	Dev/Common/Source/Base/TA.DataAccess/Basic4EyesPO.cs:3697
系統處理資料狀態及待辦事項失敗，請檢查	throw new ApplicationException(	Dev/Common/Source/Base/TA.DataAccess/Basic4EyesPO.cs:3702
重送時主檔影響筆數小於一筆，重送失敗，請檢查	throw new ApplicationException(	Dev/Common/Source/Base/TA.DataAccess/Basic4EyesPO.cs:3717
重送失敗，請檢查	AddResultRow(	Dev/Common/Source/Base/TA.DataAccess/Basic4EyesPO.cs:3736
傳入主檔表格至少一個，請檢查	throw new ApplicationException(	Dev/Common/Source/Base/TA.DataAccess/Basic4EyesPO.cs:3762
系統處理資料狀態及待辦事項失敗，請檢查	throw new ApplicationException(	Dev/Common/Source/Base/TA.DataAccess/Basic4EyesPO.cs:3791
回復失敗，請檢查{…}	AddResultRow(	Dev/Common/Source/Base/TA.DataAccess/Basic4EyesPO.cs:3842
DataEntity	AddResultRow(	Dev/Common/Source/Base/TA.DataAccess/Basic4EyesPO.cs:3876
此筆資料已異動，請重新查詢	throw new ApplicationException(	Dev/Common/Source/Base/TA.DataAccess/Basic4EyesPO.cs:3928
系統處理資料狀態及待辦事項失敗，請檢查	throw new ApplicationException(	Dev/Common/Source/Base/TA.DataAccess/Basic4EyesPO.cs:3934
系統處理資料狀態及待辦事項失敗，請檢查	throw new ApplicationException(	Dev/Common/Source/Base/TA.DataAccess/Basic4EyesPO.cs:3939
ApproveDelete時，MasterTable影響筆數小於一筆，請檢查	throw new ApplicationException(	Dev/Common/Source/Base/TA.DataAccess/Basic4EyesPO.cs:3956
傳入主檔資料必為一筆，請檢查	throw new ApplicationException(	Dev/Common/Source/Base/TA.DataAccess/BasicEVAPO.cs:196
新增失敗，請檢查{…}	AddResultRow(	Dev/Common/Source/Base/TA.DataAccess/BasicEVAPO.cs:216
此筆資料已存在，無法新增，請檢查	throw new ApplicationException(	Dev/Common/Source/Base/TA.DataAccess/BasicEVAPO.cs:263
系統處理資料狀態及待辦事項失敗，請檢查	throw new ApplicationException(	Dev/Common/Source/Base/TA.DataAccess/BasicEVAPO.cs:267
新增時影響筆數超過一筆，新增失敗，請檢查	throw new ApplicationException(	Dev/Common/Source/Base/TA.DataAccess/BasicEVAPO.cs:273
明細資料已存在，無法新增，請檢查: {…}	throw new ApplicationException(	Dev/Common/Source/Base/TA.DataAccess/BasicEVAPO.cs:298
系統處理明細資料的資料狀態及待辦事項失敗，請檢查: {…}	throw new ApplicationException(	Dev/Common/Source/Base/TA.DataAccess/BasicEVAPO.cs:304
傳入主檔資料必為一筆，請檢查	throw new ApplicationException(	Dev/Common/Source/Base/TA.DataAccess/BasicEVAPO.cs:337
修改失敗，請檢查{…}	AddResultRow(	Dev/Common/Source/Base/TA.DataAccess/BasicEVAPO.cs:359
此筆資料不存在，無法新增，請檢查	throw new ApplicationException(	Dev/Common/Source/Base/TA.DataAccess/BasicEVAPO.cs:409
資料已被其他使用者異動，請重新查詢後再按修改鍵	throw new ApplicationException(	Dev/Common/Source/Base/TA.DataAccess/BasicEVAPO.cs:412
系統處理資料狀態及待辦事項失敗，請檢查	throw new ApplicationException(	Dev/Common/Source/Base/TA.DataAccess/BasicEVAPO.cs:415
修改時影響筆數超過一筆，修改失敗，請檢查	throw new ApplicationException(	Dev/Common/Source/Base/TA.DataAccess/BasicEVAPO.cs:421
明細資料不存在，無法修改，請檢查: {…}	throw new ApplicationException(	Dev/Common/Source/Base/TA.DataAccess/BasicEVAPO.cs:462
明細資料已被其他使用者異動，請重新查詢後再按修改鍵	throw new ApplicationException(	Dev/Common/Source/Base/TA.DataAccess/BasicEVAPO.cs:465
明細資料已存在，無法新增明細，請檢查: {…}	throw new ApplicationException(	Dev/Common/Source/Base/TA.DataAccess/BasicEVAPO.cs:493
明細資料不存在，無法修改，請檢查: {…}	throw new ApplicationException(	Dev/Common/Source/Base/TA.DataAccess/BasicEVAPO.cs:525
明細資料已被其他使用者異動，請重新查詢後再按修改鍵	throw new ApplicationException(	Dev/Common/Source/Base/TA.DataAccess/BasicEVAPO.cs:528
資料已被其他使用者異動，請重新查詢後再按複製鍵	throw new ApplicationException(	Dev/Common/Source/Base/TA.DataAccess/BasicEVAPO.cs:578
{…} 系統處理資料狀態及待辦事項失敗，請檢查	throw new ApplicationException(	Dev/Common/Source/Base/TA.DataAccess/BasicEVAPO.cs:581
{…} 複製失敗，請檢查	throw new ApplicationException(	Dev/Common/Source/Base/TA.DataAccess/BasicEVAPO.cs:588
{…} 明細資料不存在，無法複製，請檢查	throw new ApplicationException(	Dev/Common/Source/Base/TA.DataAccess/BasicEVAPO.cs:606
{…} 複製失敗，請檢查	throw new ApplicationException(	Dev/Common/Source/Base/TA.DataAccess/BasicEVAPO.cs:622
傳入主檔資料必為一筆，請檢查	throw new ApplicationException(	Dev/Common/Source/Base/TA.DataAccess/BasicEVAPO.cs:685
資料已被其他使用者異動，請重新查詢後再按刪除鍵	throw new ApplicationException(	Dev/Common/Source/Base/TA.DataAccess/BasicEVAPO.cs:689
系統處理資料狀態及待辦事項失敗，請檢查	throw new ApplicationException(	Dev/Common/Source/Base/TA.DataAccess/BasicEVAPO.cs:693
刪除時主檔影響筆數超過一筆，刪除失敗，請檢查	throw new ApplicationException(	Dev/Common/Source/Base/TA.DataAccess/BasicEVAPO.cs:703
明細資料不存在，無法刪除，請檢查: {…}	throw new ApplicationException(	Dev/Common/Source/Base/TA.DataAccess/BasicEVAPO.cs:736
明細資料已被其他使用者異動，請重新查詢後再按刪除鍵	throw new ApplicationException(	Dev/Common/Source/Base/TA.DataAccess/BasicEVAPO.cs:740
系統處理明細資料的資料狀態及待辦事項失敗，請檢查: {…}	throw new ApplicationException(	Dev/Common/Source/Base/TA.DataAccess/BasicEVAPO.cs:746
刪除失敗，請檢查{…}	AddResultRow(	Dev/Common/Source/Base/TA.DataAccess/BasicEVAPO.cs:778
傳入主檔資料必為一筆，請檢查	throw new ApplicationException(	Dev/Common/Source/Base/TA.DataAccess/BasicEVAPO.cs:950
資料已被其他使用者異動，請重新查詢後再按復原刪除鍵	throw new ApplicationException(	Dev/Common/Source/Base/TA.DataAccess/BasicEVAPO.cs:954
系統處理資料狀態及待辦事項失敗，請檢查	throw new ApplicationException(	Dev/Common/Source/Base/TA.DataAccess/BasicEVAPO.cs:958
復原刪除時主檔影響筆數超過一筆，復原刪除失敗，請檢查	throw new ApplicationException(	Dev/Common/Source/Base/TA.DataAccess/BasicEVAPO.cs:967
明細資料不存在，無法復原刪除，請檢查: {…}	throw new ApplicationException(	Dev/Common/Source/Base/TA.DataAccess/BasicEVAPO.cs:1001
明細資料已被其他使用者異動，請重新查詢後再按復原刪除鍵	throw new ApplicationException(	Dev/Common/Source/Base/TA.DataAccess/BasicEVAPO.cs:1005
系統處理明細資料的資料狀態及待辦事項失敗，請檢查: {…}	throw new ApplicationException(	Dev/Common/Source/Base/TA.DataAccess/BasicEVAPO.cs:1011
復原刪除失敗，請檢查{…}	AddResultRow(	Dev/Common/Source/Base/TA.DataAccess/BasicEVAPO.cs:1043
傳入主檔資料必為一筆，請檢查	throw new ApplicationException(	Dev/Common/Source/Base/TA.DataAccess/BasicEVAPO.cs:1092
資料已被其他使用者異動，請重新查詢後再按驗証鍵	throw new ApplicationException(	Dev/Common/Source/Base/TA.DataAccess/BasicEVAPO.cs:1096
系統處理資料狀態及待辦事項失敗，請檢查	throw new ApplicationException(	Dev/Common/Source/Base/TA.DataAccess/BasicEVAPO.cs:1100
確認時主檔影響筆數超過一筆，確認失敗，請檢查	throw new ApplicationException(	Dev/Common/Source/Base/TA.DataAccess/BasicEVAPO.cs:1109
明細資料不存在，無法確認，請檢查: {…}	throw new ApplicationException(	Dev/Common/Source/Base/TA.DataAccess/BasicEVAPO.cs:1142
明細資料已被其他使用者異動，請重新查詢後再按驗証鍵	throw new ApplicationException(	Dev/Common/Source/Base/TA.DataAccess/BasicEVAPO.cs:1146
系統處理明細資料的資料狀態及待辦事項失敗，請檢查: {…}	throw new ApplicationException(	Dev/Common/Source/Base/TA.DataAccess/BasicEVAPO.cs:1152
確認失敗，請檢查{…}	AddResultRow(	Dev/Common/Source/Base/TA.DataAccess/BasicEVAPO.cs:1185
傳入主檔資料必為一筆，請檢查	throw new ApplicationException(	Dev/Common/Source/Base/TA.DataAccess/BasicEVAPO.cs:1256
資料已被其他使用者異動，請重新查詢後再按覆核鍵	throw new ApplicationException(	Dev/Common/Source/Base/TA.DataAccess/BasicEVAPO.cs:1260
系統處理資料狀態及待辦事項失敗，請檢查	throw new ApplicationException(	Dev/Common/Source/Base/TA.DataAccess/BasicEVAPO.cs:1264
覆核時主檔影響筆數超過一筆，覆核失敗，請檢查	throw new ApplicationException(	Dev/Common/Source/Base/TA.DataAccess/BasicEVAPO.cs:1273
明細資料不存在，無法覆核，請檢查: {…}	throw new ApplicationException(	Dev/Common/Source/Base/TA.DataAccess/BasicEVAPO.cs:1306
明細資料已被其他使用者異動，請重新查詢後再按覆核鍵	throw new ApplicationException(	Dev/Common/Source/Base/TA.DataAccess/BasicEVAPO.cs:1310
系統處理明細資料的資料狀態及待辦事項失敗，請檢查: {…}	throw new ApplicationException(	Dev/Common/Source/Base/TA.DataAccess/BasicEVAPO.cs:1317
覆核失敗，請檢查{…}	AddResultRow(	Dev/Common/Source/Base/TA.DataAccess/BasicEVAPO.cs:1350
傳入主檔資料必為一筆，請檢查	throw new ApplicationException(	Dev/Common/Source/Base/TA.DataAccess/BasicEVAPO.cs:1397
資料已被其他使用者異動，請重新查詢後再按退回鍵	throw new ApplicationException(	Dev/Common/Source/Base/TA.DataAccess/BasicEVAPO.cs:1401
系統處理資料狀態及待辦事項失敗，請檢查	throw new ApplicationException(	Dev/Common/Source/Base/TA.DataAccess/BasicEVAPO.cs:1405
退回時主檔影響筆數超過一筆，退回失敗，請檢查	throw new ApplicationException(	Dev/Common/Source/Base/TA.DataAccess/BasicEVAPO.cs:1414
明細資料不存在，無法退回，請檢查: {…}	throw new ApplicationException(	Dev/Common/Source/Base/TA.DataAccess/BasicEVAPO.cs:1447
明細資料已被其他使用者異動，請重新查詢後再按退回鍵	throw new ApplicationException(	Dev/Common/Source/Base/TA.DataAccess/BasicEVAPO.cs:1451
系統處理明細資料的資料狀態及待辦事項失敗，請檢查: {…}	throw new ApplicationException(	Dev/Common/Source/Base/TA.DataAccess/BasicEVAPO.cs:1457
退回失敗，請檢查{…}	AddResultRow(	Dev/Common/Source/Base/TA.DataAccess/BasicEVAPO.cs:1489
傳入主檔資料必為一筆，請檢查	throw new ApplicationException(	Dev/Common/Source/Base/TA.DataAccess/BasicEVAPO.cs:1534
資料已被其他使用者異動，請重新查詢後再按重送鍵	throw new ApplicationException(	Dev/Common/Source/Base/TA.DataAccess/BasicEVAPO.cs:1538
系統處理資料狀態及待辦事項失敗，請檢查	throw new ApplicationException(	Dev/Common/Source/Base/TA.DataAccess/BasicEVAPO.cs:1542
重送時主檔影響筆數超過一筆，重送失敗，請檢查	throw new ApplicationException(	Dev/Common/Source/Base/TA.DataAccess/BasicEVAPO.cs:1551
明細資料不存在，無法重送，請檢查: {…}	throw new ApplicationException(	Dev/Common/Source/Base/TA.DataAccess/BasicEVAPO.cs:1583
明細資料已被其他使用者異動，請重新查詢後再按重送鍵	throw new ApplicationException(	Dev/Common/Source/Base/TA.DataAccess/BasicEVAPO.cs:1587
系統處理明細資料的資料狀態及待辦事項失敗，請檢查: {…}	throw new ApplicationException(	Dev/Common/Source/Base/TA.DataAccess/BasicEVAPO.cs:1593
重送失敗，請檢查{…}	AddResultRow(	Dev/Common/Source/Base/TA.DataAccess/BasicEVAPO.cs:1626
資料已被其他使用者異動，請重新查詢後再按覆核鍵	throw new ApplicationException(	Dev/Common/Source/Base/TA.DataAccess/BasicEVAPO.cs:1721
系統處理資料狀態及待辦事項失敗，請檢查	throw new ApplicationException(	Dev/Common/Source/Base/TA.DataAccess/BasicEVAPO.cs:1725
ApproveDelete時，MasterTable影響筆數不等於一筆，請檢查	throw new ApplicationException(	Dev/Common/Source/Base/TA.DataAccess/BasicEVAPO.cs:1735
明細資料不存在，無法刪除，請檢查: {…}	throw new ApplicationException(	Dev/Common/Source/Base/TA.DataAccess/BasicEVAPO.cs:1765
系統處理明細資料的資料狀態及待辦事項失敗，請檢查: {…}	throw new ApplicationException(	Dev/Common/Source/Base/TA.DataAccess/BasicEVAPO.cs:1771
明細資料不存在，無法修改，請檢查: {…}	throw new ApplicationException(	Dev/Common/Source/Base/TA.DataAccess/BasicEVAPO.cs:1911
明細資料已被其他使用者異動，請重新查詢後再按修改鍵	throw new ApplicationException(	Dev/Common/Source/Base/TA.DataAccess/BasicEVAPO.cs:1914
明細資料不存在，無法修改，請檢查: {…}	throw new ApplicationException(	Dev/Common/Source/Base/TA.DataAccess/BasicEVAPO.cs:1947
明細資料已被其他使用者異動，請重新查詢後再按修改鍵	throw new ApplicationException(	Dev/Common/Source/Base/TA.DataAccess/BasicEVAPO.cs:1950
明細資料已存在，無法新增明細，請檢查: {…}	throw new ApplicationException(	Dev/Common/Source/Base/TA.DataAccess/BasicEVAPO.cs:1970
明細資料不存在，無法修改，請檢查: {…}	throw new ApplicationException(	Dev/Common/Source/Base/TA.DataAccess/BasicEVAPO.cs:1999
明細資料已被其他使用者異動，請重新查詢後再按修改鍵	throw new ApplicationException(	Dev/Common/Source/Base/TA.DataAccess/BasicEVAPO.cs:2002
修改失敗，請檢查{…}	AddResultRow(	Dev/Common/Source/Base/TA.DataAccess/BasicEVAPO.cs:2030
新增失敗，請檢查	AddResultRow(	Dev/Common/Source/Base/TA.DataAccess/MultiRowEVAPO.cs:212
傳入主檔表格至少一個，請檢查	throw new ApplicationException(	Dev/Common/Source/Base/TA.DataAccess/MultiRowEVAPO.cs:232
此筆資料已存在，無法新增，請檢查	throw new ApplicationException(	Dev/Common/Source/Base/TA.DataAccess/MultiRowEVAPO.cs:243
此筆資料已存在，無法新增，請檢查	throw new ApplicationException(	Dev/Common/Source/Base/TA.DataAccess/MultiRowEVAPO.cs:258
系統處理資料狀態及待辦事項失敗，請檢查	throw new ApplicationException(	Dev/Common/Source/Base/TA.DataAccess/MultiRowEVAPO.cs:264
系統處理資料狀態及待辦事項失敗，請檢查	throw new ApplicationException(	Dev/Common/Source/Base/TA.DataAccess/MultiRowEVAPO.cs:269
新增時影響筆數小於一筆，新增失敗，請檢查	throw new ApplicationException(	Dev/Common/Source/Base/TA.DataAccess/MultiRowEVAPO.cs:283
修改失敗，請檢查	AddResultRow(	Dev/Common/Source/Base/TA.DataAccess/MultiRowEVAPO.cs:318
傳入主檔表格至少一個，請檢查	throw new ApplicationException(	Dev/Common/Source/Base/TA.DataAccess/MultiRowEVAPO.cs:338
此筆資料不存在，無法修改，請檢查	throw new ApplicationException(	Dev/Common/Source/Base/TA.DataAccess/MultiRowEVAPO.cs:365
資料已被其他使用者異動，請重新查詢後再按修改鍵	throw new ApplicationException(	Dev/Common/Source/Base/TA.DataAccess/MultiRowEVAPO.cs:369
此筆資料已存在，無法新增，請檢查	throw new ApplicationException(	Dev/Common/Source/Base/TA.DataAccess/MultiRowEVAPO.cs:418
系統處理資料狀態及待辦事項失敗，請檢查	throw new ApplicationException(	Dev/Common/Source/Base/TA.DataAccess/MultiRowEVAPO.cs:426
系統處理資料狀態及待辦事項失敗，請檢查	throw new ApplicationException(	Dev/Common/Source/Base/TA.DataAccess/MultiRowEVAPO.cs:432
此筆資料不存在，無法修改，請檢查	throw new ApplicationException(	Dev/Common/Source/Base/TA.DataAccess/MultiRowEVAPO.cs:461
資料已被其他使用者異動，請重新查詢後再按修改鍵	throw new ApplicationException(	Dev/Common/Source/Base/TA.DataAccess/MultiRowEVAPO.cs:465
系統處理資料狀態及待辦事項失敗，請檢查	throw new ApplicationException(	Dev/Common/Source/Base/TA.DataAccess/MultiRowEVAPO.cs:472
系統處理資料狀態及待辦事項失敗，請檢查	throw new ApplicationException(	Dev/Common/Source/Base/TA.DataAccess/MultiRowEVAPO.cs:478
修改時影響筆數小於一筆，修改失敗，請檢查	throw new ApplicationException(	Dev/Common/Source/Base/TA.DataAccess/MultiRowEVAPO.cs:507
複製失敗，請檢查	throw new ApplicationException(	Dev/Common/Source/Base/TA.DataAccess/MultiRowEVAPO.cs:536
資料已存在，無法新增，請檢查	throw new ApplicationException(	Dev/Common/Source/Base/TA.DataAccess/MultiRowEVAPO.cs:544
系統處理資料狀態及待辦事項失敗，請檢查	throw new ApplicationException(	Dev/Common/Source/Base/TA.DataAccess/MultiRowEVAPO.cs:548
複製失敗，請檢查	throw new ApplicationException(	Dev/Common/Source/Base/TA.DataAccess/MultiRowEVAPO.cs:562
資料不存在，無法修改，請檢查	throw new ApplicationException(	Dev/Common/Source/Base/TA.DataAccess/MultiRowEVAPO.cs:573
資料已被其他使用者異動，請重新查詢後再按複製鍵	throw new ApplicationException(	Dev/Common/Source/Base/TA.DataAccess/MultiRowEVAPO.cs:577
系統處理資料狀態及待辦事項失敗，請檢查	throw new ApplicationException(	Dev/Common/Source/Base/TA.DataAccess/MultiRowEVAPO.cs:581
複製失敗，請檢查	throw new ApplicationException(	Dev/Common/Source/Base/TA.DataAccess/MultiRowEVAPO.cs:599
傳入主檔表格至少一個，請檢查	throw new ApplicationException(	Dev/Common/Source/Base/TA.DataAccess/MultiRowEVAPO.cs:624
刪除失敗，請檢查	throw new ApplicationException(	Dev/Common/Source/Base/TA.DataAccess/MultiRowEVAPO.cs:630
資料已被其他使用者異動，請重新查詢後再按刪除鍵	throw new ApplicationException(	Dev/Common/Source/Base/TA.DataAccess/MultiRowEVAPO.cs:660
系統處理資料狀態及待辦事項失敗，請檢查	throw new ApplicationException(	Dev/Common/Source/Base/TA.DataAccess/MultiRowEVAPO.cs:669
系統處理資料狀態及待辦事項失敗，請檢查	throw new ApplicationException(	Dev/Common/Source/Base/TA.DataAccess/MultiRowEVAPO.cs:674
刪除時影響筆數等於 0 筆，刪除失敗，請檢查	throw new ApplicationException(	Dev/Common/Source/Base/TA.DataAccess/MultiRowEVAPO.cs:688
刪除失敗，請檢查	AddResultRow(	Dev/Common/Source/Base/TA.DataAccess/MultiRowEVAPO.cs:710
傳入主檔表格至少一個，請檢查	throw new ApplicationException(	Dev/Common/Source/Base/TA.DataAccess/MultiRowEVAPO.cs:726
無符合查詢條件的資料	throw new ApplicationException(	Dev/Common/Source/Base/TA.DataAccess/MultiRowEVAPO.cs:755
查詢失敗：{0}，請檢查	AddResultRow(	Dev/Common/Source/Base/TA.DataAccess/MultiRowEVAPO.cs:767
傳入主檔表格至少一個，請檢查	throw new ApplicationException(	Dev/Common/Source/Base/TA.DataAccess/MultiRowEVAPO.cs:781
查無資料	throw new ApplicationException(	Dev/Common/Source/Base/TA.DataAccess/MultiRowEVAPO.cs:810
查詢失敗：{0}，請檢查	AddResultRow(	Dev/Common/Source/Base/TA.DataAccess/MultiRowEVAPO.cs:822
傳入主檔表格至少一個，請檢查	throw new ApplicationException(	Dev/Common/Source/Base/TA.DataAccess/MultiRowEVAPO.cs:841
資料已被其他使用者異動，請重新查詢後再按復原刪除鍵	throw new ApplicationException(	Dev/Common/Source/Base/TA.DataAccess/MultiRowEVAPO.cs:858
系統處理資料狀態及待辦事項失敗，請檢查	throw new ApplicationException(	Dev/Common/Source/Base/TA.DataAccess/MultiRowEVAPO.cs:878
系統處理資料狀態及待辦事項失敗，請檢查	throw new ApplicationException(	Dev/Common/Source/Base/TA.DataAccess/MultiRowEVAPO.cs:883
復原刪除時影響筆數小於一筆，復原刪除失敗，請檢查	throw new ApplicationException(	Dev/Common/Source/Base/TA.DataAccess/MultiRowEVAPO.cs:897
復原刪除失敗，請檢查	AddResultRow(	Dev/Common/Source/Base/TA.DataAccess/MultiRowEVAPO.cs:916
傳入主檔表格至少一個，請檢查	throw new ApplicationException(	Dev/Common/Source/Base/TA.DataAccess/MultiRowEVAPO.cs:936
資料已被其他使用者異動，請重新查詢後再按驗証鍵	throw new ApplicationException(	Dev/Common/Source/Base/TA.DataAccess/MultiRowEVAPO.cs:963
系統處理資料狀態及待辦事項失敗，請檢查	throw new ApplicationException(	Dev/Common/Source/Base/TA.DataAccess/MultiRowEVAPO.cs:973
系統處理資料狀態及待辦事項失敗，請檢查	throw new ApplicationException(	Dev/Common/Source/Base/TA.DataAccess/MultiRowEVAPO.cs:978
確認時主檔影響筆數超過一筆，確認失敗，請檢查	throw new ApplicationException(	Dev/Common/Source/Base/TA.DataAccess/MultiRowEVAPO.cs:992
確認失敗，請檢查	AddResultRow(	Dev/Common/Source/Base/TA.DataAccess/MultiRowEVAPO.cs:1012
傳入主檔表格至少一個，請檢查	throw new ApplicationException(	Dev/Common/Source/Base/TA.DataAccess/MultiRowEVAPO.cs:1031
資料已被其他使用者異動，請重新查詢後再按覆核鍵	throw new ApplicationException(	Dev/Common/Source/Base/TA.DataAccess/MultiRowEVAPO.cs:1057
刪除失敗，請檢查	throw new ApplicationException(	Dev/Common/Source/Base/TA.DataAccess/MultiRowEVAPO.cs:1063
系統處理資料狀態及待辦事項失敗，請檢查	throw new ApplicationException(	Dev/Common/Source/Base/TA.DataAccess/MultiRowEVAPO.cs:1074
系統處理資料狀態及待辦事項失敗，請檢查	throw new ApplicationException(	Dev/Common/Source/Base/TA.DataAccess/MultiRowEVAPO.cs:1079
覆核時主檔影響筆數小於一筆，覆核失敗，請檢查	throw new ApplicationException(	Dev/Common/Source/Base/TA.DataAccess/MultiRowEVAPO.cs:1092
覆核失敗，請檢查	AddResultRow(	Dev/Common/Source/Base/TA.DataAccess/MultiRowEVAPO.cs:1107
傳入主檔表格至少一個，請檢查	throw new ApplicationException(	Dev/Common/Source/Base/TA.DataAccess/MultiRowEVAPO.cs:1131
資料已被其他使用者異動，請重新查詢後再按退回鍵	throw new ApplicationException(	Dev/Common/Source/Base/TA.DataAccess/MultiRowEVAPO.cs:1147
系統處理資料狀態及待辦事項失敗，請檢查	throw new ApplicationException(	Dev/Common/Source/Base/TA.DataAccess/MultiRowEVAPO.cs:1164
系統處理資料狀態及待辦事項失敗，請檢查	throw new ApplicationException(	Dev/Common/Source/Base/TA.DataAccess/MultiRowEVAPO.cs:1169
退回時主檔影響筆數小於一筆，退回失敗，請檢查	throw new ApplicationException(	Dev/Common/Source/Base/TA.DataAccess/MultiRowEVAPO.cs:1184
退回失敗，請檢查	AddResultRow(	Dev/Common/Source/Base/TA.DataAccess/MultiRowEVAPO.cs:1203
傳入主檔表格至少一個，請檢查	throw new ApplicationException(	Dev/Common/Source/Base/TA.DataAccess/MultiRowEVAPO.cs:1222
資料已被其他使用者異動，請重新查詢後再按重送鍵	throw new ApplicationException(	Dev/Common/Source/Base/TA.DataAccess/MultiRowEVAPO.cs:1238
系統處理資料狀態及待辦事項失敗，請檢查	throw new ApplicationException(	Dev/Common/Source/Base/TA.DataAccess/MultiRowEVAPO.cs:1256
系統處理資料狀態及待辦事項失敗，請檢查	throw new ApplicationException(	Dev/Common/Source/Base/TA.DataAccess/MultiRowEVAPO.cs:1261
重送時主檔影響筆數小於一筆，重送失敗，請檢查	throw new ApplicationException(	Dev/Common/Source/Base/TA.DataAccess/MultiRowEVAPO.cs:1276
重送失敗，請檢查	AddResultRow(	Dev/Common/Source/Base/TA.DataAccess/MultiRowEVAPO.cs:1295
資料已被其他使用者異動，請重新查詢後再按覆核鍵	throw new ApplicationException(	Dev/Common/Source/Base/TA.DataAccess/MultiRowEVAPO.cs:1383
系統處理資料狀態及待辦事項失敗，請檢查	throw new ApplicationException(	Dev/Common/Source/Base/TA.DataAccess/MultiRowEVAPO.cs:1389
系統處理資料狀態及待辦事項失敗，請檢查	throw new ApplicationException(	Dev/Common/Source/Base/TA.DataAccess/MultiRowEVAPO.cs:1394
ApproveDelete時，MasterTable影響筆數小於一筆，請檢查	throw new ApplicationException(	Dev/Common/Source/Base/TA.DataAccess/MultiRowEVAPO.cs:1411
此筆資料已異動，請檢查後重新執行	SetActionFailed(	Dev/Common/Source/Base/TA.DataAccess/TA_PO.cs:471
此筆資料已異動，請檢查後重新執行	SetActionFailed(	Dev/Common/Source/Base/TA.DataAccess/TA_PO.cs:509
此筆資料已異動，請檢查後重新執行	SetActionFailed(	Dev/Common/Source/Base/TA.DataAccess/TA_PO.cs:589
此筆資料已存在，請檢查後重新執行	SetActionFailed(	Dev/Common/Source/Base/TA.DataAccess/TA_PO.cs:853
此筆資料已存在，請檢查後重新執行	SetActionFailed(	Dev/Common/Source/Base/TA.DataAccess/TA_PO.cs:954
此筆資料已異動，請檢查後重新執行	SetActionFailed(	Dev/Common/Source/Base/TA.DataAccess/TA_PO.cs:1319
此筆資料已存在，請檢查後重新執行	SetActionFailed(	Dev/Common/Source/Base/TA.DataAccess/TA_PO.cs:1356
此筆資料已異動，請檢查後重新執行	SetActionFailed(	Dev/Common/Source/Base/TA.DataAccess/TA_PO.cs:1406
此筆資料已異動，請檢查後重新執行	SetActionFailed(	Dev/Common/Source/Base/TA.DataAccess/TA_PO.cs:1492
此筆資料已異動，請檢查後重新執行	SetActionFailed(	Dev/Common/Source/Base/TA.DataAccess/TA_PO.cs:1838
此筆資料已異動，請檢查後重新執行	SetActionFailed(	Dev/Common/Source/Base/TA.DataAccess/TA_PO.cs:1864
此筆資料已異動，請檢查後重新執行	SetActionFailed(	Dev/Common/Source/Base/TA.DataAccess/TA_PO.cs:1933
m_uc 參數不可傳入Null	變數指派 =	Dev/Common/Source/CustomControl/UI.CustomControl/SearcherModel.cs:67
銷售機構：TrustAgentID，查無資料	MessageBox.Show(	Dev/Common/Source/CustomControl/UI.CustomControl/ucAgent.cs:164
帳戶歸屬銷售機構別，必須先輸入，請檢查！	MessageBox.Show(	Dev/Common/Source/CustomControl/UI.CustomControl/ucAgent.cs:223
保管機構信用評等來源設定錯誤({0})。必須是Short或是Long	throw new Exception(	Dev/Common/Source/CustomControl/UI.CustomControl/ucCUSGrade.cs:125
基金種類來源設定錯誤({0})。必須是Customize或是TDCC	throw new Exception(	Dev/Common/Source/CustomControl/UI.CustomControl/ucECFundType.cs:104
基金種類來源設定錯誤({0})。必須是Customize或是TDCC	throw new Exception(	Dev/Common/Source/CustomControl/UI.CustomControl/ucECFundType_9i.cs:104
此基金已{…}	ShowMessage(	Dev/Common/Source/CustomControl/UI.CustomControl/ucFundID.cs:392
基金種類來源設定錯誤({0})。必須是Customize或是TDCC	throw new Exception(	Dev/Common/Source/CustomControl/UI.CustomControl/ucFundKind.cs:114
此基金已{…}	ShowMessage(	Dev/Common/Source/CustomControl/UI.CustomControl/ucFundMID.cs:114
基金種類來源設定錯誤({0})。必須是Customize或是TDCC	throw new Exception(	Dev/Common/Source/CustomControl/UI.CustomControl/ucFundType.cs:108
此基金已終止	MessageBox.Show(	Dev/Common/Source/CustomControl/UI.CustomControl/ucFundWithCusBank.cs:117
此基金已合併	MessageBox.Show(	Dev/Common/Source/CustomControl/UI.CustomControl/ucFundWithCusBank.cs:122
銷售機構別，必須先輸入，請檢查！	MessageBox.Show(	Dev/Common/Source/CustomControl/UI.CustomControl/ucSimpleAgent.cs:262
請先指定UltraGrid，再調整此屬性	MessageBox.Show(	Dev/Common/Source/CustomControl/UI.WindowControls/ColumnChooserUtility.cs:77
請先指定UltraGrid，再調整此屬性	MessageBox.Show(	Dev/Common/Source/CustomControl/UI.WindowControls/ColumnChooserUtility9i.cs:76
Please select a column to delete.	MessageBox.Show(	Dev/Common/Source/CustomControl/UI.WindowControls/CustomColumnChooser.cs:304
Only unbound columns can be deleted.	MessageBox.Show(	Dev/Common/Source/CustomControl/UI.WindowControls/CustomColumnChooser.cs:310
Deleting {0} column. Continue?	MessageBox.Show(	Dev/Common/Source/CustomControl/UI.WindowControls/CustomColumnChooser.cs:314
Please select a column to delete.	MessageBox.Show(	Dev/Common/Source/CustomControl/UI.WindowControls/CustomColumnChooser9i.cs:304
Only unbound columns can be deleted.	MessageBox.Show(	Dev/Common/Source/CustomControl/UI.WindowControls/CustomColumnChooser9i.cs:310
Deleting {0} column. Continue?	MessageBox.Show(	Dev/Common/Source/CustomControl/UI.WindowControls/CustomColumnChooser9i.cs:314
無符合查詢條件的資料。	ShowMessage(	Dev/Common/Source/CustomControl/UI.WindowControls/ucFundIDChoiceType.cs:583
無符合查詢條件的資料。	ShowMessage(	Dev/Common/Source/CustomControl/UI.WindowControls/ucFundIDClassify.cs:685
無符合查詢條件的資料。	ShowMessage(	Dev/Common/Source/CustomControl/UI.WindowControls/ucFundIDClassifyEC.cs:621
無符合查詢條件的資料。	ShowMessage(	Dev/Common/Source/CustomControl/UI.WindowControls/ucFundMIDChoiceType.cs:470
{…} 為必填欄位	AddError(	Dev/Common/Source/CustomControl/UI.WindowControls/ucKYCList.cs:169
{…} 為必填欄位	AddError(	Dev/Common/Source/CustomControl/UI.WindowControls/ucKYCList.cs:171
查詢成功，查詢筆數：{0}筆	AddResultRow(	Dev/Common/Source/DataSource/PO.DataSource/Basic/BasicBBS_PO.cs:81
查詢失敗	AddResultRow(	Dev/Common/Source/DataSource/PO.DataSource/Basic/BasicBBS_PO.cs:91
查詢成功，查詢筆數：{0}筆	AddResultRow(	Dev/Common/Source/DataSource/PO.DataSource/Basic/BasicBBS_PO.cs:145
查詢失敗	AddResultRow(	Dev/Common/Source/DataSource/PO.DataSource/Basic/BasicBBS_PO.cs:153
查詢成功，查詢筆數：{0}筆	AddResultRow(	Dev/Common/Source/DataSource/PO.DataSource/Basic/BasicBBS_PO.cs:210
查詢失敗	AddResultRow(	Dev/Common/Source/DataSource/PO.DataSource/Basic/BasicBBS_PO.cs:218
查詢成功，查詢筆數：{0}筆	AddResultRow(	Dev/Common/Source/DataSource/PO.DataSource/Basic/BasicBBS_PO.cs:293
查詢失敗	AddResultRow(	Dev/Common/Source/DataSource/PO.DataSource/Basic/BasicBBS_PO.cs:301
查詢成功，查詢筆數：{0}筆	AddResultRow(	Dev/Common/Source/DataSource/PO.DataSource/Basic/BasicBBS_PO.cs:356
查詢失敗	AddResultRow(	Dev/Common/Source/DataSource/PO.DataSource/Basic/BasicBBS_PO.cs:364
查詢成功，查詢筆數：{0}筆	AddResultRow(	Dev/Common/Source/DataSource/PO.DataSource/Basic/BasicBBS_PO.cs:420
查詢失敗	AddResultRow(	Dev/Common/Source/DataSource/PO.DataSource/Basic/BasicBBS_PO.cs:428
查詢成功，查詢筆數：{0}筆	AddResultRow(	Dev/Common/Source/DataSource/PO.DataSource/Basic/BasicBBS_PO.cs:482
查詢失敗	AddResultRow(	Dev/Common/Source/DataSource/PO.DataSource/Basic/BasicBBS_PO.cs:490
查詢成功，查詢筆數：{0}筆	AddResultRow(	Dev/Common/Source/DataSource/PO.DataSource/Basic/BasicBMS_PO.cs:181
查詢失敗	AddResultRow(	Dev/Common/Source/DataSource/PO.DataSource/Basic/BasicBMS_PO.cs:190
查詢成功，查詢筆數：{0}筆	AddResultRow(	Dev/Common/Source/DataSource/PO.DataSource/Basic/BasicBMS_PO.cs:270
查詢失敗	AddResultRow(	Dev/Common/Source/DataSource/PO.DataSource/Basic/BasicBMS_PO.cs:279
查詢成功，查詢筆數：{0}筆	AddResultRow(	Dev/Common/Source/DataSource/PO.DataSource/Basic/BasicBMS_PO.cs:342
查詢失敗	AddResultRow(	Dev/Common/Source/DataSource/PO.DataSource/Basic/BasicBMS_PO.cs:351
查詢成功，查詢筆數：{0}筆	AddResultRow(	Dev/Common/Source/DataSource/PO.DataSource/Basic/BasicCMM_PO.cs:66
查詢失敗	AddResultRow(	Dev/Common/Source/DataSource/PO.DataSource/Basic/BasicCMM_PO.cs:75
查詢成功，查詢筆數：{0}筆	AddResultRow(	Dev/Common/Source/DataSource/PO.DataSource/Basic/BasicCMM_PO.cs:122
查詢失敗	AddResultRow(	Dev/Common/Source/DataSource/PO.DataSource/Basic/BasicCMM_PO.cs:131
查詢成功，查詢筆數：{0}筆	AddResultRow(	Dev/Common/Source/DataSource/PO.DataSource/Basic/BasicCMM_PO.cs:181
查詢失敗	AddResultRow(	Dev/Common/Source/DataSource/PO.DataSource/Basic/BasicCMM_PO.cs:190
查詢成功，查詢筆數：{0}筆	AddResultRow(	Dev/Common/Source/DataSource/PO.DataSource/Basic/BasicCMM_PO.cs:246
查詢失敗	AddResultRow(	Dev/Common/Source/DataSource/PO.DataSource/Basic/BasicCMM_PO.cs:255
查詢成功，查詢筆數：{0}筆	AddResultRow(	Dev/Common/Source/DataSource/PO.DataSource/Basic/BasicCMM_PO.cs:311
查詢失敗	AddResultRow(	Dev/Common/Source/DataSource/PO.DataSource/Basic/BasicCMM_PO.cs:320
查詢成功，查詢筆數：{0}筆	AddResultRow(	Dev/Common/Source/DataSource/PO.DataSource/Basic/BasicCOD_PO.cs:80
查詢失敗	AddResultRow(	Dev/Common/Source/DataSource/PO.DataSource/Basic/BasicCOD_PO.cs:89
查詢成功，查詢筆數：{0}筆	AddResultRow(	Dev/Common/Source/DataSource/PO.DataSource/Basic/BasicCOD_PO.cs:142
查詢失敗	AddResultRow(	Dev/Common/Source/DataSource/PO.DataSource/Basic/BasicCOD_PO.cs:151
查詢成功，查詢筆數：{0}筆	AddResultRow(	Dev/Common/Source/DataSource/PO.DataSource/Basic/BasicCOD_PO.cs:241
查詢失敗	AddResultRow(	Dev/Common/Source/DataSource/PO.DataSource/Basic/BasicCOD_PO.cs:250
查詢成功，查詢筆數：{0}筆	AddResultRow(	Dev/Common/Source/DataSource/PO.DataSource/Basic/BasicCOD_PO.cs:440
查詢失敗	AddResultRow(	Dev/Common/Source/DataSource/PO.DataSource/Basic/BasicCOD_PO.cs:449
查詢成功，查詢筆數：{0}筆	AddResultRow(	Dev/Common/Source/DataSource/PO.DataSource/Basic/BasicCOD_PO.cs:521
查詢失敗	AddResultRow(	Dev/Common/Source/DataSource/PO.DataSource/Basic/BasicCOD_PO.cs:530
查詢成功，查詢筆數：{0}筆	AddResultRow(	Dev/Common/Source/DataSource/PO.DataSource/Basic/BasicCOD_PO.cs:576
查詢失敗	AddResultRow(	Dev/Common/Source/DataSource/PO.DataSource/Basic/BasicCOD_PO.cs:585
查詢成功，查詢筆數：{0}筆	AddResultRow(	Dev/Common/Source/DataSource/PO.DataSource/Basic/BasicCOD_PO.cs:650
查詢失敗	AddResultRow(	Dev/Common/Source/DataSource/PO.DataSource/Basic/BasicCOD_PO.cs:659
查詢成功，查詢筆數：{0}筆	AddResultRow(	Dev/Common/Source/DataSource/PO.DataSource/Basic/BasicCOD_PO.cs:715
查詢失敗	AddResultRow(	Dev/Common/Source/DataSource/PO.DataSource/Basic/BasicCOD_PO.cs:724
查詢成功，查詢筆數：{0}筆	AddResultRow(	Dev/Common/Source/DataSource/PO.DataSource/Basic/BasicCOD_PO.cs:759
查詢失敗	AddResultRow(	Dev/Common/Source/DataSource/PO.DataSource/Basic/BasicCOD_PO.cs:768
查詢成功，查詢筆數：{0}筆	AddResultRow(	Dev/Common/Source/DataSource/PO.DataSource/Basic/BasicCOD_PO.cs:799
查詢失敗	AddResultRow(	Dev/Common/Source/DataSource/PO.DataSource/Basic/BasicCOD_PO.cs:808
發生錯誤，查詢失敗	AddResultRow(	Dev/Common/Source/DataSource/PO.DataSource/Basic/BasicCRM_PO.cs:207
發生錯誤，查詢失敗	AddResultRow(	Dev/Common/Source/DataSource/PO.DataSource/Basic/BasicCRM_PO.cs:380
發生錯誤，查詢失敗	AddResultRow(	Dev/Common/Source/DataSource/PO.DataSource/Basic/BasicCRM_PO.cs:442
發生錯誤，查詢失敗	AddResultRow(	Dev/Common/Source/DataSource/PO.DataSource/Basic/BasicCRM_PO.cs:500
發生錯誤，查詢失敗	AddResultRow(	Dev/Common/Source/DataSource/PO.DataSource/Basic/BasicCRM_PO.cs:562
發生錯誤，查詢失敗	AddResultRow(	Dev/Common/Source/DataSource/PO.DataSource/Basic/BasicCRM_PO.cs:641
發生錯誤，查詢失敗	AddResultRow(	Dev/Common/Source/DataSource/PO.DataSource/Basic/BasicCRM_PO.cs:722
發生錯誤，查詢失敗	AddResultRow(	Dev/Common/Source/DataSource/PO.DataSource/Basic/BasicCRM_PO.cs:785
發生錯誤，查詢失敗	AddResultRow(	Dev/Common/Source/DataSource/PO.DataSource/Basic/BasicCRM_PO.cs:838
發生錯誤，查詢失敗	AddResultRow(	Dev/Common/Source/DataSource/PO.DataSource/Basic/BasicCRM_PO.cs:907
查詢成功，查詢筆數：{0}筆	AddResultRow(	Dev/Common/Source/DataSource/PO.DataSource/Basic/BasicCRS_PO.cs:116
查詢失敗	AddResultRow(	Dev/Common/Source/DataSource/PO.DataSource/Basic/BasicCRS_PO.cs:125
查詢成功，查詢筆數：{0}筆	AddResultRow(	Dev/Common/Source/DataSource/PO.DataSource/Basic/BasicCRS_PO.cs:160
查詢失敗	AddResultRow(	Dev/Common/Source/DataSource/PO.DataSource/Basic/BasicCRS_PO.cs:169
查詢成功，查詢筆數：{0}筆	AddResultRow(	Dev/Common/Source/DataSource/PO.DataSource/Basic/BasicEC_PO.cs:91
查詢失敗	AddResultRow(	Dev/Common/Source/DataSource/PO.DataSource/Basic/BasicEC_PO.cs:99
查詢成功，查詢筆數：{0}筆	AddResultRow(	Dev/Common/Source/DataSource/PO.DataSource/Basic/BasicEC_PO.cs:158
查詢失敗	AddResultRow(	Dev/Common/Source/DataSource/PO.DataSource/Basic/BasicEC_PO.cs:167
查詢成功，查詢筆數：{0}筆	AddResultRow(	Dev/Common/Source/DataSource/PO.DataSource/Basic/BasicEC_PO.cs:346
查詢失敗	AddResultRow(	Dev/Common/Source/DataSource/PO.DataSource/Basic/BasicEC_PO.cs:354
查詢成功，查詢筆數：{0}筆	AddResultRow(	Dev/Common/Source/DataSource/PO.DataSource/Basic/BasicEC_PO.cs:435
查詢失敗	AddResultRow(	Dev/Common/Source/DataSource/PO.DataSource/Basic/BasicEC_PO.cs:443
查詢成功，查詢筆數：{0}筆	AddResultRow(	Dev/Common/Source/DataSource/PO.DataSource/Basic/BasicEC_PO.cs:559
查詢失敗	AddResultRow(	Dev/Common/Source/DataSource/PO.DataSource/Basic/BasicEC_PO.cs:568
查詢成功，查詢筆數：{0}筆	AddResultRow(	Dev/Common/Source/DataSource/PO.DataSource/Basic/BasicEC_PO.cs:648
查詢失敗	AddResultRow(	Dev/Common/Source/DataSource/PO.DataSource/Basic/BasicEC_PO.cs:657
查詢成功，查詢筆數：{0}筆	AddResultRow(	Dev/Common/Source/DataSource/PO.DataSource/Basic/BasicEC_PO.cs:714
查詢失敗	AddResultRow(	Dev/Common/Source/DataSource/PO.DataSource/Basic/BasicEC_PO.cs:723
查詢成功，查詢筆數：{0}筆	AddResultRow(	Dev/Common/Source/DataSource/PO.DataSource/Basic/BasicEC_PO.cs:890
查詢失敗	AddResultRow(	Dev/Common/Source/DataSource/PO.DataSource/Basic/BasicEC_PO.cs:898
查詢成功，查詢筆數：{0}筆	AddResultRow(	Dev/Common/Source/DataSource/PO.DataSource/Basic/BasicEC_PO.cs:963
查詢失敗	AddResultRow(	Dev/Common/Source/DataSource/PO.DataSource/Basic/BasicEC_PO.cs:971
查詢成功，查詢筆數：{0}筆	AddResultRow(	Dev/Common/Source/DataSource/PO.DataSource/Basic/BasicFSK_PO.cs:93
查詢失敗	AddResultRow(	Dev/Common/Source/DataSource/PO.DataSource/Basic/BasicFSK_PO.cs:102
查詢成功，查詢筆數：{0}筆	AddResultRow(	Dev/Common/Source/DataSource/PO.DataSource/Basic/BasicFSK_PO.cs:206
查詢失敗	AddResultRow(	Dev/Common/Source/DataSource/PO.DataSource/Basic/BasicFSK_PO.cs:215
查詢成功，查詢筆數：{0}筆	AddResultRow(	Dev/Common/Source/DataSource/PO.DataSource/Basic/BasicFSK_PO.cs:278
查詢失敗	AddResultRow(	Dev/Common/Source/DataSource/PO.DataSource/Basic/BasicFSK_PO.cs:287
查詢成功，查詢筆數：{0}筆	AddResultRow(	Dev/Common/Source/DataSource/PO.DataSource/Basic/BasicFSK_PO.cs:355
查詢失敗	AddResultRow(	Dev/Common/Source/DataSource/PO.DataSource/Basic/BasicFSK_PO.cs:364
查詢成功，查詢筆數：{0}筆	AddResultRow(	Dev/Common/Source/DataSource/PO.DataSource/Basic/BasicFSK_PO.cs:481
查詢失敗	AddResultRow(	Dev/Common/Source/DataSource/PO.DataSource/Basic/BasicFSK_PO.cs:490
查詢成功，查詢筆數：{0}筆	AddResultRow(	Dev/Common/Source/DataSource/PO.DataSource/Basic/BasicOFD_PO.cs:74
查詢失敗	AddResultRow(	Dev/Common/Source/DataSource/PO.DataSource/Basic/BasicOFD_PO.cs:83
查詢成功，查詢筆數：{0}筆	AddResultRow(	Dev/Common/Source/DataSource/PO.DataSource/Basic/BasicOFD_PO.cs:208
查詢失敗	AddResultRow(	Dev/Common/Source/DataSource/PO.DataSource/Basic/BasicOFD_PO.cs:217
查詢成功，查詢筆數：{0}筆	AddResultRow(	Dev/Common/Source/DataSource/PO.DataSource/Basic/BasicOFD_PO.cs:294
查詢失敗	AddResultRow(	Dev/Common/Source/DataSource/PO.DataSource/Basic/BasicOFD_PO.cs:303
查詢成功，查詢筆數：{0}筆	AddResultRow(	Dev/Common/Source/DataSource/PO.DataSource/Basic/BasicOFD_PO.cs:380
查詢失敗	AddResultRow(	Dev/Common/Source/DataSource/PO.DataSource/Basic/BasicOFD_PO.cs:389
查詢成功，查詢筆數：{0}筆	AddResultRow(	Dev/Common/Source/DataSource/PO.DataSource/Basic/BasicOFD_PO.cs:501
查詢失敗	AddResultRow(	Dev/Common/Source/DataSource/PO.DataSource/Basic/BasicOFD_PO.cs:511
查詢成功，查詢筆數：{0}筆	AddResultRow(	Dev/Common/Source/DataSource/PO.DataSource/Basic/BasicOFD_PO.cs:590
查詢失敗	AddResultRow(	Dev/Common/Source/DataSource/PO.DataSource/Basic/BasicOFD_PO.cs:596
查詢成功，查詢筆數：{0}筆	AddResultRow(	Dev/Common/Source/DataSource/PO.DataSource/Basic/BasicOFD_PO.cs:669
查詢失敗	AddResultRow(	Dev/Common/Source/DataSource/PO.DataSource/Basic/BasicOFD_PO.cs:675
查詢成功，查詢筆數：{0}筆	AddResultRow(	Dev/Common/Source/DataSource/PO.DataSource/Basic/BasicOFD_PO.cs:712
查詢失敗	AddResultRow(	Dev/Common/Source/DataSource/PO.DataSource/Basic/BasicOFD_PO.cs:720
查詢成功，查詢筆數：{0}筆	AddResultRow(	Dev/Common/Source/DataSource/PO.DataSource/Basic/BasicOFD_PO.cs:766
查詢失敗	AddResultRow(	Dev/Common/Source/DataSource/PO.DataSource/Basic/BasicOFD_PO.cs:774
查詢成功，查詢筆數：{0}筆	AddResultRow(	Dev/Common/Source/DataSource/PO.DataSource/Basic/BasicOFD_PO.cs:854
查詢失敗	AddResultRow(	Dev/Common/Source/DataSource/PO.DataSource/Basic/BasicOFD_PO.cs:862
查詢成功，查詢筆數：{0}筆	AddResultRow(	Dev/Common/Source/DataSource/PO.DataSource/Basic/BasicOFD_PO.cs:911
查詢失敗	AddResultRow(	Dev/Common/Source/DataSource/PO.DataSource/Basic/BasicOFD_PO.cs:919
查詢成功，查詢筆數：{0}筆	AddResultRow(	Dev/Common/Source/DataSource/PO.DataSource/Basic/BasicOFD_PO.cs:1069
查詢失敗	AddResultRow(	Dev/Common/Source/DataSource/PO.DataSource/Basic/BasicOFD_PO.cs:1077
查詢成功，查詢筆數：{0}筆	AddResultRow(	Dev/Common/Source/DataSource/PO.DataSource/Basic/BasicOFD_PO.cs:1124
查詢失敗	AddResultRow(	Dev/Common/Source/DataSource/PO.DataSource/Basic/BasicOFD_PO.cs:1133
查詢成功，查詢筆數：{0}筆	AddResultRow(	Dev/Common/Source/DataSource/PO.DataSource/Basic/BasicOFD_PO.cs:1228
查詢失敗	AddResultRow(	Dev/Common/Source/DataSource/PO.DataSource/Basic/BasicOFD_PO.cs:1236
查詢成功，查詢筆數：{0}筆	AddResultRow(	Dev/Common/Source/DataSource/PO.DataSource/Basic/BasicOFD_PO.cs:1585
查詢失敗	AddResultRow(	Dev/Common/Source/DataSource/PO.DataSource/Basic/BasicOFD_PO.cs:1593
查詢成功，查詢筆數：{0}筆	AddResultRow(	Dev/Common/Source/DataSource/PO.DataSource/Basic/BasicOFD_PO.cs:1643
查詢失敗	AddResultRow(	Dev/Common/Source/DataSource/PO.DataSource/Basic/BasicOFD_PO.cs:1651
查詢成功，查詢筆數：{0}筆	AddResultRow(	Dev/Common/Source/DataSource/PO.DataSource/Basic/BasicOFD_PO.cs:1967
查詢失敗	AddResultRow(	Dev/Common/Source/DataSource/PO.DataSource/Basic/BasicOFD_PO.cs:1975
查詢成功，查詢筆數：{0}筆	AddResultRow(	Dev/Common/Source/DataSource/PO.DataSource/Basic/BasicOFD_PO.cs:2161
查詢失敗	AddResultRow(	Dev/Common/Source/DataSource/PO.DataSource/Basic/BasicOFD_PO.cs:2169
查詢成功，查詢筆數：{0}筆	AddResultRow(	Dev/Common/Source/DataSource/PO.DataSource/Basic/BasicOFD_PO.cs:2392
查詢失敗	AddResultRow(	Dev/Common/Source/DataSource/PO.DataSource/Basic/BasicOFD_PO.cs:2400
查詢成功，查詢筆數：{0}筆	AddResultRow(	Dev/Common/Source/DataSource/PO.DataSource/Basic/BasicOFD_PO.cs:2450
查詢失敗	AddResultRow(	Dev/Common/Source/DataSource/PO.DataSource/Basic/BasicOFD_PO.cs:2458
查詢成功，查詢筆數：{0}筆	AddResultRow(	Dev/Common/Source/DataSource/PO.DataSource/Basic/BasicOFD_PO.cs:2508
查詢失敗	AddResultRow(	Dev/Common/Source/DataSource/PO.DataSource/Basic/BasicOFD_PO.cs:2516
查詢成功，查詢筆數：{0}筆	AddResultRow(	Dev/Common/Source/DataSource/PO.DataSource/Basic/BasicOFD_PO.cs:2565
查詢失敗	AddResultRow(	Dev/Common/Source/DataSource/PO.DataSource/Basic/BasicOFD_PO.cs:2573
查詢成功，查詢筆數：{0}筆	AddResultRow(	Dev/Common/Source/DataSource/PO.DataSource/Basic/BasicOFD_PO.cs:2622
查詢失敗	AddResultRow(	Dev/Common/Source/DataSource/PO.DataSource/Basic/BasicOFD_PO.cs:2630
查詢成功，查詢筆數：{0}筆	AddResultRow(	Dev/Common/Source/DataSource/PO.DataSource/Basic/BasicOFD_PO.cs:2703
查詢失敗	AddResultRow(	Dev/Common/Source/DataSource/PO.DataSource/Basic/BasicOFD_PO.cs:2709
查詢成功，查詢筆數：{0}筆	AddResultRow(	Dev/Common/Source/DataSource/PO.DataSource/Basic/BasicOFD_PO.cs:2780
查詢失敗	AddResultRow(	Dev/Common/Source/DataSource/PO.DataSource/Basic/BasicOFD_PO.cs:2786
查詢成功，查詢筆數：{0}筆	AddResultRow(	Dev/Common/Source/DataSource/PO.DataSource/Basic/BasicOFD_PO.cs:2837
查詢失敗	AddResultRow(	Dev/Common/Source/DataSource/PO.DataSource/Basic/BasicOFD_PO.cs:2845
查詢成功，查詢筆數：{0}筆	AddResultRow(	Dev/Common/Source/DataSource/PO.DataSource/Basic/BasicOFD_PO.cs:2907
查詢失敗	AddResultRow(	Dev/Common/Source/DataSource/PO.DataSource/Basic/BasicOFD_PO.cs:2915
查詢成功，查詢筆數：{0}筆	AddResultRow(	Dev/Common/Source/DataSource/PO.DataSource/Basic/BasicOFD_PO.cs:2964
查詢失敗	AddResultRow(	Dev/Common/Source/DataSource/PO.DataSource/Basic/BasicOFD_PO.cs:2972
查詢成功，查詢筆數：{0}筆	AddResultRow(	Dev/Common/Source/DataSource/PO.DataSource/Basic/BasicOFD_PO.cs:3025
查詢失敗	AddResultRow(	Dev/Common/Source/DataSource/PO.DataSource/Basic/BasicOFD_PO.cs:3033
查詢成功，查詢筆數：{0}筆	AddResultRow(	Dev/Common/Source/DataSource/PO.DataSource/Basic/BasicOFD_PO.cs:3081
查詢失敗	AddResultRow(	Dev/Common/Source/DataSource/PO.DataSource/Basic/BasicOFD_PO.cs:3089
查詢成功，查詢筆數：{0}筆	AddResultRow(	Dev/Common/Source/DataSource/PO.DataSource/Basic/BasicOFD_PO.cs:3242
查詢失敗	AddResultRow(	Dev/Common/Source/DataSource/PO.DataSource/Basic/BasicOFD_PO.cs:3250
查詢成功，查詢筆數：{0}筆	AddResultRow(	Dev/Common/Source/DataSource/PO.DataSource/Basic/BasicOFD_PO.cs:3304
查詢失敗	AddResultRow(	Dev/Common/Source/DataSource/PO.DataSource/Basic/BasicOFD_PO.cs:3312
查詢成功，查詢筆數：{0}筆	AddResultRow(	Dev/Common/Source/DataSource/PO.DataSource/Basic/BasicOFD_PO.cs:3361
查詢失敗	AddResultRow(	Dev/Common/Source/DataSource/PO.DataSource/Basic/BasicOFD_PO.cs:3369
查詢成功，查詢筆數：{0}筆	AddResultRow(	Dev/Common/Source/DataSource/PO.DataSource/Basic/BasicOFD_PO.cs:3418
查詢失敗	AddResultRow(	Dev/Common/Source/DataSource/PO.DataSource/Basic/BasicOFD_PO.cs:3426
查詢成功，查詢筆數：{0}筆	AddResultRow(	Dev/Common/Source/DataSource/PO.DataSource/Basic/BasicOFD_PO.cs:3475
查詢失敗	AddResultRow(	Dev/Common/Source/DataSource/PO.DataSource/Basic/BasicOFD_PO.cs:3483
查詢成功，查詢筆數：{0}筆	AddResultRow(	Dev/Common/Source/DataSource/PO.DataSource/Basic/BasicOFD_PO.cs:3533
查詢失敗	AddResultRow(	Dev/Common/Source/DataSource/PO.DataSource/Basic/BasicOFD_PO.cs:3541
查詢成功，查詢筆數：{0}筆	AddResultRow(	Dev/Common/Source/DataSource/PO.DataSource/Basic/BasicOFD_PO.cs:3585
查詢失敗	AddResultRow(	Dev/Common/Source/DataSource/PO.DataSource/Basic/BasicOFD_PO.cs:3593
查詢成功，查詢筆數：{0}筆	AddResultRow(	Dev/Common/Source/DataSource/PO.DataSource/Basic/BasicOFD_PO.cs:3656
查詢失敗	AddResultRow(	Dev/Common/Source/DataSource/PO.DataSource/Basic/BasicOFD_PO.cs:3665
查詢成功，查詢筆數：{0}筆	AddResultRow(	Dev/Common/Source/DataSource/PO.DataSource/Basic/BasicOFD_PO.cs:3728
查詢失敗	AddResultRow(	Dev/Common/Source/DataSource/PO.DataSource/Basic/BasicOFD_PO.cs:3737
查詢成功，查詢筆數：{0}筆	AddResultRow(	Dev/Common/Source/DataSource/PO.DataSource/Basic/BasicOFD_PO.cs:3796
查詢失敗	AddResultRow(	Dev/Common/Source/DataSource/PO.DataSource/Basic/BasicOFD_PO.cs:3805
查詢成功，查詢筆數：{0}筆	AddResultRow(	Dev/Common/Source/DataSource/PO.DataSource/Basic/BasicOFD_PO.cs:3859
查詢失敗	AddResultRow(	Dev/Common/Source/DataSource/PO.DataSource/Basic/BasicOFD_PO.cs:3868
查詢成功，查詢筆數：{0}筆	AddResultRow(	Dev/Common/Source/DataSource/PO.DataSource/Basic/BasicOFD_PO.cs:3922
查詢失敗	AddResultRow(	Dev/Common/Source/DataSource/PO.DataSource/Basic/BasicOFD_PO.cs:3931
查詢成功，查詢筆數：{0}筆	AddResultRow(	Dev/Common/Source/DataSource/PO.DataSource/Basic/BasicOFD_PO.cs:3981
查詢失敗	AddResultRow(	Dev/Common/Source/DataSource/PO.DataSource/Basic/BasicOFD_PO.cs:3990
查詢成功，查詢筆數：{0}筆	AddResultRow(	Dev/Common/Source/DataSource/PO.DataSource/Basic/BasicOFD_PO.cs:4136
查詢失敗	AddResultRow(	Dev/Common/Source/DataSource/PO.DataSource/Basic/BasicOFD_PO.cs:4145
查詢成功，查詢筆數：{0}筆	AddResultRow(	Dev/Common/Source/DataSource/PO.DataSource/Basic/BasicOFD_PO.cs:4258
查詢失敗	AddResultRow(	Dev/Common/Source/DataSource/PO.DataSource/Basic/BasicOFD_PO.cs:4267
查詢成功，查詢筆數：{0}筆	AddResultRow(	Dev/Common/Source/DataSource/PO.DataSource/Basic/BasicOFD_PO.cs:4407
查詢失敗	AddResultRow(	Dev/Common/Source/DataSource/PO.DataSource/Basic/BasicOFD_PO.cs:4416
查詢成功，查詢筆數：{0}筆	AddResultRow(	Dev/Common/Source/DataSource/PO.DataSource/Basic/BasicOFD_PO.cs:4464
查詢失敗	AddResultRow(	Dev/Common/Source/DataSource/PO.DataSource/Basic/BasicOFD_PO.cs:4473
查詢成功，查詢筆數：{0}筆	AddResultRow(	Dev/Common/Source/DataSource/PO.DataSource/Basic/BasicOFD_PO.cs:4591
查詢失敗	AddResultRow(	Dev/Common/Source/DataSource/PO.DataSource/Basic/BasicOFD_PO.cs:4600
查詢成功，查詢筆數：{0}筆	AddResultRow(	Dev/Common/Source/DataSource/PO.DataSource/Basic/BasicOFD_PO.cs:4649
查詢失敗	AddResultRow(	Dev/Common/Source/DataSource/PO.DataSource/Basic/BasicOFD_PO.cs:4658
查詢成功，查詢筆數：{0}筆	AddResultRow(	Dev/Common/Source/DataSource/PO.DataSource/Basic/BasicOFD_PO.cs:4727
查詢失敗	AddResultRow(	Dev/Common/Source/DataSource/PO.DataSource/Basic/BasicOFD_PO.cs:4736
查詢成功，查詢筆數：{0}筆	AddResultRow(	Dev/Common/Source/DataSource/PO.DataSource/Basic/BasicOFD_PO.cs:4835
查詢失敗	AddResultRow(	Dev/Common/Source/DataSource/PO.DataSource/Basic/BasicOFD_PO.cs:4844
查詢成功，查詢筆數：{0}筆	AddResultRow(	Dev/Common/Source/DataSource/PO.DataSource/Basic/BasicOFD_PO.cs:4949
查詢失敗	AddResultRow(	Dev/Common/Source/DataSource/PO.DataSource/Basic/BasicOFD_PO.cs:4958
查詢成功，查詢筆數：{0}筆	AddResultRow(	Dev/Common/Source/DataSource/PO.DataSource/Basic/BasicOFD_PO.cs:5007
查詢失敗	AddResultRow(	Dev/Common/Source/DataSource/PO.DataSource/Basic/BasicOFD_PO.cs:5016
查詢成功，查詢筆數：{0}筆	AddResultRow(	Dev/Common/Source/DataSource/PO.DataSource/Basic/BasicOFD_PO.cs:5160
查詢失敗	AddResultRow(	Dev/Common/Source/DataSource/PO.DataSource/Basic/BasicOFD_PO.cs:5169
查詢成功，查詢筆數：{0}筆	AddResultRow(	Dev/Common/Source/DataSource/PO.DataSource/Basic/BasicOFD_PO.cs:5217
查詢失敗	AddResultRow(	Dev/Common/Source/DataSource/PO.DataSource/Basic/BasicOFD_PO.cs:5226
查詢成功，查詢筆數：{0}筆	AddResultRow(	Dev/Common/Source/DataSource/PO.DataSource/Basic/BasicOFD_PO.cs:5274
查詢失敗	AddResultRow(	Dev/Common/Source/DataSource/PO.DataSource/Basic/BasicOFD_PO.cs:5283
查詢成功，查詢筆數：{0}筆	AddResultRow(	Dev/Common/Source/DataSource/PO.DataSource/Basic/BasicOFD_PO.cs:5331
查詢失敗	AddResultRow(	Dev/Common/Source/DataSource/PO.DataSource/Basic/BasicOFD_PO.cs:5340
查詢成功，查詢筆數：{0}筆	AddResultRow(	Dev/Common/Source/DataSource/PO.DataSource/Basic/BasicOFD_PO.cs:5453
查詢失敗	AddResultRow(	Dev/Common/Source/DataSource/PO.DataSource/Basic/BasicOFD_PO.cs:5463
查詢成功，查詢筆數：{0}筆	AddResultRow(	Dev/Common/Source/DataSource/PO.DataSource/Basic/BasicOFD_PO.cs:5512
查詢失敗	AddResultRow(	Dev/Common/Source/DataSource/PO.DataSource/Basic/BasicOFD_PO.cs:5521
查詢成功，查詢筆數：{0}筆	AddResultRow(	Dev/Common/Source/DataSource/PO.DataSource/Basic/BasicOFD_PO.cs:5660
查詢失敗	AddResultRow(	Dev/Common/Source/DataSource/PO.DataSource/Basic/BasicOFD_PO.cs:5669
查詢成功，查詢筆數：{0}筆	AddResultRow(	Dev/Common/Source/DataSource/PO.DataSource/Basic/BasicOFD_PO.cs:5801
查詢失敗	AddResultRow(	Dev/Common/Source/DataSource/PO.DataSource/Basic/BasicOFD_PO.cs:5811
查詢成功，查詢筆數：{0}筆	AddResultRow(	Dev/Common/Source/DataSource/PO.DataSource/Basic/BasicOFD_PO.cs:5873
查詢失敗	AddResultRow(	Dev/Common/Source/DataSource/PO.DataSource/Basic/BasicOFD_PO.cs:5882
查詢成功，查詢筆數：{0}筆	AddResultRow(	Dev/Common/Source/DataSource/PO.DataSource/Basic/BasicOFD_PO.cs:5946
查詢失敗	AddResultRow(	Dev/Common/Source/DataSource/PO.DataSource/Basic/BasicOFD_PO.cs:5955
查詢成功，查詢筆數：{0}筆	AddResultRow(	Dev/Common/Source/DataSource/PO.DataSource/Basic/BasicOFD_PO.cs:6005
查詢失敗	AddResultRow(	Dev/Common/Source/DataSource/PO.DataSource/Basic/BasicOFD_PO.cs:6014
查詢成功，查詢筆數：{0}筆	AddResultRow(	Dev/Common/Source/DataSource/PO.DataSource/Basic/BasicOFD_PO.cs:6082
查詢失敗	AddResultRow(	Dev/Common/Source/DataSource/PO.DataSource/Basic/BasicOFD_PO.cs:6091
查詢成功，查詢筆數：{0}筆	AddResultRow(	Dev/Common/Source/DataSource/PO.DataSource/Basic/BasicOFD_PO.cs:6166
查詢失敗	AddResultRow(	Dev/Common/Source/DataSource/PO.DataSource/Basic/BasicOFD_PO.cs:6175
查詢成功，查詢筆數：{0}筆	AddResultRow(	Dev/Common/Source/DataSource/PO.DataSource/Basic/BasicOFD_PO.cs:6271
查詢失敗	AddResultRow(	Dev/Common/Source/DataSource/PO.DataSource/Basic/BasicOFD_PO.cs:6280
查詢成功，查詢筆數：{0}筆	AddResultRow(	Dev/Common/Source/DataSource/PO.DataSource/Basic/BasicOFD_PO.cs:6334
查詢失敗	AddResultRow(	Dev/Common/Source/DataSource/PO.DataSource/Basic/BasicOFD_PO.cs:6343
查詢成功，查詢筆數：{0}筆	AddResultRow(	Dev/Common/Source/DataSource/PO.DataSource/Basic/BasicOFD_PO.cs:6395
查詢失敗	AddResultRow(	Dev/Common/Source/DataSource/PO.DataSource/Basic/BasicOFD_PO.cs:6404
查詢成功，查詢筆數：{0}筆	AddResultRow(	Dev/Common/Source/DataSource/PO.DataSource/Basic/BasicOFD_PO.cs:6460
查詢失敗	AddResultRow(	Dev/Common/Source/DataSource/PO.DataSource/Basic/BasicOFD_PO.cs:6469
查詢成功，查詢筆數：{0}筆	AddResultRow(	Dev/Common/Source/DataSource/PO.DataSource/Basic/BasicOFD_PO.cs:6581
查詢失敗	AddResultRow(	Dev/Common/Source/DataSource/PO.DataSource/Basic/BasicOFD_PO.cs:6590
查詢成功，查詢筆數：{0}筆	AddResultRow(	Dev/Common/Source/DataSource/PO.DataSource/Basic/BasicOFD_PO.cs:6676
查詢失敗	AddResultRow(	Dev/Common/Source/DataSource/PO.DataSource/Basic/BasicOFD_PO.cs:6685
查詢成功，查詢筆數：{0}筆	AddResultRow(	Dev/Common/Source/DataSource/PO.DataSource/Basic/BasicOFD_PO.cs:6791
查詢失敗	AddResultRow(	Dev/Common/Source/DataSource/PO.DataSource/Basic/BasicOFD_PO.cs:6798
查詢成功，查詢筆數：{0}筆	AddResultRow(	Dev/Common/Source/DataSource/PO.DataSource/Basic/BasicOFD_PO.cs:6847
查詢失敗	AddResultRow(	Dev/Common/Source/DataSource/PO.DataSource/Basic/BasicOFD_PO.cs:6856
查詢成功，查詢筆數：{0}筆	AddResultRow(	Dev/Common/Source/DataSource/PO.DataSource/Basic/BasicOFD_PO.cs:6914
查詢失敗	AddResultRow(	Dev/Common/Source/DataSource/PO.DataSource/Basic/BasicOFD_PO.cs:6923
查詢成功，查詢筆數：{0}筆	AddResultRow(	Dev/Common/Source/DataSource/PO.DataSource/Basic/BasicOFD_PO.cs:6979
查詢失敗	AddResultRow(	Dev/Common/Source/DataSource/PO.DataSource/Basic/BasicOFD_PO.cs:6989
查詢成功，查詢筆數：{0}筆	AddResultRow(	Dev/Common/Source/DataSource/PO.DataSource/Basic/BasicOFD_PO.cs:7029
查詢失敗	AddResultRow(	Dev/Common/Source/DataSource/PO.DataSource/Basic/BasicOFD_PO.cs:7038
查詢成功，查詢筆數：{0}筆	AddResultRow(	Dev/Common/Source/DataSource/PO.DataSource/Basic/BasicOFD_PO.cs:7095
查詢失敗	AddResultRow(	Dev/Common/Source/DataSource/PO.DataSource/Basic/BasicOFD_PO.cs:7104
查詢成功，查詢筆數：{0}筆	AddResultRow(	Dev/Common/Source/DataSource/PO.DataSource/Basic/BasicOFD_PO.cs:7151
查詢失敗	AddResultRow(	Dev/Common/Source/DataSource/PO.DataSource/Basic/BasicOFD_PO.cs:7160
查詢成功，查詢筆數：{0}筆	AddResultRow(	Dev/Common/Source/DataSource/PO.DataSource/Basic/BasicOFD_PO.cs:7204
查詢失敗	AddResultRow(	Dev/Common/Source/DataSource/PO.DataSource/Basic/BasicOFD_PO.cs:7213
查詢成功，查詢筆數：{0}筆	AddResultRow(	Dev/Common/Source/DataSource/PO.DataSource/Basic/BasicOFD_PO.cs:7258
查詢失敗	AddResultRow(	Dev/Common/Source/DataSource/PO.DataSource/Basic/BasicOFD_PO.cs:7267
查詢成功，查詢筆數：{0}筆	AddResultRow(	Dev/Common/Source/DataSource/PO.DataSource/Basic/BasicOFD_PO.cs:7350
查詢失敗	AddResultRow(	Dev/Common/Source/DataSource/PO.DataSource/Basic/BasicOFD_PO.cs:7359
查詢成功，查詢筆數：{0}筆	AddResultRow(	Dev/Common/Source/DataSource/PO.DataSource/Basic/BasicOFD_PO.cs:7407
查詢失敗	AddResultRow(	Dev/Common/Source/DataSource/PO.DataSource/Basic/BasicOFD_PO.cs:7416
查詢成功，查詢筆數：{0}筆	AddResultRow(	Dev/Common/Source/DataSource/PO.DataSource/Basic/BasicOFD_PO.cs:7459
查詢失敗	AddResultRow(	Dev/Common/Source/DataSource/PO.DataSource/Basic/BasicOFD_PO.cs:7468
查詢成功，查詢筆數：{0}筆	AddResultRow(	Dev/Common/Source/DataSource/PO.DataSource/Basic/BasicOFD_PO.cs:7532
查詢失敗	AddResultRow(	Dev/Common/Source/DataSource/PO.DataSource/Basic/BasicOFD_PO.cs:7541
查詢成功，查詢筆數：{0}筆	AddResultRow(	Dev/Common/Source/DataSource/PO.DataSource/Basic/BasicOFD_PO.cs:7642
查詢失敗	AddResultRow(	Dev/Common/Source/DataSource/PO.DataSource/Basic/BasicOFD_PO.cs:7651
查詢成功，查詢筆數：{0}筆	AddResultRow(	Dev/Common/Source/DataSource/PO.DataSource/Basic/BasicOFD_PO.cs:7781
查詢失敗	AddResultRow(	Dev/Common/Source/DataSource/PO.DataSource/Basic/BasicOFD_PO.cs:7790
查詢成功，查詢筆數：{0}筆	AddResultRow(	Dev/Common/Source/DataSource/PO.DataSource/Basic/BasicOFD_PO.cs:7859
查詢失敗	AddResultRow(	Dev/Common/Source/DataSource/PO.DataSource/Basic/BasicOFD_PO.cs:7868
查詢成功，查詢筆數：{0}筆	AddResultRow(	Dev/Common/Source/DataSource/PO.DataSource/Basic/BasicOFD_PO.cs:7917
查詢失敗	AddResultRow(	Dev/Common/Source/DataSource/PO.DataSource/Basic/BasicOFD_PO.cs:7926
查詢成功，查詢筆數：{0}筆	AddResultRow(	Dev/Common/Source/DataSource/PO.DataSource/Basic/BasicOFD_PO.cs:8014
查詢失敗	AddResultRow(	Dev/Common/Source/DataSource/PO.DataSource/Basic/BasicOFD_PO.cs:8025
查詢成功，查詢筆數：{0}筆	AddResultRow(	Dev/Common/Source/DataSource/PO.DataSource/Basic/BasicOFD_PO.cs:8107
查詢失敗	AddResultRow(	Dev/Common/Source/DataSource/PO.DataSource/Basic/BasicOFD_PO.cs:8116
查詢成功，查詢筆數：{0}筆	AddResultRow(	Dev/Common/Source/DataSource/PO.DataSource/Basic/BasicOFD_PO.cs:8156
查詢失敗	AddResultRow(	Dev/Common/Source/DataSource/PO.DataSource/Basic/BasicOFD_PO.cs:8165
查詢成功，查詢筆數：{0}筆	AddResultRow(	Dev/Common/Source/DataSource/PO.DataSource/Basic/BasicOTA_PO.cs:94
查詢失敗	AddResultRow(	Dev/Common/Source/DataSource/PO.DataSource/Basic/BasicOTA_PO.cs:106
查詢成功，查詢筆數：{0}筆	AddResultRow(	Dev/Common/Source/DataSource/PO.DataSource/Basic/BasicOTA_PO.cs:212
查詢失敗	AddResultRow(	Dev/Common/Source/DataSource/PO.DataSource/Basic/BasicOTA_PO.cs:222
查詢成功，查詢筆數：{0}筆	AddResultRow(	Dev/Common/Source/DataSource/PO.DataSource/Basic/BasicOTA_PO.cs:299
查詢失敗	AddResultRow(	Dev/Common/Source/DataSource/PO.DataSource/Basic/BasicOTA_PO.cs:309
查詢成功，查詢筆數：{0}筆	AddResultRow(	Dev/Common/Source/DataSource/PO.DataSource/Basic/BasicRSP_PO.cs:151
查詢失敗	AddResultRow(	Dev/Common/Source/DataSource/PO.DataSource/Basic/BasicRSP_PO.cs:160
查詢成功，查詢筆數：{0}筆	AddResultRow(	Dev/Common/Source/DataSource/PO.DataSource/Basic/BasicRSP_PO.cs:211
查詢失敗	AddResultRow(	Dev/Common/Source/DataSource/PO.DataSource/Basic/BasicRSP_PO.cs:221
查詢成功，查詢筆數：{0}筆	AddResultRow(	Dev/Common/Source/DataSource/PO.DataSource/Basic/BasicRSP_PO.cs:253
查詢失敗	AddResultRow(	Dev/Common/Source/DataSource/PO.DataSource/Basic/BasicRSP_PO.cs:262
查詢成功，查詢筆數：{0}筆	AddResultRow(	Dev/Common/Source/DataSource/PO.DataSource/Basic/BasicRSP_PO.cs:298
查詢失敗	AddResultRow(	Dev/Common/Source/DataSource/PO.DataSource/Basic/BasicRSP_PO.cs:307
查詢成功，查詢筆數：{0}筆	AddResultRow(	Dev/Common/Source/DataSource/PO.DataSource/BasicBMSOracleDao.cs:96
查詢失敗	AddResultRow(	Dev/Common/Source/DataSource/PO.DataSource/BasicBMSOracleDao.cs:103
查詢成功，查詢筆數：{0}筆	AddResultRow(	Dev/Common/Source/DataSource/PO.DataSource/BasicCMMOracleDao.cs:78
查詢失敗	AddResultRow(	Dev/Common/Source/DataSource/PO.DataSource/BasicCMMOracleDao.cs:85
查詢成功，查詢筆數：{0}筆	AddResultRow(	Dev/Common/Source/DataSource/PO.DataSource/BasicCODOracleDao.cs:80
查詢失敗	AddResultRow(	Dev/Common/Source/DataSource/PO.DataSource/BasicCODOracleDao.cs:87
查詢成功，查詢筆數：{0}筆	AddResultRow(	Dev/Common/Source/DataSource/PO.DataSource/BasicECOracleDao.cs:70
查詢失敗	AddResultRow(	Dev/Common/Source/DataSource/PO.DataSource/BasicECOracleDao.cs:77
查詢成功，查詢筆數：{0}筆	AddResultRow(	Dev/Common/Source/DataSource/PO.DataSource/BasicECOracleDao.cs:173
查詢失敗	AddResultRow(	Dev/Common/Source/DataSource/PO.DataSource/BasicECOracleDao.cs:180
查詢成功，查詢筆數：{0}筆	AddResultRow(	Dev/Common/Source/DataSource/PO.DataSource/BasicECOracleDao.cs:244
查詢失敗	AddResultRow(	Dev/Common/Source/DataSource/PO.DataSource/BasicECOracleDao.cs:251
查詢成功，查詢筆數：{0}筆	AddResultRow(	Dev/Common/Source/DataSource/PO.DataSource/BasicECOracleDao.cs:356
查詢失敗	AddResultRow(	Dev/Common/Source/DataSource/PO.DataSource/BasicECOracleDao.cs:363
查詢成功，查詢筆數：{0}筆	AddResultRow(	Dev/Common/Source/DataSource/PO.DataSource/BasicECOracleDao.cs:442
查詢失敗	AddResultRow(	Dev/Common/Source/DataSource/PO.DataSource/BasicECOracleDao.cs:449
查詢成功，查詢筆數：{0}筆	AddResultRow(	Dev/Common/Source/DataSource/PO.DataSource/BasicECOracleDao.cs:505
查詢失敗	AddResultRow(	Dev/Common/Source/DataSource/PO.DataSource/BasicECOracleDao.cs:513
查詢成功，查詢筆數：{0}筆	AddResultRow(	Dev/Common/Source/DataSource/PO.DataSource/BasicECOracleDao.cs:594
查詢失敗	AddResultRow(	Dev/Common/Source/DataSource/PO.DataSource/BasicECOracleDao.cs:602
查詢成功，查詢筆數：{0}筆	AddResultRow(	Dev/Common/Source/DataSource/PO.DataSource/BasicECOracleDao.cs:688
查詢失敗	AddResultRow(	Dev/Common/Source/DataSource/PO.DataSource/BasicECOracleDao.cs:696
查詢成功，查詢筆數：{0}筆	AddResultRow(	Dev/Common/Source/DataSource/PO.DataSource/BasicFSKOracleDao.cs:71
查詢失敗	AddResultRow(	Dev/Common/Source/DataSource/PO.DataSource/BasicFSKOracleDao.cs:79
查詢成功，查詢筆數：{0}筆	AddResultRow(	Dev/Common/Source/DataSource/PO.DataSource/BasicOFDOracleDao.cs:126
查詢失敗	AddResultRow(	Dev/Common/Source/DataSource/PO.DataSource/BasicOFDOracleDao.cs:134
查詢成功，查詢筆數：{0}筆	AddResultRow(	Dev/Common/Source/DataSource/PO.DataSource/BasicOFDOracleDao.cs:191
查詢失敗	AddResultRow(	Dev/Common/Source/DataSource/PO.DataSource/BasicOFDOracleDao.cs:199
查詢成功，查詢筆數：{0}筆	AddResultRow(	Dev/Common/Source/DataSource/PO.DataSource/BasicOFDOracleDao.cs:264
查詢失敗	AddResultRow(	Dev/Common/Source/DataSource/PO.DataSource/BasicOFDOracleDao.cs:272
查詢成功，查詢筆數：{0}筆	AddResultRow(	Dev/Common/Source/DataSource/PO.DataSource/BasicOFDOracleDao.cs:329
查詢失敗	AddResultRow(	Dev/Common/Source/DataSource/PO.DataSource/BasicOFDOracleDao.cs:337
查詢成功，查詢筆數：{0}筆	AddResultRow(	Dev/Common/Source/DataSource/PO.DataSource/BasicOFDOracleDao.cs:419
查詢失敗	AddResultRow(	Dev/Common/Source/DataSource/PO.DataSource/BasicOFDOracleDao.cs:427
查詢成功，查詢筆數：{0}筆	AddResultRow(	Dev/Common/Source/DataSource/PO.DataSource/BasicOFDOracleDao.cs:522
查詢失敗	AddResultRow(	Dev/Common/Source/DataSource/PO.DataSource/BasicOFDOracleDao.cs:530
查詢成功，查詢筆數：{0}筆	AddResultRow(	Dev/Common/Source/DataSource/PO.DataSource/BasicOFDOracleDao.cs:594
查詢失敗	AddResultRow(	Dev/Common/Source/DataSource/PO.DataSource/BasicOFDOracleDao.cs:602
查詢成功，查詢筆數：{0}筆	AddResultRow(	Dev/Common/Source/DataSource/PO.DataSource/CMM_PO.cs:75
查詢失敗	AddResultRow(	Dev/Common/Source/DataSource/PO.DataSource/CMM_PO.cs:83
查詢成功，查詢筆數：{0}筆	AddResultRow(	Dev/Common/Source/DataSource/PO.DataSource/CMM_PO.cs:143
查詢失敗	AddResultRow(	Dev/Common/Source/DataSource/PO.DataSource/CMM_PO.cs:151
查詢成功，查詢筆數：{0}筆	AddResultRow(	Dev/Common/Source/DataSource/PO.DataSource/CMM_PO.cs:204
查詢失敗	AddResultRow(	Dev/Common/Source/DataSource/PO.DataSource/CMM_PO.cs:212
查詢成功，查詢筆數：{0}筆	AddResultRow(	Dev/Common/Source/DataSource/PO.DataSource/MSSQL/BasicBBS_PO.cs:91
查詢失敗	AddResultRow(	Dev/Common/Source/DataSource/PO.DataSource/MSSQL/BasicBBS_PO.cs:101
查詢成功，查詢筆數：{0}筆	AddResultRow(	Dev/Common/Source/DataSource/PO.DataSource/MSSQL/BasicBBS_PO.cs:166
查詢失敗	AddResultRow(	Dev/Common/Source/DataSource/PO.DataSource/MSSQL/BasicBBS_PO.cs:174
查詢成功，查詢筆數：{0}筆	AddResultRow(	Dev/Common/Source/DataSource/PO.DataSource/MSSQL/BasicBBS_PO.cs:242
查詢失敗	AddResultRow(	Dev/Common/Source/DataSource/PO.DataSource/MSSQL/BasicBBS_PO.cs:250
查詢成功，查詢筆數：{0}筆	AddResultRow(	Dev/Common/Source/DataSource/PO.DataSource/MSSQL/BasicBBS_PO.cs:336
查詢失敗	AddResultRow(	Dev/Common/Source/DataSource/PO.DataSource/MSSQL/BasicBBS_PO.cs:344
查詢成功，查詢筆數：{0}筆	AddResultRow(	Dev/Common/Source/DataSource/PO.DataSource/MSSQL/BasicBBS_PO.cs:410
查詢失敗	AddResultRow(	Dev/Common/Source/DataSource/PO.DataSource/MSSQL/BasicBBS_PO.cs:418
查詢成功，查詢筆數：{0}筆	AddResultRow(	Dev/Common/Source/DataSource/PO.DataSource/MSSQL/BasicBBS_PO.cs:485
查詢失敗	AddResultRow(	Dev/Common/Source/DataSource/PO.DataSource/MSSQL/BasicBBS_PO.cs:493
查詢成功，查詢筆數：{0}筆	AddResultRow(	Dev/Common/Source/DataSource/PO.DataSource/MSSQL/BasicBBS_PO.cs:558
查詢失敗	AddResultRow(	Dev/Common/Source/DataSource/PO.DataSource/MSSQL/BasicBBS_PO.cs:566
查詢成功，查詢筆數：{0}筆	AddResultRow(	Dev/Common/Source/DataSource/PO.DataSource/MSSQL/BasicBMS_PO.cs:132
查詢失敗	AddResultRow(	Dev/Common/Source/DataSource/PO.DataSource/MSSQL/BasicBMS_PO.cs:141
查詢成功，查詢筆數：{0}筆	AddResultRow(	Dev/Common/Source/DataSource/PO.DataSource/MSSQL/BasicBMS_PO.cs:233
查詢失敗	AddResultRow(	Dev/Common/Source/DataSource/PO.DataSource/MSSQL/BasicBMS_PO.cs:242
查詢成功，查詢筆數：{0}筆	AddResultRow(	Dev/Common/Source/DataSource/PO.DataSource/MSSQL/BasicBMS_PO.cs:312
查詢失敗	AddResultRow(	Dev/Common/Source/DataSource/PO.DataSource/MSSQL/BasicBMS_PO.cs:321
查詢成功，查詢筆數：{0}筆	AddResultRow(	Dev/Common/Source/DataSource/PO.DataSource/MSSQL/BasicCMM_PO.cs:92
查詢失敗	AddResultRow(	Dev/Common/Source/DataSource/PO.DataSource/MSSQL/BasicCMM_PO.cs:101
查詢成功，查詢筆數：{0}筆	AddResultRow(	Dev/Common/Source/DataSource/PO.DataSource/MSSQL/BasicCMM_PO.cs:156
查詢失敗	AddResultRow(	Dev/Common/Source/DataSource/PO.DataSource/MSSQL/BasicCMM_PO.cs:165
查詢成功，查詢筆數：{0}筆	AddResultRow(	Dev/Common/Source/DataSource/PO.DataSource/MSSQL/BasicCMM_PO.cs:225
查詢失敗	AddResultRow(	Dev/Common/Source/DataSource/PO.DataSource/MSSQL/BasicCMM_PO.cs:234
查詢成功，查詢筆數：{0}筆	AddResultRow(	Dev/Common/Source/DataSource/PO.DataSource/MSSQL/BasicCMM_PO.cs:303
查詢失敗	AddResultRow(	Dev/Common/Source/DataSource/PO.DataSource/MSSQL/BasicCMM_PO.cs:312
查詢成功，查詢筆數：{0}筆	AddResultRow(	Dev/Common/Source/DataSource/PO.DataSource/MSSQL/BasicCMM_PO.cs:381
查詢失敗	AddResultRow(	Dev/Common/Source/DataSource/PO.DataSource/MSSQL/BasicCMM_PO.cs:390
查詢成功，查詢筆數：{0}筆	AddResultRow(	Dev/Common/Source/DataSource/PO.DataSource/MSSQL/BasicCOD_PO.cs:90
查詢失敗	AddResultRow(	Dev/Common/Source/DataSource/PO.DataSource/MSSQL/BasicCOD_PO.cs:99
查詢成功，查詢筆數：{0}筆	AddResultRow(	Dev/Common/Source/DataSource/PO.DataSource/MSSQL/BasicCOD_PO.cs:165
查詢失敗	AddResultRow(	Dev/Common/Source/DataSource/PO.DataSource/MSSQL/BasicCOD_PO.cs:174
查詢成功，查詢筆數：{0}筆	AddResultRow(	Dev/Common/Source/DataSource/PO.DataSource/MSSQL/BasicCOD_PO.cs:252
查詢失敗	AddResultRow(	Dev/Common/Source/DataSource/PO.DataSource/MSSQL/BasicCOD_PO.cs:261
查詢成功，查詢筆數：{0}筆	AddResultRow(	Dev/Common/Source/DataSource/PO.DataSource/MSSQL/BasicCOD_PO.cs:362
查詢失敗	AddResultRow(	Dev/Common/Source/DataSource/PO.DataSource/MSSQL/BasicCOD_PO.cs:371
查詢成功，查詢筆數：{0}筆	AddResultRow(	Dev/Common/Source/DataSource/PO.DataSource/MSSQL/BasicCOD_PO.cs:431
查詢失敗	AddResultRow(	Dev/Common/Source/DataSource/PO.DataSource/MSSQL/BasicCOD_PO.cs:440
查詢成功，查詢筆數：{0}筆	AddResultRow(	Dev/Common/Source/DataSource/PO.DataSource/MSSQL/BasicCOD_PO.cs:518
查詢失敗	AddResultRow(	Dev/Common/Source/DataSource/PO.DataSource/MSSQL/BasicCOD_PO.cs:527
查詢成功，查詢筆數：{0}筆	AddResultRow(	Dev/Common/Source/DataSource/PO.DataSource/MSSQL/BasicCOD_PO.cs:588
查詢失敗	AddResultRow(	Dev/Common/Source/DataSource/PO.DataSource/MSSQL/BasicCOD_PO.cs:597
查詢成功，查詢筆數：{0}筆	AddResultRow(	Dev/Common/Source/DataSource/PO.DataSource/MSSQL/BasicCOD_PO.cs:638
查詢失敗	AddResultRow(	Dev/Common/Source/DataSource/PO.DataSource/MSSQL/BasicCOD_PO.cs:647
查詢成功，查詢筆數：{0}筆	AddResultRow(	Dev/Common/Source/DataSource/PO.DataSource/MSSQL/BasicEC_PO.cs:86
查詢失敗	AddResultRow(	Dev/Common/Source/DataSource/PO.DataSource/MSSQL/BasicEC_PO.cs:94
查詢成功，查詢筆數：{0}筆	AddResultRow(	Dev/Common/Source/DataSource/PO.DataSource/MSSQL/BasicEC_PO.cs:152
查詢失敗	AddResultRow(	Dev/Common/Source/DataSource/PO.DataSource/MSSQL/BasicEC_PO.cs:161
查詢成功，查詢筆數：{0}筆	AddResultRow(	Dev/Common/Source/DataSource/PO.DataSource/MSSQL/BasicEC_PO.cs:339
查詢失敗	AddResultRow(	Dev/Common/Source/DataSource/PO.DataSource/MSSQL/BasicEC_PO.cs:347
查詢成功，查詢筆數：{0}筆	AddResultRow(	Dev/Common/Source/DataSource/PO.DataSource/MSSQL/BasicEC_PO.cs:427
查詢失敗	AddResultRow(	Dev/Common/Source/DataSource/PO.DataSource/MSSQL/BasicEC_PO.cs:435
查詢成功，查詢筆數：{0}筆	AddResultRow(	Dev/Common/Source/DataSource/PO.DataSource/MSSQL/BasicEC_PO.cs:532
查詢失敗	AddResultRow(	Dev/Common/Source/DataSource/PO.DataSource/MSSQL/BasicEC_PO.cs:541
查詢成功，查詢筆數：{0}筆	AddResultRow(	Dev/Common/Source/DataSource/PO.DataSource/MSSQL/BasicEC_PO.cs:619
查詢失敗	AddResultRow(	Dev/Common/Source/DataSource/PO.DataSource/MSSQL/BasicEC_PO.cs:628
查詢成功，查詢筆數：{0}筆	AddResultRow(	Dev/Common/Source/DataSource/PO.DataSource/MSSQL/BasicEC_PO.cs:683
查詢失敗	AddResultRow(	Dev/Common/Source/DataSource/PO.DataSource/MSSQL/BasicEC_PO.cs:692
查詢成功，查詢筆數：{0}筆	AddResultRow(	Dev/Common/Source/DataSource/PO.DataSource/MSSQL/BasicEC_PO.cs:862
查詢失敗	AddResultRow(	Dev/Common/Source/DataSource/PO.DataSource/MSSQL/BasicEC_PO.cs:870
查詢成功，查詢筆數：{0}筆	AddResultRow(	Dev/Common/Source/DataSource/PO.DataSource/MSSQL/BasicFSK_PO.cs:86
查詢失敗	AddResultRow(	Dev/Common/Source/DataSource/PO.DataSource/MSSQL/BasicFSK_PO.cs:95
查詢成功，查詢筆數：{0}筆	AddResultRow(	Dev/Common/Source/DataSource/PO.DataSource/MSSQL/BasicFSK_PO.cs:196
查詢失敗	AddResultRow(	Dev/Common/Source/DataSource/PO.DataSource/MSSQL/BasicFSK_PO.cs:205
查詢成功，查詢筆數：{0}筆	AddResultRow(	Dev/Common/Source/DataSource/PO.DataSource/MSSQL/BasicFSK_PO.cs:294
查詢失敗	AddResultRow(	Dev/Common/Source/DataSource/PO.DataSource/MSSQL/BasicFSK_PO.cs:303
查詢成功，查詢筆數：{0}筆	AddResultRow(	Dev/Common/Source/DataSource/PO.DataSource/MSSQL/BasicFSK_PO.cs:384
查詢失敗	AddResultRow(	Dev/Common/Source/DataSource/PO.DataSource/MSSQL/BasicFSK_PO.cs:393
查詢成功，查詢筆數：{0}筆	AddResultRow(	Dev/Common/Source/DataSource/PO.DataSource/MSSQL/BasicFSK_PO.cs:507
查詢失敗	AddResultRow(	Dev/Common/Source/DataSource/PO.DataSource/MSSQL/BasicFSK_PO.cs:516
查詢成功，查詢筆數：{0}筆	AddResultRow(	Dev/Common/Source/DataSource/PO.DataSource/MSSQL/BasicOFD_PO.cs:91
查詢失敗	AddResultRow(	Dev/Common/Source/DataSource/PO.DataSource/MSSQL/BasicOFD_PO.cs:100
查詢成功，查詢筆數：{0}筆	AddResultRow(	Dev/Common/Source/DataSource/PO.DataSource/MSSQL/BasicOFD_PO.cs:235
查詢失敗	AddResultRow(	Dev/Common/Source/DataSource/PO.DataSource/MSSQL/BasicOFD_PO.cs:244
查詢成功，查詢筆數：{0}筆	AddResultRow(	Dev/Common/Source/DataSource/PO.DataSource/MSSQL/BasicOFD_PO.cs:326
查詢失敗	AddResultRow(	Dev/Common/Source/DataSource/PO.DataSource/MSSQL/BasicOFD_PO.cs:335
查詢成功，查詢筆數：{0}筆	AddResultRow(	Dev/Common/Source/DataSource/PO.DataSource/MSSQL/BasicOFD_PO.cs:412
查詢失敗	AddResultRow(	Dev/Common/Source/DataSource/PO.DataSource/MSSQL/BasicOFD_PO.cs:421
查詢成功，查詢筆數：{0}筆	AddResultRow(	Dev/Common/Source/DataSource/PO.DataSource/MSSQL/BasicOFD_PO.cs:533
查詢失敗	AddResultRow(	Dev/Common/Source/DataSource/PO.DataSource/MSSQL/BasicOFD_PO.cs:543
查詢成功，查詢筆數：{0}筆	AddResultRow(	Dev/Common/Source/DataSource/PO.DataSource/MSSQL/BasicOFD_PO.cs:593
查詢失敗	AddResultRow(	Dev/Common/Source/DataSource/PO.DataSource/MSSQL/BasicOFD_PO.cs:601
查詢成功，查詢筆數：{0}筆	AddResultRow(	Dev/Common/Source/DataSource/PO.DataSource/MSSQL/BasicOFD_PO.cs:658
查詢失敗	AddResultRow(	Dev/Common/Source/DataSource/PO.DataSource/MSSQL/BasicOFD_PO.cs:666
查詢成功，查詢筆數：{0}筆	AddResultRow(	Dev/Common/Source/DataSource/PO.DataSource/MSSQL/BasicOFD_PO.cs:757
查詢失敗	AddResultRow(	Dev/Common/Source/DataSource/PO.DataSource/MSSQL/BasicOFD_PO.cs:765
查詢成功，查詢筆數：{0}筆	AddResultRow(	Dev/Common/Source/DataSource/PO.DataSource/MSSQL/BasicOFD_PO.cs:825
查詢失敗	AddResultRow(	Dev/Common/Source/DataSource/PO.DataSource/MSSQL/BasicOFD_PO.cs:833
查詢成功，查詢筆數：{0}筆	AddResultRow(	Dev/Common/Source/DataSource/PO.DataSource/MSSQL/BasicOFD_PO.cs:913
查詢失敗	AddResultRow(	Dev/Common/Source/DataSource/PO.DataSource/MSSQL/BasicOFD_PO.cs:921
查詢成功，查詢筆數：{0}筆	AddResultRow(	Dev/Common/Source/DataSource/PO.DataSource/MSSQL/BasicOFD_PO.cs:1014
查詢失敗	AddResultRow(	Dev/Common/Source/DataSource/PO.DataSource/MSSQL/BasicOFD_PO.cs:1022
查詢成功，查詢筆數：{0}筆	AddResultRow(	Dev/Common/Source/DataSource/PO.DataSource/MSSQL/BasicOFD_PO.cs:1246
查詢失敗	AddResultRow(	Dev/Common/Source/DataSource/PO.DataSource/MSSQL/BasicOFD_PO.cs:1254
查詢成功，查詢筆數：{0}筆	AddResultRow(	Dev/Common/Source/DataSource/PO.DataSource/MSSQL/BasicOFD_PO.cs:1314
查詢失敗	AddResultRow(	Dev/Common/Source/DataSource/PO.DataSource/MSSQL/BasicOFD_PO.cs:1322
查詢成功，查詢筆數：{0}筆	AddResultRow(	Dev/Common/Source/DataSource/PO.DataSource/MSSQL/BasicOFD_PO.cs:1382
查詢失敗	AddResultRow(	Dev/Common/Source/DataSource/PO.DataSource/MSSQL/BasicOFD_PO.cs:1390
查詢成功，查詢筆數：{0}筆	AddResultRow(	Dev/Common/Source/DataSource/PO.DataSource/MSSQL/BasicOFD_PO.cs:1450
查詢失敗	AddResultRow(	Dev/Common/Source/DataSource/PO.DataSource/MSSQL/BasicOFD_PO.cs:1458
查詢成功，查詢筆數：{0}筆	AddResultRow(	Dev/Common/Source/DataSource/PO.DataSource/MSSQL/BasicOFD_PO.cs:1518
查詢失敗	AddResultRow(	Dev/Common/Source/DataSource/PO.DataSource/MSSQL/BasicOFD_PO.cs:1526
查詢成功，查詢筆數：{0}筆	AddResultRow(	Dev/Common/Source/DataSource/PO.DataSource/MSSQL/BasicOFD_PO.cs:1590
查詢失敗	AddResultRow(	Dev/Common/Source/DataSource/PO.DataSource/MSSQL/BasicOFD_PO.cs:1598
查詢成功，查詢筆數：{0}筆	AddResultRow(	Dev/Common/Source/DataSource/PO.DataSource/MSSQL/BasicOFD_PO.cs:1672
查詢失敗	AddResultRow(	Dev/Common/Source/DataSource/PO.DataSource/MSSQL/BasicOFD_PO.cs:1680
查詢成功，查詢筆數：{0}筆	AddResultRow(	Dev/Common/Source/DataSource/PO.DataSource/MSSQL/BasicOFD_PO.cs:1740
查詢失敗	AddResultRow(	Dev/Common/Source/DataSource/PO.DataSource/MSSQL/BasicOFD_PO.cs:1748
查詢成功，查詢筆數：{0}筆	AddResultRow(	Dev/Common/Source/DataSource/PO.DataSource/MSSQL/BasicOFD_PO.cs:1893
查詢失敗	AddResultRow(	Dev/Common/Source/DataSource/PO.DataSource/MSSQL/BasicOFD_PO.cs:1901
查詢成功，查詢筆數：{0}筆	AddResultRow(	Dev/Common/Source/DataSource/PO.DataSource/MSSQL/BasicOFD_PO.cs:1966
查詢失敗	AddResultRow(	Dev/Common/Source/DataSource/PO.DataSource/MSSQL/BasicOFD_PO.cs:1974
查詢成功，查詢筆數：{0}筆	AddResultRow(	Dev/Common/Source/DataSource/PO.DataSource/MSSQL/BasicOFD_PO.cs:2034
查詢失敗	AddResultRow(	Dev/Common/Source/DataSource/PO.DataSource/MSSQL/BasicOFD_PO.cs:2042
查詢成功，查詢筆數：{0}筆	AddResultRow(	Dev/Common/Source/DataSource/PO.DataSource/MSSQL/BasicOFD_PO.cs:2116
查詢失敗	AddResultRow(	Dev/Common/Source/DataSource/PO.DataSource/MSSQL/BasicOFD_PO.cs:2125
查詢成功，查詢筆數：{0}筆	AddResultRow(	Dev/Common/Source/DataSource/PO.DataSource/MSSQL/BasicOFD_PO.cs:2201
查詢失敗	AddResultRow(	Dev/Common/Source/DataSource/PO.DataSource/MSSQL/BasicOFD_PO.cs:2210
查詢成功，查詢筆數：{0}筆	AddResultRow(	Dev/Common/Source/DataSource/PO.DataSource/MSSQL/BasicOFD_PO.cs:2282
查詢失敗	AddResultRow(	Dev/Common/Source/DataSource/PO.DataSource/MSSQL/BasicOFD_PO.cs:2291
查詢成功，查詢筆數：{0}筆	AddResultRow(	Dev/Common/Source/DataSource/PO.DataSource/MSSQL/BasicOFD_PO.cs:2353
查詢失敗	AddResultRow(	Dev/Common/Source/DataSource/PO.DataSource/MSSQL/BasicOFD_PO.cs:2362
查詢成功，查詢筆數：{0}筆	AddResultRow(	Dev/Common/Source/DataSource/PO.DataSource/MSSQL/BasicOFD_PO.cs:2443
查詢失敗	AddResultRow(	Dev/Common/Source/DataSource/PO.DataSource/MSSQL/BasicOFD_PO.cs:2452
查詢成功，查詢筆數：{0}筆	AddResultRow(	Dev/Common/Source/DataSource/PO.DataSource/MSSQL/BasicOFD_PO.cs:2557
查詢失敗	AddResultRow(	Dev/Common/Source/DataSource/PO.DataSource/MSSQL/BasicOFD_PO.cs:2566
查詢成功，查詢筆數：{0}筆	AddResultRow(	Dev/Common/Source/DataSource/PO.DataSource/MSSQL/BasicOFD_PO.cs:2679
查詢失敗	AddResultRow(	Dev/Common/Source/DataSource/PO.DataSource/MSSQL/BasicOFD_PO.cs:2688
查詢成功，查詢筆數：{0}筆	AddResultRow(	Dev/Common/Source/DataSource/PO.DataSource/MSSQL/BasicOFD_PO.cs:2749
查詢失敗	AddResultRow(	Dev/Common/Source/DataSource/PO.DataSource/MSSQL/BasicOFD_PO.cs:2758
查詢成功，查詢筆數：{0}筆	AddResultRow(	Dev/Common/Source/DataSource/PO.DataSource/MSSQL/BasicOFD_PO.cs:2886
查詢失敗	AddResultRow(	Dev/Common/Source/DataSource/PO.DataSource/MSSQL/BasicOFD_PO.cs:2895
查詢成功，查詢筆數：{0}筆	AddResultRow(	Dev/Common/Source/DataSource/PO.DataSource/MSSQL/BasicOFD_PO.cs:2957
查詢失敗	AddResultRow(	Dev/Common/Source/DataSource/PO.DataSource/MSSQL/BasicOFD_PO.cs:2966
查詢成功，查詢筆數：{0}筆	AddResultRow(	Dev/Common/Source/DataSource/PO.DataSource/MSSQL/BasicOFD_PO.cs:3063
查詢失敗	AddResultRow(	Dev/Common/Source/DataSource/PO.DataSource/MSSQL/BasicOFD_PO.cs:3072
查詢成功，查詢筆數：{0}筆	AddResultRow(	Dev/Common/Source/DataSource/PO.DataSource/MSSQL/BasicOFD_PO.cs:3134
查詢失敗	AddResultRow(	Dev/Common/Source/DataSource/PO.DataSource/MSSQL/BasicOFD_PO.cs:3143
查詢成功，查詢筆數：{0}筆	AddResultRow(	Dev/Common/Source/DataSource/PO.DataSource/MSSQL/BasicOFD_PO.cs:3296
查詢失敗	AddResultRow(	Dev/Common/Source/DataSource/PO.DataSource/MSSQL/BasicOFD_PO.cs:3305
查詢成功，查詢筆數：{0}筆	AddResultRow(	Dev/Common/Source/DataSource/PO.DataSource/MSSQL/BasicOFD_PO.cs:3366
查詢失敗	AddResultRow(	Dev/Common/Source/DataSource/PO.DataSource/MSSQL/BasicOFD_PO.cs:3375
查詢成功，查詢筆數：{0}筆	AddResultRow(	Dev/Common/Source/DataSource/PO.DataSource/MSSQL/BasicOFD_PO.cs:3436
查詢失敗	AddResultRow(	Dev/Common/Source/DataSource/PO.DataSource/MSSQL/BasicOFD_PO.cs:3445
查詢成功，查詢筆數：{0}筆	AddResultRow(	Dev/Common/Source/DataSource/PO.DataSource/MSSQL/BasicOFD_PO.cs:3506
查詢失敗	AddResultRow(	Dev/Common/Source/DataSource/PO.DataSource/MSSQL/BasicOFD_PO.cs:3515
查詢成功，查詢筆數：{0}筆	AddResultRow(	Dev/Common/Source/DataSource/PO.DataSource/MSSQL/BasicOFD_PO.cs:3640
查詢失敗	AddResultRow(	Dev/Common/Source/DataSource/PO.DataSource/MSSQL/BasicOFD_PO.cs:3650
查詢成功，查詢筆數：{0}筆	AddResultRow(	Dev/Common/Source/DataSource/PO.DataSource/MSSQL/BasicOFD_PO.cs:3712
查詢失敗	AddResultRow(	Dev/Common/Source/DataSource/PO.DataSource/MSSQL/BasicOFD_PO.cs:3721
查詢成功，查詢筆數：{0}筆	AddResultRow(	Dev/Common/Source/DataSource/PO.DataSource/MSSQL/BasicOFD_PO.cs:3861
查詢失敗	AddResultRow(	Dev/Common/Source/DataSource/PO.DataSource/MSSQL/BasicOFD_PO.cs:3870
查詢成功，查詢筆數：{0}筆	AddResultRow(	Dev/Common/Source/DataSource/PO.DataSource/MSSQL/BasicOFD_PO.cs:4014
查詢失敗	AddResultRow(	Dev/Common/Source/DataSource/PO.DataSource/MSSQL/BasicOFD_PO.cs:4024
查詢成功，查詢筆數：{0}筆	AddResultRow(	Dev/Common/Source/DataSource/PO.DataSource/MSSQL/BasicOFD_PO.cs:4099
查詢失敗	AddResultRow(	Dev/Common/Source/DataSource/PO.DataSource/MSSQL/BasicOFD_PO.cs:4108
查詢成功，查詢筆數：{0}筆	AddResultRow(	Dev/Common/Source/DataSource/PO.DataSource/MSSQL/BasicOFD_PO.cs:4185
查詢失敗	AddResultRow(	Dev/Common/Source/DataSource/PO.DataSource/MSSQL/BasicOFD_PO.cs:4194
查詢成功，查詢筆數：{0}筆	AddResultRow(	Dev/Common/Source/DataSource/PO.DataSource/MSSQL/BasicOFD_PO.cs:4257
查詢失敗	AddResultRow(	Dev/Common/Source/DataSource/PO.DataSource/MSSQL/BasicOFD_PO.cs:4266
查詢成功，查詢筆數：{0}筆	AddResultRow(	Dev/Common/Source/DataSource/PO.DataSource/MSSQL/BasicOFD_PO.cs:4347
查詢失敗	AddResultRow(	Dev/Common/Source/DataSource/PO.DataSource/MSSQL/BasicOFD_PO.cs:4356
查詢成功，查詢筆數：{0}筆	AddResultRow(	Dev/Common/Source/DataSource/PO.DataSource/MSSQL/BasicOFD_PO.cs:4444
查詢失敗	AddResultRow(	Dev/Common/Source/DataSource/PO.DataSource/MSSQL/BasicOFD_PO.cs:4453
查詢成功，查詢筆數：{0}筆	AddResultRow(	Dev/Common/Source/DataSource/PO.DataSource/MSSQL/BasicOFD_PO.cs:4563
查詢失敗	AddResultRow(	Dev/Common/Source/DataSource/PO.DataSource/MSSQL/BasicOFD_PO.cs:4572
查詢成功，查詢筆數：{0}筆	AddResultRow(	Dev/Common/Source/DataSource/PO.DataSource/MSSQL/BasicOFD_PO.cs:4639
查詢失敗	AddResultRow(	Dev/Common/Source/DataSource/PO.DataSource/MSSQL/BasicOFD_PO.cs:4648
查詢成功，查詢筆數：{0}筆	AddResultRow(	Dev/Common/Source/DataSource/PO.DataSource/MSSQL/BasicOFD_PO.cs:4713
查詢失敗	AddResultRow(	Dev/Common/Source/DataSource/PO.DataSource/MSSQL/BasicOFD_PO.cs:4722
查詢成功，查詢筆數：{0}筆	AddResultRow(	Dev/Common/Source/DataSource/PO.DataSource/MSSQL/BasicOFD_PO.cs:4790
查詢失敗	AddResultRow(	Dev/Common/Source/DataSource/PO.DataSource/MSSQL/BasicOFD_PO.cs:4799
查詢成功，查詢筆數：{0}筆	AddResultRow(	Dev/Common/Source/DataSource/PO.DataSource/MSSQL/BasicOFD_PO.cs:4925
查詢失敗	AddResultRow(	Dev/Common/Source/DataSource/PO.DataSource/MSSQL/BasicOFD_PO.cs:4934
查詢成功，查詢筆數：{0}筆	AddResultRow(	Dev/Common/Source/DataSource/PO.DataSource/MSSQL/BasicOFD_PO.cs:5080
查詢失敗	AddResultRow(	Dev/Common/Source/DataSource/PO.DataSource/MSSQL/BasicOFD_PO.cs:5089
查詢成功，查詢筆數：{0}筆	AddResultRow(	Dev/Common/Source/DataSource/PO.DataSource/MSSQL/BasicOFD_PO.cs:5206
查詢失敗	AddResultRow(	Dev/Common/Source/DataSource/PO.DataSource/MSSQL/BasicOFD_PO.cs:5214
查詢成功，查詢筆數：{0}筆	AddResultRow(	Dev/Common/Source/DataSource/PO.DataSource/MSSQL/BasicOFD_PO.cs:5270
查詢失敗	AddResultRow(	Dev/Common/Source/DataSource/PO.DataSource/MSSQL/BasicOFD_PO.cs:5279
查詢成功，查詢筆數：{0}筆	AddResultRow(	Dev/Common/Source/DataSource/PO.DataSource/MSSQL/BasicOFD_PO.cs:5347
查詢失敗	AddResultRow(	Dev/Common/Source/DataSource/PO.DataSource/MSSQL/BasicOFD_PO.cs:5356
查詢成功，查詢筆數：{0}筆	AddResultRow(	Dev/Common/Source/DataSource/PO.DataSource/MSSQL/BasicOFD_PO.cs:5419
查詢失敗	AddResultRow(	Dev/Common/Source/DataSource/PO.DataSource/MSSQL/BasicOFD_PO.cs:5429
查詢成功，查詢筆數：{0}筆	AddResultRow(	Dev/Common/Source/DataSource/PO.DataSource/MSSQL/BasicOFD_PO.cs:5475
查詢失敗	AddResultRow(	Dev/Common/Source/DataSource/PO.DataSource/MSSQL/BasicOFD_PO.cs:5484
查詢成功，查詢筆數：{0}筆	AddResultRow(	Dev/Common/Source/DataSource/PO.DataSource/MSSQL/BasicOFD_PO.cs:5547
查詢失敗	AddResultRow(	Dev/Common/Source/DataSource/PO.DataSource/MSSQL/BasicOFD_PO.cs:5556
查詢成功，查詢筆數：{0}筆	AddResultRow(	Dev/Common/Source/DataSource/PO.DataSource/MSSQL/BasicOFD_PO.cs:5613
查詢失敗	AddResultRow(	Dev/Common/Source/DataSource/PO.DataSource/MSSQL/BasicOFD_PO.cs:5622
查詢成功，查詢筆數：{0}筆	AddResultRow(	Dev/Common/Source/DataSource/PO.DataSource/MSSQL/BasicOFD_PO.cs:5671
查詢失敗	AddResultRow(	Dev/Common/Source/DataSource/PO.DataSource/MSSQL/BasicOFD_PO.cs:5680
查詢成功，查詢筆數：{0}筆	AddResultRow(	Dev/Common/Source/DataSource/PO.DataSource/MSSQL/BasicOFD_PO.cs:5729
查詢失敗	AddResultRow(	Dev/Common/Source/DataSource/PO.DataSource/MSSQL/BasicOFD_PO.cs:5738
查詢成功，查詢筆數：{0}筆	AddResultRow(	Dev/Common/Source/DataSource/PO.DataSource/MSSQL/BasicOFD_PO.cs:5828
查詢失敗	AddResultRow(	Dev/Common/Source/DataSource/PO.DataSource/MSSQL/BasicOFD_PO.cs:5837
查詢成功，查詢筆數：{0}筆	AddResultRow(	Dev/Common/Source/DataSource/PO.DataSource/MSSQL/BasicOFD_PO.cs:5895
查詢失敗	AddResultRow(	Dev/Common/Source/DataSource/PO.DataSource/MSSQL/BasicOFD_PO.cs:5904
查詢成功，查詢筆數：{0}筆	AddResultRow(	Dev/Common/Source/DataSource/PO.DataSource/MSSQL/BasicOFD_PO.cs:5957
查詢失敗	AddResultRow(	Dev/Common/Source/DataSource/PO.DataSource/MSSQL/BasicOFD_PO.cs:5966
查詢成功，查詢筆數：{0}筆	AddResultRow(	Dev/Common/Source/DataSource/PO.DataSource/MSSQL/BasicOFD_PO.cs:6043
查詢失敗	AddResultRow(	Dev/Common/Source/DataSource/PO.DataSource/MSSQL/BasicOFD_PO.cs:6052
查詢成功，查詢筆數：{0}筆	AddResultRow(	Dev/Common/Source/DataSource/PO.DataSource/MSSQL/BasicOFD_PO.cs:6163
查詢失敗	AddResultRow(	Dev/Common/Source/DataSource/PO.DataSource/MSSQL/BasicOFD_PO.cs:6172
查詢成功，查詢筆數：{0}筆	AddResultRow(	Dev/Common/Source/DataSource/PO.DataSource/MSSQL/BasicOFD_PO.cs:6312
查詢失敗	AddResultRow(	Dev/Common/Source/DataSource/PO.DataSource/MSSQL/BasicOFD_PO.cs:6321
查詢成功，查詢筆數：{0}筆	AddResultRow(	Dev/Common/Source/DataSource/PO.DataSource/MSSQL/BasicOFD_PO.cs:6399
查詢失敗	AddResultRow(	Dev/Common/Source/DataSource/PO.DataSource/MSSQL/BasicOFD_PO.cs:6408
查詢成功，查詢筆數：{0}筆	AddResultRow(	Dev/Common/Source/DataSource/PO.DataSource/MSSQL/BasicRSP_PO.cs:167
查詢失敗	AddResultRow(	Dev/Common/Source/DataSource/PO.DataSource/MSSQL/BasicRSP_PO.cs:176
查詢成功，查詢筆數：{0}筆	AddResultRow(	Dev/Common/Source/DataSource/PO.DataSource/MSSQL/BasicRSP_PO.cs:240
查詢失敗	AddResultRow(	Dev/Common/Source/DataSource/PO.DataSource/MSSQL/BasicRSP_PO.cs:250
查詢成功，查詢筆數：{0}筆	AddResultRow(	Dev/Common/Source/DataSource/PO.DataSource/MSSQL/BasicRSP_PO.cs:289
查詢失敗	AddResultRow(	Dev/Common/Source/DataSource/PO.DataSource/MSSQL/BasicRSP_PO.cs:298
查詢成功，查詢筆數：{0}筆	AddResultRow(	Dev/Common/Source/DataSource/PO.DataSource/MSSQL/BasicRSP_PO.cs:340
查詢失敗	AddResultRow(	Dev/Common/Source/DataSource/PO.DataSource/MSSQL/BasicRSP_PO.cs:349
查詢成功，查詢筆數：{0}筆	AddResultRow(	Dev/Common/Source/DataSource/PO.DataSource/OFD_PO.cs:66
查詢失敗	AddResultRow(	Dev/Common/Source/DataSource/PO.DataSource/OFD_PO.cs:75
查詢成功，查詢筆數：{0}筆	AddResultRow(	Dev/Common/Source/DataSource/PO.DataSource/OFD_PO.cs:230
查詢失敗	AddResultRow(	Dev/Common/Source/DataSource/PO.DataSource/OFD_PO.cs:239
查詢成功，查詢筆數：{0}筆	AddResultRow(	Dev/Common/Source/DataSource/PO.DataSource/OFD_PO.cs:355
查詢失敗	AddResultRow(	Dev/Common/Source/DataSource/PO.DataSource/OFD_PO.cs:365
查詢成功，查詢筆數：{0}筆	AddResultRow(	Dev/Common/Source/DataSource/PO.DataSource/OFD_PO.cs:413
查詢失敗	AddResultRow(	Dev/Common/Source/DataSource/PO.DataSource/OFD_PO.cs:422
查詢成功，查詢筆數：{0}筆	AddResultRow(	Dev/Common/Source/DataSource/PO.DataSource/OFD_PO.cs:499
查詢失敗	AddResultRow(	Dev/Common/Source/DataSource/PO.DataSource/OFD_PO.cs:507
查詢成功，查詢筆數：{0}筆	AddResultRow(	Dev/Common/Source/DataSource/PO.DataSource/OFD_PO.cs:559
查詢失敗	AddResultRow(	Dev/Common/Source/DataSource/PO.DataSource/OFD_PO.cs:567
查詢成功，查詢筆數：{0}筆	AddResultRow(	Dev/Common/Source/DataSource/PO.DataSource/OFD_PO.cs:666
查詢失敗	AddResultRow(	Dev/Common/Source/DataSource/PO.DataSource/OFD_PO.cs:674
查詢成功，查詢筆數：{0}筆	AddResultRow(	Dev/Common/Source/DataSource/PO.DataSource/OFD_PO.cs:762
查詢失敗	AddResultRow(	Dev/Common/Source/DataSource/PO.DataSource/OFD_PO.cs:770
查詢成功，查詢筆數：{0}筆	AddResultRow(	Dev/Common/Source/DataSource/PO.DataSource/OFD_PO.cs:859
查詢失敗	AddResultRow(	Dev/Common/Source/DataSource/PO.DataSource/OFD_PO.cs:867
查詢成功，查詢筆數：{0}筆	AddResultRow(	Dev/Common/Source/DataSource/PO.DataSource/OFD_PO.cs:933
查詢失敗	AddResultRow(	Dev/Common/Source/DataSource/PO.DataSource/OFD_PO.cs:941
查詢成功，查詢筆數：{0}筆	AddResultRow(	Dev/Common/Source/DataSource/PO.DataSource/Oracle/BasicBMSOracleDao.cs:106
查詢失敗	AddResultRow(	Dev/Common/Source/DataSource/PO.DataSource/Oracle/BasicBMSOracleDao.cs:113
查詢成功，查詢筆數：{0}筆	AddResultRow(	Dev/Common/Source/DataSource/PO.DataSource/Oracle/BasicCMMOracleDao.cs:78
查詢失敗	AddResultRow(	Dev/Common/Source/DataSource/PO.DataSource/Oracle/BasicCMMOracleDao.cs:85
查詢成功，查詢筆數：{0}筆	AddResultRow(	Dev/Common/Source/DataSource/PO.DataSource/Oracle/BasicCODOracleDao.cs:83
查詢失敗	AddResultRow(	Dev/Common/Source/DataSource/PO.DataSource/Oracle/BasicCODOracleDao.cs:93
查詢成功，查詢筆數：{0}筆	AddResultRow(	Dev/Common/Source/DataSource/PO.DataSource/Oracle/BasicECOracleDao.cs:70
查詢失敗	AddResultRow(	Dev/Common/Source/DataSource/PO.DataSource/Oracle/BasicECOracleDao.cs:77
查詢成功，查詢筆數：{0}筆	AddResultRow(	Dev/Common/Source/DataSource/PO.DataSource/Oracle/BasicECOracleDao.cs:177
查詢失敗	AddResultRow(	Dev/Common/Source/DataSource/PO.DataSource/Oracle/BasicECOracleDao.cs:184
查詢成功，查詢筆數：{0}筆	AddResultRow(	Dev/Common/Source/DataSource/PO.DataSource/Oracle/BasicECOracleDao.cs:303
查詢失敗	AddResultRow(	Dev/Common/Source/DataSource/PO.DataSource/Oracle/BasicECOracleDao.cs:310
查詢成功，查詢筆數：{0}筆	AddResultRow(	Dev/Common/Source/DataSource/PO.DataSource/Oracle/BasicECOracleDao.cs:374
查詢失敗	AddResultRow(	Dev/Common/Source/DataSource/PO.DataSource/Oracle/BasicECOracleDao.cs:381
查詢成功，查詢筆數：{0}筆	AddResultRow(	Dev/Common/Source/DataSource/PO.DataSource/Oracle/BasicECOracleDao.cs:486
查詢失敗	AddResultRow(	Dev/Common/Source/DataSource/PO.DataSource/Oracle/BasicECOracleDao.cs:493
查詢成功，查詢筆數：{0}筆	AddResultRow(	Dev/Common/Source/DataSource/PO.DataSource/Oracle/BasicECOracleDao.cs:574
查詢失敗	AddResultRow(	Dev/Common/Source/DataSource/PO.DataSource/Oracle/BasicECOracleDao.cs:581
查詢成功，查詢筆數：{0}筆	AddResultRow(	Dev/Common/Source/DataSource/PO.DataSource/Oracle/BasicECOracleDao.cs:637
查詢失敗	AddResultRow(	Dev/Common/Source/DataSource/PO.DataSource/Oracle/BasicECOracleDao.cs:645
查詢成功，查詢筆數：{0}筆	AddResultRow(	Dev/Common/Source/DataSource/PO.DataSource/Oracle/BasicECOracleDao.cs:727
查詢失敗	AddResultRow(	Dev/Common/Source/DataSource/PO.DataSource/Oracle/BasicECOracleDao.cs:735
查詢成功，查詢筆數：{0}筆	AddResultRow(	Dev/Common/Source/DataSource/PO.DataSource/Oracle/BasicECOracleDao.cs:821
查詢失敗	AddResultRow(	Dev/Common/Source/DataSource/PO.DataSource/Oracle/BasicECOracleDao.cs:829
查詢成功，查詢筆數：{0}筆	AddResultRow(	Dev/Common/Source/DataSource/PO.DataSource/Oracle/BasicECOracleDao.cs:888
查詢失敗	AddResultRow(	Dev/Common/Source/DataSource/PO.DataSource/Oracle/BasicECOracleDao.cs:895
查詢成功，查詢筆數：{0}筆	AddResultRow(	Dev/Common/Source/DataSource/PO.DataSource/Oracle/BasicFSKOracleDao.cs:71
查詢失敗	AddResultRow(	Dev/Common/Source/DataSource/PO.DataSource/Oracle/BasicFSKOracleDao.cs:79
查詢成功，查詢筆數：{0}筆	AddResultRow(	Dev/Common/Source/DataSource/PO.DataSource/Oracle/BasicOFDOracleDao.cs:126
查詢失敗	AddResultRow(	Dev/Common/Source/DataSource/PO.DataSource/Oracle/BasicOFDOracleDao.cs:134
查詢成功，查詢筆數：{0}筆	AddResultRow(	Dev/Common/Source/DataSource/PO.DataSource/Oracle/BasicOFDOracleDao.cs:265
查詢失敗	AddResultRow(	Dev/Common/Source/DataSource/PO.DataSource/Oracle/BasicOFDOracleDao.cs:273
查詢成功，查詢筆數：{0}筆	AddResultRow(	Dev/Common/Source/DataSource/PO.DataSource/Oracle/BasicOFDOracleDao.cs:330
查詢失敗	AddResultRow(	Dev/Common/Source/DataSource/PO.DataSource/Oracle/BasicOFDOracleDao.cs:338
查詢成功，查詢筆數：{0}筆	AddResultRow(	Dev/Common/Source/DataSource/PO.DataSource/Oracle/BasicOFDOracleDao.cs:403
查詢失敗	AddResultRow(	Dev/Common/Source/DataSource/PO.DataSource/Oracle/BasicOFDOracleDao.cs:411
查詢成功，查詢筆數：{0}筆	AddResultRow(	Dev/Common/Source/DataSource/PO.DataSource/Oracle/BasicOFDOracleDao.cs:468
查詢失敗	AddResultRow(	Dev/Common/Source/DataSource/PO.DataSource/Oracle/BasicOFDOracleDao.cs:476
查詢成功，查詢筆數：{0}筆	AddResultRow(	Dev/Common/Source/DataSource/PO.DataSource/Oracle/BasicOFDOracleDao.cs:571
查詢失敗	AddResultRow(	Dev/Common/Source/DataSource/PO.DataSource/Oracle/BasicOFDOracleDao.cs:579
查詢成功，查詢筆數：{0}筆	AddResultRow(	Dev/Common/Source/DataSource/PO.DataSource/Oracle/BasicOFDOracleDao.cs:672
查詢失敗	AddResultRow(	Dev/Common/Source/DataSource/PO.DataSource/Oracle/BasicOFDOracleDao.cs:680
查詢成功，查詢筆數：{0}筆	AddResultRow(	Dev/Common/Source/DataSource/PO.DataSource/Oracle/BasicOFDOracleDao.cs:745
查詢失敗	AddResultRow(	Dev/Common/Source/DataSource/PO.DataSource/Oracle/BasicOFDOracleDao.cs:753
查詢成功，查詢筆數：{0}筆	AddResultRow(	Dev/Common/Source/DataSource/PO.DataSource/RSP_PO.cs:151
查詢失敗	AddResultRow(	Dev/Common/Source/DataSource/PO.DataSource/RSP_PO.cs:159
查詢成功，查詢筆數：{0}筆	AddResultRow(	Dev/Common/Source/DataSource/PO.DataSource/RSP_PO.cs:232
查詢失敗	AddResultRow(	Dev/Common/Source/DataSource/PO.DataSource/RSP_PO.cs:240
查詢成功，查詢筆數：{0}筆	AddResultRow(	Dev/Common/Source/DataSource/PO.DataSource/RSP_PO.cs:312
查詢失敗	AddResultRow(	Dev/Common/Source/DataSource/PO.DataSource/RSP_PO.cs:320
查詢成功，查詢筆數：{0}筆	AddResultRow(	Dev/Common/Source/DataSource/PO.DataSource/RSP_PO.cs:427
查詢失敗	AddResultRow(	Dev/Common/Source/DataSource/PO.DataSource/RSP_PO.cs:435
查詢成功，查詢筆數：{0}筆	AddResultRow(	Dev/Common/Source/DataSource/PO.DataSource/RSP_PO.cs:488
查詢失敗	AddResultRow(	Dev/Common/Source/DataSource/PO.DataSource/RSP_PO.cs:497
查詢成功，查詢筆數：{0}筆	AddResultRow(	Dev/Common/Source/DataSource/PO.DataSource/RSP_PO.cs:572
查詢失敗	AddResultRow(	Dev/Common/Source/DataSource/PO.DataSource/RSP_PO.cs:581
請先設定 {…} 的InputMask	MessageBox.Show(	Dev/Common/Source/Utility/TA.ClientUtility/AsciiOnlyUtility.cs:85
請先設定{…}的MaxLength	MessageBox.Show(	Dev/Common/Source/Utility/TA.ClientUtility/AsciiOnlyUtility.cs:207
Error:{…}	throw new ApplicationException(	Dev/Common/Source/Utility/TA.ClientUtility/ClientOTABillhunterAdapter.cs:113
BATCH成功	變數指派 =	Dev/Common/Source/Utility/TA.ClientUtility/ClientOTABillhunterAdapter.cs:155
BATCH失敗	變數指派 =	Dev/Common/Source/Utility/TA.ClientUtility/ClientOTABillhunterAdapter.cs:159
Error:{…}	throw new ApplicationException(	Dev/Common/Source/Utility/TA.ClientUtility/ClientOTABillhunterAdapter.cs:171
{…} 不可重覆	AddError(	Dev/Common/Source/Utility/TA.ClientUtility/CommonGridHelper.cs:65
此幣別代碼：{0}不存在，請檢查	throw new ApplicationException(	Dev/Common/Source/Utility/TA.ClientUtility/CryLengthCacheHelper.cs:36
DMS網站連接路徑尚未設定，請檢查	throw new Exception(	Dev/Common/Source/Utility/TA.ClientUtility/DMSUtility.cs:29
DMS網站連接路徑尚未設定，請檢查	throw new Exception(	Dev/Common/Source/Utility/TA.ClientUtility/DMSUtility.cs:51
Excel.Application 建立失敗。	throw new Exception(	Dev/Common/Source/Utility/TA.ClientUtility/ExcelHelper.cs:42
Excel.工作表 取得失敗。	throw new Exception(	Dev/Common/Source/Utility/TA.ClientUtility/ExcelHelper.cs:51
請先指定SearchGrid / SearchColumn	throw new Exception(	Dev/Common/Source/Utility/TA.ClientUtility/GridSearchUtility.cs:143
DataSource尚未設定，請檢查	throw new Exception(	Dev/Common/Source/Utility/TA.ClientUtility/GridSearchUtility.cs:208
此欄位為必輸，請重新選擇	throw new Exception(	Dev/Common/Source/Utility/TA.ClientUtility/GridSearchUtility.cs:272
DataSource尚未設定，請檢查	throw new Exception(	Dev/Common/Source/Utility/TA.ClientUtility/GridSearchUtility.cs:384
跳號原因必須輸入!	ShowMessage(	Dev/Common/Source/Utility/TA.ClientUtility/JumpSrNo_Form.cs:151
刪除動作已取消!	ShowMessage(	Dev/Common/Source/Utility/TA.ClientUtility/JumpSrNo_Form.cs:178
沒有設定可以寄送的EMail信箱。	throw new Exception(	Dev/Common/Source/Utility/TA.ClientUtility/MailUtility.cs:200
密碼錯誤	ShowMessage(	Dev/Common/Source/Utility/TA.ClientUtility/Seal_Form.cs:107
密碼已過期	ShowMessage(	Dev/Common/Source/Utility/TA.ClientUtility/Seal_Form.cs:110
第一次登入須更改密碼	ShowMessage(	Dev/Common/Source/Utility/TA.ClientUtility/Seal_Form.cs:113
帳號停用中	ShowMessage(	Dev/Common/Source/Utility/TA.ClientUtility/Seal_Form.cs:116
SQL ERROR	ShowMessage(	Dev/Common/Source/Utility/TA.ClientUtility/Seal_Form.cs:119
EXTENDED NODE ERROR	ShowMessage(	Dev/Common/Source/Utility/TA.ClientUtility/Seal_Form.cs:122
使用者不存在	ShowMessage(	Dev/Common/Source/Utility/TA.ClientUtility/Seal_Form.cs:125
使用者資料被不合法變更	ShowMessage(	Dev/Common/Source/Utility/TA.ClientUtility/Seal_Form.cs:128
網路維護時間拒絕存取	ShowMessage(	Dev/Common/Source/Utility/TA.ClientUtility/Seal_Form.cs:131
未與印鑑伺服器連線	ShowMessage(	Dev/Common/Source/Utility/TA.ClientUtility/Seal_Form.cs:134
與資料庫連線中斷	ShowMessage(	Dev/Common/Source/Utility/TA.ClientUtility/Seal_Form.cs:184
無法取得資料庫帳號格式	ShowMessage(	Dev/Common/Source/Utility/TA.ClientUtility/Seal_Form.cs:187
輸入的帳號長度不正確	ShowMessage(	Dev/Common/Source/Utility/TA.ClientUtility/Seal_Form.cs:190
無法取得主帳號	ShowMessage(	Dev/Common/Source/Utility/TA.ClientUtility/Seal_Form.cs:193
查無主帳號	ShowMessage(	Dev/Common/Source/Utility/TA.ClientUtility/Seal_Form.cs:196
無法連線到帳號所在資料庫	ShowMessage(	Dev/Common/Source/Utility/TA.ClientUtility/Seal_Form.cs:199
查無此客戶的印鑑資料	ShowMessage(	Dev/Common/Source/Utility/TA.ClientUtility/Seal_Form.cs:203
查詢帳號備註訊息失敗	ShowMessage(	Dev/Common/Source/Utility/TA.ClientUtility/Seal_Form.cs:206
請先指定DataSrc屬性的DataSource	throw new Exception(	Dev/Common/Source/Utility/TA.ClientUtility/SearchFormUtility.cs:124
NextCellStatus必須是BeforeCellUpdate	throw new Exception(	Dev/Common/Source/Utility/TA.ClientUtility/SearchFormUtility.cs:170
查無資料，請重新輸入	ShowMessage(	Dev/Common/Source/Utility/TA.ClientUtility/SearchFormUtility.cs:195
NextCellStatus必須是BeforeCellUpdate	throw new Exception(	Dev/Common/Source/Utility/TA.ClientUtility/SearchFormUtility.cs:234
查無資料，請重新輸入	ShowMessage(	Dev/Common/Source/Utility/TA.ClientUtility/SearchFormUtility.cs:250
xDataSelector不可為Null	throw new Exception(	Dev/Common/Source/Utility/TA.ClientUtility/SearchFormUtility.cs:277
不得重覆設定預設值	throw new Exception(	Dev/Common/Source/Utility/TA.ClientUtility/UltraCombo9iUtility.cs:241
不得重覆設定預設值	throw new Exception(	Dev/Common/Source/Utility/TA.ClientUtility/UltraComboUtility.cs:291
來源"{0}"路徑不存在	throw new Exception(	Dev/Common/Source/Utility/TA.ClientUtility/ZipUtility.cs:24
來源與目的的路徑不能相同	throw new Exception(	Dev/Common/Source/Utility/TA.ClientUtility/ZipUtility.cs:28
BATCH成功	變數指派 =	Dev/Common/Source/Utility/TA.ServerUtility/BillhunterAdapter.cs:318
BATCH失敗	變數指派 =	Dev/Common/Source/Utility/TA.ServerUtility/BillhunterAdapter.cs:322
EVA資料狀態設定失敗	變數指派 =	Dev/Common/Source/Utility/TA.ServerUtility/EVAUtility.cs:25
LDAPAPIPath未設置	throw new ApplicationException(	Dev/Common/Source/Utility/TA.ServerUtility/LDAPAPIHelper.cs:34
{0} 此Table不存在，請檢查	throw new Exception(	Dev/Common/Source/Utility/TA.ServerUtility/SQLHelper.cs:475
此VDB不存在，請檢查	throw new Exception(	Dev/Common/Source/Utility/TA.ServerUtility/VirtualDatabase.cs:178
此DataTable不存在於VDB中，請檢查	throw new Exception(	Dev/Common/Source/Utility/TA.ServerUtility/VirtualDatabase.cs:183
WEBSITEAPIPath參數未設置	throw new ApplicationException(	Dev/Common/Source/Utility/TA.ServerUtility/WEBSITEAPIHelper.cs:36
Too many spaces in field definition: '{…}'.	throw new Exception(	Dev/Common/Source/Utility/TA.Utility/DataSetUtility.cs:229
Relation specifiers not permitted in field list: '{…}'.	throw new Exception(	Dev/Common/Source/Utility/TA.Utility/DataSetUtility.cs:240
Invalid field definition: {…}'.	throw new Exception(	Dev/Common/Source/Utility/TA.Utility/DataSetUtility.cs:245
傳入的DataRow 並不包含Status欄位!	throw new Exception(	Dev/Common/Source/Utility/TA.Utility/TAEVAUtility.cs:57
基金[{…}] {…}	變數指派 =	Dev/Common/Source/Utility/TA.UtilityPO/NfdUtility_PO.cs:741
暫停申購!	變數指派 =	Dev/Common/Source/Utility/TA.UtilityPO/NfdUtility_PO.cs:745
暫停買回/轉換出!	變數指派 =	Dev/Common/Source/Utility/TA.UtilityPO/NfdUtility_PO.cs:749
暫停轉換入!	變數指派 =	Dev/Common/Source/Utility/TA.UtilityPO/NfdUtility_PO.cs:753
暫停收件定期定額申購!	變數指派 =	Dev/Common/Source/Utility/TA.UtilityPO/NfdUtility_PO.cs:757
暫停扣款定期定額申購!	變數指派 =	Dev/Common/Source/Utility/TA.UtilityPO/NfdUtility_PO.cs:761
找不到 {0} 淨值資料	AddResultRow(	Dev/Common/Source/Utility/TA.UtilityPO/NfdUtility_PO.cs:1640
找不到 {0} 淨值資料	AddResultRow(	Dev/Common/Source/Utility/TA.UtilityPO/NfdUtility_PO.cs:1698
查詢失敗	AddResultRow(	Dev/Common/Source/Utility/TA.UtilityPO/NfdUtility_PO.cs:2010
查詢失敗	AddResultRow(	Dev/Common/Source/Utility/TA.UtilityPO/NfdUtility_PO.cs:2626
查詢失敗	AddResultRow(	Dev/Common/Source/Utility/TA.UtilityPO/NfdUtility_PO.cs:2685
查詢失敗	AddResultRow(	Dev/Common/Source/Utility/TA.UtilityPO/NfdUtility_PO.cs:2785
查詢失敗	AddResultRow(	Dev/Common/Source/Utility/TA.UtilityPO/OTAUtility_PO.cs:856
自訂銷售手續費率尚未設定(OFDM193)	AddResultRow(	Dev/Common/Source/Utility/TA.UtilityPO/OTAUtility_PO.cs:865
公司代碼檔(CTL000)，請檢查	AddResultRow(	Dev/Common/Source/Utility/TA.UtilityPO/OTAUtility_PO.cs:913
基金[{…}] {…}	變數指派 =	Dev/Common/Source/Utility/TA.UtilityPO/Oracle/NfdUtilityOracleDao.cs:751
暫停申購!	變數指派 =	Dev/Common/Source/Utility/TA.UtilityPO/Oracle/NfdUtilityOracleDao.cs:755
暫停贖回/轉換出!	變數指派 =	Dev/Common/Source/Utility/TA.UtilityPO/Oracle/NfdUtilityOracleDao.cs:759
暫停轉換入!	變數指派 =	Dev/Common/Source/Utility/TA.UtilityPO/Oracle/NfdUtilityOracleDao.cs:763
暫停收件定期定額申購!	變數指派 =	Dev/Common/Source/Utility/TA.UtilityPO/Oracle/NfdUtilityOracleDao.cs:767
暫停扣款定期定額申購!	變數指派 =	Dev/Common/Source/Utility/TA.UtilityPO/Oracle/NfdUtilityOracleDao.cs:771
找不到 {0} 淨值資料	AddResultRow(	Dev/Common/Source/Utility/TA.UtilityPO/Oracle/NfdUtilityOracleDao.cs:1569
找不到 {0} 淨值資料	AddResultRow(	Dev/Common/Source/Utility/TA.UtilityPO/Oracle/NfdUtilityOracleDao.cs:1640
查詢失敗	AddResultRow(	Dev/Common/Source/Utility/TA.UtilityPO/Oracle/NfdUtilityOracleDao.cs:1983
查詢失敗	AddResultRow(	Dev/Common/Source/Utility/TA.UtilityPO/Oracle/NfdUtilityOracleDao.cs:2692
查詢失敗	AddResultRow(	Dev/Common/Source/Utility/TA.UtilityPO/Oracle/NfdUtilityOracleDao.cs:2810
查詢失敗	AddResultRow(	Dev/Common/Source/Utility/TA.UtilityPO/Oracle/UtilityOracleDao.cs:96
自訂銷售手續費率尚未設定(OFDM193)	AddResultRow(	Dev/Common/Source/Utility/TA.UtilityPO/Oracle/UtilityOracleDao.cs:109
查詢失敗	AddResultRow(	Dev/Common/Source/Utility/TA.UtilityPO/Oracle/UtilityOracleDao.cs:724
自訂銷售手續費率尚未設定(OFDM193)	AddResultRow(	Dev/Common/Source/Utility/TA.UtilityPO/Oracle/UtilityOracleDao.cs:738
查詢失敗	AddResultRow(	Dev/Common/Source/Utility/TA.UtilityPO/Oracle/UtilityOracleDao.cs:804
查詢失敗	AddResultRow(	Dev/Common/Source/Utility/TA.UtilityPO/Oracle/UtilityOracleDao.cs:887
申購!	變數指派 =	Dev/Common/Source/Utility/TA.UtilityPO/Oracle/UtilityOracleDao.cs:1105
贖回/轉換出!	變數指派 =	Dev/Common/Source/Utility/TA.UtilityPO/Oracle/UtilityOracleDao.cs:1109
轉換入!	變數指派 =	Dev/Common/Source/Utility/TA.UtilityPO/Oracle/UtilityOracleDao.cs:1113
定期定額收件!	變數指派 =	Dev/Common/Source/Utility/TA.UtilityPO/Oracle/UtilityOracleDao.cs:1117
開戶!	變數指派 =	Dev/Common/Source/Utility/TA.UtilityPO/Oracle/UtilityOracleDao.cs:1122
定期定額異動!	變數指派 =	Dev/Common/Source/Utility/TA.UtilityPO/Oracle/UtilityOracleDao.cs:1126
{0}，是否執行{1}?	AddResultRow(	Dev/Common/Source/Utility/TA.UtilityPO/Oracle/UtilityOracleDao.cs:1152
{0}!	AddResultRow(	Dev/Common/Source/Utility/TA.UtilityPO/Oracle/UtilityOracleDao.cs:1157
{0}!	AddResultRow(	Dev/Common/Source/Utility/TA.UtilityPO/Oracle/UtilityOracleDao.cs:1162
查詢失敗	AddResultRow(	Dev/Common/Source/Utility/TA.UtilityPO/Oracle/UtilityOracleDao.cs:1480
查詢失敗	AddResultRow(	Dev/Common/Source/Utility/TA.UtilityPO/Oracle/UtilityOracleDao.cs:1553
查詢失敗	AddResultRow(	Dev/Common/Source/Utility/TA.UtilityPO/Oracle/UtilityOracleDao.cs:1678
查詢成功，查詢筆數：{0}筆	AddResultRow(	Dev/Common/Source/Utility/TA.UtilityPO/Oracle/UtilityOracleDao.cs:2052
查詢失敗	AddResultRow(	Dev/Common/Source/Utility/TA.UtilityPO/Oracle/UtilityOracleDao.cs:2061
查詢失敗	AddResultRow(	Dev/Common/Source/Utility/TA.UtilityPO/Utility_PO.cs:766
自訂銷售手續費率尚未設定(OFDM193)	AddResultRow(	Dev/Common/Source/Utility/TA.UtilityPO/Utility_PO.cs:777
查詢失敗	AddResultRow(	Dev/Common/Source/Utility/TA.UtilityPO/Utility_PO.cs:864
自訂銷售手續費率尚未設定(OFDM193)	AddResultRow(	Dev/Common/Source/Utility/TA.UtilityPO/Utility_PO.cs:876
查詢失敗	AddResultRow(	Dev/Common/Source/Utility/TA.UtilityPO/Utility_PO.cs:934
查詢失敗	AddResultRow(	Dev/Common/Source/Utility/TA.UtilityPO/Utility_PO.cs:1010
申購!	變數指派 =	Dev/Common/Source/Utility/TA.UtilityPO/Utility_PO.cs:1209
贖回/轉換出!	變數指派 =	Dev/Common/Source/Utility/TA.UtilityPO/Utility_PO.cs:1213
轉換入!	變數指派 =	Dev/Common/Source/Utility/TA.UtilityPO/Utility_PO.cs:1217
定期定額收件!	變數指派 =	Dev/Common/Source/Utility/TA.UtilityPO/Utility_PO.cs:1221
開戶!	變數指派 =	Dev/Common/Source/Utility/TA.UtilityPO/Utility_PO.cs:1226
定期定額異動!	變數指派 =	Dev/Common/Source/Utility/TA.UtilityPO/Utility_PO.cs:1230
{0}，是否執行{1}?	AddResultRow(	Dev/Common/Source/Utility/TA.UtilityPO/Utility_PO.cs:1257
{0}!	AddResultRow(	Dev/Common/Source/Utility/TA.UtilityPO/Utility_PO.cs:1262
{0}!	AddResultRow(	Dev/Common/Source/Utility/TA.UtilityPO/Utility_PO.cs:1267
查詢失敗	AddResultRow(	Dev/Common/Source/Utility/TA.UtilityPO/Utility_PO.cs:1501
查詢失敗	AddResultRow(	Dev/Common/Source/Utility/TA.UtilityPO/Utility_PO.cs:1812
查詢失敗	AddResultRow(	Dev/Common/Source/Utility/TA.UtilityPO/Utility_PO.cs:1869
查詢成功，查詢筆數：{0}筆	AddResultRow(	Dev/Common/Source/Utility/TA.UtilityPO/Utility_PO.cs:2077
查詢失敗	AddResultRow(	Dev/Common/Source/Utility/TA.UtilityPO/Utility_PO.cs:2086
(無通知對象的EMAIL)	變數指派 =	Dev/Common/Source/Utility/TA.UtilityPO/Utility_PO.cs:2681
(未設定通知對象)	變數指派 =	Dev/Common/Source/Utility/TA.UtilityPO/Utility_PO.cs:2686
系統警告	變數指派 =	Dev/Exceptions/Dialog/ExceptionDialogger.cs:10
系統錯誤	變數指派 =	Dev/Exceptions/Dialog/ExceptionDialogger.cs:12
商業邏輯層異常!	變數指派 =	Dev/Exceptions/Dialog/ExceptionMessage.cs:9
應用程式異常	MessageBox.Show(	Dev/Exceptions/ELExceptionAgent.cs:65
應用程式異常	MessageBox.Show(	Dev/Exceptions/ELExceptionAgent.cs:83
應用程式異常	MessageBox.Show(	Dev/Exceptions/ELExceptionAgent.cs:101
應用程式異常	MessageBox.Show(	Dev/Exceptions/ELExceptionAgent.cs:119
商業邏輯層異常!!	ShowMessage(	Dev/Exceptions/ELExceptionAgent.cs:146
應用程式異常!!	ShowMessage(	Dev/Exceptions/ELExceptionAgent.cs:154
應用程式異常	MessageBox.Show(	Dev/Exceptions/ELExceptionAgent.cs:172
應用程式異常	MessageBox.Show(	Dev/Exceptions/ELExceptionAgent.cs:192
應用程式異常	MessageBox.Show(	Dev/Exceptions/ELExceptionAgent.cs:210
系統執行時發生異常,請重試一次	ShowMessage(	Dev/Exceptions/Handler/ApplicationExceptionHandler.cs:58
商業邏輯層異常!!	ShowMessage(	Dev/Exceptions/Handler/BaseFormPolicyExceptionHandler.cs:29
前端程式異常!!	ShowMessage(	Dev/Exceptions/Handler/BaseFormPolicyExceptionHandler.cs:42
商業邏輯層異常!!	ShowMessage(	Dev/Exceptions/Handler/ClientPolicyExceptionHandler.cs:29
前端程式異常!!	ShowMessage(	Dev/Exceptions/Handler/ClientPolicyExceptionHandler.cs:38
前端程式異常!!	ShowMessage(	Dev/Exceptions/Handler/ClientPolicyExceptionHandler.cs:43
所收檔案資料與系統資料筆數不符	ShowMessage(	Dev/Modules/Source/Vendor.Modules.GenFiles/UI/UI/ImportDataListForm.cs:229
所收檔案有錯誤資料 確定要轉入?	ShowMessage(	Dev/Modules/Source/Vendor.Modules.GenFiles/UI/UI/ImportDataListForm.cs:243
轉入成功	ShowMessage(	Dev/Modules/Source/Vendor.Modules.GenFiles/UI/UI/ImprotDataActForm.cs:100
轉入失敗 原因:{…}	ShowMessage(	Dev/Modules/Source/Vendor.Modules.GenFiles/UI/UI/ImprotDataActForm.cs:108
沒有取得TRP001的資訊，請檢查資料是否正確	throw new Exception(	Dev/Modules/Source/Vendor.Product.Modules.FileEngine/DataProcess/FileRuleInfo.cs:87
沒有取得TRP001的資訊，請檢查資料是否正確	throw new Exception(	Dev/Modules/Source/Vendor.Product.Modules.FileEngine/DataProcess/FileRuleInfo.cs:128
無回覆資料可轉入	AddResultRow(	Dev/Modules/Source/Vendor.Product.Modules.FileEngine/GenFileRule_PO/DataProcess_PO.cs:318
日期期間(起)　不可大於　日期期間(迄)	AddError(	Dev/ATLAS.BBS.Report/Source/UI/ReportUI.BBS/BBSR002.cs:164
換發書號(起)(迄)必須皆(不)填寫	AddError(	Dev/ATLAS.BBS.Report/Source/UI/ReportUI.BBS/BBSR002.cs:176
換發書號(起、迄)請皆輸入13碼	AddError(	Dev/ATLAS.BBS.Report/Source/UI/ReportUI.BBS/BBSR002.cs:185
換發書號(起) 不可大於 換發書號(迄)	AddError(	Dev/ATLAS.BBS.Report/Source/UI/ReportUI.BBS/BBSR002.cs:193
掛失補發書號(起)(迄)必須皆(不)填寫	AddError(	Dev/ATLAS.BBS.Report/Source/UI/ReportUI.BBS/BBSR002.cs:205
掛失補發書號(起、迄)請皆輸入13碼	AddError(	Dev/ATLAS.BBS.Report/Source/UI/ReportUI.BBS/BBSR002.cs:215
掛失補發書號(起) 不可大於 掛失補發書號(迄)	AddError(	Dev/ATLAS.BBS.Report/Source/UI/ReportUI.BBS/BBSR002.cs:223
日期期間(起) 不可大於 日期期間(迄)	AddError(	Dev/ATLAS.BBS.Report/Source/UI/ReportUI.BBS/BBSR006.cs:196
掛失書號(起)(迄)必須皆(不)填寫	AddError(	Dev/ATLAS.BBS.Report/Source/UI/ReportUI.BBS/BBSR006.cs:207
掛失書號(起、迄)請皆輸入13碼	AddError(	Dev/ATLAS.BBS.Report/Source/UI/ReportUI.BBS/BBSR006.cs:216
掛失書號(起) 不可大於 掛失書號(迄)	AddError(	Dev/ATLAS.BBS.Report/Source/UI/ReportUI.BBS/BBSR006.cs:224
掛失撤銷書號(起)(迄)必須皆(不)填寫	AddError(	Dev/ATLAS.BBS.Report/Source/UI/ReportUI.BBS/BBSR006.cs:237
掛失撤銷書號(起、迄)請皆輸入13碼	AddError(	Dev/ATLAS.BBS.Report/Source/UI/ReportUI.BBS/BBSR006.cs:246
掛失撤銷書號(起) 不可大於 掛失撤銷書號(迄)	AddError(	Dev/ATLAS.BBS.Report/Source/UI/ReportUI.BBS/BBSR006.cs:254
未輸入掛失日期(起)，請檢查。	AddError(	Dev/ATLAS.BBS.Report/Source/UI/ReportUI.BBS/BBSR007.cs:129
日期期間(起)　必需小於　日期期間(迄)	AddError(	Dev/ATLAS.BBS.Report/Source/UI/ReportUI.BBS/BBSR007.cs:136
受益人ID，戶號 必須擇一輸入	AddError(	Dev/ATLAS.BBS.Report/Source/UI/ReportUI.BBS/BBSR010.cs:133
日期(起)(迄) 必須同時(不)輸入	AddError(	Dev/ATLAS.BBS.Report/Source/UI/ReportUI.BBS/BBSR010.cs:138
日期(起)(迄) 必須同時(不)輸入	AddError(	Dev/ATLAS.BBS.Report/Source/UI/ReportUI.BBS/BBSR010.cs:142
日期期間(迄) 不可小於 日期期間(起)	AddError(	Dev/ATLAS.BBS.Report/Source/UI/ReportUI.BBS/BBSR010.cs:149
日期期間(起) 不可大於 日期期間(迄)	AddError(	Dev/ATLAS.BBS.Report/Source/UI/ReportUI.BBS/BBSR011.cs:178
質設書號(起)(迄)必須皆(不)填寫	AddError(	Dev/ATLAS.BBS.Report/Source/UI/ReportUI.BBS/BBSR011.cs:184
質設書號(起、迄)請皆輸入13碼	AddError(	Dev/ATLAS.BBS.Report/Source/UI/ReportUI.BBS/BBSR011.cs:194
質設書號(起) 不可大於 質設書號(迄)	AddError(	Dev/ATLAS.BBS.Report/Source/UI/ReportUI.BBS/BBSR011.cs:202
質解書號(起)(迄)必須皆(不)填寫	AddError(	Dev/ATLAS.BBS.Report/Source/UI/ReportUI.BBS/BBSR011.cs:209
質解書號(起、迄)請皆輸入13碼	AddError(	Dev/ATLAS.BBS.Report/Source/UI/ReportUI.BBS/BBSR011.cs:219
質解書號(起) 不可大於 質解書號(迄)	AddError(	Dev/ATLAS.BBS.Report/Source/UI/ReportUI.BBS/BBSR011.cs:227
未輸入開始日期，請檢查。	AddError(	Dev/ATLAS.BBS.Report/Source/UI/ReportUI.BBS/BBSR012.cs:139
日期期間(起) 必需小於等於 日期期間(迄)	AddError(	Dev/ATLAS.BBS.Report/Source/UI/ReportUI.BBS/BBSR012.cs:146
日期期間， 基金代碼， 轉讓書號 必須擇一輸入	AddError(	Dev/ATLAS.BBS.Report/Source/UI/ReportUI.BBS/BBSR015.cs:111
日期期間(起)(迄)必須皆(不)填寫。	AddError(	Dev/ATLAS.BBS.Report/Source/UI/ReportUI.BBS/BBSR015.cs:130
日期期間(起) 不可大於 日期期間(迄)	AddError(	Dev/ATLAS.BBS.Report/Source/UI/ReportUI.BBS/BBSR015.cs:138
轉讓書號(起)(迄)必須皆(不)填寫	AddError(	Dev/ATLAS.BBS.Report/Source/UI/ReportUI.BBS/BBSR015.cs:143
轉讓書號(起、迄)請皆輸入13碼	AddError(	Dev/ATLAS.BBS.Report/Source/UI/ReportUI.BBS/BBSR015.cs:153
轉讓書號(起) 不可大於 轉讓書號(迄)	AddError(	Dev/ATLAS.BBS.Report/Source/UI/ReportUI.BBS/BBSR015.cs:160
查無此基金!!	ShowMessage(	Dev/ATLAS.BBS.Report/Source/UI/ReportUI.BBS/BBSR015.cs:203
該憑證號碼:{…} 不為換發註銷,不可刪除	throw new ApplicationException(	Dev/ATLAS.BBS/Source/PO/PO.BBS/BBSM001_PO.cs:138
更新境內受益憑證待列印簽證檔(OFD724)失敗	throw new ApplicationException(	Dev/ATLAS.BBS/Source/PO/PO.BBS/BBSM001_PO.cs:168
刪除境內受益憑證待列印簽證檔(OFD724)失敗	throw new ApplicationException(	Dev/ATLAS.BBS/Source/PO/PO.BBS/BBSM001_PO.cs:195
更新境內受益憑證待列印簽證檔(OFD724)失敗	throw new ApplicationException(	Dev/ATLAS.BBS/Source/PO/PO.BBS/BBSM001_PO.cs:220
新增境內受益憑證報廢檔(OFD723)失敗	throw new ApplicationException(	Dev/ATLAS.BBS/Source/PO/PO.BBS/BBSM001_PO.cs:254
更新受益人各基金結餘檔(OFD304A)失敗	throw new ApplicationException(	Dev/ATLAS.BBS/Source/PO/PO.BBS/BBSM001_PO.cs:289
取得受益憑證期別失敗	throw new ApplicationException(	Dev/ATLAS.BBS/Source/PO/PO.BBS/BBSM001_PO.cs:346
取得受益憑證號碼失敗	throw new ApplicationException(	Dev/ATLAS.BBS/Source/PO/PO.BBS/BBSM001_PO.cs:361
該憑證號碼:{…} 已被沖銷,不可換發	throw new ApplicationException(	Dev/ATLAS.BBS/Source/PO/PO.BBS/BBSM001_PO.cs:397
新增境內受益憑證待列印簽證檔(OFD724)失敗	throw new ApplicationException(	Dev/ATLAS.BBS/Source/PO/PO.BBS/BBSM001_PO.cs:515
取得受益憑證檢查碼失敗	throw new ApplicationException(	Dev/ATLAS.BBS/Source/PO/PO.BBS/BBSM001_PO.cs:540
新增受益人憑証檔(OFD721)失敗	throw new ApplicationException(	Dev/ATLAS.BBS/Source/PO/PO.BBS/BBSM001_PO.cs:590
新增境內受益憑證待列印簽證檔(OFD724)失敗	throw new ApplicationException(	Dev/ATLAS.BBS/Source/PO/PO.BBS/BBSM001_PO.cs:731
更新受益人各基金結餘檔(OFD304A)失敗	throw new ApplicationException(	Dev/ATLAS.BBS/Source/PO/PO.BBS/BBSM001_PO.cs:766
更新受益人憑証檔(OFD0814A)失敗	throw new ApplicationException(	Dev/ATLAS.BBS/Source/PO/PO.BBS/BBSM001_PO.cs:787
該受益人無實體憑證資料	AddResultRow(	Dev/ATLAS.BBS/Source/PO/PO.BBS/BBSM001_PO.cs:1153
yyyy/MM/dd	AddResultRow(	Dev/ATLAS.BBS/Source/PO/PO.BBS/BBSM001_PO.cs:1222
1900/01/01	AddResultRow(	Dev/ATLAS.BBS/Source/PO/PO.BBS/BBSM001_PO.cs:1268
取得資料控制日期失敗，請檢查	AddResultRow(	Dev/ATLAS.BBS/Source/PO/PO.BBS/BBSM001_PO.cs:1274
1900/01/01	AddResultRow(	Dev/ATLAS.BBS/Source/PO/PO.BBS/BBSM001_PO.cs:1314
取得集保大憑證日期失敗，請檢查	AddResultRow(	Dev/ATLAS.BBS/Source/PO/PO.BBS/BBSM001_PO.cs:1320
此基金[{0}]此換發日期[{1}]已過帳，請檢查	AddResultRow(	Dev/ATLAS.BBS/Source/PO/PO.BBS/BBSM001_PO.cs:1357
檢核此基金及換發日期是否已過帳失敗，請檢查	AddResultRow(	Dev/ATLAS.BBS/Source/PO/PO.BBS/BBSM001_PO.cs:1374
此換發資料已送簽，不可刪除	AddResultRow(	Dev/ATLAS.BBS/Source/PO/PO.BBS/BBSM001_PO.cs:1412
判斷此換發資料是否已送簽失敗，請檢查	AddResultRow(	Dev/ATLAS.BBS/Source/PO/PO.BBS/BBSM001_PO.cs:1423
此換發資料已註銷，不可刪除	AddResultRow(	Dev/ATLAS.BBS/Source/PO/PO.BBS/BBSM001_PO.cs:1457
判斷此換發資料是否已註銷失敗，請檢查	AddResultRow(	Dev/ATLAS.BBS/Source/PO/PO.BBS/BBSM001_PO.cs:1468
此戶號[{0}]、基金[{1}]及換發日期[{2}]已存在，不可新增!	AddResultRow(	Dev/ATLAS.BBS/Source/PO/PO.BBS/BBSM001_PO.cs:1506
判斷此戶號、基金及換發日期是否已存在失敗，請檢查	AddResultRow(	Dev/ATLAS.BBS/Source/PO/PO.BBS/BBSM001_PO.cs:1518
判斷此戶號是否為註銷戶的存在失敗，請檢查	AddResultRow(	Dev/ATLAS.BBS/Source/PO/PO.BBS/BBSM001_PO.cs:1558
檢查沖銷資料失敗，請檢查	AddResultRow(	Dev/ATLAS.BBS/Source/PO/PO.BBS/BBSM001_PO.cs:1605
更新掛失憑証結餘檔(OFD304A)失敗	throw new ApplicationException(	Dev/ATLAS.BBS/Source/PO/PO.BBS/BBSM003_PO.cs:144
該憑證號碼:{…} 已被沖銷,不可掛失	throw new ApplicationException(	Dev/ATLAS.BBS/Source/PO/PO.BBS/BBSM003_PO.cs:187
該憑證號碼:{…} 不為掛失中,不可刪除	throw new ApplicationException(	Dev/ATLAS.BBS/Source/PO/PO.BBS/BBSM003_PO.cs:396
更新掛失憑証結餘檔(OFD304A)失敗	throw new ApplicationException(	Dev/ATLAS.BBS/Source/PO/PO.BBS/BBSM003_PO.cs:464
戶號 [{0}] 於基金[{1}] 查無實體憑證資料	AddResultRow(	Dev/ATLAS.BBS/Source/PO/PO.BBS/BBSM003_PO.cs:794
取得掛失撤銷書號實體憑證資料失敗，請檢查	AddResultRow(	Dev/ATLAS.BBS/Source/PO/PO.BBS/BBSM003_PO.cs:803
1900/01/01	AddResultRow(	Dev/ATLAS.BBS/Source/PO/PO.BBS/BBSM003_PO.cs:889
取得資料控制日期失敗，請檢查	AddResultRow(	Dev/ATLAS.BBS/Source/PO/PO.BBS/BBSM003_PO.cs:895
yyyy/MM/dd	AddResultRow(	Dev/ATLAS.BBS/Source/PO/PO.BBS/BBSM003_PO.cs:944
yyyy/MM/dd	AddResultRow(	Dev/ATLAS.BBS/Source/PO/PO.BBS/BBSM003_PO.cs:950
yyyy/MM/dd	AddResultRow(	Dev/ATLAS.BBS/Source/PO/PO.BBS/BBSM003_PO.cs:956
yyyy/MM/dd	AddResultRow(	Dev/ATLAS.BBS/Source/PO/PO.BBS/BBSM003_PO.cs:963
檢核最大資料控制日期失敗，請檢查	AddResultRow(	Dev/ATLAS.BBS/Source/PO/PO.BBS/BBSM003_PO.cs:969
取得掛失無實體單位數失敗，請檢查	AddResultRow(	Dev/ATLAS.BBS/Source/PO/PO.BBS/BBSM003_PO.cs:1021
1900/01/01	AddResultRow(	Dev/ATLAS.BBS/Source/PO/PO.BBS/BBSM003_PO.cs:1059
取得集保大憑證日期失敗，請檢查	AddResultRow(	Dev/ATLAS.BBS/Source/PO/PO.BBS/BBSM003_PO.cs:1065
判斷此戶號是否為註銷失敗,請檢查	AddResultRow(	Dev/ATLAS.BBS/Source/PO/PO.BBS/BBSM003_PO.cs:1108
檢核失敗，請檢查	AddResultRow(	Dev/ATLAS.BBS/Source/PO/PO.BBS/BBSM003_PO.cs:1162
檢核失敗，請檢查	AddResultRow(	Dev/ATLAS.BBS/Source/PO/PO.BBS/BBSM003_PO.cs:1213
取得庫存實體單位數失敗，請檢查	AddResultRow(	Dev/ATLAS.BBS/Source/PO/PO.BBS/BBSM003_PO.cs:1257
取得掛失撤銷書號實體憑證資料失敗，請檢查	AddResultRow(	Dev/ATLAS.BBS/Source/PO/PO.BBS/BBSM003_PO.cs:1308
檢查沖銷資料失敗，請檢查	AddResultRow(	Dev/ATLAS.BBS/Source/PO/PO.BBS/BBSM003_PO.cs:1353
該憑證號碼:{…} 已被沖銷,不可刪除	throw new ApplicationException(	Dev/ATLAS.BBS/Source/PO/PO.BBS/BBSM004_PO.cs:119
更新掛失憑証結餘檔(OFD304A)失敗	throw new ApplicationException(	Dev/ATLAS.BBS/Source/PO/PO.BBS/BBSM004_PO.cs:139
更新掛失撤銷(BBS004)失敗	throw new ApplicationException(	Dev/ATLAS.BBS/Source/PO/PO.BBS/BBSM004_PO.cs:161
更新掛失撤銷憑証結餘檔(OFD304A)失敗	throw new ApplicationException(	Dev/ATLAS.BBS/Source/PO/PO.BBS/BBSM004_PO.cs:210
該憑證號碼:{…} 尚未掛失,不可掛失撤銷	throw new ApplicationException(	Dev/ATLAS.BBS/Source/PO/PO.BBS/BBSM004_PO.cs:235
更新掛失撤銷(BBS004)失敗	throw new ApplicationException(	Dev/ATLAS.BBS/Source/PO/PO.BBS/BBSM004_PO.cs:259
查無掛失資料	AddResultRow(	Dev/ATLAS.BBS/Source/PO/PO.BBS/BBSM004_PO.cs:574
取得掛失撤銷書號實體憑證資料失敗，請檢查	AddResultRow(	Dev/ATLAS.BBS/Source/PO/PO.BBS/BBSM004_PO.cs:581
yyyy/MM/dd	AddResultRow(	Dev/ATLAS.BBS/Source/PO/PO.BBS/BBSM004_PO.cs:614
1900/01/01	AddResultRow(	Dev/ATLAS.BBS/Source/PO/PO.BBS/BBSM004_PO.cs:660
取得資料控制日期失敗，請檢查	AddResultRow(	Dev/ATLAS.BBS/Source/PO/PO.BBS/BBSM004_PO.cs:666
掛撤日期 必須大於 該基金資料控制日期{0}：	AddResultRow(	Dev/ATLAS.BBS/Source/PO/PO.BBS/BBSM004_PO.cs:706
取得資料控制日期失敗，請檢查	AddResultRow(	Dev/ATLAS.BBS/Source/PO/PO.BBS/BBSM004_PO.cs:712
掛撤日期必須大於該基金大憑證最大日期：{0}	AddResultRow(	Dev/ATLAS.BBS/Source/PO/PO.BBS/BBSM004_PO.cs:738
取得集保大憑證日期失敗，請檢查	AddResultRow(	Dev/ATLAS.BBS/Source/PO/PO.BBS/BBSM004_PO.cs:749
'掛撤日期'必須小於'系統日期{0}':	AddResultRow(	Dev/ATLAS.BBS/Source/PO/PO.BBS/BBSM004_PO.cs:772
'掛撤日期'必須小於'必須為該基金的營業日	AddResultRow(	Dev/ATLAS.BBS/Source/PO/PO.BBS/BBSM004_PO.cs:807
1900/01/01	AddResultRow(	Dev/ATLAS.BBS/Source/PO/PO.BBS/BBSM004_PO.cs:813
判斷此戶號是否為註銷,請檢查	AddResultRow(	Dev/ATLAS.BBS/Source/PO/PO.BBS/BBSM004_PO.cs:859
查無掛失資料	AddResultRow(	Dev/ATLAS.BBS/Source/PO/PO.BBS/BBSM004_PO.cs:1018
取得掛失撤銷書號實體憑證資料失敗，請檢查	AddResultRow(	Dev/ATLAS.BBS/Source/PO/PO.BBS/BBSM004_PO.cs:1026
查無掛失資料	AddResultRow(	Dev/ATLAS.BBS/Source/PO/PO.BBS/BBSM004_PO.cs:1067
取得掛失撤銷書號實體憑證資料失敗，請檢查	AddResultRow(	Dev/ATLAS.BBS/Source/PO/PO.BBS/BBSM004_PO.cs:1075
取得受益憑證期別失敗	throw new ApplicationException(	Dev/ATLAS.BBS/Source/PO/PO.BBS/BBSM005_PO.cs:144
更新受益憑證掛失明細檔(BBS004)失敗	throw new ApplicationException(	Dev/ATLAS.BBS/Source/PO/PO.BBS/BBSM005_PO.cs:179
該憑證號碼:{…} 尚未掛失,不可掛失補發	throw new ApplicationException(	Dev/ATLAS.BBS/Source/PO/PO.BBS/BBSM005_PO.cs:208
取得受益憑證號碼失敗	throw new ApplicationException(	Dev/ATLAS.BBS/Source/PO/PO.BBS/BBSM005_PO.cs:235
取得受益憑證檢查碼失敗	throw new ApplicationException(	Dev/ATLAS.BBS/Source/PO/PO.BBS/BBSM005_PO.cs:251
新增受益人憑証檔(OFD721)失敗	throw new ApplicationException(	Dev/ATLAS.BBS/Source/PO/PO.BBS/BBSM005_PO.cs:301
新增境內受益憑證待列印簽證檔(OFD724)失敗	throw new ApplicationException(	Dev/ATLAS.BBS/Source/PO/PO.BBS/BBSM005_PO.cs:424
更新受益人憑証檔(OFD0814)失敗	throw new ApplicationException(	Dev/ATLAS.BBS/Source/PO/PO.BBS/BBSM005_PO.cs:447
更新受益人各基金結餘檔(OFD304A)失敗	throw new ApplicationException(	Dev/ATLAS.BBS/Source/PO/PO.BBS/BBSM005_PO.cs:486
更新受益憑證掛失明細檔(BBS004)	throw new ApplicationException(	Dev/ATLAS.BBS/Source/PO/PO.BBS/BBSM005_PO.cs:585
該憑證號碼:{…} 不為掛失註銷,不可刪除	throw new ApplicationException(	Dev/ATLAS.BBS/Source/PO/PO.BBS/BBSM005_PO.cs:612
該憑證號碼:{…} 已送簽,不可刪除	throw new ApplicationException(	Dev/ATLAS.BBS/Source/PO/PO.BBS/BBSM005_PO.cs:666
新增境內受益憑證報廢檔(OFD723)失敗	throw new ApplicationException(	Dev/ATLAS.BBS/Source/PO/PO.BBS/BBSM005_PO.cs:707
更新受益人各基金結餘檔(OFD304A)失敗	throw new ApplicationException(	Dev/ATLAS.BBS/Source/PO/PO.BBS/BBSM005_PO.cs:771
取得補發憑證資料失敗，請檢查	AddResultRow(	Dev/ATLAS.BBS/Source/PO/PO.BBS/BBSM005_PO.cs:935
此換發資料已註銷，不可刪除	AddResultRow(	Dev/ATLAS.BBS/Source/PO/PO.BBS/BBSM005_PO.cs:977
查無掛失資料	AddResultRow(	Dev/ATLAS.BBS/Source/PO/PO.BBS/BBSM005_PO.cs:1081
取得掛失資料失敗，請檢查	AddResultRow(	Dev/ATLAS.BBS/Source/PO/PO.BBS/BBSM005_PO.cs:1087
1900/01/01	AddResultRow(	Dev/ATLAS.BBS/Source/PO/PO.BBS/BBSM005_PO.cs:1131
取得資料控制日期失敗，請檢查	AddResultRow(	Dev/ATLAS.BBS/Source/PO/PO.BBS/BBSM005_PO.cs:1137
1900/01/01	AddResultRow(	Dev/ATLAS.BBS/Source/PO/PO.BBS/BBSM005_PO.cs:1172
判斷此戶號是否為註銷,請檢查	AddResultRow(	Dev/ATLAS.BBS/Source/PO/PO.BBS/BBSM005_PO.cs:1273
該憑證號碼:{…} 不為質設中,不可刪除	throw new ApplicationException(	Dev/ATLAS.BBS/Source/PO/PO.BBS/BBSM009_PO.cs:124
更新受益人各基金結餘檔(OFD304A)失敗	throw new ApplicationException(	Dev/ATLAS.BBS/Source/PO/PO.BBS/BBSM009_PO.cs:150
該憑證號碼:{…} 已被沖銷,不可質設	throw new ApplicationException(	Dev/ATLAS.BBS/Source/PO/PO.BBS/BBSM009_PO.cs:222
更新受益人各基金結餘檔(OFD304A)失敗	throw new ApplicationException(	Dev/ATLAS.BBS/Source/PO/PO.BBS/BBSM009_PO.cs:247
查無實體憑證資料!	AddResultRow(	Dev/ATLAS.BBS/Source/PO/PO.BBS/BBSM009_PO.cs:484
yyyy/MM/dd	AddResultRow(	Dev/ATLAS.BBS/Source/PO/PO.BBS/BBSM009_PO.cs:548
yyyy/MM/dd	AddResultRow(	Dev/ATLAS.BBS/Source/PO/PO.BBS/BBSM009_PO.cs:594
1900/01/01	AddResultRow(	Dev/ATLAS.BBS/Source/PO/PO.BBS/BBSM009_PO.cs:601
取得資料控制日期失敗，請檢查	AddResultRow(	Dev/ATLAS.BBS/Source/PO/PO.BBS/BBSM009_PO.cs:607
yyyy/MM/dd	AddResultRow(	Dev/ATLAS.BBS/Source/PO/PO.BBS/BBSM009_PO.cs:634
取得集保大憑證日期失敗，請檢查	AddResultRow(	Dev/ATLAS.BBS/Source/PO/PO.BBS/BBSM009_PO.cs:636
判斷此戶號是否為註銷,請檢查	AddResultRow(	Dev/ATLAS.BBS/Source/PO/PO.BBS/BBSM009_PO.cs:684
檢查沖銷資料失敗，請檢查	AddResultRow(	Dev/ATLAS.BBS/Source/PO/PO.BBS/BBSM009_PO.cs:731
查無質設中的實體資料!	AddResultRow(	Dev/ATLAS.BBS/Source/PO/PO.BBS/BBSM009_PO.cs:770
檢查憑證號碼為掛失有錯誤，請檢查	AddResultRow(	Dev/ATLAS.BBS/Source/PO/PO.BBS/BBSM009_PO.cs:823
更新受益人各基金結餘檔(OFD304A)失敗	throw new ApplicationException(	Dev/ATLAS.BBS/Source/PO/PO.BBS/BBSM010_PO.cs:116
更新受益憑證質設明細檔(BBS010)失敗	throw new ApplicationException(	Dev/ATLAS.BBS/Source/PO/PO.BBS/BBSM010_PO.cs:142
該憑證號碼:{…} 已被沖銷,不可刪除	throw new ApplicationException(	Dev/ATLAS.BBS/Source/PO/PO.BBS/BBSM010_PO.cs:171
更新受益憑證質設明細檔(BBS010)失敗	throw new ApplicationException(	Dev/ATLAS.BBS/Source/PO/PO.BBS/BBSM010_PO.cs:230
該憑證號碼:{…} 尚未質設,不可質解	throw new ApplicationException(	Dev/ATLAS.BBS/Source/PO/PO.BBS/BBSM010_PO.cs:256
更新受益人各基金結餘檔(OFD304A)失敗	throw new ApplicationException(	Dev/ATLAS.BBS/Source/PO/PO.BBS/BBSM010_PO.cs:285
質解總單位數 必須小於等於 受益人持有的可質解單位數：{0}	AddResultRow(	Dev/ATLAS.BBS/Source/PO/PO.BBS/BBSM010_PO.cs:480
查無質設中的憑證資料	AddResultRow(	Dev/ATLAS.BBS/Source/PO/PO.BBS/BBSM010_PO.cs:543
取得質設單位數資料失敗	AddResultRow(	Dev/ATLAS.BBS/Source/PO/PO.BBS/BBSM010_PO.cs:548
yyyy/MM/dd	AddResultRow(	Dev/ATLAS.BBS/Source/PO/PO.BBS/BBSM010_PO.cs:601
yyyy/MM/dd	AddResultRow(	Dev/ATLAS.BBS/Source/PO/PO.BBS/BBSM010_PO.cs:705
1900/01/01	AddResultRow(	Dev/ATLAS.BBS/Source/PO/PO.BBS/BBSM010_PO.cs:710
取得資料控制日期失敗，請檢查	AddResultRow(	Dev/ATLAS.BBS/Source/PO/PO.BBS/BBSM010_PO.cs:716
質解日期 必須大於 集保大憑證日期{0}：	AddResultRow(	Dev/ATLAS.BBS/Source/PO/PO.BBS/BBSM010_PO.cs:743
判斷此戶號是否為註銷,請檢查	AddResultRow(	Dev/ATLAS.BBS/Source/PO/PO.BBS/BBSM010_PO.cs:793
查無質設中的憑證資料	AddResultRow(	Dev/ATLAS.BBS/Source/PO/PO.BBS/BBSM010_PO.cs:846
取得質設單位數資料失敗	AddResultRow(	Dev/ATLAS.BBS/Source/PO/PO.BBS/BBSM010_PO.cs:851
新增受讓人境內基金申購主檔失敗，請檢查	throw new ApplicationException(	Dev/ATLAS.BBS/Source/PO/PO.BBS/BBSM013_PO.cs:241
更新出讓人基金結餘檔(境內)失敗，請檢查	throw new ApplicationException(	Dev/ATLAS.BBS/Source/PO/PO.BBS/BBSM013_PO.cs:381
更新基金單位數結餘檔(境內)失敗，請檢查	throw new ApplicationException(	Dev/ATLAS.BBS/Source/PO/PO.BBS/BBSM013_PO.cs:401
新增受讓人基金結餘檔(境內)失敗，請檢查	throw new ApplicationException(	Dev/ATLAS.BBS/Source/PO/PO.BBS/BBSM013_PO.cs:474
更新出讓人境內基金申購明細檔失敗，請檢查	throw new ApplicationException(	Dev/ATLAS.BBS/Source/PO/PO.BBS/BBSM013_PO.cs:500
該憑證號碼:{…} 已被沖銷,不可轉讓	throw new ApplicationException(	Dev/ATLAS.BBS/Source/PO/PO.BBS/BBSM013_PO.cs:535
更新出讓人基金結餘檔(境內)失敗，請檢查	throw new ApplicationException(	Dev/ATLAS.BBS/Source/PO/PO.BBS/BBSM013_PO.cs:645
更新基金單位數結餘檔(境內)失敗，請檢查	throw new ApplicationException(	Dev/ATLAS.BBS/Source/PO/PO.BBS/BBSM013_PO.cs:663
更新受讓人基金結餘檔(境內)失敗，請檢查	throw new ApplicationException(	Dev/ATLAS.BBS/Source/PO/PO.BBS/BBSM013_PO.cs:714
更新出讓人境內基金申購明細檔失敗，請檢查	throw new ApplicationException(	Dev/ATLAS.BBS/Source/PO/PO.BBS/BBSM013_PO.cs:738
該憑證號碼:{…} 已被沖銷,不可刪除	throw new ApplicationException(	Dev/ATLAS.BBS/Source/PO/PO.BBS/BBSM013_PO.cs:769
1900/01/01	AddResultRow(	Dev/ATLAS.BBS/Source/PO/PO.BBS/BBSM013_PO.cs:1053
取得資料控制日期失敗，請檢查	AddResultRow(	Dev/ATLAS.BBS/Source/PO/PO.BBS/BBSM013_PO.cs:1059
更新受益人各基金結餘檔(OFD304A)失敗	throw new ApplicationException(	Dev/ATLAS.BBS/Source/PO/PO.BBS/BBSM109_PO.cs:155
查無該受益人庫存單位數	AddResultRow(	Dev/ATLAS.BBS/Source/PO/PO.BBS/BBSM109_PO.cs:451
取得資料控制日期失敗，請檢查	AddResultRow(	Dev/ATLAS.BBS/Source/PO/PO.BBS/BBSM109_PO.cs:503
判斷此戶號是否為註銷,請檢查	AddResultRow(	Dev/ATLAS.BBS/Source/PO/PO.BBS/BBSM109_PO.cs:547
更新受益人各基金結餘檔(OFD304A)失敗	throw new ApplicationException(	Dev/ATLAS.BBS/Source/PO/PO.BBS/BBSM110_PO.cs:125
更新受益憑證質設明細檔(BBS010A)失敗	throw new ApplicationException(	Dev/ATLAS.BBS/Source/PO/PO.BBS/BBSM110_PO.cs:141
查無該受益人質設中資料	AddResultRow(	Dev/ATLAS.BBS/Source/PO/PO.BBS/BBSM110_PO.cs:358
無實體庫存不足，不可刪除	throw new ApplicationException(	Dev/ATLAS.BBS/Source/PO/PO.BBS/BBSM110_PO.cs:405
無實體庫存不足，不可覆核刪除	throw new ApplicationException(	Dev/ATLAS.BBS/Source/PO/PO.BBS/BBSM110_PO.cs:463
更新受益憑證質設明細檔(BBS010A)失敗	throw new ApplicationException(	Dev/ATLAS.BBS/Source/PO/PO.BBS/BBSM110_PO.cs:479
新增受讓人境內基金申購主檔失敗，請檢查	throw new ApplicationException(	Dev/ATLAS.BBS/Source/PO/PO.BBS/BBSM113_PO.cs:271
更新出讓人基金結餘檔(境內)失敗，請檢查	throw new ApplicationException(	Dev/ATLAS.BBS/Source/PO/PO.BBS/BBSM113_PO.cs:400
更新基金單位數結餘檔(境內)失敗，請檢查	throw new ApplicationException(	Dev/ATLAS.BBS/Source/PO/PO.BBS/BBSM113_PO.cs:418
新增受讓人基金結餘檔(境內)失敗，請檢查	throw new ApplicationException(	Dev/ATLAS.BBS/Source/PO/PO.BBS/BBSM113_PO.cs:487
更新出讓人境內基金申購明細檔失敗，請檢查	throw new ApplicationException(	Dev/ATLAS.BBS/Source/PO/PO.BBS/BBSM113_PO.cs:523
受讓申購資料已贖回或再轉讓，不可刪除	throw new ApplicationException(	Dev/ATLAS.BBS/Source/PO/PO.BBS/BBSM113_PO.cs:555
更新出讓人基金結餘檔(境內)失敗，請檢查	throw new ApplicationException(	Dev/ATLAS.BBS/Source/PO/PO.BBS/BBSM113_PO.cs:614
更新基金單位數結餘檔(境內)失敗，請檢查	throw new ApplicationException(	Dev/ATLAS.BBS/Source/PO/PO.BBS/BBSM113_PO.cs:632
更新受讓人基金結餘檔(境內)失敗，請檢查	throw new ApplicationException(	Dev/ATLAS.BBS/Source/PO/PO.BBS/BBSM113_PO.cs:682
更新出讓人境內基金申購明細檔失敗，請檢查	throw new ApplicationException(	Dev/ATLAS.BBS/Source/PO/PO.BBS/BBSM113_PO.cs:714
取得資料控制日期失敗，請檢查	AddResultRow(	Dev/ATLAS.BBS/Source/PO/PO.BBS/BBSM113_PO.cs:970
此受益人為註銷戶，不可新增	AddError(	Dev/ATLAS.BBS/Source/UI/UI.BBS/BBSM001.cs:266
該基金換發日期已過帳，不可刪除	AddError(	Dev/ATLAS.BBS/Source/UI/UI.BBS/BBSM001.cs:293
{…}，不可刪除	AddError(	Dev/ATLAS.BBS/Source/UI/UI.BBS/BBSM001.cs:327
無實體單位數不足，不可刪除	AddError(	Dev/ATLAS.BBS/Source/UI/UI.BBS/BBSM001.cs:347
此受益人為註銷戶，不可刪除	AddError(	Dev/ATLAS.BBS/Source/UI/UI.BBS/BBSM001.cs:359
換發總單位數 必須大於 0	AddError(	Dev/ATLAS.BBS/Source/UI/UI.BBS/BBSM001.cs:387
換發日期必須大於該基金最近結帳日期：{0}	AddError(	Dev/ATLAS.BBS/Source/UI/UI.BBS/BBSM001.cs:401
換發日期 必須大於該基金最近大憑證日期：{0}	AddError(	Dev/ATLAS.BBS/Source/UI/UI.BBS/BBSM001.cs:417
換發日期 必須為該基金的營業日	AddError(	Dev/ATLAS.BBS/Source/UI/UI.BBS/BBSM001.cs:427
該基金尚未成立	AddError(	Dev/ATLAS.BBS/Source/UI/UI.BBS/BBSM001.cs:431
換發日期 不得小於 基金成立日期：{…}	AddError(	Dev/ATLAS.BBS/Source/UI/UI.BBS/BBSM001.cs:435
原始憑證資料至少需勾選一筆	AddError(	Dev/ATLAS.BBS/Source/UI/UI.BBS/BBSM001.cs:452
換發張數 與 實際筆數 不符	AddError(	Dev/ATLAS.BBS/Source/UI/UI.BBS/BBSM001.cs:479
換發總單位數 須等於 原始憑證單位數 加總，請檢查	AddError(	Dev/ATLAS.BBS/Source/UI/UI.BBS/BBSM001.cs:484
換發憑證單位數 必須大於0	AddError(	Dev/ATLAS.BBS/Source/UI/UI.BBS/BBSM001.cs:492
換發憑證資料單位數 必須等於 換發總單位數：{0}	AddError(	Dev/ATLAS.BBS/Source/UI/UI.BBS/BBSM001.cs:499
換發憑證單位數 須等於 換發總單位數，請檢查	AddError(	Dev/ATLAS.BBS/Source/UI/UI.BBS/BBSM001.cs:504
換發總單位數 須等於 原始憑證單位數 加總，請檢查	AddError(	Dev/ATLAS.BBS/Source/UI/UI.BBS/BBSM001.cs:509
換發日期 不得小於 基金發行日期：{…}	AddError(	Dev/ATLAS.BBS/Source/UI/UI.BBS/BBSM001.cs:515
換發總單位數 必須小於等於 受益人持有單位數：{0}	AddError(	Dev/ATLAS.BBS/Source/UI/UI.BBS/BBSM001.cs:533
換發總單位數 必須小於等於 無實體結餘單位數：{0}	AddError(	Dev/ATLAS.BBS/Source/UI/UI.BBS/BBSM001.cs:543
換發總單位數 必須小於等於 實體結餘單位數：{0}	AddError(	Dev/ATLAS.BBS/Source/UI/UI.BBS/BBSM001.cs:553
憑證號碼：{0}-{1}-{2} 已有沖銷資料，不可新增	AddError(	Dev/ATLAS.BBS/Source/UI/UI.BBS/BBSM001.cs:570
此受益人為註銷戶，不可執行交易	ShowMessage(	Dev/ATLAS.BBS/Source/UI/UI.BBS/BBSM001.cs:641
此基金本日期之公告淨值行事曆尚未設定	ShowMessage(	Dev/ATLAS.BBS/Source/UI/UI.BBS/BBSM001.cs:703
查無此客戶的印鑑資料	ShowMessage(	Dev/ATLAS.BBS/Source/UI/UI.BBS/BBSM001.cs:1141
此受益人為註銷戶，不可新增	AddError(	Dev/ATLAS.BBS/Source/UI/UI.BBS/BBSM003.cs:191
掛失總單位數 必須小於等於 可掛失單位數：{…}	AddError(	Dev/ATLAS.BBS/Source/UI/UI.BBS/BBSM003.cs:218
'掛失總單位數'必須小於等於'可掛失單位數':{0}	AddError(	Dev/ATLAS.BBS/Source/UI/UI.BBS/BBSM003.cs:230
掛失總單位數 須小於等於 實體庫存單位數：{0}	AddError(	Dev/ATLAS.BBS/Source/UI/UI.BBS/BBSM003.cs:244
憑證號碼：{0}-{1}-{2} 已有沖銷資料，不可新增	AddError(	Dev/ATLAS.BBS/Source/UI/UI.BBS/BBSM003.cs:327
掛失憑證中若有[掛失補發]的資料 文件到件日期不可清空	AddError(	Dev/ATLAS.BBS/Source/UI/UI.BBS/BBSM003.cs:369
該基金掛失日期已過帳，不可刪除	AddError(	Dev/ATLAS.BBS/Source/UI/UI.BBS/BBSM003.cs:451
憑證號碼：{…} 狀態不為掛失中，不可刪除，請重新查詢	AddError(	Dev/ATLAS.BBS/Source/UI/UI.BBS/BBSM003.cs:462
'掛失日期'必須大於'集保大憑證的換發日期{0}'	AddError(	Dev/ATLAS.BBS/Source/UI/UI.BBS/BBSM003.cs:498
此受益人為註銷戶，不可刪除	AddError(	Dev/ATLAS.BBS/Source/UI/UI.BBS/BBSM003.cs:538
{…} 不得小於 {…}	AddError(	Dev/ATLAS.BBS/Source/UI/UI.BBS/BBSM003.cs:559
掛失總單位數 必須大於 0	AddError(	Dev/ATLAS.BBS/Source/UI/UI.BBS/BBSM003.cs:565
掛失日期必須大於該基金最近結帳日期：{0}	AddError(	Dev/ATLAS.BBS/Source/UI/UI.BBS/BBSM003.cs:579
掛失日期 不得小於 基金發行日期：{…}	AddError(	Dev/ATLAS.BBS/Source/UI/UI.BBS/BBSM003.cs:585
掛失日期 必須為該基金的營業日	AddError(	Dev/ATLAS.BBS/Source/UI/UI.BBS/BBSM003.cs:598
掛失日期 必須為該基金的營業日	AddError(	Dev/ATLAS.BBS/Source/UI/UI.BBS/BBSM003.cs:606
該基金尚未成立	AddError(	Dev/ATLAS.BBS/Source/UI/UI.BBS/BBSM003.cs:612
掛失日期 不得小於 基金成立日期：{…}	AddError(	Dev/ATLAS.BBS/Source/UI/UI.BBS/BBSM003.cs:616
掛失總單位數 必須小於等於 受益人持有單位數：{0}	AddError(	Dev/ATLAS.BBS/Source/UI/UI.BBS/BBSM003.cs:651
掛失總單位數 必須小於等於 實體結餘單位數：{0}	AddError(	Dev/ATLAS.BBS/Source/UI/UI.BBS/BBSM003.cs:658
此 掛失總單位數 必需等於 明細掛失總單位數 的總合：{…}	AddError(	Dev/ATLAS.BBS/Source/UI/UI.BBS/BBSM003.cs:689
掛失憑證 需至少勾選一筆資料	AddError(	Dev/ATLAS.BBS/Source/UI/UI.BBS/BBSM003.cs:693
無掛失憑證資料	AddError(	Dev/ATLAS.BBS/Source/UI/UI.BBS/BBSM003.cs:697
此受益人為註銷戶，不可執行交易	ShowMessage(	Dev/ATLAS.BBS/Source/UI/UI.BBS/BBSM003.cs:863
此基金本日期之公告淨值行事曆尚未設定	ShowMessage(	Dev/ATLAS.BBS/Source/UI/UI.BBS/BBSM003.cs:1066
查無此客戶的印鑑資料	ShowMessage(	Dev/ATLAS.BBS/Source/UI/UI.BBS/BBSM003.cs:1389
查無此客戶的印鑑資料	ShowMessage(	Dev/ATLAS.BBS/Source/UI/UI.BBS/BBSM003.cs:1431
{0}文件到期日期不可小於掛失日期	AddError(	Dev/ATLAS.BBS/Source/UI/UI.BBS/BBSM003.cs:1445
日期錯誤，請重新輸入!!	ShowMessage(	Dev/ATLAS.BBS/Source/UI/UI.BBS/BBSM003.cs:1461
掛撤總單位數 必須大於 0	AddError(	Dev/ATLAS.BBS/Source/UI/UI.BBS/BBSM004.cs:77
掛撤日期必須大於該基金最近結帳日期：{0}	AddError(	Dev/ATLAS.BBS/Source/UI/UI.BBS/BBSM004.cs:91
該基金尚未成立	AddError(	Dev/ATLAS.BBS/Source/UI/UI.BBS/BBSM004.cs:96
掛撤日期 不得小於 基金成立日期：{…}	AddError(	Dev/ATLAS.BBS/Source/UI/UI.BBS/BBSM004.cs:100
掛撤日期 必須為該基金的營業日	AddError(	Dev/ATLAS.BBS/Source/UI/UI.BBS/BBSM004.cs:131
掛撤日期 必須為該基金的營業日	AddError(	Dev/ATLAS.BBS/Source/UI/UI.BBS/BBSM004.cs:139
掛撤總單位數 必須小於等於 受益人持有的可掛撤單位數：{…}	AddError(	Dev/ATLAS.BBS/Source/UI/UI.BBS/BBSM004.cs:153
{…} | 取得掛失撤銷書號實體憑證資料失敗，請檢查{…}	AddError(	Dev/ATLAS.BBS/Source/UI/UI.BBS/BBSM004.cs:161
至少需勾選一筆明細	AddError(	Dev/ATLAS.BBS/Source/UI/UI.BBS/BBSM004.cs:174
此 掛撤總單位數 必需等於 明細掛失總單位數 的總合：{…}	AddError(	Dev/ATLAS.BBS/Source/UI/UI.BBS/BBSM004.cs:177
掛撤日期 不得小於 基金發行日期：{…}	AddError(	Dev/ATLAS.BBS/Source/UI/UI.BBS/BBSM004.cs:184
掛撤日期不可小於掛失書號：{…}的掛失日期：{…}	AddError(	Dev/ATLAS.BBS/Source/UI/UI.BBS/BBSM004.cs:230
此受益人為註銷戶，不可新增	AddError(	Dev/ATLAS.BBS/Source/UI/UI.BBS/BBSM004.cs:389
此受益人為註銷戶，不可刪除	AddError(	Dev/ATLAS.BBS/Source/UI/UI.BBS/BBSM004.cs:488
該基金掛撤日期已過帳，不可刪除	AddError(	Dev/ATLAS.BBS/Source/UI/UI.BBS/BBSM004.cs:504
憑證號碼：{0} 已有沖銷資料，不可刪除，請重新查詢	AddError(	Dev/ATLAS.BBS/Source/UI/UI.BBS/BBSM004.cs:549
此基金本日期之公告淨值行事曆尚未設定	ShowMessage(	Dev/ATLAS.BBS/Source/UI/UI.BBS/BBSM004.cs:632
此受益人為註銷戶，不可執行交易	ShowMessage(	Dev/ATLAS.BBS/Source/UI/UI.BBS/BBSM004.cs:883
{…} | 取得掛失撤銷書號實體憑證資料失敗，請檢查{…}	ShowMessage(	Dev/ATLAS.BBS/Source/UI/UI.BBS/BBSM004.cs:955
查無此客戶的印鑑資料	ShowMessage(	Dev/ATLAS.BBS/Source/UI/UI.BBS/BBSM004.cs:1597
查無此客戶的印鑑資料	ShowMessage(	Dev/ATLAS.BBS/Source/UI/UI.BBS/BBSM004.cs:1640
此受益人為註銷戶，不可新增	AddError(	Dev/ATLAS.BBS/Source/UI/UI.BBS/BBSM005.cs:252
掛失書號 : {…}  掛補日期 應大於 掛失日期 :{…}	AddError(	Dev/ATLAS.BBS/Source/UI/UI.BBS/BBSM005.cs:274
此受益人為註銷戶，不可刪除	AddError(	Dev/ATLAS.BBS/Source/UI/UI.BBS/BBSM005.cs:336
憑證號碼：{0}-{1}-{2} 已送簽，不可刪除	AddError(	Dev/ATLAS.BBS/Source/UI/UI.BBS/BBSM005.cs:357
該基金掛失補發日期已過帳，不可刪除	AddError(	Dev/ATLAS.BBS/Source/UI/UI.BBS/BBSM005.cs:395
無實體單位數不足，不可刪除	AddError(	Dev/ATLAS.BBS/Source/UI/UI.BBS/BBSM005.cs:415
換發總單位數 必須大於 0	AddError(	Dev/ATLAS.BBS/Source/UI/UI.BBS/BBSM005.cs:438
掛失補發日期必須大於該基金最近結帳日期：{0}	AddError(	Dev/ATLAS.BBS/Source/UI/UI.BBS/BBSM005.cs:455
補發日期 必須為該基金的營業日	AddError(	Dev/ATLAS.BBS/Source/UI/UI.BBS/BBSM005.cs:492
該基金尚未成立	AddError(	Dev/ATLAS.BBS/Source/UI/UI.BBS/BBSM005.cs:507
補發日期 不得小於 基金成立日期：{…}	AddError(	Dev/ATLAS.BBS/Source/UI/UI.BBS/BBSM005.cs:511
掛失憑證 未勾選任何資料	AddError(	Dev/ATLAS.BBS/Source/UI/UI.BBS/BBSM005.cs:527
補發憑證資料單位數 要等於 掛失憑證單位數	AddError(	Dev/ATLAS.BBS/Source/UI/UI.BBS/BBSM005.cs:553
請輸入補發張數	AddError(	Dev/ATLAS.BBS/Source/UI/UI.BBS/BBSM005.cs:560
補發張數 與 實際筆數不符	AddError(	Dev/ATLAS.BBS/Source/UI/UI.BBS/BBSM005.cs:564
換發憑證單位數 必須大於0	AddError(	Dev/ATLAS.BBS/Source/UI/UI.BBS/BBSM005.cs:582
掛失憑證單位數加總 必須等於 掛失補發總單位數：{…}	AddError(	Dev/ATLAS.BBS/Source/UI/UI.BBS/BBSM005.cs:588
補發憑證單位數加總 必須等於 掛失補發總單位數：{…}	AddError(	Dev/ATLAS.BBS/Source/UI/UI.BBS/BBSM005.cs:596
補發日期 不得小於 基金發行日期：{…}	AddError(	Dev/ATLAS.BBS/Source/UI/UI.BBS/BBSM005.cs:614
此受益人為註銷戶，不可執行交易	ShowMessage(	Dev/ATLAS.BBS/Source/UI/UI.BBS/BBSM005.cs:783
此基金本日期之公告淨值行事曆尚未設定	ShowMessage(	Dev/ATLAS.BBS/Source/UI/UI.BBS/BBSM005.cs:899
查無此客戶的印鑑資料	ShowMessage(	Dev/ATLAS.BBS/Source/UI/UI.BBS/BBSM005.cs:1460
查無此客戶的印鑑資料	ShowMessage(	Dev/ATLAS.BBS/Source/UI/UI.BBS/BBSM005.cs:1520
此受益人為註銷戶，不可新增	AddError(	Dev/ATLAS.BBS/Source/UI/UI.BBS/BBSM009.cs:192
此受益人為註銷戶，不可刪除	AddError(	Dev/ATLAS.BBS/Source/UI/UI.BBS/BBSM009.cs:230
該基金質設日期已過帳，不可刪除	AddError(	Dev/ATLAS.BBS/Source/UI/UI.BBS/BBSM009.cs:251
明細資料中有已被質解憑證，不可刪除！	AddError(	Dev/ATLAS.BBS/Source/UI/UI.BBS/BBSM009.cs:260
質設總單位數  必須大於0	AddError(	Dev/ATLAS.BBS/Source/UI/UI.BBS/BBSM009.cs:283
質設日期必須大於該基金最近結帳日期：{0}	AddError(	Dev/ATLAS.BBS/Source/UI/UI.BBS/BBSM009.cs:300
質設日期 必須為該基金的營業日	AddError(	Dev/ATLAS.BBS/Source/UI/UI.BBS/BBSM009.cs:325
該基金尚未成立	AddError(	Dev/ATLAS.BBS/Source/UI/UI.BBS/BBSM009.cs:343
質設日期 不得小於 基金成立日期：{…}	AddError(	Dev/ATLAS.BBS/Source/UI/UI.BBS/BBSM009.cs:348
未勾選任何資料!	AddError(	Dev/ATLAS.BBS/Source/UI/UI.BBS/BBSM009.cs:357
質設總單位數 必須等於 明細質設憑證單位數總和：{0}	AddError(	Dev/ATLAS.BBS/Source/UI/UI.BBS/BBSM009.cs:361
質設日期 不得小於 基金發行日期：{0}	AddError(	Dev/ATLAS.BBS/Source/UI/UI.BBS/BBSM009.cs:374
質設總單位數 必須小於等於 受益人持有單位數：{0}	AddError(	Dev/ATLAS.BBS/Source/UI/UI.BBS/BBSM009.cs:396
質設總單位數 必須小於等於 實體結餘單位數：{0}	AddError(	Dev/ATLAS.BBS/Source/UI/UI.BBS/BBSM009.cs:404
憑證號碼：{0}-{1}-{2} 已有沖銷資料，不可新增	AddError(	Dev/ATLAS.BBS/Source/UI/UI.BBS/BBSM009.cs:420
此基金本日期之公告淨值行事曆尚未設定	ShowMessage(	Dev/ATLAS.BBS/Source/UI/UI.BBS/BBSM009.cs:495
此受益人為註銷戶，不可執行交易	ShowMessage(	Dev/ATLAS.BBS/Source/UI/UI.BBS/BBSM009.cs:673
查無此客戶的印鑑資料	ShowMessage(	Dev/ATLAS.BBS/Source/UI/UI.BBS/BBSM009.cs:817
此受益人為註銷戶，不可刪除	AddError(	Dev/ATLAS.BBS/Source/UI/UI.BBS/BBSM010.cs:178
該基金質解日期已過帳，不可刪除	AddError(	Dev/ATLAS.BBS/Source/UI/UI.BBS/BBSM010.cs:199
此受益人為註銷戶，不可新增	AddError(	Dev/ATLAS.BBS/Source/UI/UI.BBS/BBSM010.cs:247
質設書號 : {…}  質解日期 不可小於 質設日期 :{…}	AddError(	Dev/ATLAS.BBS/Source/UI/UI.BBS/BBSM010.cs:292
質解日期必須大於該基金最近結帳日期：{0}	AddError(	Dev/ATLAS.BBS/Source/UI/UI.BBS/BBSM010.cs:308
質解日期必須大於該基金大憑證最大日期：{0}	AddError(	Dev/ATLAS.BBS/Source/UI/UI.BBS/BBSM010.cs:321
質解日期 必須為該基金的營業日	AddError(	Dev/ATLAS.BBS/Source/UI/UI.BBS/BBSM010.cs:336
該基金尚未成立	AddError(	Dev/ATLAS.BBS/Source/UI/UI.BBS/BBSM010.cs:352
質解日期 不得小於 基金成立日期：{…}	AddError(	Dev/ATLAS.BBS/Source/UI/UI.BBS/BBSM010.cs:357
質解總單位數 必須大於0	AddError(	Dev/ATLAS.BBS/Source/UI/UI.BBS/BBSM010.cs:364
明細資料至少需勾選一筆	AddError(	Dev/ATLAS.BBS/Source/UI/UI.BBS/BBSM010.cs:379
質解總單位數 必須等於 明細質解單位數加總：{0}	AddError(	Dev/ATLAS.BBS/Source/UI/UI.BBS/BBSM010.cs:393
質解日期 不得小於 基金發行日期：{…}	AddError(	Dev/ATLAS.BBS/Source/UI/UI.BBS/BBSM010.cs:419
此受益人為註銷戶，不可執行交易	ShowMessage(	Dev/ATLAS.BBS/Source/UI/UI.BBS/BBSM010.cs:521
此基金本日期之公告淨值行事曆尚未設定	ShowMessage(	Dev/ATLAS.BBS/Source/UI/UI.BBS/BBSM010.cs:605
查無此客戶的印鑑資料	ShowMessage(	Dev/ATLAS.BBS/Source/UI/UI.BBS/BBSM010.cs:832
轉讓單位數 必須等於 申購書轉讓單位數加總：{…}	AddError(	Dev/ATLAS.BBS/Source/UI/UI.BBS/BBSM013.cs:57
憑證號碼：{0}-{1}-{2} 已有沖銷資料，不可新增	AddError(	Dev/ATLAS.BBS/Source/UI/UI.BBS/BBSM013.cs:76
憑證號碼：{0}-{1}-{2} 為掛失/質設中資料，不可新增	AddError(	Dev/ATLAS.BBS/Source/UI/UI.BBS/BBSM013.cs:94
轉讓日期必須大於該基金最近結帳日期：{…}	AddError(	Dev/ATLAS.BBS/Source/UI/UI.BBS/BBSM013.cs:122
此出讓人為註銷戶，不可新增	AddError(	Dev/ATLAS.BBS/Source/UI/UI.BBS/BBSM013.cs:127
此受讓人為註銷戶，不可新增	AddError(	Dev/ATLAS.BBS/Source/UI/UI.BBS/BBSM013.cs:130
出讓人戶號 不可與 受讓人戶號 相同	AddError(	Dev/ATLAS.BBS/Source/UI/UI.BBS/BBSM013.cs:141
轉讓總單位數 必須大於0	AddError(	Dev/ATLAS.BBS/Source/UI/UI.BBS/BBSM013.cs:143
轉讓稅額 必須大於0	AddError(	Dev/ATLAS.BBS/Source/UI/UI.BBS/BBSM013.cs:146
轉讓淨值 必須大於0	AddError(	Dev/ATLAS.BBS/Source/UI/UI.BBS/BBSM013.cs:148
轉讓日期 不得小於 基金發行日期：{…}	AddError(	Dev/ATLAS.BBS/Source/UI/UI.BBS/BBSM013.cs:156
轉讓日期必須大於該基金最近結帳日期：{…}	AddError(	Dev/ATLAS.BBS/Source/UI/UI.BBS/BBSM013.cs:163
轉讓日期 必須為該基金的營業日	AddError(	Dev/ATLAS.BBS/Source/UI/UI.BBS/BBSM013.cs:180
該基金尚未成立	AddError(	Dev/ATLAS.BBS/Source/UI/UI.BBS/BBSM013.cs:186
轉讓日期 不得小於 基金成立日期：{…}	AddError(	Dev/ATLAS.BBS/Source/UI/UI.BBS/BBSM013.cs:190
轉讓單位數 必須等於 註記的憑證單位數加總：{…}	AddError(	Dev/ATLAS.BBS/Source/UI/UI.BBS/BBSM013.cs:199
轉讓總單位數 必須小於等於 受益人持有單位數：{0}	AddError(	Dev/ATLAS.BBS/Source/UI/UI.BBS/BBSM013.cs:216
轉讓總單位數 必須小於等於 實體結餘單位數：{0}	AddError(	Dev/ATLAS.BBS/Source/UI/UI.BBS/BBSM013.cs:224
此出讓人為註銷戶，不可刪除	AddError(	Dev/ATLAS.BBS/Source/UI/UI.BBS/BBSM013.cs:507
此受讓人為註銷戶，不可刪除	AddError(	Dev/ATLAS.BBS/Source/UI/UI.BBS/BBSM013.cs:510
受讓申購資料已贖回或再轉讓，不可刪除	AddError(	Dev/ATLAS.BBS/Source/UI/UI.BBS/BBSM013.cs:526
此受讓人已有大於轉讓日期的質設資料，是否刪除？	變數指派 =	Dev/ATLAS.BBS/Source/UI/UI.BBS/BBSM013.cs:545
{…}D	ByPassAddMessage(	Dev/ATLAS.BBS/Source/UI/UI.BBS/BBSM013.cs:548
此出讓人為註銷戶，不可執行交易	ShowMessage(	Dev/ATLAS.BBS/Source/UI/UI.BBS/BBSM013.cs:631
此受讓人為註銷戶，不可執行交易	ShowMessage(	Dev/ATLAS.BBS/Source/UI/UI.BBS/BBSM013.cs:694
此基金本日期之公告淨值行事曆尚未設定	ShowMessage(	Dev/ATLAS.BBS/Source/UI/UI.BBS/BBSM013.cs:729
查無此客戶的印鑑資料	ShowMessage(	Dev/ATLAS.BBS/Source/UI/UI.BBS/BBSM013.cs:1004
查無此客戶的印鑑資料	ShowMessage(	Dev/ATLAS.BBS/Source/UI/UI.BBS/BBSM013.cs:1037
查無此客戶的印鑑資料	ShowMessage(	Dev/ATLAS.BBS/Source/UI/UI.BBS/BBSM013.cs:1078
單筆申購資料的轉讓單位數 不可大於 可轉讓單位數	AddError(	Dev/ATLAS.BBS/Source/UI/UI.BBS/BBSM013p1.cs:62
小額資料的轉讓單位數 不可大於 可轉讓單位數	AddError(	Dev/ATLAS.BBS/Source/UI/UI.BBS/BBSM013p1.cs:65
單筆申購資料與小額資料的轉讓單位數加總 必須等於 總轉讓單位數 {…}	AddError(	Dev/ATLAS.BBS/Source/UI/UI.BBS/BBSM013p1.cs:68
此受益人為註銷戶，不可新增	AddError(	Dev/ATLAS.BBS/Source/UI/UI.BBS/BBSM109.cs:155
此受益人為註銷戶，不可刪除	AddError(	Dev/ATLAS.BBS/Source/UI/UI.BBS/BBSM109.cs:200
該基金質設日期已過帳，不可刪除	AddError(	Dev/ATLAS.BBS/Source/UI/UI.BBS/BBSM109.cs:221
該書號已被質解，不可刪除	AddError(	Dev/ATLAS.BBS/Source/UI/UI.BBS/BBSM109.cs:227
此受益人為註銷戶，不可執行交易	ShowFormatMessage(	Dev/ATLAS.BBS/Source/UI/UI.BBS/BBSM109.cs:324
此受益人為註銷戶，不可執行交易	ShowFormatMessage(	Dev/ATLAS.BBS/Source/UI/UI.BBS/BBSM109.cs:354
該基金尚未成立	AddError(	Dev/ATLAS.BBS/Source/UI/UI.BBS/BBSM109.cs:380
此基金本日期之公告淨值行事曆尚未設定	ShowMessage(	Dev/ATLAS.BBS/Source/UI/UI.BBS/BBSM109.cs:395
查無此客戶的印鑑資料	ShowMessage(	Dev/ATLAS.BBS/Source/UI/UI.BBS/BBSM109.cs:603
質設日期必須大於該基金最近結帳日期：{0}	AddError(	Dev/ATLAS.BBS/Source/UI/UI.BBS/BBSM109.cs:655
質設日期 必須為該基金的營業日	AddError(	Dev/ATLAS.BBS/Source/UI/UI.BBS/BBSM109.cs:669
質設日期 必須為該基金的營業日	AddError(	Dev/ATLAS.BBS/Source/UI/UI.BBS/BBSM109.cs:676
質設總單位數 必須大於0	AddError(	Dev/ATLAS.BBS/Source/UI/UI.BBS/BBSM109.cs:683
質設總單位數 必須小於等於 受益人持有無實體結餘單位數：{0}	AddError(	Dev/ATLAS.BBS/Source/UI/UI.BBS/BBSM109.cs:715
該基金尚未成立	AddError(	Dev/ATLAS.BBS/Source/UI/UI.BBS/BBSM109.cs:726
質設日期 不得小於 基金成立日期：{…}	AddError(	Dev/ATLAS.BBS/Source/UI/UI.BBS/BBSM109.cs:730
質權人ID 不可等於 受益人ID	AddError(	Dev/ATLAS.BBS/Source/UI/UI.BBS/BBSM109.cs:740
此受益人為註銷戶，不可刪除	AddError(	Dev/ATLAS.BBS/Source/UI/UI.BBS/BBSM110.cs:132
該基金質解日期已過帳，不可刪除	AddError(	Dev/ATLAS.BBS/Source/UI/UI.BBS/BBSM110.cs:140
查無此客戶的印鑑資料	ShowMessage(	Dev/ATLAS.BBS/Source/UI/UI.BBS/BBSM110.cs:216
質解日期必須大於該基金最近結帳日期：{0}	AddError(	Dev/ATLAS.BBS/Source/UI/UI.BBS/BBSM110.cs:237
質解日期 必須為該基金的營業日	AddError(	Dev/ATLAS.BBS/Source/UI/UI.BBS/BBSM110.cs:247
質解日期 必須為該基金的營業日	AddError(	Dev/ATLAS.BBS/Source/UI/UI.BBS/BBSM110.cs:253
質解總單位數 必須大於0	AddError(	Dev/ATLAS.BBS/Source/UI/UI.BBS/BBSM110.cs:259
該基金尚未成立	AddError(	Dev/ATLAS.BBS/Source/UI/UI.BBS/BBSM110.cs:266
質解日期 不得小於 基金成立日期：{…}	AddError(	Dev/ATLAS.BBS/Source/UI/UI.BBS/BBSM110.cs:270
至少須勾選一筆	AddError(	Dev/ATLAS.BBS/Source/UI/UI.BBS/BBSM110.cs:275
質解單位數 為必填欄位且不可為0	AddError(	Dev/ATLAS.BBS/Source/UI/UI.BBS/BBSM110.cs:277
質解單位數 不可大於 未質解單位數	AddError(	Dev/ATLAS.BBS/Source/UI/UI.BBS/BBSM110.cs:279
質解日期 不可小於 質設日期	AddError(	Dev/ATLAS.BBS/Source/UI/UI.BBS/BBSM110.cs:281
質解總單位數 必須等於已勾選 質解單位數：{0}	AddError(	Dev/ATLAS.BBS/Source/UI/UI.BBS/BBSM110.cs:288
質解總單位數 必須小於等於 受益人持有的可質解單位數：{0}	AddError(	Dev/ATLAS.BBS/Source/UI/UI.BBS/BBSM110.cs:292
此受益人為註銷戶，不可執行交易	ShowMessage(	Dev/ATLAS.BBS/Source/UI/UI.BBS/BBSM110.cs:478
此基金本日期之公告淨值行事曆尚未設定	ShowMessage(	Dev/ATLAS.BBS/Source/UI/UI.BBS/BBSM110.cs:519
此出讓人為註銷戶不可刪除	AddError(	Dev/ATLAS.BBS/Source/UI/UI.BBS/BBSM113.cs:199
此受讓人為註銷戶不可刪除	AddError(	Dev/ATLAS.BBS/Source/UI/UI.BBS/BBSM113.cs:202
該基金轉讓日期已過帳，不可刪除	AddError(	Dev/ATLAS.BBS/Source/UI/UI.BBS/BBSM113.cs:221
受讓申購資料已贖回或再轉讓，不可刪除	AddError(	Dev/ATLAS.BBS/Source/UI/UI.BBS/BBSM113.cs:232
此受讓人已有大於轉讓日期的質設資料，是否刪除？	變數指派 =	Dev/ATLAS.BBS/Source/UI/UI.BBS/BBSM113.cs:248
{…}D	ByPassAddMessage(	Dev/ATLAS.BBS/Source/UI/UI.BBS/BBSM113.cs:251
轉讓單位數 必須等於 申購書轉讓單位數加總：{…}	AddError(	Dev/ATLAS.BBS/Source/UI/UI.BBS/BBSM113.cs:291
此出讓人為註銷戶，不可新增	AddError(	Dev/ATLAS.BBS/Source/UI/UI.BBS/BBSM113.cs:296
此受讓人為註銷戶，不可新增	AddError(	Dev/ATLAS.BBS/Source/UI/UI.BBS/BBSM113.cs:299
出讓人戶號 不可與 受讓人戶號 相同	AddError(	Dev/ATLAS.BBS/Source/UI/UI.BBS/BBSM113.cs:310
受讓人不能為集保受益人!	AddError(	Dev/ATLAS.BBS/Source/UI/UI.BBS/BBSM113.cs:313
轉讓總單位數 必須大於0	AddError(	Dev/ATLAS.BBS/Source/UI/UI.BBS/BBSM113.cs:315
轉讓日期必須大於該基金最近結帳日期：{…}	AddError(	Dev/ATLAS.BBS/Source/UI/UI.BBS/BBSM113.cs:321
轉讓日期 必須為該基金的營業日	AddError(	Dev/ATLAS.BBS/Source/UI/UI.BBS/BBSM113.cs:338
該基金尚未成立	AddError(	Dev/ATLAS.BBS/Source/UI/UI.BBS/BBSM113.cs:345
轉讓日期 不得小於 基金成立日期：{…}	AddError(	Dev/ATLAS.BBS/Source/UI/UI.BBS/BBSM113.cs:349
轉讓總單位數 必須小於等於 受益人持有無實體結餘單位數：{0}	AddError(	Dev/ATLAS.BBS/Source/UI/UI.BBS/BBSM113.cs:370
查無該出讓人庫存單位數	ShowFormatMessage(	Dev/ATLAS.BBS/Source/UI/UI.BBS/BBSM113.cs:405
此出讓人為註銷戶，不可執行交易	ShowMessage(	Dev/ATLAS.BBS/Source/UI/UI.BBS/BBSM113.cs:542
此受讓人為註銷戶，不可執行交易	ShowMessage(	Dev/ATLAS.BBS/Source/UI/UI.BBS/BBSM113.cs:606
此基金本日期之公告淨值行事曆尚未設定	ShowMessage(	Dev/ATLAS.BBS/Source/UI/UI.BBS/BBSM113.cs:635
查無此客戶的印鑑資料	ShowMessage(	Dev/ATLAS.BBS/Source/UI/UI.BBS/BBSM113.cs:892
單筆申購資料的轉讓單位數 不可大於 可轉讓單位數	AddError(	Dev/ATLAS.BBS/Source/UI/UI.BBS/BBSM113p1.cs:62
小額資料的轉讓單位數 不可大於 可轉讓單位數	AddError(	Dev/ATLAS.BBS/Source/UI/UI.BBS/BBSM113p1.cs:65
單筆申購資料與小額資料的轉讓單位數加總 必須等於 總轉讓單位數 {…}	AddError(	Dev/ATLAS.BBS/Source/UI/UI.BBS/BBSM113p1.cs:68
查無資料	AddResultRow(	Dev/ATLAS.BMS/Source/PO/PO.BMS/BMSB901A_PO.cs:100
更新筆數不符	AddResultRow(	Dev/ATLAS.BMS/Source/PO/PO.BMS/BMSB901A_PO.cs:184
執行成功, 共更新{0}筆	AddResultRow(	Dev/ATLAS.BMS/Source/PO/PO.BMS/BMSB901A_PO.cs:207
執行失敗，請檢查	AddResultRow(	Dev/ATLAS.BMS/Source/PO/PO.BMS/BMSB901A_PO.cs:214
查無資料	AddResultRow(	Dev/ATLAS.BMS/Source/PO/PO.BMS/BMSB901_PO.cs:91
執行成功	AddResultRow(	Dev/ATLAS.BMS/Source/PO/PO.BMS/BMSB901_PO.cs:170
執行失敗，請檢查	AddResultRow(	Dev/ATLAS.BMS/Source/PO/PO.BMS/BMSB901_PO.cs:175
查無相關資料	AddResultRow(	Dev/ATLAS.BMS/Source/PO/PO.BMS/BMSB925_PO.cs:110
執行失敗，請檢查 : {…}	AddResultRow(	Dev/ATLAS.BMS/Source/PO/PO.BMS/BMSB925_PO.cs:125
查無相關資料	AddResultRow(	Dev/ATLAS.BMS/Source/PO/PO.BMS/BMSB925_PO.cs:167
此戶號已使用，請重新指定	throw new ApplicationException(	Dev/ATLAS.BMS/Source/PO/PO.BMS/BMSM001_PO.cs:741
新增受益人行銷身份群族管理檔失敗	變數指派 =	Dev/ATLAS.BMS/Source/PO/PO.BMS/BMSM001_PO.cs:1654
查詢成功，查詢筆數：{0}筆	AddResultRow(	Dev/ATLAS.BMS/Source/PO/PO.BMS/BMSM001_PO.cs:1971
查詢失敗	AddResultRow(	Dev/ATLAS.BMS/Source/PO/PO.BMS/BMSM001_PO.cs:1979
印鑑圖檔上傳成功	AddResultRow(	Dev/ATLAS.BMS/Source/PO/PO.BMS/BMSM001_PO.cs:2076
上傳失敗	AddResultRow(	Dev/ATLAS.BMS/Source/PO/PO.BMS/BMSM001_PO.cs:2084
印鑑圖檔刪除成功	AddResultRow(	Dev/ATLAS.BMS/Source/PO/PO.BMS/BMSM001_PO.cs:2132
上傳失敗	AddResultRow(	Dev/ATLAS.BMS/Source/PO/PO.BMS/BMSM001_PO.cs:2140
印鑑圖檔已經存在	AddResultRow(	Dev/ATLAS.BMS/Source/PO/PO.BMS/BMSM001_PO.cs:2159
印鑑圖檔不存在	AddResultRow(	Dev/ATLAS.BMS/Source/PO/PO.BMS/BMSM001_PO.cs:2161
讀取受益人授權帳號異動明細檔(境內)失敗	throw new ApplicationException(	Dev/ATLAS.BMS/Source/PO/PO.BMS/BMSM001_PO.cs:2293
更新核印資料[OFD701]失敗	throw new ApplicationException(	Dev/ATLAS.BMS/Source/PO/PO.BMS/BMSM001_PO.cs:2489
更新核印資料[OFD701]失敗	throw new ApplicationException(	Dev/ATLAS.BMS/Source/PO/PO.BMS/BMSM001_PO.cs:2515
更新核印資料[OFD701]失敗	throw new ApplicationException(	Dev/ATLAS.BMS/Source/PO/PO.BMS/BMSM001_PO.cs:2569
扣款帳號已送核，不可修改刪除	throw new ApplicationException(	Dev/ATLAS.BMS/Source/PO/PO.BMS/BMSM001_PO.cs:2910
扣款帳號已送核，不可修改刪除	throw new ApplicationException(	Dev/ATLAS.BMS/Source/PO/PO.BMS/BMSM001_PO.cs:2932
查無通知書寄發途徑設定檔[OFD040A]	AddResultRow(	Dev/ATLAS.BMS/Source/PO/PO.BMS/BMSM001_PO.cs:3045
取得客戶通知書寄發途徑設定檔[OFD040A]失敗	AddResultRow(	Dev/ATLAS.BMS/Source/PO/PO.BMS/BMSM001_PO.cs:3053
取得受益人應繳交文件設定檔[OFD054A]失敗	AddResultRow(	Dev/ATLAS.BMS/Source/PO/PO.BMS/BMSM001_PO.cs:3089
該受益人存在網路交易資料，不可變更	AddResultRow(	Dev/ATLAS.BMS/Source/PO/PO.BMS/BMSM001_PO.cs:3466
進行網路交易資料檢核失敗，請檢查	AddResultRow(	Dev/ATLAS.BMS/Source/PO/PO.BMS/BMSM001_PO.cs:3472
請先到 公司基本資料設定作業(UC0103)設定(境外)集保申報代碼	throw new ApplicationException(	Dev/ATLAS.BMS/Source/PO/PO.BMS/BMSM001_PO.cs:3798
取得受益人資料[BMS001A]失敗，請檢查	AddResultRow(	Dev/ATLAS.BMS/Source/PO/PO.BMS/BMSM004_PO.cs:577
取得範本資料[OFD041A]失敗，請檢查	AddResultRow(	Dev/ATLAS.BMS/Source/PO/PO.BMS/BMSM006_PO.cs:923
受益人資料未變動	throw new ApplicationException(	Dev/ATLAS.BMS/Source/PO/PO.BMS/BMSM006_PO.cs:1141
戶號有誤，請聯絡資訊室人員	throw new ApplicationException(	Dev/ATLAS.BMS/Source/PO/PO.BMS/BMSM006_PO.cs:1187
讀取受益人授權帳號異動明細檔(境內)失敗	throw new ApplicationException(	Dev/ATLAS.BMS/Source/PO/PO.BMS/BMSM006_PO.cs:2460
更新核印資料[OFD701]失敗	throw new ApplicationException(	Dev/ATLAS.BMS/Source/PO/PO.BMS/BMSM006_PO.cs:2658
更新核印資料[OFD701]失敗	throw new ApplicationException(	Dev/ATLAS.BMS/Source/PO/PO.BMS/BMSM006_PO.cs:2684
更新核印資料[OFD701]失敗	throw new ApplicationException(	Dev/ATLAS.BMS/Source/PO/PO.BMS/BMSM006_PO.cs:2741
核印帳號銀行代碼有誤!	throw new ApplicationException(	Dev/ATLAS.BMS/Source/PO/PO.BMS/BMSM006_PO.cs:2768
扣款帳號已送核，不可修改刪除	throw new ApplicationException(	Dev/ATLAS.BMS/Source/PO/PO.BMS/BMSM006_PO.cs:2791
扣款帳號已送核，不可修改刪除	throw new ApplicationException(	Dev/ATLAS.BMS/Source/PO/PO.BMS/BMSM006_PO.cs:2813
輸入的稅籍編號檢核有誤!	變數指派 =	Dev/ATLAS.BMS/Source/PO/PO.BMS/BMSM925_PO.cs:177
{…} 不可重覆	AddError(	Dev/ATLAS.BMS/Source/UI/UI.BMS/BMS001/frmASSETCODEDetail.cs:183
資產證明起始日必須輸入	AddError(	Dev/ATLAS.BMS/Source/UI/UI.BMS/BMS001/frmASSETCODEDetail.cs:204
資料已經刪除，無法再次刪除	MessageBox.Show(	Dev/ATLAS.BMS/Source/UI/UI.BMS/BMS001/frmASSETCODEDetail.cs:242
請傳入欲處理的該筆資料！	MessageBox.Show(	Dev/ATLAS.BMS/Source/UI/UI.BMS/BMS001/frmBankAccountDetail.cs:45
帳號已存在，請檢查	AddError(	Dev/ATLAS.BMS/Source/UI/UI.BMS/BMS001/frmBankAccountDetail.cs:394
買回帳號只能有一筆有效帳號(台幣)	AddError(	Dev/ATLAS.BMS/Source/UI/UI.BMS/BMS001/frmBankAccountDetail.cs:421
買回帳號只能有一筆有效帳號(綜合外幣)	AddError(	Dev/ATLAS.BMS/Source/UI/UI.BMS/BMS001/frmBankAccountDetail.cs:425
買回帳號有效帳號(綜合外幣)與有效帳號(指定外幣)不可同時存在	AddError(	Dev/ATLAS.BMS/Source/UI/UI.BMS/BMS001/frmBankAccountDetail.cs:430
中間銀行SWIFT 只可為8碼或11碼	AddError(	Dev/ATLAS.BMS/Source/UI/UI.BMS/BMS001/frmBankAccountDetail.cs:437
授權生效日 不可小於 授權申請日	AddError(	Dev/ATLAS.BMS/Source/UI/UI.BMS/BMS001/frmBankAccountDetail.cs:448
授權生效日 不可小於 開戶日	AddError(	Dev/ATLAS.BMS/Source/UI/UI.BMS/BMS001/frmBankAccountDetail.cs:453
授權生效日 不可小於 收件日	AddError(	Dev/ATLAS.BMS/Source/UI/UI.BMS/BMS001/frmBankAccountDetail.cs:456
授權終止日 不可小於 系統日	AddError(	Dev/ATLAS.BMS/Source/UI/UI.BMS/BMS001/frmBankAccountDetail.cs:474
授權終止日 不可小於 授權生效日	AddError(	Dev/ATLAS.BMS/Source/UI/UI.BMS/BMS001/frmBankAccountDetail.cs:476
請傳入欲處理的該筆資料！	MessageBox.Show(	Dev/ATLAS.BMS/Source/UI/UI.BMS/BMS001/frmDocType.cs:51
停權日 不可小於 系統日	AddError(	Dev/ATLAS.BMS/Source/UI/UI.BMS/BMS001/frmDocType.cs:120
停權日 不可小於 生效日	AddError(	Dev/ATLAS.BMS/Source/UI/UI.BMS/BMS001/frmDocType.cs:122
[{…}]定期買回同意書生效日小於定期買回授權帳號的授權生效日，是否繼續執行？	變數指派 =	Dev/ATLAS.BMS/Source/UI/UI.BMS/BMS001/frmDocType.cs:128
{…}同意書生效日 不可小於 開戶日	AddError(	Dev/ATLAS.BMS/Source/UI/UI.BMS/BMS001/frmDocType.cs:315
{…}同意書生效日 不可小於 收件日	AddError(	Dev/ATLAS.BMS/Source/UI/UI.BMS/BMS001/frmDocType.cs:320
傳真委扣同意書類別 不可重複	AddError(	Dev/ATLAS.BMS/Source/UI/UI.BMS/BMS001/frmDocType.cs:344
定期買回同意書，基金別不可重複	AddError(	Dev/ATLAS.BMS/Source/UI/UI.BMS/BMS001/frmDocType.cs:356
請傳入欲處理的該筆資料！	MessageBox.Show(	Dev/ATLAS.BMS/Source/UI/UI.BMS/BMS001/frmEC_OFD607A.cs:64
請傳入欲處理的該筆資料！	MessageBox.Show(	Dev/ATLAS.BMS/Source/UI/UI.BMS/BMS001/frmFHAccount.cs:53
相同的基金公司, 基金與配息股設定 已存在	AddError(	Dev/ATLAS.BMS/Source/UI/UI.BMS/BMS001/frmFHAccount.cs:244
出生日期 格式錯誤	AddError(	Dev/ATLAS.BMS/Source/UI/UI.BMS/BMS001/frmJOINT.cs:346
出生年月日，必須小於系統日	AddError(	Dev/ATLAS.BMS/Source/UI/UI.BMS/BMS001/frmJOINT.cs:351
統一編號已存在，請檢查	AddError(	Dev/ATLAS.BMS/Source/UI/UI.BMS/BMS001/frmJOINT.cs:361
{…} 格式有誤，請檢查	AddError(	Dev/ATLAS.BMS/Source/UI/UI.BMS/BMS001/frmJOINT.cs:369
請傳入一筆待處理的資料：JointAccountRow	MessageBox.Show(	Dev/ATLAS.BMS/Source/UI/UI.BMS/BMS001/frmJOINT.cs:406
請傳入欲處理的該筆資料！	MessageBox.Show(	Dev/ATLAS.BMS/Source/UI/UI.BMS/BMS001/frmRDRemitConfirmDetail.cs:55
授權終止日 不可小於 系統日	AddError(	Dev/ATLAS.BMS/Source/UI/UI.BMS/BMS001/frmRDRemitConfirmDetail.cs:117
授權終止日 不可小於 授權生效日	AddError(	Dev/ATLAS.BMS/Source/UI/UI.BMS/BMS001/frmRDRemitConfirmDetail.cs:119
基金 已存在，請檢查	AddError(	Dev/ATLAS.BMS/Source/UI/UI.BMS/BMS001/frmRDRemitConfirmDetail.cs:456
授權生效日 不可小於 授權申請日	AddError(	Dev/ATLAS.BMS/Source/UI/UI.BMS/BMS001/frmRDRemitConfirmDetail.cs:463
授權生效日 不可小於 開戶日	AddError(	Dev/ATLAS.BMS/Source/UI/UI.BMS/BMS001/frmRDRemitConfirmDetail.cs:468
授權生效日 不可小於 收件日	AddError(	Dev/ATLAS.BMS/Source/UI/UI.BMS/BMS001/frmRDRemitConfirmDetail.cs:471
外幣帳戶需先至OFDM020設定此銀行分行之「匯款行SWIFT」	AddError(	Dev/ATLAS.BMS/Source/UI/UI.BMS/BMS001/frmRDRemitConfirmDetail.cs:475
請傳入欲處理的該筆資料！	MessageBox.Show(	Dev/ATLAS.BMS/Source/UI/UI.BMS/BMS001/frmRemitConfirmDetail.cs:44
授權終止日 不可小於 系統日	AddError(	Dev/ATLAS.BMS/Source/UI/UI.BMS/BMS001/frmRemitConfirmDetail.cs:103
授權終止日 不可小於 授權生效日	AddError(	Dev/ATLAS.BMS/Source/UI/UI.BMS/BMS001/frmRemitConfirmDetail.cs:105
相同的 基金公司 與 基金代碼 的有效資料 已存在	AddError(	Dev/ATLAS.BMS/Source/UI/UI.BMS/BMS001/frmRemitConfirmDetail.cs:303
請傳入欲處理的該筆資料！	MessageBox.Show(	Dev/ATLAS.BMS/Source/UI/UI.BMS/BMS001/frmSTOPRemitConfirmDetail.cs:55
有效買回帳號 已存在，請檢查	AddError(	Dev/ATLAS.BMS/Source/UI/UI.BMS/BMS001/frmSTOPRemitConfirmDetail.cs:293
授權生效日 不可小於 授權申請日	AddError(	Dev/ATLAS.BMS/Source/UI/UI.BMS/BMS001/frmSTOPRemitConfirmDetail.cs:300
授權生效日 不可小於 開戶日	AddError(	Dev/ATLAS.BMS/Source/UI/UI.BMS/BMS001/frmSTOPRemitConfirmDetail.cs:305
授權生效日 不可小於 收件日	AddError(	Dev/ATLAS.BMS/Source/UI/UI.BMS/BMS001/frmSTOPRemitConfirmDetail.cs:308
授權終止日 不可小於 系統日	AddError(	Dev/ATLAS.BMS/Source/UI/UI.BMS/BMS001/frmSTOPRemitConfirmDetail.cs:363
授權終止日 不可小於 授權生效日	AddError(	Dev/ATLAS.BMS/Source/UI/UI.BMS/BMS001/frmSTOPRemitConfirmDetail.cs:365
請傳入欲處理的該筆資料！	MessageBox.Show(	Dev/ATLAS.BMS/Source/UI/UI.BMS/BMS001/frmSubAccountDetail.cs:52
集保規定，中信銀扣款帳號僅能為 12 碼	AddError(	Dev/ATLAS.BMS/Source/UI/UI.BMS/BMS001/frmSubAccountDetail.cs:333
帳號已存在，請檢查	AddError(	Dev/ATLAS.BMS/Source/UI/UI.BMS/BMS001/frmSubAccountDetail.cs:352
扣款帳號只能有一筆有效帳號(台幣)	AddError(	Dev/ATLAS.BMS/Source/UI/UI.BMS/BMS001/frmSubAccountDetail.cs:385
扣款帳號只能有一筆有效帳號(綜合外幣)	AddError(	Dev/ATLAS.BMS/Source/UI/UI.BMS/BMS001/frmSubAccountDetail.cs:389
扣款帳號(台幣)至多可有二筆有效帳號(一筆核印完成/一筆未核印完成)	AddError(	Dev/ATLAS.BMS/Source/UI/UI.BMS/BMS001/frmSubAccountDetail.cs:463
扣款帳號(綜合外幣)至多可有二筆有效帳號(一筆核印完成/一筆未核印完成)	AddError(	Dev/ATLAS.BMS/Source/UI/UI.BMS/BMS001/frmSubAccountDetail.cs:468
請傳入欲處理的該筆資料！	MessageBox.Show(	Dev/ATLAS.BMS/Source/UI/UI.BMS/BMS001/frmTARemitConfirmDetail.cs:76
帳號已存在，請檢查	AddError(	Dev/ATLAS.BMS/Source/UI/UI.BMS/BMS001/frmTARemitConfirmDetail.cs:506
指定帳戶已存在，請檢查	AddError(	Dev/ATLAS.BMS/Source/UI/UI.BMS/BMS001/frmTARemitConfirmDetail.cs:515
帳號已存在，請檢查	AddError(	Dev/ATLAS.BMS/Source/UI/UI.BMS/BMS001/frmTARemitConfirmDetail.cs:535
有效扣款帳號 已存在，請檢查	AddError(	Dev/ATLAS.BMS/Source/UI/UI.BMS/BMS001/frmTARemitConfirmDetail.cs:555
扣款方式為{…}之扣款行不存在，請檢查	AddError(	Dev/ATLAS.BMS/Source/UI/UI.BMS/BMS001/frmTARemitConfirmDetail.cs:569
該扣款行{0} {1} 不存在OFDM074，請重新輸入	AddError(	Dev/ATLAS.BMS/Source/UI/UI.BMS/BMS001/frmTARemitConfirmDetail.cs:594
授權生效日 不可小於 授權申請日	AddError(	Dev/ATLAS.BMS/Source/UI/UI.BMS/BMS001/frmTARemitConfirmDetail.cs:619
授權生效日 不可小於 開戶日	AddError(	Dev/ATLAS.BMS/Source/UI/UI.BMS/BMS001/frmTARemitConfirmDetail.cs:624
授權生效日 不可小於 收件日	AddError(	Dev/ATLAS.BMS/Source/UI/UI.BMS/BMS001/frmTARemitConfirmDetail.cs:627
外幣帳戶需先至OFDM020設定此銀行分行之「匯款行SWIFT」	AddError(	Dev/ATLAS.BMS/Source/UI/UI.BMS/BMS001/frmTARemitConfirmDetail.cs:631
帳戶用途碼 不為台幣時 帳戶名稱、匯款行SWIFT 必須輸入	AddError(	Dev/ATLAS.BMS/Source/UI/UI.BMS/BMS001/frmTARemitConfirmDetail.cs:635
授權終止日 不可小於 系統日	AddError(	Dev/ATLAS.BMS/Source/UI/UI.BMS/BMS001/frmTARemitConfirmDetail.cs:738
授權終止日 不可小於 授權生效日	AddError(	Dev/ATLAS.BMS/Source/UI/UI.BMS/BMS001/frmTARemitConfirmDetail.cs:740
核印扣款方式為{…}的有效扣款帳號超過 3 筆，是否繼續？	變數指派 =	Dev/ATLAS.BMS/Source/UI/UI.BMS/BMS001/frmTARemitConfirmDetail.cs:775
【收益分配帳號】已存在一筆以上資料	變數指派 =	Dev/ATLAS.BMS/Source/UI/UI.BMS/BMS001/frmTARemitConfirmDetail.cs:945
【收益分配帳號】複製成功	變數指派 =	Dev/ATLAS.BMS/Source/UI/UI.BMS/BMS001/frmTARemitConfirmDetail.cs:975
【停利買回帳號】複製成功	變數指派 =	Dev/ATLAS.BMS/Source/UI/UI.BMS/BMS001/frmTARemitConfirmDetail.cs:996
【停利買回帳號】已存在一筆以上資料	變數指派 =	Dev/ATLAS.BMS/Source/UI/UI.BMS/BMS001/frmTARemitConfirmDetail.cs:999
至少需有一筆匯入資料	AddError(	Dev/ATLAS.BMS/Source/UI/UI.BMS/BMSB901.cs:37
至少需有一筆匯入資料	AddError(	Dev/ATLAS.BMS/Source/UI/UI.BMS/BMSB901.cs:51
戶號(數字)欄位格式不正確，請修正後重新上傳	ShowMessage(	Dev/ATLAS.BMS/Source/UI/UI.BMS/BMSB901.cs:176
戶號{0}的帳號資料為空白，請修正後重新上傳	ShowMessage(	Dev/ATLAS.BMS/Source/UI/UI.BMS/BMSB901.cs:186
戶號+匯款帳號(舊)不可重覆，請修正後重新上傳	ShowMessage(	Dev/ATLAS.BMS/Source/UI/UI.BMS/BMSB901.cs:196
至少需有一筆匯入資料	AddError(	Dev/ATLAS.BMS/Source/UI/UI.BMS/BMSB901A.cs:38
至少需有一筆匯入資料	AddError(	Dev/ATLAS.BMS/Source/UI/UI.BMS/BMSB901A.cs:50
尾筆資料格式有誤	變數指派 =	Dev/ATLAS.BMS/Source/UI/UI.BMS/BMSB901A.cs:163
戶號+匯款帳號(舊)不可重覆，請修正後重新上傳	ShowMessage(	Dev/ATLAS.BMS/Source/UI/UI.BMS/BMSB901A.cs:179
是否確定要執行刪除?	ShowMessage(	Dev/ATLAS.BMS/Source/UI/UI.BMS/BMSB925.cs:73
個人高資產客戶資料匯出成功！	ShowMessage(	Dev/ATLAS.BMS/Source/UI/UI.BMS/BMSB925.cs:127
個人高資產客戶查無資料！	ShowMessage(	Dev/ATLAS.BMS/Source/UI/UI.BMS/BMSB925.cs:134
法人高資產客戶資料匯出成功！	ShowMessage(	Dev/ATLAS.BMS/Source/UI/UI.BMS/BMSB925.cs:155
法人高資產客戶查無資料！	ShowMessage(	Dev/ATLAS.BMS/Source/UI/UI.BMS/BMSB925.cs:162
此受益人開戶資料已被刪除，請記得至行銷身分群組名單系統進行調整，請確認是否存檔	變數指派 =	Dev/ATLAS.BMS/Source/UI/UI.BMS/BMSM001.cs:957
已有交易資料, 不可刪除	AddError(	Dev/ATLAS.BMS/Source/UI/UI.BMS/BMSM001.cs:986
查無可調閱文件資料	ShowMessage(	Dev/ATLAS.BMS/Source/UI/UI.BMS/BMSM001.cs:1006
開戶日期(起)(迄) 必須皆(不)填寫	AddError(	Dev/ATLAS.BMS/Source/UI/UI.BMS/BMSM001.cs:1031
開戶日期(起) 不可大於 開戶日期(迄)	AddError(	Dev/ATLAS.BMS/Source/UI/UI.BMS/BMSM001.cs:1033
境外開戶日期(起)(迄) 必須皆(不)填寫	AddError(	Dev/ATLAS.BMS/Source/UI/UI.BMS/BMSM001.cs:1035
境外開戶日期(起) 不可大於 境外開戶日期(迄)	AddError(	Dev/ATLAS.BMS/Source/UI/UI.BMS/BMSM001.cs:1037
戶號(起)(迄) 必須皆(不)填寫	AddError(	Dev/ATLAS.BMS/Source/UI/UI.BMS/BMSM001.cs:1039
戶號(起) 不可大於 戶號(迄)	AddError(	Dev/ATLAS.BMS/Source/UI/UI.BMS/BMSM001.cs:1041
客戶統編, 戶號, 開戶日期 必須擇一填寫	AddError(	Dev/ATLAS.BMS/Source/UI/UI.BMS/BMSM001.cs:1046
通知書寄發設定將重新預設，是否繼續？	ShowMessage(	Dev/ATLAS.BMS/Source/UI/UI.BMS/BMSM001.cs:1643
通知書寄發設定將重新預設，是否繼續？	ShowMessage(	Dev/ATLAS.BMS/Source/UI/UI.BMS/BMSM001.cs:1780
提醒：KYC 內容須重新檢附	ShowMessage(	Dev/ATLAS.BMS/Source/UI/UI.BMS/BMSM001.cs:1790
提醒：KYC 內容須重新檢附	ByPassAddMessage(	Dev/ATLAS.BMS/Source/UI/UI.BMS/BMSM001.cs:1798
已有境外資料,是否要全部清除?	ShowMessage(	Dev/ATLAS.BMS/Source/UI/UI.BMS/BMSM001.cs:1824
請重新確認受益人資料！	ShowMessage(	Dev/ATLAS.BMS/Source/UI/UI.BMS/BMSM001.cs:2035
請重新確認受益人資料！	ShowMessage(	Dev/ATLAS.BMS/Source/UI/UI.BMS/BMSM001.cs:2041
不可輸入特殊字元 [@!#$%}！＠＃＄％︿＊～？＞＜＆／＼｛｝”’`{^~?&/,\"<>*'.]	ShowMessage(	Dev/ATLAS.BMS/Source/UI/UI.BMS/BMSM001.cs:2098
不可輸入特殊字元 [@!#$%}！＠＃＄％︿＊～？＞＜＆／＼｛｝”’`{^~?&/,\"<>*'.]	ShowMessage(	Dev/ATLAS.BMS/Source/UI/UI.BMS/BMSM001.cs:2119
開戶資料匯入完成	變數指派 =	Dev/ATLAS.BMS/Source/UI/UI.BMS/BMSM001.cs:2321
請先按下顯示印鑑，查看印鑑	ShowMessage(	Dev/ATLAS.BMS/Source/UI/UI.BMS/BMSM001.cs:3070
{…} 為必填欄位	AddError(	Dev/ATLAS.BMS/Source/UI/UI.BMS/BMSM001.cs:3160
臨時帳號不可刪除	ShowMessage(	Dev/ATLAS.BMS/Source/UI/UI.BMS/BMSM001.cs:3220
扣款帳號已送核，不可刪除	ShowMessage(	Dev/ATLAS.BMS/Source/UI/UI.BMS/BMSM001.cs:3241
扣款帳號已啟動重新送核，不可刪除	ShowMessage(	Dev/ATLAS.BMS/Source/UI/UI.BMS/BMSM001.cs:3247
{…} 為必填欄位	AddError(	Dev/ATLAS.BMS/Source/UI/UI.BMS/BMSM001.cs:4354
英文現行居住地為必填	AddError(	Dev/ATLAS.BMS/Source/UI/UI.BMS/BMSM001.cs:4434
本公司暫不接受歐盟居民開戶 不可存檔!	AddError(	Dev/ATLAS.BMS/Source/UI/UI.BMS/BMSM001.cs:4440
本公司暫不接受歐盟居民開戶 不可存檔!	AddError(	Dev/ATLAS.BMS/Source/UI/UI.BMS/BMSM001.cs:4444
出生日期 不可大於 開戶日	AddError(	Dev/ATLAS.BMS/Source/UI/UI.BMS/BMSM001.cs:4461
英文姓名必須輸入	AddError(	Dev/ATLAS.BMS/Source/UI/UI.BMS/BMSM001.cs:4509
帳戶別 為必填欄位	AddError(	Dev/ATLAS.BMS/Source/UI/UI.BMS/BMSM001.cs:4514
個資提供設定日期 為必填欄位	AddError(	Dev/ATLAS.BMS/Source/UI/UI.BMS/BMSM001.cs:4523
帳務提供設定日期 為必填欄位	AddError(	Dev/ATLAS.BMS/Source/UI/UI.BMS/BMSM001.cs:4525
戶號 不可為 0	AddError(	Dev/ATLAS.BMS/Source/UI/UI.BMS/BMSM001.cs:4531
當 通知書寄發設定 勾選 寄送方式-EMAIL 時, {…} 為必填欄位	AddError(	Dev/ATLAS.BMS/Source/UI/UI.BMS/BMSM001.cs:4537
當 開戶類別 為網路客戶時, {…} 為必填欄位	AddError(	Dev/ATLAS.BMS/Source/UI/UI.BMS/BMSM001.cs:4541
{…} 格式有誤，請檢查	AddError(	Dev/ATLAS.BMS/Source/UI/UI.BMS/BMSM001.cs:4547
{…} 格式有誤，請檢查	AddError(	Dev/ATLAS.BMS/Source/UI/UI.BMS/BMSM001.cs:4550
此推薦人不存在該通路代碼{…}，請檢查	AddError(	Dev/ATLAS.BMS/Source/UI/UI.BMS/BMSM001.cs:4568
{…} 為必填欄位	AddError(	Dev/ATLAS.BMS/Source/UI/UI.BMS/BMSM001.cs:4582
共同持有人與受益人ID相同，請檢查	AddError(	Dev/ATLAS.BMS/Source/UI/UI.BMS/BMSM001.cs:4590
{…} 為必填欄位	AddError(	Dev/ATLAS.BMS/Source/UI/UI.BMS/BMSM001.cs:4600
有輸入配息帳號時，[受益人扣繳類別]必須輸入。	AddError(	Dev/ATLAS.BMS/Source/UI/UI.BMS/BMSM001.cs:4639
{…} 為必填欄位	AddError(	Dev/ATLAS.BMS/Source/UI/UI.BMS/BMSM001.cs:4645
{…} 寄送方式均未打勾，寄發碼須為不寄發	AddError(	Dev/ATLAS.BMS/Source/UI/UI.BMS/BMSM001.cs:4657
{…} 寄送方式任一有打勾，寄發碼須為寄發	AddError(	Dev/ATLAS.BMS/Source/UI/UI.BMS/BMSM001.cs:4663
客戶已有申請Auto fax，通知書的傳真寄發碼應至少勾選一個	AddError(	Dev/ATLAS.BMS/Source/UI/UI.BMS/BMSM001.cs:4674
通知書的傳真寄發碼有勾選時，Auto fax欄位也需勾選，請確認客戶已有申請傳真服務	AddError(	Dev/ATLAS.BMS/Source/UI/UI.BMS/BMSM001.cs:4679
住家電話輸入不完全	AddError(	Dev/ATLAS.BMS/Source/UI/UI.BMS/BMSM001.cs:4687
公司電話輸入不完全	AddError(	Dev/ATLAS.BMS/Source/UI/UI.BMS/BMSM001.cs:4691
聯絡人住家電話輸入不完全	AddError(	Dev/ATLAS.BMS/Source/UI/UI.BMS/BMSM001.cs:4695
聯絡人公司電話輸入不完全	AddError(	Dev/ATLAS.BMS/Source/UI/UI.BMS/BMSM001.cs:4698
聯絡人公司電話、聯絡人住家電話、聯絡人行動電話 必須擇一填寫	AddError(	Dev/ATLAS.BMS/Source/UI/UI.BMS/BMSM001.cs:4702
聯絡人公司電話區碼 必須輸入	AddError(	Dev/ATLAS.BMS/Source/UI/UI.BMS/BMSM001.cs:4704
聯絡人住家電話區碼 必須輸入	AddError(	Dev/ATLAS.BMS/Source/UI/UI.BMS/BMSM001.cs:4706
公司電話區碼 必須輸入	AddError(	Dev/ATLAS.BMS/Source/UI/UI.BMS/BMSM001.cs:4708
住家電話區碼 必須輸入	AddError(	Dev/ATLAS.BMS/Source/UI/UI.BMS/BMSM001.cs:4710
傳真電話區碼1 必須輸入	AddError(	Dev/ATLAS.BMS/Source/UI/UI.BMS/BMSM001.cs:4712
傳真電話區碼2 必須輸入	AddError(	Dev/ATLAS.BMS/Source/UI/UI.BMS/BMSM001.cs:4714
傳真電話區碼3 必須輸入	AddError(	Dev/ATLAS.BMS/Source/UI/UI.BMS/BMSM001.cs:4716
集保網路密碼只可選擇 未申請 或 新申請	AddError(	Dev/ATLAS.BMS/Source/UI/UI.BMS/BMSM001.cs:4725
集保網路密碼只可選擇 未申請 或 新申請	AddError(	Dev/ATLAS.BMS/Source/UI/UI.BMS/BMSM001.cs:4730
境外開戶日期 不可小於 開戶日期	AddError(	Dev/ATLAS.BMS/Source/UI/UI.BMS/BMSM001.cs:4740
出生日期 格式錯誤	AddError(	Dev/ATLAS.BMS/Source/UI/UI.BMS/BMSM001.cs:4867
出生日期，必須小於系統日	AddError(	Dev/ATLAS.BMS/Source/UI/UI.BMS/BMSM001.cs:4872
傳真電話2 不可重覆	AddError(	Dev/ATLAS.BMS/Source/UI/UI.BMS/BMSM001.cs:4908
傳真電話3 不可重覆	AddError(	Dev/ATLAS.BMS/Source/UI/UI.BMS/BMSM001.cs:4914
此受益人〔行銷身分別〕有異動，請記得至行銷身分別群組名單系統進行調整，請確認是否存檔(Y/N)	變數指派 =	Dev/ATLAS.BMS/Source/UI/UI.BMS/BMSM001.cs:4918
該受益人有「傳真委扣」權限，但未勾選「傳真交易戶」，請確認仍要繼續執行(Y/N)?	變數指派 =	Dev/ATLAS.BMS/Source/UI/UI.BMS/BMSM001.cs:4942
該受益人有「傳真委扣」權限，但無「扣款帳號」，請確認仍要繼續執行(Y/N)?	變數指派 =	Dev/ATLAS.BMS/Source/UI/UI.BMS/BMSM001.cs:4969
該受益人有「傳真委扣」權限，但無「扣款帳號」，請確認仍要繼續執行(Y/N)?	變數指派 =	Dev/ATLAS.BMS/Source/UI/UI.BMS/BMSM001.cs:4976
「財報/基資表註記」勾選時，有效日期為必輸條件	變數指派 =	Dev/ATLAS.BMS/Source/UI/UI.BMS/BMSM001.cs:5003
開戶KYC的基本資料為必輸條件	變數指派 =	Dev/ATLAS.BMS/Source/UI/UI.BMS/BMSM001.cs:5024
開戶KYC的基本資料，勾選"其他"欄位後必須輸入原因	變數指派 =	Dev/ATLAS.BMS/Source/UI/UI.BMS/BMSM001.cs:5031
開戶KYC的風險屬性為必輸條件	變數指派 =	Dev/ATLAS.BMS/Source/UI/UI.BMS/BMSM001.cs:5047
開戶KYC的風險屬性，勾選"其他"欄位後必須輸入原因	變數指派 =	Dev/ATLAS.BMS/Source/UI/UI.BMS/BMSM001.cs:5054
私募受益人類別為【非合格特定人】時，資產證明資料必須輸入	AddError(	Dev/ATLAS.BMS/Source/UI/UI.BMS/BMSM001.cs:5065
該ID已開設其他帳戶，是否繼續？	ByPassAddMessage(	Dev/ATLAS.BMS/Source/UI/UI.BMS/BMSM001.cs:5082
{…}該扣款方式為之扣款行不存在，請檢查	AddError(	Dev/ATLAS.BMS/Source/UI/UI.BMS/BMSM001.cs:5119
{…}授權生效日 不可小於 授權申請日	AddError(	Dev/ATLAS.BMS/Source/UI/UI.BMS/BMSM001.cs:5159
{…}授權終止日 不可小於 授權生效日	AddError(	Dev/ATLAS.BMS/Source/UI/UI.BMS/BMSM001.cs:5164
{…}授權生效日 不可小於 授權申請日	AddError(	Dev/ATLAS.BMS/Source/UI/UI.BMS/BMSM001.cs:5209
{…}授權終止日 不可小於 授權生效日	AddError(	Dev/ATLAS.BMS/Source/UI/UI.BMS/BMSM001.cs:5214
{…}授權生效日 不可小於 授權申請日	AddError(	Dev/ATLAS.BMS/Source/UI/UI.BMS/BMSM001.cs:5229
{…}授權終止日 不可小於 授權生效日	AddError(	Dev/ATLAS.BMS/Source/UI/UI.BMS/BMSM001.cs:5234
買回帳號最少要有一筆有效帳號(台幣或指定外幣或綜合外幣都可)	AddError(	Dev/ATLAS.BMS/Source/UI/UI.BMS/BMSM001.cs:5253
傳真委扣	變數指派 =	Dev/ATLAS.BMS/Source/UI/UI.BMS/BMSM001.cs:5400
定期買回	變數指派 =	Dev/ATLAS.BMS/Source/UI/UI.BMS/BMSM001.cs:5403
{…}同意書生效日 不可小於 開戶日期	AddError(	Dev/ATLAS.BMS/Source/UI/UI.BMS/BMSM001.cs:5406
開戶日期 不可大於 境外缺件的到件日期	AddError(	Dev/ATLAS.BMS/Source/UI/UI.BMS/BMSM001.cs:5520
開戶日期 不可大於 境內缺件的到件日期	AddError(	Dev/ATLAS.BMS/Source/UI/UI.BMS/BMSM001.cs:5522
該ID已開設其他帳戶，是否繼續？	ShowMessage(	Dev/ATLAS.BMS/Source/UI/UI.BMS/BMSM001.cs:5574
受益人ID與法代(一)相同，請重新輸入	ShowMessage(	Dev/ATLAS.BMS/Source/UI/UI.BMS/BMSM001.cs:5584
受益人ID與法代(二)相同，請重新輸入	ShowMessage(	Dev/ATLAS.BMS/Source/UI/UI.BMS/BMSM001.cs:5590
受益人ID與負責人ID相同，請重新輸入	ShowMessage(	Dev/ATLAS.BMS/Source/UI/UI.BMS/BMSM001.cs:5596
法代(一)(二)ID相同，請重新輸入	ShowMessage(	Dev/ATLAS.BMS/Source/UI/UI.BMS/BMSM001.cs:5631
此ID與受益人ID相同，請重新輸入	ShowMessage(	Dev/ATLAS.BMS/Source/UI/UI.BMS/BMSM001.cs:5636
法代(一)(二)ID相同，請重新輸入	ShowMessage(	Dev/ATLAS.BMS/Source/UI/UI.BMS/BMSM001.cs:5674
此ID與受益人ID相同，請重新輸入	ShowMessage(	Dev/ATLAS.BMS/Source/UI/UI.BMS/BMSM001.cs:5679
此ID與受益人ID相同，請重新輸入	ShowMessage(	Dev/ATLAS.BMS/Source/UI/UI.BMS/BMSM001.cs:5714
戶號不可為空白，請檢查	ShowMessage(	Dev/ATLAS.BMS/Source/UI/UI.BMS/BMSM001.cs:5805
請先輸入戶號！	ShowMessage(	Dev/ATLAS.BMS/Source/UI/UI.BMS/BMSM001.cs:5896
印鑑圖檔已經存在，請檢查	ShowMessage(	Dev/ATLAS.BMS/Source/UI/UI.BMS/BMSM001.cs:5903
請重新指定印鑑檔	ShowMessage(	Dev/ATLAS.BMS/Source/UI/UI.BMS/BMSM001.cs:5930
確定要刪除印鑑？	ShowMessage(	Dev/ATLAS.BMS/Source/UI/UI.BMS/BMSM001.cs:5986
印鑑圖檔不存在或多筆，請檢查	ShowMessage(	Dev/ATLAS.BMS/Source/UI/UI.BMS/BMSM001.cs:5993
系統錯誤：查無印鑑或已存在多個印鑑資料，請檢查	ShowMessage(	Dev/ATLAS.BMS/Source/UI/UI.BMS/BMSM001.cs:6040
綜合帳戶主檔不只一筆，請檢查	ShowFormatMessage(	Dev/ATLAS.BMS/Source/UI/UI.BMS/BMSM001.cs:7008
授權帳戶主檔不只一筆，請檢查	ShowFormatMessage(	Dev/ATLAS.BMS/Source/UI/UI.BMS/BMSM001.cs:7045
配息帳號主檔不只一筆，請檢查	ShowFormatMessage(	Dev/ATLAS.BMS/Source/UI/UI.BMS/BMSM001.cs:7098
停利買回帳號主檔不只一筆，請檢查	ShowFormatMessage(	Dev/ATLAS.BMS/Source/UI/UI.BMS/BMSM001.cs:7128
銀行帳戶主檔不只一筆，請檢查	ShowFormatMessage(	Dev/ATLAS.BMS/Source/UI/UI.BMS/BMSM001.cs:7165
扣款帳號主檔不只一筆，請檢查	ShowFormatMessage(	Dev/ATLAS.BMS/Source/UI/UI.BMS/BMSM001.cs:7198
查無此客戶的印鑑資料	ShowMessage(	Dev/ATLAS.BMS/Source/UI/UI.BMS/BMSM001.cs:7921
請輸入 戶號!!	ShowMessage(	Dev/ATLAS.BMS/Source/UI/UI.BMS/BMSM001.cs:8432
收件日期(起)(迄) 必須皆(不)填寫	AddError(	Dev/ATLAS.BMS/Source/UI/UI.BMS/BMSM004.cs:109
收件日期(起) 不可大於 收件日期(迄)	AddError(	Dev/ATLAS.BMS/Source/UI/UI.BMS/BMSM004.cs:111
戶號(起)(迄) 必須皆(不)填寫	AddError(	Dev/ATLAS.BMS/Source/UI/UI.BMS/BMSM004.cs:113
戶號(起) 不可大於 戶號(迄)	AddError(	Dev/ATLAS.BMS/Source/UI/UI.BMS/BMSM004.cs:115
收件日期, 戶號, 變異前後客戶統編 必須擇一填寫	AddError(	Dev/ATLAS.BMS/Source/UI/UI.BMS/BMSM004.cs:119
不可輸入特殊字元 [@!#$%}！＠＃＄％︿＊～？＞＜＆／＼｛｝”’`{^~?&/,\"<>*'.]	ShowMessage(	Dev/ATLAS.BMS/Source/UI/UI.BMS/BMSM004.cs:268
查無可調閱文件資料	ShowMessage(	Dev/ATLAS.BMS/Source/UI/UI.BMS/BMSM004.cs:469
'變更後客戶統編' 為必填欄位	AddError(	Dev/ATLAS.BMS/Source/UI/UI.BMS/BMSM004.cs:580
'變更後中文姓名' 為必填欄位	AddError(	Dev/ATLAS.BMS/Source/UI/UI.BMS/BMSM004.cs:582
'變更後英文姓名' 為必填欄位	AddError(	Dev/ATLAS.BMS/Source/UI/UI.BMS/BMSM004.cs:584
資料未變更	AddError(	Dev/ATLAS.BMS/Source/UI/UI.BMS/BMSM004.cs:602
變更生效日期 不可小於 收件日期	AddError(	Dev/ATLAS.BMS/Source/UI/UI.BMS/BMSM004.cs:604
收件日期 非公司營業日	AddError(	Dev/ATLAS.BMS/Source/UI/UI.BMS/BMSM004.cs:607
收件日期 不可大於 缺件的到件日期	AddError(	Dev/ATLAS.BMS/Source/UI/UI.BMS/BMSM004.cs:610
尚有未生效的受益人異動資料，是否新增？	變數指派 =	Dev/ATLAS.BMS/Source/UI/UI.BMS/BMSM004.cs:659
客戶已存有定期定額扣款人紀錄或約定扣款帳號，異動ID將影響客戶扣款作業，請務必執行相關作業程序	變數指派 =	Dev/ATLAS.BMS/Source/UI/UI.BMS/BMSM004.cs:681
變更後的客戶統編已開戶，請確認是否繼續？	變數指派 =	Dev/ATLAS.BMS/Source/UI/UI.BMS/BMSM004.cs:703
查無此客戶的印鑑資料	ShowMessage(	Dev/ATLAS.BMS/Source/UI/UI.BMS/BMSM004.cs:811
開戶日期(起)(迄) 必須皆(不)填寫	AddError(	Dev/ATLAS.BMS/Source/UI/UI.BMS/BMSM006.cs:617
開戶日期(起) 不可大於 開戶日期(迄)	AddError(	Dev/ATLAS.BMS/Source/UI/UI.BMS/BMSM006.cs:619
境外開戶日期(起)(迄) 必須皆(不)填寫	AddError(	Dev/ATLAS.BMS/Source/UI/UI.BMS/BMSM006.cs:621
境外開戶日期(起) 不可大於 境外開戶日期(迄)	AddError(	Dev/ATLAS.BMS/Source/UI/UI.BMS/BMSM006.cs:623
收件日期(起)(迄) 必須皆(不)填寫	AddError(	Dev/ATLAS.BMS/Source/UI/UI.BMS/BMSM006.cs:625
收件日期(起) 不可大於 收件日期(迄)	AddError(	Dev/ATLAS.BMS/Source/UI/UI.BMS/BMSM006.cs:627
戶號(起)(迄) 必須皆(不)填寫	AddError(	Dev/ATLAS.BMS/Source/UI/UI.BMS/BMSM006.cs:629
戶號(起) 不可大於 戶號(迄)	AddError(	Dev/ATLAS.BMS/Source/UI/UI.BMS/BMSM006.cs:631
收件日期, 客戶統編, 戶號 必須擇一填寫	AddError(	Dev/ATLAS.BMS/Source/UI/UI.BMS/BMSM006.cs:636
帶入EC資料成功	ShowMessage(	Dev/ATLAS.BMS/Source/UI/UI.BMS/BMSM006.cs:1784
帶入EC資料成功	ByPassAddMessage(	Dev/ATLAS.BMS/Source/UI/UI.BMS/BMSM006.cs:1785
無符合資料	ShowMessage(	Dev/ATLAS.BMS/Source/UI/UI.BMS/BMSM006.cs:1795
查無此客戶的印鑑資料	ShowMessage(	Dev/ATLAS.BMS/Source/UI/UI.BMS/BMSM006.cs:1830
此受益人開戶資料已被刪除，請記得至行銷身分群組名單系統進行調整，請確認是否存檔	變數指派 =	Dev/ATLAS.BMS/Source/UI/UI.BMS/BMSM006.cs:1849
尚未開EC戶，不可重發！	AddError(	Dev/ATLAS.BMS/Source/UI/UI.BMS/BMSM006.cs:1976
登入密碼已停權，不可重發！	AddError(	Dev/ATLAS.BMS/Source/UI/UI.BMS/BMSM006.cs:2003
登入密碼尚未發送，不可重發！	AddError(	Dev/ATLAS.BMS/Source/UI/UI.BMS/BMSM006.cs:2007
交易密碼已停權，不可重發！	AddError(	Dev/ATLAS.BMS/Source/UI/UI.BMS/BMSM006.cs:2013
交易密碼尚未發送，不可重發！	AddError(	Dev/ATLAS.BMS/Source/UI/UI.BMS/BMSM006.cs:2017
登入及交易密碼已停權，不可重發！	AddError(	Dev/ATLAS.BMS/Source/UI/UI.BMS/BMSM006.cs:2025
登入密碼已停權，不可重發！	AddError(	Dev/ATLAS.BMS/Source/UI/UI.BMS/BMSM006.cs:2029
交易密碼已停權，不可重發！	AddError(	Dev/ATLAS.BMS/Source/UI/UI.BMS/BMSM006.cs:2033
登入及交易密碼尚未發送，不可重發！	AddError(	Dev/ATLAS.BMS/Source/UI/UI.BMS/BMSM006.cs:2038
登入密碼已停權，不可重發！	AddError(	Dev/ATLAS.BMS/Source/UI/UI.BMS/BMSM006.cs:2044
登入密碼尚未發送，不可重發！	AddError(	Dev/ATLAS.BMS/Source/UI/UI.BMS/BMSM006.cs:2048
交易密碼已停權，不可重發！	AddError(	Dev/ATLAS.BMS/Source/UI/UI.BMS/BMSM006.cs:2053
交易密碼尚未發送，不可重發！	AddError(	Dev/ATLAS.BMS/Source/UI/UI.BMS/BMSM006.cs:2057
通知書寄發設定將重新預設，是否繼續？	ShowMessage(	Dev/ATLAS.BMS/Source/UI/UI.BMS/BMSM006.cs:2082
提醒：KYC 內容須重新檢附	ShowMessage(	Dev/ATLAS.BMS/Source/UI/UI.BMS/BMSM006.cs:2092
提醒：KYC 內容須重新檢附	ByPassAddMessage(	Dev/ATLAS.BMS/Source/UI/UI.BMS/BMSM006.cs:2100
通知書寄發設定將重新預設，是否繼續？	ShowMessage(	Dev/ATLAS.BMS/Source/UI/UI.BMS/BMSM006.cs:2199
請重新確認受益人資料！	ShowMessage(	Dev/ATLAS.BMS/Source/UI/UI.BMS/BMSM006.cs:2504
請重新確認受益人資料！	ShowMessage(	Dev/ATLAS.BMS/Source/UI/UI.BMS/BMSM006.cs:2544
臨時帳號不可刪除	ShowMessage(	Dev/ATLAS.BMS/Source/UI/UI.BMS/BMSM006.cs:2761
扣款帳號已送核，不可刪除	ShowMessage(	Dev/ATLAS.BMS/Source/UI/UI.BMS/BMSM006.cs:2782
扣款帳號已啟動重新送核，不可刪除	ShowMessage(	Dev/ATLAS.BMS/Source/UI/UI.BMS/BMSM006.cs:2788
{…} 為必填欄位	AddError(	Dev/ATLAS.BMS/Source/UI/UI.BMS/BMSM006.cs:2808
收件日期 為必填欄位	AddError(	Dev/ATLAS.BMS/Source/UI/UI.BMS/BMSM006.cs:2814
收件日期 為必填欄位	AddError(	Dev/ATLAS.BMS/Source/UI/UI.BMS/BMSM006.cs:2909
收件日期 為必填欄位	AddError(	Dev/ATLAS.BMS/Source/UI/UI.BMS/BMSM006.cs:2982
資料已經刪除，無法再次刪除	ShowMessage(	Dev/ATLAS.BMS/Source/UI/UI.BMS/BMSM006.cs:3303
資料已經生效，無法進行刪除	ShowMessage(	Dev/ATLAS.BMS/Source/UI/UI.BMS/BMSM006.cs:3322
註銷戶號:{0}	ByPassAddMessage(	Dev/ATLAS.BMS/Source/UI/UI.BMS/BMSM006.cs:3337
本筆資料有新增EC權限，請確認是否要新增? 是 / 否	ByPassAddMessage(	Dev/ATLAS.BMS/Source/UI/UI.BMS/BMSM006.cs:3360
戶籍地址郵遞區號 為必填	AddError(	Dev/ATLAS.BMS/Source/UI/UI.BMS/BMSM006.cs:3448
通訊地址郵遞區號 為必填	AddError(	Dev/ATLAS.BMS/Source/UI/UI.BMS/BMSM006.cs:3452
英文現行居住地為必填	AddError(	Dev/ATLAS.BMS/Source/UI/UI.BMS/BMSM006.cs:3465
本公司暫不接受歐盟居民開戶，並請至OFDM114設定暫停交易，是否繼續？	ShowMessage(	Dev/ATLAS.BMS/Source/UI/UI.BMS/BMSM006.cs:3472
本公司暫不接受歐盟居民開戶，並請至OFDM114設定暫停交易，是否繼續？	ShowMessage(	Dev/ATLAS.BMS/Source/UI/UI.BMS/BMSM006.cs:3479
本筆資料有新增EC權限，請確認是否要新增? 是 / 否	ShowMessage(	Dev/ATLAS.BMS/Source/UI/UI.BMS/BMSM006.cs:3488
開戶類別為「網路客戶」，傳真交易為「否」，是否繼續存檔 ?	變數指派 =	Dev/ATLAS.BMS/Source/UI/UI.BMS/BMSM006.cs:3496
變更資料異動說明 為必填	AddError(	Dev/ATLAS.BMS/Source/UI/UI.BMS/BMSM006.cs:3506
國籍如為中國籍變更為本國籍請通知投信確認列管作業是否調整！	ShowMessage(	Dev/ATLAS.BMS/Source/UI/UI.BMS/BMSM006.cs:3515
是否確定補發密碼？	變數指派 =	Dev/ATLAS.BMS/Source/UI/UI.BMS/BMSM006.cs:3557
請先帶入EC資料	AddError(	Dev/ATLAS.BMS/Source/UI/UI.BMS/BMSM006.cs:3573
尚有新增電子交易權限異動申請未生效，不可存檔	AddError(	Dev/ATLAS.BMS/Source/UI/UI.BMS/BMSM006.cs:3582
變更生效日期 不可小於 收件日期	AddError(	Dev/ATLAS.BMS/Source/UI/UI.BMS/BMSM006.cs:3586
變更生效日期 不可小於 系統日	AddError(	Dev/ATLAS.BMS/Source/UI/UI.BMS/BMSM006.cs:3593
收件日期 不可小於 系統日	AddError(	Dev/ATLAS.BMS/Source/UI/UI.BMS/BMSM006.cs:3595
收件日期 非公司營業日	AddError(	Dev/ATLAS.BMS/Source/UI/UI.BMS/BMSM006.cs:3603
提醒：執行註銷時，請先確認客戶所有在途中交易，包含：申購、買回、定額契約及異動、櫃台事務作業等，避免交易失敗！	ShowMessage(	Dev/ATLAS.BMS/Source/UI/UI.BMS/BMSM006.cs:3609
贖回匯入帳號 ({…}){…} 帳號已存在，請檢查	AddError(	Dev/ATLAS.BMS/Source/UI/UI.BMS/BMSM006.cs:3640
扣款帳號 ({…}){…} 帳號已存在，請檢查	AddError(	Dev/ATLAS.BMS/Source/UI/UI.BMS/BMSM006.cs:3642
帳戶別 為必填欄位	AddError(	Dev/ATLAS.BMS/Source/UI/UI.BMS/BMSM006.cs:3706
個資提供設定日期 為必填欄位	AddError(	Dev/ATLAS.BMS/Source/UI/UI.BMS/BMSM006.cs:3714
帳務提供設定日期 為必填欄位	AddError(	Dev/ATLAS.BMS/Source/UI/UI.BMS/BMSM006.cs:3716
戶號 不可為 0	AddError(	Dev/ATLAS.BMS/Source/UI/UI.BMS/BMSM006.cs:3722
當 通知書寄發設定 勾選 寄送方式-EMAIL 時, {…} 為必填欄位	AddError(	Dev/ATLAS.BMS/Source/UI/UI.BMS/BMSM006.cs:3789
當 開戶類別 為網路客戶時, {…} 為必填欄位	AddError(	Dev/ATLAS.BMS/Source/UI/UI.BMS/BMSM006.cs:3793
{…} 格式有誤，請檢查	AddError(	Dev/ATLAS.BMS/Source/UI/UI.BMS/BMSM006.cs:3799
{…} 格式有誤，請檢查	AddError(	Dev/ATLAS.BMS/Source/UI/UI.BMS/BMSM006.cs:3802
此推薦人不存在該通路代碼{…}，請檢查	AddError(	Dev/ATLAS.BMS/Source/UI/UI.BMS/BMSM006.cs:3820
有輸入配息帳號時，[受益人扣繳類別]必須輸入。	AddError(	Dev/ATLAS.BMS/Source/UI/UI.BMS/BMSM006.cs:3892
{…} 為必填欄位	AddError(	Dev/ATLAS.BMS/Source/UI/UI.BMS/BMSM006.cs:3915
{…} 寄送方式均未打勾，寄發碼須為不寄發	AddError(	Dev/ATLAS.BMS/Source/UI/UI.BMS/BMSM006.cs:3927
{…} 寄送方式任一有打勾，寄發碼須為寄發	AddError(	Dev/ATLAS.BMS/Source/UI/UI.BMS/BMSM006.cs:3933
客戶已有申請Auto fax，通知書的傳真寄發碼應至少勾選一個	AddError(	Dev/ATLAS.BMS/Source/UI/UI.BMS/BMSM006.cs:3944
通知書的傳真寄發碼有勾選時，Auto fax欄位也需勾選，請確認客戶已有申請傳真服務	AddError(	Dev/ATLAS.BMS/Source/UI/UI.BMS/BMSM006.cs:3949
住家電話輸入不完全	AddError(	Dev/ATLAS.BMS/Source/UI/UI.BMS/BMSM006.cs:3957
公司電話輸入不完全	AddError(	Dev/ATLAS.BMS/Source/UI/UI.BMS/BMSM006.cs:3961
聯絡人住家電話輸入不完全	AddError(	Dev/ATLAS.BMS/Source/UI/UI.BMS/BMSM006.cs:3965
聯絡人公司電話輸入不完全	AddError(	Dev/ATLAS.BMS/Source/UI/UI.BMS/BMSM006.cs:3969
聯絡人公司電話輸入不完全	AddError(	Dev/ATLAS.BMS/Source/UI/UI.BMS/BMSM006.cs:3972
聯絡人公司電話區碼 必須輸入	AddError(	Dev/ATLAS.BMS/Source/UI/UI.BMS/BMSM006.cs:3976
聯絡人住家電話區碼 必須輸入	AddError(	Dev/ATLAS.BMS/Source/UI/UI.BMS/BMSM006.cs:3978
公司電話區碼 必須輸入	AddError(	Dev/ATLAS.BMS/Source/UI/UI.BMS/BMSM006.cs:3980
住家電話區碼 必須輸入	AddError(	Dev/ATLAS.BMS/Source/UI/UI.BMS/BMSM006.cs:3982
傳真電話區碼1 必須輸入	AddError(	Dev/ATLAS.BMS/Source/UI/UI.BMS/BMSM006.cs:3984
傳真電話區碼2 必須輸入	AddError(	Dev/ATLAS.BMS/Source/UI/UI.BMS/BMSM006.cs:3986
傳真電話區碼3 必須輸入	AddError(	Dev/ATLAS.BMS/Source/UI/UI.BMS/BMSM006.cs:3988
出生日期 格式錯誤	AddError(	Dev/ATLAS.BMS/Source/UI/UI.BMS/BMSM006.cs:4095
出生日期，必須小於系統日	AddError(	Dev/ATLAS.BMS/Source/UI/UI.BMS/BMSM006.cs:4100
傳真電話2 不可重覆	AddError(	Dev/ATLAS.BMS/Source/UI/UI.BMS/BMSM006.cs:4136
傳真電話3 不可重覆	AddError(	Dev/ATLAS.BMS/Source/UI/UI.BMS/BMSM006.cs:4142
此受益人〔行銷身分別〕有異動，請記得至行銷身分別群組名單系統進行調整，請確認是否存檔(Y/N)	變數指派 =	Dev/ATLAS.BMS/Source/UI/UI.BMS/BMSM006.cs:4146
該受益人有「傳真委扣」權限，但未勾選「傳真交易戶」，請確認仍要繼續執行(Y/N)?	變數指派 =	Dev/ATLAS.BMS/Source/UI/UI.BMS/BMSM006.cs:4170
該受益人有「傳真委扣」權限，但無「扣款帳號」，請確認仍要繼續執行(Y/N)?	變數指派 =	Dev/ATLAS.BMS/Source/UI/UI.BMS/BMSM006.cs:4197
該受益人有「傳真委扣」權限，但無「扣款帳號」，請確認仍要繼續執行(Y/N)?	變數指派 =	Dev/ATLAS.BMS/Source/UI/UI.BMS/BMSM006.cs:4204
「財報/基資表註記」勾選時，有效日期為必輸條件	變數指派 =	Dev/ATLAS.BMS/Source/UI/UI.BMS/BMSM006.cs:4231
私募受益人類別為【非合格特定人】時，資產證明資料必須輸入	AddError(	Dev/ATLAS.BMS/Source/UI/UI.BMS/BMSM006.cs:4293
{…}該扣款方式為之扣款行不存在，請檢查	AddError(	Dev/ATLAS.BMS/Source/UI/UI.BMS/BMSM006.cs:4333
{…}授權生效日 不可小於 授權申請日	AddError(	Dev/ATLAS.BMS/Source/UI/UI.BMS/BMSM006.cs:4375
{…}授權終止日 不可小於 授權生效日	AddError(	Dev/ATLAS.BMS/Source/UI/UI.BMS/BMSM006.cs:4380
{…}授權生效日 不可小於 授權申請日	AddError(	Dev/ATLAS.BMS/Source/UI/UI.BMS/BMSM006.cs:4425
{…}授權終止日 不可小於 授權生效日	AddError(	Dev/ATLAS.BMS/Source/UI/UI.BMS/BMSM006.cs:4430
{…}授權生效日 不可小於 授權申請日	AddError(	Dev/ATLAS.BMS/Source/UI/UI.BMS/BMSM006.cs:4445
{…}授權終止日 不可小於 授權生效日	AddError(	Dev/ATLAS.BMS/Source/UI/UI.BMS/BMSM006.cs:4450
收件日期 不可大於 境外缺件的到件日期	AddError(	Dev/ATLAS.BMS/Source/UI/UI.BMS/BMSM006.cs:4467
收件日期 不可大於 境內缺件的到件日期	AddError(	Dev/ATLAS.BMS/Source/UI/UI.BMS/BMSM006.cs:4469
出生日期 不可大於 開戶日	AddError(	Dev/ATLAS.BMS/Source/UI/UI.BMS/BMSM006.cs:4503
綜合帳戶主檔不只一筆，請檢查	ShowFormatMessage(	Dev/ATLAS.BMS/Source/UI/UI.BMS/BMSM006.cs:4931
授權帳戶主檔不只一筆，請檢查	ShowFormatMessage(	Dev/ATLAS.BMS/Source/UI/UI.BMS/BMSM006.cs:4968
配息帳號主檔不只一筆，請檢查	ShowFormatMessage(	Dev/ATLAS.BMS/Source/UI/UI.BMS/BMSM006.cs:5021
停利買回帳號主檔不只一筆，請檢查	ShowFormatMessage(	Dev/ATLAS.BMS/Source/UI/UI.BMS/BMSM006.cs:5051
銀行帳戶主檔不只一筆，請檢查	ShowFormatMessage(	Dev/ATLAS.BMS/Source/UI/UI.BMS/BMSM006.cs:5088
扣款帳號主檔不只一筆，請檢查	ShowFormatMessage(	Dev/ATLAS.BMS/Source/UI/UI.BMS/BMSM006.cs:5121
尚有未生效的受益人異動資料，是否新增？	變數指派 =	Dev/ATLAS.BMS/Source/UI/UI.BMS/BMSM006.cs:6196
該受益人已為註銷戶，請確認是否仍要修改?(N/Y)	變數指派 =	Dev/ATLAS.BMS/Source/UI/UI.BMS/BMSM006.cs:6218
EC開戶資料匯入完成	ByPassAddMessage(	Dev/ATLAS.BMS/Source/UI/UI.BMS/BMSM006.cs:7260
開戶日期(起)(迄) 必須皆(不)填寫	AddError(	Dev/ATLAS.BMS/Source/UI/UI.BMS/BMSM006_1.cs:135
開戶日期(起) 不可大於 開戶日期(迄)	AddError(	Dev/ATLAS.BMS/Source/UI/UI.BMS/BMSM006_1.cs:137
收件日期(起)(迄) 必須皆(不)填寫	AddError(	Dev/ATLAS.BMS/Source/UI/UI.BMS/BMSM006_1.cs:139
收件日期(起) 不可大於 收件日期(迄)	AddError(	Dev/ATLAS.BMS/Source/UI/UI.BMS/BMSM006_1.cs:141
戶號(起)(迄) 必須皆(不)填寫	AddError(	Dev/ATLAS.BMS/Source/UI/UI.BMS/BMSM006_1.cs:143
戶號(起) 不可大於 戶號(迄)	AddError(	Dev/ATLAS.BMS/Source/UI/UI.BMS/BMSM006_1.cs:145
收件日期, 客戶統編, 戶號 ,集保帳號 必須擇一填寫	AddError(	Dev/ATLAS.BMS/Source/UI/UI.BMS/BMSM006_1.cs:150
註銷戶號:{0}	ByPassAddMessage(	Dev/ATLAS.BMS/Source/UI/UI.BMS/BMSM006_1.cs:430
本筆資料有新增EC權限，請確認是否要新增? 是 / 否	ByPassAddMessage(	Dev/ATLAS.BMS/Source/UI/UI.BMS/BMSM006_1.cs:453
尚有未生效的受益人異動資料，是否新增？	變數指派 =	Dev/ATLAS.BMS/Source/UI/UI.BMS/BMSM006_1.cs:844
該受益人已為註銷戶，請確認是否仍要修改?(N/Y)	變數指派 =	Dev/ATLAS.BMS/Source/UI/UI.BMS/BMSM006_1.cs:866
{…} 為必填欄位	AddError(	Dev/ATLAS.BMS/Source/UI/UI.BMS/BMSM006_1.cs:2032
收件日期 為必填欄位	AddError(	Dev/ATLAS.BMS/Source/UI/UI.BMS/BMSM006_1.cs:2038
收件日期 為必填欄位	AddError(	Dev/ATLAS.BMS/Source/UI/UI.BMS/BMSM006_1.cs:2101
{…} 為必填欄位	AddError(	Dev/ATLAS.BMS/Source/UI/UI.BMS/BMSM006_1.cs:2211
收件日期 為必填欄位	AddError(	Dev/ATLAS.BMS/Source/UI/UI.BMS/BMSM006_1.cs:2217
資料已經刪除，無法再次刪除	ShowMessage(	Dev/ATLAS.BMS/Source/UI/UI.BMS/BMSM006_1.cs:2275
資料已經生效，無法進行刪除	ShowMessage(	Dev/ATLAS.BMS/Source/UI/UI.BMS/BMSM006_1.cs:2294
本筆資料有新增EC權限，請確認是否要新增? 是 / 否	ShowMessage(	Dev/ATLAS.BMS/Source/UI/UI.BMS/BMSM006_1.cs:2380
開戶類別為「網路客戶」，傳真交易為「否」，是否繼續存檔 ?	變數指派 =	Dev/ATLAS.BMS/Source/UI/UI.BMS/BMSM006_1.cs:2388
變更資料異動說明 為必填	AddError(	Dev/ATLAS.BMS/Source/UI/UI.BMS/BMSM006_1.cs:2398
集保網路密碼只可選擇 未申請 或 新申請	AddError(	Dev/ATLAS.BMS/Source/UI/UI.BMS/BMSM006_1.cs:2405
集保網路密碼只可選擇 未申請 或 新申請	AddError(	Dev/ATLAS.BMS/Source/UI/UI.BMS/BMSM006_1.cs:2410
有補發境外集保平台密碼時，行動電話不應為空白，請確認要存檔？	變數指派 =	Dev/ATLAS.BMS/Source/UI/UI.BMS/BMSM006_1.cs:2431
是否確定補發密碼？	變數指派 =	Dev/ATLAS.BMS/Source/UI/UI.BMS/BMSM006_1.cs:2439
請先帶入EC資料	AddError(	Dev/ATLAS.BMS/Source/UI/UI.BMS/BMSM006_1.cs:2455
變更生效日期 不可小於 收件日期	AddError(	Dev/ATLAS.BMS/Source/UI/UI.BMS/BMSM006_1.cs:2468
變更生效日期 不可小於 系統日	AddError(	Dev/ATLAS.BMS/Source/UI/UI.BMS/BMSM006_1.cs:2475
收件日期 不可小於 系統日	AddError(	Dev/ATLAS.BMS/Source/UI/UI.BMS/BMSM006_1.cs:2477
收件日期 非公司營業日	AddError(	Dev/ATLAS.BMS/Source/UI/UI.BMS/BMSM006_1.cs:2485
提醒：執行註銷時，請先確認客戶所有在途中交易，包含：申購、買回、定額契約及異動、櫃台事務作業等，避免交易失敗！	ShowMessage(	Dev/ATLAS.BMS/Source/UI/UI.BMS/BMSM006_1.cs:2491
贖回匯入帳號 ({…}){…} 帳號已存在，請檢查	AddError(	Dev/ATLAS.BMS/Source/UI/UI.BMS/BMSM006_1.cs:2518
扣款帳號 ({…}){…} 帳號已存在，請檢查	AddError(	Dev/ATLAS.BMS/Source/UI/UI.BMS/BMSM006_1.cs:2520
傳真委扣	變數指派 =	Dev/ATLAS.BMS/Source/UI/UI.BMS/BMSM006_1.cs:2572
定期買回	變數指派 =	Dev/ATLAS.BMS/Source/UI/UI.BMS/BMSM006_1.cs:2575
{…}同意書生效日 不可小於 開戶日期	AddError(	Dev/ATLAS.BMS/Source/UI/UI.BMS/BMSM006_1.cs:2579
傳真委扣	變數指派 =	Dev/ATLAS.BMS/Source/UI/UI.BMS/BMSM006_1.cs:2589
定期買回	變數指派 =	Dev/ATLAS.BMS/Source/UI/UI.BMS/BMSM006_1.cs:2592
{…}同意書生效日 不可小於 收件日期	AddError(	Dev/ATLAS.BMS/Source/UI/UI.BMS/BMSM006_1.cs:2596
受益人異動生效日小於定期買回授權帳號的授權生效日，在此授權帳號生效前，該定期買回將無法使用此約定帳號，是否繼續執行？	變數指派 =	Dev/ATLAS.BMS/Source/UI/UI.BMS/BMSM006_1.cs:2720
贖回匯入帳號{…}，已設定終止，但尚有有效的定期買回同意書使用該帳號，是否繼續執行？	變數指派 =	Dev/ATLAS.BMS/Source/UI/UI.BMS/BMSM006_1.cs:2764
{…}該扣款方式為之扣款行不存在，請檢查	AddError(	Dev/ATLAS.BMS/Source/UI/UI.BMS/BMSM006_1.cs:2877
{…}此帳號已為統編(舊ID) {…} 之扣款帳號，如需修改請洽資訊人員處理	AddError(	Dev/ATLAS.BMS/Source/UI/UI.BMS/BMSM006_1.cs:2910
{…}授權生效日 不可小於 授權申請日	AddError(	Dev/ATLAS.BMS/Source/UI/UI.BMS/BMSM006_1.cs:2915
{…}授權終止日 不可小於 授權生效日	AddError(	Dev/ATLAS.BMS/Source/UI/UI.BMS/BMSM006_1.cs:2920
核印扣款方式為財金的有效扣款帳號超過 3 筆，是否繼續？	變數指派 =	Dev/ATLAS.BMS/Source/UI/UI.BMS/BMSM006_1.cs:2929
有效的贖回匯入帳號超過10 筆，是否繼續？	變數指派 =	Dev/ATLAS.BMS/Source/UI/UI.BMS/BMSM006_1.cs:2944
{…}授權生效日 不可小於 授權申請日	AddError(	Dev/ATLAS.BMS/Source/UI/UI.BMS/BMSM006_1.cs:2965
{…}授權終止日 不可小於 授權生效日	AddError(	Dev/ATLAS.BMS/Source/UI/UI.BMS/BMSM006_1.cs:2970
收件日期 不可大於 境外缺件的到件日期	AddError(	Dev/ATLAS.BMS/Source/UI/UI.BMS/BMSM006_1.cs:2988
收件日期 不可大於 境內缺件的到件日期	AddError(	Dev/ATLAS.BMS/Source/UI/UI.BMS/BMSM006_1.cs:2990
此受益人開戶資料已被刪除，請記得至行銷身分群組名單系統進行調整，請確認是否存檔	變數指派 =	Dev/ATLAS.BMS/Source/UI/UI.BMS/BMSM006_1.cs:3029
帶入EC資料成功	ShowMessage(	Dev/ATLAS.BMS/Source/UI/UI.BMS/BMSM006_1.cs:3702
帶入EC資料成功	ByPassAddMessage(	Dev/ATLAS.BMS/Source/UI/UI.BMS/BMSM006_1.cs:3703
無符合資料	ShowMessage(	Dev/ATLAS.BMS/Source/UI/UI.BMS/BMSM006_1.cs:3713
查無此客戶的印鑑資料	ShowMessage(	Dev/ATLAS.BMS/Source/UI/UI.BMS/BMSM006_1.cs:3785
查無可調閱文件資料	ShowMessage(	Dev/ATLAS.BMS/Source/UI/UI.BMS/BMSM006_1.cs:3818
尚未開EC戶，不可重發！	AddError(	Dev/ATLAS.BMS/Source/UI/UI.BMS/BMSM006_1.cs:3838
登入密碼已停權，不可重發！	AddError(	Dev/ATLAS.BMS/Source/UI/UI.BMS/BMSM006_1.cs:3865
登入密碼尚未發送，不可重發！	AddError(	Dev/ATLAS.BMS/Source/UI/UI.BMS/BMSM006_1.cs:3869
交易密碼已停權，不可重發！	AddError(	Dev/ATLAS.BMS/Source/UI/UI.BMS/BMSM006_1.cs:3875
交易密碼尚未發送，不可重發！	AddError(	Dev/ATLAS.BMS/Source/UI/UI.BMS/BMSM006_1.cs:3879
登入及交易密碼已停權，不可重發！	AddError(	Dev/ATLAS.BMS/Source/UI/UI.BMS/BMSM006_1.cs:3887
登入密碼已停權，不可重發！	AddError(	Dev/ATLAS.BMS/Source/UI/UI.BMS/BMSM006_1.cs:3891
交易密碼已停權，不可重發！	AddError(	Dev/ATLAS.BMS/Source/UI/UI.BMS/BMSM006_1.cs:3895
登入及交易密碼尚未發送，不可重發！	AddError(	Dev/ATLAS.BMS/Source/UI/UI.BMS/BMSM006_1.cs:3900
登入密碼已停權，不可重發！	AddError(	Dev/ATLAS.BMS/Source/UI/UI.BMS/BMSM006_1.cs:3906
登入密碼尚未發送，不可重發！	AddError(	Dev/ATLAS.BMS/Source/UI/UI.BMS/BMSM006_1.cs:3910
交易密碼已停權，不可重發！	AddError(	Dev/ATLAS.BMS/Source/UI/UI.BMS/BMSM006_1.cs:3915
交易密碼尚未發送，不可重發！	AddError(	Dev/ATLAS.BMS/Source/UI/UI.BMS/BMSM006_1.cs:3919
通知書寄發設定將重新預設，是否繼續？	ShowMessage(	Dev/ATLAS.BMS/Source/UI/UI.BMS/BMSM006_1.cs:3937
提醒：KYC 內容須重新檢附	ShowMessage(	Dev/ATLAS.BMS/Source/UI/UI.BMS/BMSM006_1.cs:3946
提醒：KYC 內容須重新檢附	ByPassAddMessage(	Dev/ATLAS.BMS/Source/UI/UI.BMS/BMSM006_1.cs:3953
已有境外資料,是否要全部清除?	ShowMessage(	Dev/ATLAS.BMS/Source/UI/UI.BMS/BMSM006_1.cs:3981
戶號為必填欄位	AddError(	Dev/ATLAS.BMS/Source/UI/UI.BMS/BMSM925.cs:272
No GiinNo Data	MessageBox.Show(	Dev/ATLAS.BMS/Source/UI/UI.BMS/BMSM925.cs:283
是否為排除申報帳戶 原因不可空白	AddError(	Dev/ATLAS.BMS/Source/UI/UI.BMS/BMSM925.cs:303
請檢查[是否為排捈申報帳戶]欄設定是否正確!	AddError(	Dev/ATLAS.BMS/Source/UI/UI.BMS/BMSM925.cs:339
受益人稅務身份要有值!	AddError(	Dev/ATLAS.BMS/Source/UI/UI.BMS/BMSM925.cs:352
法人具控制權人要有值!	AddError(	Dev/ATLAS.BMS/Source/UI/UI.BMS/BMSM925.cs:356
請傳入欲處理的該筆資料！	ShowMessage(	Dev/ATLAS.BMS/Source/UI/UI.BMS/BMSM925Ap0.cs:43
稅籍編號TIN/無法取得稅務編號原因類別 必須擇一輸入	AddError(	Dev/ATLAS.BMS/Source/UI/UI.BMS/BMSM925Ap0.cs:84
無法取得稅籍編號原因不可空白	AddError(	Dev/ATLAS.BMS/Source/UI/UI.BMS/BMSM925Ap0.cs:89
請輸入稅務居住國家/地區	AddError(	Dev/ATLAS.BMS/Source/UI/UI.BMS/BMSM925Ap0.cs:96
請傳入欲處理的該筆資料！	ShowMessage(	Dev/ATLAS.BMS/Source/UI/UI.BMS/BMSM925Ap1.cs:43
稅籍編號TIN/無法取得稅務編號原因類別 必須擇一輸入	AddError(	Dev/ATLAS.BMS/Source/UI/UI.BMS/BMSM925Ap1.cs:108
無法取得稅籍編號原因不可空白	AddError(	Dev/ATLAS.BMS/Source/UI/UI.BMS/BMSM925Ap1.cs:113
請輸入稅務居住國家/地區	AddError(	Dev/ATLAS.BMS/Source/UI/UI.BMS/BMSM925Ap1.cs:120
{…} 為必填欄位	AddError(	Dev/ATLAS.BMS/Source/UI/UI.BMS/BMSM927.cs:52
明細資料 必須輸入	AddError(	Dev/ATLAS.BMS/Source/UI/UI.BMS/BMSM927.cs:56
查無資料	AddResultRow(	Dev/ATLAS.CAS.Report/Source/PO/ReportPO.CAS/CASR001_PO.cs:76
查無資料	AddResultRow(	Dev/ATLAS.CAS.Report/Source/PO/ReportPO.CAS/CASR002_PO.cs:124
查無資料	AddResultRow(	Dev/ATLAS.CAS.Report/Source/PO/ReportPO.CAS/CASR003_PO.cs:81
查無資料	AddResultRow(	Dev/ATLAS.CAS.Report/Source/PO/ReportPO.CAS/CASR004_PO.cs:98
查無資料	AddResultRow(	Dev/ATLAS.CAS.Report/Source/PO/ReportPO.CAS/CASR005_PO.cs:84
查無資料	AddResultRow(	Dev/ATLAS.CAS.Report/Source/PO/ReportPO.CAS/CASR006_PO.cs:103
查無資料	AddResultRow(	Dev/ATLAS.CAS.Report/Source/PO/ReportPO.CAS/CASR007_PO.cs:76
查無資料	AddResultRow(	Dev/ATLAS.CAS.Report/Source/PO/ReportPO.CAS/CASR008_PO.cs:103
實際拜訪日期(起)需小於或等於實際拜訪日期(訖)	AddError(	Dev/ATLAS.CAS.Report/Source/UI/ReportUI.CAS/CASR001.cs:61
報表種類必須選取其中之一	AddError(	Dev/ATLAS.CAS.Report/Source/UI/ReportUI.CAS/CASR001.cs:64
當報表種類為1,2時，員工代碼不得為空	AddError(	Dev/ATLAS.CAS.Report/Source/UI/ReportUI.CAS/CASR001.cs:67
當報表種類為車資表時，【實際拜訪日期(起)之年月】要等於【實際拜訪日期(訖)之年月】	AddError(	Dev/ATLAS.CAS.Report/Source/UI/ReportUI.CAS/CASR001.cs:71
匯出路徑不得為空值	AddError(	Dev/ATLAS.CAS.Report/Source/UI/ReportUI.CAS/CASR001.cs:193
查無資料!!	MessageBox.Show(	Dev/ATLAS.CAS.Report/Source/UI/ReportUI.CAS/CASR001.cs:229
查無資料!!	MessageBox.Show(	Dev/ATLAS.CAS.Report/Source/UI/ReportUI.CAS/CASR001.cs:242
查無資料!!	MessageBox.Show(	Dev/ATLAS.CAS.Report/Source/UI/ReportUI.CAS/CASR001.cs:255
日期區間(起)需小於或等於日期區間(訖)	AddError(	Dev/ATLAS.CAS.Report/Source/UI/ReportUI.CAS/CASR002.cs:91
個別基金時，不可為空白	AddError(	Dev/ATLAS.CAS.Report/Source/UI/ReportUI.CAS/CASR002.cs:98
匯出路徑不得為空值	AddError(	Dev/ATLAS.CAS.Report/Source/UI/ReportUI.CAS/CASR002.cs:252
查無資料!!	MessageBox.Show(	Dev/ATLAS.CAS.Report/Source/UI/ReportUI.CAS/CASR002.cs:323
申購期間(起)需小於或等於申購期間(訖)	AddError(	Dev/ATLAS.CAS.Report/Source/UI/ReportUI.CAS/CASR003.cs:160
銷售機構區別碼至少需有一被勾選!	AddError(	Dev/ATLAS.CAS.Report/Source/UI/ReportUI.CAS/CASR003.cs:163
挑選基金資料至少需有一被勾選!	AddError(	Dev/ATLAS.CAS.Report/Source/UI/ReportUI.CAS/CASR003.cs:166
匯出路徑不得為空值	AddError(	Dev/ATLAS.CAS.Report/Source/UI/ReportUI.CAS/CASR003.cs:322
查無資料!!	MessageBox.Show(	Dev/ATLAS.CAS.Report/Source/UI/ReportUI.CAS/CASR003.cs:350
統計日期(起)需小於或等於統計日期(訖)	AddError(	Dev/ATLAS.CAS.Report/Source/UI/ReportUI.CAS/CASR004.cs:96
銷售機構別(迄)有輸入時，銷售機構別(起)不可空白	AddError(	Dev/ATLAS.CAS.Report/Source/UI/ReportUI.CAS/CASR004.cs:101
銷售機構別(起)有輸入時，銷售機構別(迄)不可空白	AddError(	Dev/ATLAS.CAS.Report/Source/UI/ReportUI.CAS/CASR004.cs:106
銷售機構別(起)不可大於銷售機構別(迄)	AddError(	Dev/ATLAS.CAS.Report/Source/UI/ReportUI.CAS/CASR004.cs:112
銷售機構代碼(迄)有輸入時，銷售機構代碼(起)不可空白	AddError(	Dev/ATLAS.CAS.Report/Source/UI/ReportUI.CAS/CASR004.cs:118
銷售機構代碼(起)有輸入時，銷售機構代碼(迄)不可空白	AddError(	Dev/ATLAS.CAS.Report/Source/UI/ReportUI.CAS/CASR004.cs:123
銷售機構代碼(起)不可大於銷售機構代碼(迄)	AddError(	Dev/ATLAS.CAS.Report/Source/UI/ReportUI.CAS/CASR004.cs:132
基金明細尚未勾選	AddError(	Dev/ATLAS.CAS.Report/Source/UI/ReportUI.CAS/CASR004.cs:135
匯出路徑不得為空值	AddError(	Dev/ATLAS.CAS.Report/Source/UI/ReportUI.CAS/CASR004.cs:371
查無資料!!	MessageBox.Show(	Dev/ATLAS.CAS.Report/Source/UI/ReportUI.CAS/CASR004.cs:400
日期(起)需小於或等於日期(訖)	AddError(	Dev/ATLAS.CAS.Report/Source/UI/ReportUI.CAS/CASR005.cs:57
尚未選取任何基金，請先選取基金!!	AddError(	Dev/ATLAS.CAS.Report/Source/UI/ReportUI.CAS/CASR005.cs:60
尚未選取【銷售機構區分碼】，請先選取!!	AddError(	Dev/ATLAS.CAS.Report/Source/UI/ReportUI.CAS/CASR005.cs:64
申購日期(起)需小於或等於申購日期(訖)	AddError(	Dev/ATLAS.CAS.Report/Source/UI/ReportUI.CAS/CASR006.cs:95
匯出路徑不得為空值	AddError(	Dev/ATLAS.CAS.Report/Source/UI/ReportUI.CAS/CASR006.cs:276
【一般】查無資料!!	MessageBox.Show(	Dev/ATLAS.CAS.Report/Source/UI/ReportUI.CAS/CASR006.cs:345
【定期定額】查無資料!!	MessageBox.Show(	Dev/ATLAS.CAS.Report/Source/UI/ReportUI.CAS/CASR006.cs:366
【一般】和【定期定額】查無資料!!	MessageBox.Show(	Dev/ATLAS.CAS.Report/Source/UI/ReportUI.CAS/CASR006.cs:379
【一般】查無資料!!	MessageBox.Show(	Dev/ATLAS.CAS.Report/Source/UI/ReportUI.CAS/CASR006.cs:392
【定期定額】查無資料!!	MessageBox.Show(	Dev/ATLAS.CAS.Report/Source/UI/ReportUI.CAS/CASR006.cs:400
日期(起)需小於或等於日期(迄)	AddError(	Dev/ATLAS.CAS.Report/Source/UI/ReportUI.CAS/CASR007.cs:117
銷售機構區間至少有一被勾選!	AddError(	Dev/ATLAS.CAS.Report/Source/UI/ReportUI.CAS/CASR007.cs:120
統計日期(起)需小於或等於統計日期(迄)	AddError(	Dev/ATLAS.CAS.Report/Source/UI/ReportUI.CAS/CASR008.cs:164
當銷售機構別(迄)不為空值，銷售機構別(起)不得為空白	AddError(	Dev/ATLAS.CAS.Report/Source/UI/ReportUI.CAS/CASR008.cs:169
當銷售機構別(起)不為空值，銷售機構別(迄)不得為空白	AddError(	Dev/ATLAS.CAS.Report/Source/UI/ReportUI.CAS/CASR008.cs:174
當銷售機構代碼(迄)不為空值，銷售機構代碼(起)不得為空白	AddError(	Dev/ATLAS.CAS.Report/Source/UI/ReportUI.CAS/CASR008.cs:179
當銷售機構代碼(起)不為空值，銷售機構代碼(迄)不得為空白	AddError(	Dev/ATLAS.CAS.Report/Source/UI/ReportUI.CAS/CASR008.cs:184
銷售機構(起)需小於或等於銷售機構(迄)	AddError(	Dev/ATLAS.CAS.Report/Source/UI/ReportUI.CAS/CASR008.cs:191
匯出路徑不得為空值	AddError(	Dev/ATLAS.CAS.Report/Source/UI/ReportUI.CAS/CASR008.cs:519
查無資料!!	MessageBox.Show(	Dev/ATLAS.CAS.Report/Source/UI/ReportUI.CAS/CASR008.cs:555
查無資料	AddResultRow(	Dev/ATLAS.CAS/Source/PO/PO.CAS/CASB001_PO.cs:249
執行失敗，請檢查	AddResultRow(	Dev/ATLAS.CAS/Source/PO/PO.CAS/CASB001_PO.cs:259
執行失敗，請檢查{…}	AddResultRow(	Dev/ATLAS.CAS/Source/PO/PO.CAS/CASB001_PO.cs:378
查無資料	AddResultRow(	Dev/ATLAS.CAS/Source/PO/PO.CAS/CASI001_PO.cs:426
執行失敗，請檢查	AddResultRow(	Dev/ATLAS.CAS/Source/PO/PO.CAS/CASI001_PO.cs:436
執行完成!	AddResultRow(	Dev/ATLAS.CAS/Source/PO/PO.CAS/CASM004_PO.cs:118
執行失敗，已建立資料，無法複製	AddResultRow(	Dev/ATLAS.CAS/Source/PO/PO.CAS/CASM004_PO.cs:127
執行失敗，請檢查{…}	AddResultRow(	Dev/ATLAS.CAS/Source/PO/PO.CAS/CASM004_PO.cs:130
新增	AddResultRow(	Dev/ATLAS.CAS/Source/PO/PO.CAS/CASM005_PO.cs:132
執行失敗，請檢查{…}	AddResultRow(	Dev/ATLAS.CAS/Source/PO/PO.CAS/CASM005_PO.cs:139
實際拜訪日期、業務員工編號、銷售機構關鍵字，必擇一填寫。	AddError(	Dev/ATLAS.CAS/Source/UI/UI.CAS/CASB001.cs:83
實際拜訪日期(起)不可>實際拜訪日期(迄)	AddError(	Dev/ATLAS.CAS/Source/UI/UI.CAS/CASB001.cs:235
{…} 尚未建立email或該員已不在職，mail未寄出	MessageBox.Show(	Dev/ATLAS.CAS/Source/UI/UI.CAS/CASB001.cs:332
客戶拜訪序號(起) 必須填寫	AddError(	Dev/ATLAS.CAS/Source/UI/UI.CAS/CASI001.cs:72
客戶拜訪序號(起) 不可大於 客戶拜訪序號(迄)	AddError(	Dev/ATLAS.CAS/Source/UI/UI.CAS/CASI001.cs:75
潛在客戶序號(起) 必須填寫	AddError(	Dev/ATLAS.CAS/Source/UI/UI.CAS/CASI001.cs:80
潛在客戶序號(起) 不可大於 潛在客戶序號(迄)	AddError(	Dev/ATLAS.CAS/Source/UI/UI.CAS/CASI001.cs:83
員工代號(起) 必須填寫	AddError(	Dev/ATLAS.CAS/Source/UI/UI.CAS/CASI001.cs:88
員工代號(起) 不可大於 員工代號(迄)	AddError(	Dev/ATLAS.CAS/Source/UI/UI.CAS/CASI001.cs:91
受益人戶號(起) 必須填寫	AddError(	Dev/ATLAS.CAS/Source/UI/UI.CAS/CASI001.cs:96
受益人戶號(起) 不可大於 受益人戶號(迄)	AddError(	Dev/ATLAS.CAS/Source/UI/UI.CAS/CASI001.cs:99
實際拜訪日期(起) 必須填寫	AddError(	Dev/ATLAS.CAS/Source/UI/UI.CAS/CASI001.cs:113
實際拜訪日期(起) 不可大於 實際拜訪日期(迄)	AddError(	Dev/ATLAS.CAS/Source/UI/UI.CAS/CASI001.cs:116
金資資料不可重複	ShowMessage(	Dev/ATLAS.CAS/Source/UI/UI.CAS/CASM001.cs:379
請至少輸入任一筆 查詢條件	AddError(	Dev/ATLAS.CAS/Source/UI/UI.CAS/CASM001.cs:411
此客戶為代操客戶,無法刪除此客戶!!	ShowMessage(	Dev/ATLAS.CAS/Source/UI/UI.CAS/CASM001.cs:444
此客戶已有拜訪紀錄資料,無法刪除此客戶	ShowMessage(	Dev/ATLAS.CAS/Source/UI/UI.CAS/CASM001.cs:450
匯出成功！	ShowMessage(	Dev/ATLAS.CAS/Source/UI/UI.CAS/CASM001.cs:497
身分證編號格式輸入錯誤	AddError(	Dev/ATLAS.CAS/Source/UI/UI.CAS/CASM001.cs:525
公司統一編號格式輸入錯誤	AddError(	Dev/ATLAS.CAS/Source/UI/UI.CAS/CASM001.cs:533
{…} 格式有誤，請檢查	AddError(	Dev/ATLAS.CAS/Source/UI/UI.CAS/CASM001.cs:540
明細檔EMAIL格式有誤	AddError(	Dev/ATLAS.CAS/Source/UI/UI.CAS/CASM001.cs:551
明細資料 必須輸入!	AddError(	Dev/ATLAS.CAS/Source/UI/UI.CAS/CASM001.cs:559
請至少輸入任一筆 查詢條件	AddError(	Dev/ATLAS.CAS/Source/UI/UI.CAS/CASM002.cs:357
潛在客戶序號(起)(迄) 必須皆(不)填寫	AddError(	Dev/ATLAS.CAS/Source/UI/UI.CAS/CASM002.cs:364
潛在客戶序號(起) 不可大於 潛在客戶序號(迄)	AddError(	Dev/ATLAS.CAS/Source/UI/UI.CAS/CASM002.cs:367
銷售機構金資(起)(迄) 必須皆(不)填寫	AddError(	Dev/ATLAS.CAS/Source/UI/UI.CAS/CASM002.cs:370
銷售機構金資(起) 不可大於 銷售機構金資(迄)	AddError(	Dev/ATLAS.CAS/Source/UI/UI.CAS/CASM002.cs:373
區域別(起)(迄) 必須皆(不)填寫	AddError(	Dev/ATLAS.CAS/Source/UI/UI.CAS/CASM002.cs:376
區域別(起) 不可大於 區域別(迄)	AddError(	Dev/ATLAS.CAS/Source/UI/UI.CAS/CASM002.cs:379
實際拜訪日期(起)(迄) 必須皆(不)填寫	AddError(	Dev/ATLAS.CAS/Source/UI/UI.CAS/CASM002.cs:382
實際拜訪日期(起) 不可大於 實際拜訪日期(迄)	AddError(	Dev/ATLAS.CAS/Source/UI/UI.CAS/CASM002.cs:385
客戶拜榜清單 查無資料!	ShowMessage(	Dev/ATLAS.CAS/Source/UI/UI.CAS/CASM002.cs:488
與談者1、與談者2、與談者3不可相同。	AddError(	Dev/ATLAS.CAS/Source/UI/UI.CAS/CASM002.cs:550
起算年月 必須與 業績年度 同一年!	AddError(	Dev/ATLAS.CAS/Source/UI/UI.CAS/CASM003.cs:67
年度手續費加項 必須大於 0	AddError(	Dev/ATLAS.CAS/Source/UI/UI.CAS/CASM003.cs:70
{…} 為必填欄位	AddError(	Dev/ATLAS.CAS/Source/UI/UI.CAS/CASM003.cs:76
明細資料 必須輸入!	AddError(	Dev/ATLAS.CAS/Source/UI/UI.CAS/CASM003.cs:80
明細的手續費加項 必須大於 0	AddError(	Dev/ATLAS.CAS/Source/UI/UI.CAS/CASM003.cs:86
年度淨銷售金額 與 月分配總和不符	AddError(	Dev/ATLAS.CAS/Source/UI/UI.CAS/CASM003.cs:90
業績年度(起)(迄) 必須皆(不)填寫	AddError(	Dev/ATLAS.CAS/Source/UI/UI.CAS/CASM003.cs:246
業績年度(起) 不可大於 業績年度(迄)	AddError(	Dev/ATLAS.CAS/Source/UI/UI.CAS/CASM003.cs:249
員工代碼(起)(迄) 必須皆(不)填寫	AddError(	Dev/ATLAS.CAS/Source/UI/UI.CAS/CASM003.cs:252
員工代碼(起) 不可大於 員工代碼(迄)	AddError(	Dev/ATLAS.CAS/Source/UI/UI.CAS/CASM003.cs:255
業續年度的年份必須介於1900~今年之間	MessageBox.Show(	Dev/ATLAS.CAS/Source/UI/UI.CAS/CASM003.cs:326
業續年度的年份不合理	MessageBox.Show(	Dev/ATLAS.CAS/Source/UI/UI.CAS/CASM003.cs:337
分配比率% 必須大於 0	AddError(	Dev/ATLAS.CAS/Source/UI/UI.CAS/CASM004.cs:41
同一年月、銷售機構區別碼、銷售機構 的加總分配比率%不得大於100%，請重新輸入	AddError(	Dev/ATLAS.CAS/Source/UI/UI.CAS/CASM004.cs:52
業績年月(起)(迄) 必須填寫	AddError(	Dev/ATLAS.CAS/Source/UI/UI.CAS/CASM004.cs:232
業績年月(起) 不可大於 業績年月(迄)	AddError(	Dev/ATLAS.CAS/Source/UI/UI.CAS/CASM004.cs:235
銷售機構區別碼 必須皆(不)填寫	AddError(	Dev/ATLAS.CAS/Source/UI/UI.CAS/CASM004.cs:238
銷售機構區別碼不一致	AddError(	Dev/ATLAS.CAS/Source/UI/UI.CAS/CASM004.cs:240
銷售機構代碼(起)(迄) 必須皆(不)填寫	AddError(	Dev/ATLAS.CAS/Source/UI/UI.CAS/CASM004.cs:243
銷售機構代碼(起) 不可大於 銷售機構代碼(迄)	AddError(	Dev/ATLAS.CAS/Source/UI/UI.CAS/CASM004.cs:246
分配比率應介於0.01和100.00之間	MessageBox.Show(	Dev/ATLAS.CAS/Source/UI/UI.CAS/CASM004.cs:324
{…} {…} {…} 複製後合計為{…}% 超過100%	AddError(	Dev/ATLAS.CAS/Source/UI/UI.CAS/CASM004p0.cs:58
From 業務員該月份(銷售機構)的資料 不存在，請重新選擇	AddError(	Dev/ATLAS.CAS/Source/UI/UI.CAS/CASM004p0.cs:99
To 業務員 必須為現職，不得為空，請重新選擇	AddError(	Dev/ATLAS.CAS/Source/UI/UI.CAS/CASM004p0.cs:115
執行失敗!!	ShowMessage(	Dev/ATLAS.CAS/Source/UI/UI.CAS/CASM004p0.cs:207
複製成功	ShowMessage(	Dev/ATLAS.CAS/Source/UI/UI.CAS/CASM004p0.cs:212
執行失敗!!	ShowMessage(	Dev/ATLAS.CAS/Source/UI/UI.CAS/CASM004p0.cs:219
From 業務員該月份(銷售機構)的資料 不存在，請重新選擇	AddError(	Dev/ATLAS.CAS/Source/UI/UI.CAS/CASM004p0.cs:258
分配比率% 必須大於 0	AddError(	Dev/ATLAS.CAS/Source/UI/UI.CAS/CASM005.cs:41
同一年月、銷售機構區別碼、銷售機構、戶號 的加總分配比率%不得大於100%，請重新輸入	AddError(	Dev/ATLAS.CAS/Source/UI/UI.CAS/CASM005.cs:52
業績年月(起)(迄) 必須皆(不)填寫	AddError(	Dev/ATLAS.CAS/Source/UI/UI.CAS/CASM005.cs:175
業績年月(起) 不可大於 業績年月(迄)	AddError(	Dev/ATLAS.CAS/Source/UI/UI.CAS/CASM005.cs:178
銷售機構區別碼 必須皆(不)填寫	AddError(	Dev/ATLAS.CAS/Source/UI/UI.CAS/CASM005.cs:181
銷售機構區別碼不一致	AddError(	Dev/ATLAS.CAS/Source/UI/UI.CAS/CASM005.cs:183
銷售機構代碼(起)(迄) 必須皆(不)填寫	AddError(	Dev/ATLAS.CAS/Source/UI/UI.CAS/CASM005.cs:186
銷售機構代碼(起) 不可大於 銷售機構代碼(迄)	AddError(	Dev/ATLAS.CAS/Source/UI/UI.CAS/CASM005.cs:189
{…} {…} {…} {…} 複製後合計為{…}% 超過100%	AddError(	Dev/ATLAS.CAS/Source/UI/UI.CAS/CASM005p0.cs:47
業績年月(起) 不可大於 業績年月(迄)	AddError(	Dev/ATLAS.CAS/Source/UI/UI.CAS/CASM005p0.cs:59
From 業務員與To 業務員不可相同	AddError(	Dev/ATLAS.CAS/Source/UI/UI.CAS/CASM005p0.cs:65
檢核失敗，請檢查	AddError(	Dev/ATLAS.CAS/Source/UI/UI.CAS/CASM005p0.cs:86
From 業務員 不存在，請重新選擇	AddError(	Dev/ATLAS.CAS/Source/UI/UI.CAS/CASM005p0.cs:88
檢核失敗，請檢查	AddError(	Dev/ATLAS.CAS/Source/UI/UI.CAS/CASM005p0.cs:91
To 業務員 相同資料已存在，請重新選擇	AddError(	Dev/ATLAS.CAS/Source/UI/UI.CAS/CASM005p0.cs:93
執行失敗!!	ShowMessage(	Dev/ATLAS.CAS/Source/UI/UI.CAS/CASM005p0.cs:172
複製成功	ShowMessage(	Dev/ATLAS.CAS/Source/UI/UI.CAS/CASM005p0.cs:177
執行失敗!!	ShowMessage(	Dev/ATLAS.CAS/Source/UI/UI.CAS/CASM005p0.cs:184
起算年月 必須與 業績年度 同一年!	AddError(	Dev/ATLAS.CAS/Source/UI/UI.CAS/CASM006.cs:75
總營業收入 必須大於 0	AddError(	Dev/ATLAS.CAS/Source/UI/UI.CAS/CASM006.cs:78
{…} 為必填欄位	AddError(	Dev/ATLAS.CAS/Source/UI/UI.CAS/CASM006.cs:94
明細資料 必須輸入!	AddError(	Dev/ATLAS.CAS/Source/UI/UI.CAS/CASM006.cs:98
營業收入 必須大於 0	AddError(	Dev/ATLAS.CAS/Source/UI/UI.CAS/CASM006.cs:104
年度營業收入 與 月分配總和不符	AddError(	Dev/ATLAS.CAS/Source/UI/UI.CAS/CASM006.cs:124
年度定期(不)定額戶數-目標 與 月分配戶數-目標 總和不符	AddError(	Dev/ATLAS.CAS/Source/UI/UI.CAS/CASM006.cs:128
年度定期(不)定額戶數-保守 與 月分配戶數-保守 總和不符	AddError(	Dev/ATLAS.CAS/Source/UI/UI.CAS/CASM006.cs:132
年度定期(不)定額扣款成功金額 與 月分配總和不符	AddError(	Dev/ATLAS.CAS/Source/UI/UI.CAS/CASM006.cs:136
年度新開百萬戶數 與 月分配戶數總和不符	AddError(	Dev/ATLAS.CAS/Source/UI/UI.CAS/CASM006.cs:140
年度單筆申購交易百萬戶數 與 月分配戶數總和不符	AddError(	Dev/ATLAS.CAS/Source/UI/UI.CAS/CASM006.cs:144
員工代碼(起)(迄) 必須皆(不)填寫	AddError(	Dev/ATLAS.CAS/Source/UI/UI.CAS/CASM006.cs:359
員工代碼(起) 不可大於 員工代碼(迄)	AddError(	Dev/ATLAS.CAS/Source/UI/UI.CAS/CASM006.cs:362
此員工已離職!	MessageBox.Show(	Dev/ATLAS.CAS/Source/UI/UI.CAS/CASM006.cs:460
查詢失敗：{…}	AddResultRow(	Dev/ATLAS.CLS.Report/Source/PO/ReportPO.CLS/CLSR001_PO.cs:86
報酬率起迄皆(不)填寫	AddError(	Dev/ATLAS.CLS.Report/Source/UI/ReportUI.CLS/CLSR001.cs:117
生日起迄皆(不)填寫	AddError(	Dev/ATLAS.CLS.Report/Source/UI/ReportUI.CLS/CLSR001.cs:120
報酬率 '起' 不可大於 '迄'	AddError(	Dev/ATLAS.CLS.Report/Source/UI/ReportUI.CLS/CLSR001.cs:125
生日 '起' 不可大於 '迄'	AddError(	Dev/ATLAS.CLS.Report/Source/UI/ReportUI.CLS/CLSR001.cs:128
【挑選基金資料】尚未選取任何資料，故無資料	AddError(	Dev/ATLAS.CLS.Report/Source/UI/ReportUI.CLS/CLSR001.cs:280
請先輸入 '銷售機構'	ShowMessage(	Dev/ATLAS.CLS.Report/Source/UI/ReportUI.CLS/CLSR001.cs:528
實際拜訪日期 '起' 不可大於 '迄'	AddError(	Dev/ATLAS.CLS.Report/Source/UI/ReportUI.CLS/CLSR002.cs:122
請先輸入 '銷售機構'	ShowMessage(	Dev/ATLAS.CLS.Report/Source/UI/ReportUI.CLS/CLSR002.cs:402
執行失敗：{…}	AddResultRow(	Dev/ATLAS.CLS/SOURCE/PO/PO.CLS/CLSB001_PO.cs:74
查無資料	AddResultRow(	Dev/ATLAS.CLS/SOURCE/PO/PO.CLS/CLSI001_PO.cs:380
執行失敗，請檢查	AddResultRow(	Dev/ATLAS.CLS/SOURCE/PO/PO.CLS/CLSI001_PO.cs:390
統編/ID 已存在, 不可重覆建檔	AddResultRow(	Dev/ATLAS.CLS/SOURCE/PO/PO.CLS/CLSM001_PO.cs:239
您已維護過此客戶	AddResultRow(	Dev/ATLAS.CLS/SOURCE/PO/PO.CLS/CLSM001_PO.cs:274
無維護此客戶權限	AddResultRow(	Dev/ATLAS.CLS/SOURCE/PO/PO.CLS/CLSM001_PO.cs:276
客戶拜訪序號(起) 必須填寫	AddError(	Dev/ATLAS.CLS/SOURCE/UI/UI.CLS/CLSI001.cs:71
客戶拜訪單號(起) 不可大於 客戶拜訪單號(迄)	AddError(	Dev/ATLAS.CLS/SOURCE/UI/UI.CLS/CLSI001.cs:74
潛在客戶序號(起) 必須填寫	AddError(	Dev/ATLAS.CLS/SOURCE/UI/UI.CLS/CLSI001.cs:79
潛在客戶序號(起) 不可大於 潛在客戶序號(迄)	AddError(	Dev/ATLAS.CLS/SOURCE/UI/UI.CLS/CLSI001.cs:82
員工編號(起) 必須填寫	AddError(	Dev/ATLAS.CLS/SOURCE/UI/UI.CLS/CLSI001.cs:87
員工編號(起) 不可大於 員工編號(迄)	AddError(	Dev/ATLAS.CLS/SOURCE/UI/UI.CLS/CLSI001.cs:90
受益人戶號(起) 必須填寫	AddError(	Dev/ATLAS.CLS/SOURCE/UI/UI.CLS/CLSI001.cs:95
受益人戶號(起) 不可大於 受益人戶號(迄)	AddError(	Dev/ATLAS.CLS/SOURCE/UI/UI.CLS/CLSI001.cs:98
實際拜訪日期(起) 必須填寫	AddError(	Dev/ATLAS.CLS/SOURCE/UI/UI.CLS/CLSI001.cs:104
實際拜訪日期(起) 不可大於 實際拜訪日期(迄)	AddError(	Dev/ATLAS.CLS/SOURCE/UI/UI.CLS/CLSI001.cs:107
統編/ID及客戶姓名 必須擇一填寫	AddError(	Dev/ATLAS.CLS/SOURCE/UI/UI.CLS/CLSM001.cs:126
SAL051業務屬性非(A/B/C)＂不可建檔維護!	ShowMessage(	Dev/ATLAS.CLS/SOURCE/UI/UI.CLS/CLSM001.cs:374
SAL051業務屬性非(A/B/C)＂不可建檔維護!	ShowMessage(	Dev/ATLAS.CLS/SOURCE/UI/UI.CLS/CLSM001.cs:411
查詢範圍過大, 請至少輸入3個查詢條件	AddError(	Dev/ATLAS.CLS/SOURCE/UI/UI.CLS/CLSM001.cs:550
請先輸入 '銷售機構'	ShowMessage(	Dev/ATLAS.CLS/SOURCE/UI/UI.CLS/CLSM001.cs:615
不可查詢此業務員	ShowMessage(	Dev/ATLAS.CLS/SOURCE/UI/UI.CLS/CLSM001.cs:627
實際行程拜訪方式為親訪時「目的地」 為必填欄位	AddError(	Dev/ATLAS.CLS/SOURCE/UI/UI.CLS/CLSM002.cs:97
實際行程拜訪方式為親訪時「交通工具」 為必填欄位	AddError(	Dev/ATLAS.CLS/SOURCE/UI/UI.CLS/CLSM002.cs:103
實際拜訪日期 必須 >= 預計拜訪日期	AddError(	Dev/ATLAS.CLS/SOURCE/UI/UI.CLS/CLSM002.cs:109
提醒: 無法預先維護客戶拜訪紀錄	AddError(	Dev/ATLAS.CLS/SOURCE/UI/UI.CLS/CLSM002.cs:115
提醒: 已逾維護期限, 無法再維護客戶拜訪紀錄	AddError(	Dev/ATLAS.CLS/SOURCE/UI/UI.CLS/CLSM002.cs:120
目的/支援 至少要有一筆資料	AddError(	Dev/ATLAS.CLS/SOURCE/UI/UI.CLS/CLSM002.cs:123
需求說明 為必填欄位	AddError(	Dev/ATLAS.CLS/SOURCE/UI/UI.CLS/CLSM002.cs:129
查無資料	AddResultRow(	Dev/ATLAS.CLS/SOURCE/UI/UI.CLS/CLSM002.cs:161
實際拜訪日期 '起' '迄' 必須同時(不)填寫	AddError(	Dev/ATLAS.CLS/SOURCE/UI/UI.CLS/CLSM002.cs:319
實際拜訪日期 '起' 不可大於 '迄'	AddError(	Dev/ATLAS.CLS/SOURCE/UI/UI.CLS/CLSM002.cs:324
查詢範圍過大, 請至少輸入3個查詢條件	AddError(	Dev/ATLAS.CLS/SOURCE/UI/UI.CLS/CLSM002.cs:362
SAL051業務屬性非(A/B/C)＂不可建檔維護!	ShowMessage(	Dev/ATLAS.CLS/SOURCE/UI/UI.CLS/CLSM002.cs:380
SAL051業務屬性非(A/B/C)＂不可建檔維護!	ShowMessage(	Dev/ATLAS.CLS/SOURCE/UI/UI.CLS/CLSM002.cs:413
請先輸入 '銷售機構'	ShowMessage(	Dev/ATLAS.CLS/SOURCE/UI/UI.CLS/CLSM002.cs:499
不可查詢此業務員	ShowMessage(	Dev/ATLAS.CLS/SOURCE/UI/UI.CLS/CLSM002.cs:511
實際拜訪日期 必須 先填寫	AddError(	Dev/ATLAS.CLS/SOURCE/UI/UI.CLS/CLSM002.cs:617
提醒: 無法預先維護客戶拜訪紀錄	ShowMessage(	Dev/ATLAS.CLS/SOURCE/UI/UI.CLS/CLSM002.cs:731
提醒: 已逾維護期限, 無法再維護客戶拜訪紀錄	ShowMessage(	Dev/ATLAS.CLS/SOURCE/UI/UI.CLS/CLSM002.cs:736
拜訪重點不可重覆	ShowMessage(	Dev/ATLAS.CLS/SOURCE/UI/UI.CLS/CLSM002p0.cs:58
推薦基金不可重覆	ShowMessage(	Dev/ATLAS.CLS/SOURCE/UI/UI.CLS/CLSM002p1.cs:102
{…} 申購日必須大於等於實際拜訪日期	AddError(	Dev/ATLAS.CLS/SOURCE/UI/UI.CLS/CLSM002p1.cs:142
{…} 不為此基金之營業日	AddError(	Dev/ATLAS.CLS/SOURCE/UI/UI.CLS/CLSM002p1.cs:147
執行失敗，請檢查	AddResultRow(	Dev/ATLAS.COD/Source/PO/PO.COD/CODB009_PO.cs:127
必須先到UC0101設定使用者的［電子郵件信箱］	AddResultRow(	Dev/ATLAS.COD/Source/PO/PO.COD/CODB902_PO.cs:99
密碼已發送	AddResultRow(	Dev/ATLAS.COD/Source/PO/PO.COD/CODB902_PO.cs:129
密碼發送失敗，密碼為:{…}	AddResultRow(	Dev/ATLAS.COD/Source/PO/PO.COD/CODB902_PO.cs:134
此'代碼種類',已存在COD007A中,請重新選擇!	AddResultRow(	Dev/ATLAS.COD/Source/PO/PO.COD/CODM006_PO.cs:112
此'代碼種類-顯示順序',已存在!確定存入?	AddResultRow(	Dev/ATLAS.COD/Source/PO/PO.COD/CODM006_PO.cs:161
此'代碼說明',已存在!確定存入?	AddResultRow(	Dev/ATLAS.COD/Source/PO/PO.COD/CODM006_PO.cs:210
已作為列管原因，僅可修改列管原因中文說明	變數指派 =	Dev/ATLAS.COD/Source/PO/PO.COD/CODM006_PO.cs:357
已作為列管原因，不可刪除	變數指派 =	Dev/ATLAS.COD/Source/PO/PO.COD/CODM006_PO.cs:384
此'代碼種類',已存在COD006A中,請重新選擇!	AddResultRow(	Dev/ATLAS.COD/Source/PO/PO.COD/CODM007_PO.cs:272
新增優惠關係人資料OFD195A失敗	throw new ApplicationException(	Dev/ATLAS.COD/Source/PO/PO.COD/CODM009_PO.cs:165
員眷資料新增優惠關係人資料OFD195A失敗	throw new ApplicationException(	Dev/ATLAS.COD/Source/PO/PO.COD/CODM009_PO.cs:214
新增優惠關係人資料OFD195A失敗	throw new ApplicationException(	Dev/ATLAS.COD/Source/PO/PO.COD/CODM009_PO.cs:336
該員工代碼仍有親屬資料,不可刪除!	AddResultRow(	Dev/ATLAS.COD/Source/PO/PO.COD/CODM009_PO.cs:630
該員工已有系統產生的契約異動資料，是否仍要刪除？	AddResultRow(	Dev/ATLAS.COD/Source/PO/PO.COD/CODM009_PO.cs:683
該員工已有系統產生的優惠關係人資料，是否仍要刪除？	AddResultRow(	Dev/ATLAS.COD/Source/PO/PO.COD/CODM009_PO.cs:735
新增優惠關係人資料OFD195A失敗	throw new ApplicationException(	Dev/ATLAS.COD/Source/PO/PO.COD/CODM010_PO.cs:378
新增優惠關係人資料OFD195A失敗	throw new ApplicationException(	Dev/ATLAS.COD/Source/PO/PO.COD/CODM010_PO.cs:492
新增優惠關係人資料OFD195失敗	throw new ApplicationException(	Dev/ATLAS.COD/Source/PO/PO.COD/CODM010_PO.cs:569
該員工親屬已有系統產生的契約異動資料，是否仍要刪除？	AddResultRow(	Dev/ATLAS.COD/Source/PO/PO.COD/CODM010_PO.cs:660
該員工親屬已有系統產生的優惠關係人資料，是否仍要刪除？	AddResultRow(	Dev/ATLAS.COD/Source/PO/PO.COD/CODM010_PO.cs:709
修改失敗，請檢查	throw new Exception(	Dev/ATLAS.COD/Source/PO/PO.COD/CODM016_PO.cs:308
刪除失敗，請檢查	throw new Exception(	Dev/ATLAS.COD/Source/PO/PO.COD/CODM016_PO.cs:363
查詢失敗	AddResultRow(	Dev/ATLAS.COD/Source/PO/PO.COD/CODM016_PO.cs:627
查詢失敗	AddResultRow(	Dev/ATLAS.COD/Source/PO/PO.COD/CODM016_PO.cs:709
查詢成功，查詢筆數：{0}筆	AddResultRow(	Dev/ATLAS.COD/Source/PO/PO.COD/CODM016_PO.cs:797
查詢失敗	AddResultRow(	Dev/ATLAS.COD/Source/PO/PO.COD/CODM016_PO.cs:806
查詢失敗	AddResultRow(	Dev/ATLAS.COD/Source/PO/PO.COD/CODM016_PO.cs:884
執行成功	AddResultRow(	Dev/ATLAS.COD/Source/PO/PO.COD/CTLB014_PO.cs:65
至少勾選一筆待辦事項	AddError(	Dev/ATLAS.COD/Source/UI/UI.COD/CODB000.cs:101
至少須勾選一筆資料	AddError(	Dev/ATLAS.COD/Source/UI/UI.COD/CODB009.cs:265
此代碼{0}已存在一般代碼資料或級距代碼資料中,不可刪除!	AddError(	Dev/ATLAS.COD/Source/UI/UI.COD/CODM005.cs:126
級距上限須大於級距下限	AddError(	Dev/ATLAS.COD/Source/UI/UI.COD/CODM007.cs:184
請記得至優惠關係人檔刪除該筆身份資料	ShowMessage(	Dev/ATLAS.COD/Source/UI/UI.COD/CODM009.cs:286
{…} 不得小於進公司日期	AddError(	Dev/ATLAS.COD/Source/UI/UI.COD/CODM009.cs:312
是否同步更新優惠關係人資料？	ShowMessage(	Dev/ATLAS.COD/Source/UI/UI.COD/CODM009.cs:327
請記得至優惠關係人檔刪除該筆身份資料	ShowMessage(	Dev/ATLAS.COD/Source/UI/UI.COD/CODM009.cs:429
此筆資料並非公單，身分證字號為必輸欄位。	AddError(	Dev/ATLAS.COD/Source/UI/UI.COD/CODM009.cs:475
英文姓名,只限輸入英文及數字!	AddError(	Dev/ATLAS.COD/Source/UI/UI.COD/CODM009.cs:481
業務到職日期 不得小於 進公司日期!	AddError(	Dev/ATLAS.COD/Source/UI/UI.COD/CODM009.cs:485
'出生日期' 為必填欄位	AddError(	Dev/ATLAS.COD/Source/UI/UI.COD/CODM010.cs:71
出生日期 必須小於系統日	AddError(	Dev/ATLAS.COD/Source/UI/UI.COD/CODM010.cs:78
'生效日期' 為必填欄位	AddError(	Dev/ATLAS.COD/Source/UI/UI.COD/CODM010.cs:83
請記得至優惠關係人檔刪除該筆身份資料	ShowMessage(	Dev/ATLAS.COD/Source/UI/UI.COD/CODM010.cs:280
統一編號英文字母不可為小寫	AddError(	Dev/ATLAS.COD/Source/UI/UI.COD/CODM010.cs:307
請記得至優惠關係人檔刪除該筆身份資料	ShowMessage(	Dev/ATLAS.COD/Source/UI/UI.COD/CODM010.cs:460
此區間的流水號已被使用或作廢，不可修改	AddError(	Dev/ATLAS.COD/Source/UI/UI.COD/CODM016.cs:113
僅可修改該基金最近一批流水號的資料	AddError(	Dev/ATLAS.COD/Source/UI/UI.COD/CODM016.cs:118
此區間的流水號已被使用或作廢，不可刪除	AddError(	Dev/ATLAS.COD/Source/UI/UI.COD/CODM016.cs:164
刪除時，必須從該基金最近一批流水號開始刪除	AddError(	Dev/ATLAS.COD/Source/UI/UI.COD/CODM016.cs:169
流水號(迄) 不可小於 流水號(起)	AddError(	Dev/ATLAS.COD/Source/UI/UI.COD/CODM016.cs:221
該憑證已送簽，不可作廢	ShowMessage(	Dev/ATLAS.COD/Source/UI/UI.COD/CODM017.cs:84
若要執行作廢,作廢原因為必填!	AddError(	Dev/ATLAS.COD/Source/UI/UI.COD/CODM017.cs:159
此筆資料尚未作廢,不可取消作廢!	AddError(	Dev/ATLAS.COD/Source/UI/UI.COD/CODM017.cs:164
此筆資料已作廢,不可作廢!	AddError(	Dev/ATLAS.COD/Source/UI/UI.COD/CODM017.cs:169
此筆資料已存在受益憑證號碼,不可取消作廢!	AddError(	Dev/ATLAS.COD/Source/UI/UI.COD/CODM017.cs:174
作廢原因不可挑選 {…}	AddError(	Dev/ATLAS.COD/Source/UI/UI.COD/CODM017.cs:181
明細資料必須輸入	AddError(	Dev/ATLAS.COD/Source/UI/UI.COD/CODM036.cs:108
級距上限,級距下限必須輸入	AddError(	Dev/ATLAS.COD/Source/UI/UI.COD/CODM036.cs:120
'級距上限''級距下限'重覆	AddError(	Dev/ATLAS.COD/Source/UI/UI.COD/CODM036.cs:239
至少要有一筆資料	AddError(	Dev/ATLAS.COD/Source/UI/UI.COD/CTLB014.cs:123
是否預設值只能是0或1	AddError(	Dev/ATLAS.COD/Source/UI/UI.COD/CTLB014.cs:129
明細不得有空白	AddError(	Dev/ATLAS.COD/Source/UI/UI.COD/CTLB014.cs:135
查無資料	AddResultRow(	Dev/ATLAS.CPM.Report/Source/PO/ReportPO.CPM/CPMR004_PO.cs:374
執行失敗，請檢查	AddResultRow(	Dev/ATLAS.CPM.Report/Source/PO/ReportPO.CPM/CPMR004_PO.cs:384
查無資料	AddResultRow(	Dev/ATLAS.CPM.Report/Source/PO/ReportPO.CPM/CPMR005_PO.cs:239
執行失敗，請檢查	AddResultRow(	Dev/ATLAS.CPM.Report/Source/PO/ReportPO.CPM/CPMR005_PO.cs:249
查無資料	AddResultRow(	Dev/ATLAS.CPM.Report/Source/PO/ReportPO.CPM/CPMR006_PO.cs:187
執行失敗，請檢查	AddResultRow(	Dev/ATLAS.CPM.Report/Source/PO/ReportPO.CPM/CPMR006_PO.cs:197
處理件日期(起)(迄) 必(不)填寫	AddError(	Dev/ATLAS.CPM.Report/Source/UI/ReportUI.CPM/CPMR004.cs:87
處理件日期(起) 不可大於 處理件日期(迄)	AddError(	Dev/ATLAS.CPM.Report/Source/UI/ReportUI.CPM/CPMR004.cs:90
預計完成日(起)(迄) 必(不)填寫	AddError(	Dev/ATLAS.CPM.Report/Source/UI/ReportUI.CPM/CPMR004.cs:97
預計完成日(起) 不可大於 預計完成日(迄)	AddError(	Dev/ATLAS.CPM.Report/Source/UI/ReportUI.CPM/CPMR004.cs:100
展延日期(起)(迄) 必(不)填寫	AddError(	Dev/ATLAS.CPM.Report/Source/UI/ReportUI.CPM/CPMR004.cs:107
展延日期(起) 不可大於 展延日期(迄)	AddError(	Dev/ATLAS.CPM.Report/Source/UI/ReportUI.CPM/CPMR004.cs:110
結案日期(起)(迄) 必(不)填寫	AddError(	Dev/ATLAS.CPM.Report/Source/UI/ReportUI.CPM/CPMR004.cs:117
結案日期(起) 不可大於 結案日期(迄)	AddError(	Dev/ATLAS.CPM.Report/Source/UI/ReportUI.CPM/CPMR004.cs:120
處理件日期(起)(迄) 必須填寫	AddError(	Dev/ATLAS.CPM.Report/Source/UI/ReportUI.CPM/CPMR005.cs:269
處理件日期(起) 不可大於 處理件日期(迄)	AddError(	Dev/ATLAS.CPM.Report/Source/UI/ReportUI.CPM/CPMR005.cs:272
展延日期(起) 不可大於 展延日期(迄)	AddError(	Dev/ATLAS.CPM.Report/Source/UI/ReportUI.CPM/CPMR005.cs:278
受益人戶號(起) 必須填寫	AddError(	Dev/ATLAS.CPM.Report/Source/UI/ReportUI.CPM/CPMR005.cs:284
受益人戶號(起) 不可大於 受益人戶號(迄)	AddError(	Dev/ATLAS.CPM.Report/Source/UI/ReportUI.CPM/CPMR005.cs:287
處理件日期(起)(迄) 必須填寫	AddError(	Dev/ATLAS.CPM.Report/Source/UI/ReportUI.CPM/CPMR006.cs:213
處理件日期(起) 不可大於 處理件日期(迄)	AddError(	Dev/ATLAS.CPM.Report/Source/UI/ReportUI.CPM/CPMR006.cs:216
處理件單號(起)(迄) 必(不)填寫	AddError(	Dev/ATLAS.CPM.Report/Source/UI/ReportUI.CPM/CPMR006.cs:224
處理件單號(起) 不可大於 處理件單號(迄)	AddError(	Dev/ATLAS.CPM.Report/Source/UI/ReportUI.CPM/CPMR006.cs:227
查無資料	AddResultRow(	Dev/ATLAS.CPM/SOURCE/PO/PO.CPM/CPMB001_PO.cs:181
執行失敗，請檢查	AddResultRow(	Dev/ATLAS.CPM/SOURCE/PO/PO.CPM/CPMB001_PO.cs:191
查無資料	AddResultRow(	Dev/ATLAS.CPM/SOURCE/PO/PO.CPM/CPMB002_PO.cs:200
執行失敗，請檢查	AddResultRow(	Dev/ATLAS.CPM/SOURCE/PO/PO.CPM/CPMB002_PO.cs:210
查無資料	AddResultRow(	Dev/ATLAS.CPM/SOURCE/PO/PO.CPM/CPMB003_PO.cs:202
執行失敗，請檢查	AddResultRow(	Dev/ATLAS.CPM/SOURCE/PO/PO.CPM/CPMB003_PO.cs:212
查無資料	AddResultRow(	Dev/ATLAS.CPM/SOURCE/PO/PO.CPM/CPMB004_PO.cs:205
執行失敗，請檢查	AddResultRow(	Dev/ATLAS.CPM/SOURCE/PO/PO.CPM/CPMB004_PO.cs:215
查無資料	AddResultRow(	Dev/ATLAS.CPM/SOURCE/PO/PO.CPM/CPMB005_PO.cs:159
執行失敗，請檢查	AddResultRow(	Dev/ATLAS.CPM/SOURCE/PO/PO.CPM/CPMB005_PO.cs:169
執行失敗，請檢查{…}	AddResultRow(	Dev/ATLAS.CPM/SOURCE/PO/PO.CPM/CPMB005_PO.cs:320
查無資料	AddResultRow(	Dev/ATLAS.CPM/SOURCE/PO/PO.CPM/CPMB006_PO.cs:159
執行失敗，請檢查	AddResultRow(	Dev/ATLAS.CPM/SOURCE/PO/PO.CPM/CPMB006_PO.cs:169
執行失敗，請檢查{…}	AddResultRow(	Dev/ATLAS.CPM/SOURCE/PO/PO.CPM/CPMB006_PO.cs:328
你確定要刪除資料嗎？	ShowMessage(	Dev/ATLAS.CPM/SOURCE/UI/UI.CPM/CPMB001p0.cs:501
無指定處理部門將進行結案程序?	MessageBox.Show(	Dev/ATLAS.CPM/SOURCE/UI/UI.CPM/CPMB002p0.cs:248
股代簽核流程有誤!	MessageBox.Show(	Dev/ATLAS.CPM/SOURCE/UI/UI.CPM/CPMB002p0.cs:277
指定部門處理人員為必填	AddError(	Dev/ATLAS.CPM/SOURCE/UI/UI.CPM/CPMB002p0.cs:474
指定部門處理說明	AddError(	Dev/ATLAS.CPM/SOURCE/UI/UI.CPM/CPMB002p0.cs:478
處理部門處理人員為必填	AddError(	Dev/ATLAS.CPM/SOURCE/UI/UI.CPM/CPMB003p0.cs:244
處理部門處理說明	AddError(	Dev/ATLAS.CPM/SOURCE/UI/UI.CPM/CPMB003p0.cs:248
股代簽核流程有誤!	MessageBox.Show(	Dev/ATLAS.CPM/SOURCE/UI/UI.CPM/CPMB003p0.cs:285
處理狀態為必填	AddError(	Dev/ATLAS.CPM/SOURCE/UI/UI.CPM/CPMB004p0.cs:636
展延日期為必填	AddError(	Dev/ATLAS.CPM/SOURCE/UI/UI.CPM/CPMB004p0.cs:641
結案日期為必填	AddError(	Dev/ATLAS.CPM/SOURCE/UI/UI.CPM/CPMB004p0.cs:646
結案說明為必填	AddError(	Dev/ATLAS.CPM/SOURCE/UI/UI.CPM/CPMB004p0.cs:651
主管確認日期為必填	AddError(	Dev/ATLAS.CPM/SOURCE/UI/UI.CPM/CPMB005p0.cs:238
客戶訴求為必填	AddError(	Dev/ATLAS.CPM/SOURCE/UI/UI.CPM/CPMB005p0.cs:243
明細資料 必須輸入	AddError(	Dev/ATLAS.CPM/SOURCE/UI/UI.CPM/CPMM001.cs:154
使用者ID為必填	AddError(	Dev/ATLAS.CPM/SOURCE/UI/UI.CPM/CPMM003.cs:272
{…} 為必填欄位	AddError(	Dev/ATLAS.CPM/SOURCE/UI/UI.CPM/CPMM003.cs:277
明細資料 必須輸入!	AddError(	Dev/ATLAS.CPM/SOURCE/UI/UI.CPM/CPMM003.cs:282
請至少輸入任一筆 查詢條件	AddError(	Dev/ATLAS.CPM/SOURCE/UI/UI.CPM/CPMM004.cs:545
處理件日期(起)(迄) 必須皆(不)填寫	AddError(	Dev/ATLAS.CPM/SOURCE/UI/UI.CPM/CPMM004.cs:549
處理件日期(起)必須小於等於處理件日期(迄)	AddError(	Dev/ATLAS.CPM/SOURCE/UI/UI.CPM/CPMM004.cs:552
戶號(起)(迄) 必須皆(不)填寫	AddError(	Dev/ATLAS.CPM/SOURCE/UI/UI.CPM/CPMM004.cs:560
戶號(起) 不可大於 戶號(迄)	AddError(	Dev/ATLAS.CPM/SOURCE/UI/UI.CPM/CPMM004.cs:563
處理件分類，必須選取至少一項!!	AddError(	Dev/ATLAS.CPM/SOURCE/UI/UI.CPM/CPMM004.cs:604
此需求處理/抱怨記錄件序號已申請確認,不能修改!	ShowFormatMessage(	Dev/ATLAS.CPM/SOURCE/UI/UI.CPM/CPMM004.cs:633
此需求處理/抱怨記錄件序號已重新處理申請確認,不能修改!	ShowFormatMessage(	Dev/ATLAS.CPM/SOURCE/UI/UI.CPM/CPMM004.cs:641
使用者帳號尚未設定連接員工代碼，請通知資訊組!!	AddError(	Dev/ATLAS.CPM/SOURCE/UI/UI.CPM/CPMM004.cs:711
處理件內容不得為空白!!	AddError(	Dev/ATLAS.CPM/SOURCE/UI/UI.CPM/CPMM004.cs:714
指定處理部門內容不得為空白!!	AddError(	Dev/ATLAS.CPM/SOURCE/UI/UI.CPM/CPMM004.cs:718
請勾選EMAIL通知單位!!	AddError(	Dev/ATLAS.CPM/SOURCE/UI/UI.CPM/CPMM004.cs:728
此戶號不存在，將以暫時戶名取代!	ShowFormatMessage(	Dev/ATLAS.CPM/SOURCE/UI/UI.CPM/CPMM004.cs:793
此需求處理/抱怨記錄件序號已申請確認,不能修改!	ShowFormatMessage(	Dev/ATLAS.CPM/SOURCE/UI/UI.CPM/CPMM004.cs:907
此戶號不存在，將以暫時戶名取代!	ShowFormatMessage(	Dev/ATLAS.CPM/SOURCE/UI/UI.CPM/CPMM004.cs:1069
客戶拜訪清單 查無資料!	ShowMessage(	Dev/ATLAS.CPM/SOURCE/UI/UI.CPM/CPMM004p2.cs:140
處理件日期(起) 不可大於 處理件日期(迄)	AddError(	Dev/ATLAS.CPM/SOURCE/UI/UI.CPM/CPMM004p2.cs:192
統一編號(起)(迄) 必須皆(不)填寫	AddError(	Dev/ATLAS.CPM/SOURCE/UI/UI.CPM/CPMM004p2.cs:196
統一編號(起) 不可大於 統一編號(迄)	AddError(	Dev/ATLAS.CPM/SOURCE/UI/UI.CPM/CPMM004p2.cs:199
處理件單號(起)(迄) 必須皆(不)填寫	AddError(	Dev/ATLAS.CPM/SOURCE/UI/UI.CPM/CPMM004p2.cs:202
處理件單號(起) 不可大於 處理件單號(迄)	AddError(	Dev/ATLAS.CPM/SOURCE/UI/UI.CPM/CPMM004p2.cs:205
戶號(起)(迄) 必須皆(不)填寫	AddError(	Dev/ATLAS.CPM/SOURCE/UI/UI.CPM/CPMM005.cs:222
戶號((起) 不可大於 戶號(迄)	AddError(	Dev/ATLAS.CPM/SOURCE/UI/UI.CPM/CPMM005.cs:225
申請日期(起)(迄) 必須皆(不)填寫	AddError(	Dev/ATLAS.CPM/SOURCE/UI/UI.CPM/CPMM005.cs:229
申請日期(起) 不可大於 申請日期(迄)	AddError(	Dev/ATLAS.CPM/SOURCE/UI/UI.CPM/CPMM005.cs:232
此欄位需輸入2碼以上才可以查詢	AddError(	Dev/ATLAS.CPM/SOURCE/UI/UI.CPM/CPMM005.cs:237
客訴提案表 查無資料!	ShowMessage(	Dev/ATLAS.CPM/SOURCE/UI/UI.CPM/CPMM005.cs:336
此客戶已有進行中的客訴件，是否確定新增？	AddError(	Dev/ATLAS.CPM/SOURCE/UI/UI.CPM/CPMM005.cs:443
此客戶已有進行中的客訴件，是否確定新增？	AddError(	Dev/ATLAS.CPM/SOURCE/UI/UI.CPM/CPMM005.cs:496
執行失敗，請檢查	AddResultRow(	Dev/ATLAS.CRM.Report/Source/PO/ReportPO.CRM/CRMR001_PO.cs:149
執行失敗，請檢查	AddResultRow(	Dev/ATLAS.CRM.Report/Source/PO/ReportPO.CRM/CRMR001_PO.cs:198
執行失敗，請檢查	AddResultRow(	Dev/ATLAS.CRM.Report/Source/PO/ReportPO.CRM/CRMR002_PO.cs:148
單筆最高申購金額(起)(迄) 必須皆(不)填寫	AddError(	Dev/ATLAS.CRM.Report/Source/UI/ReportUI.CRM/CRMR001.cs:391
單筆最高申購金額(起) 不可大於 單筆最高申購金額(迄)	AddError(	Dev/ATLAS.CRM.Report/Source/UI/ReportUI.CRM/CRMR001.cs:396
結餘金額(起)(迄) 必須皆(不)填寫	AddError(	Dev/ATLAS.CRM.Report/Source/UI/ReportUI.CRM/CRMR001.cs:409
結餘金額(起) 不可大於 結餘金額(迄)	AddError(	Dev/ATLAS.CRM.Report/Source/UI/ReportUI.CRM/CRMR001.cs:414
單筆最高申購金額(起)(迄) 必須皆(不)填寫	AddError(	Dev/ATLAS.CRM.Report/Source/UI/ReportUI.CRM/CRMR002.cs:389
單筆最高申購金額(起) 不可大於 單筆最高申購金額(迄)	AddError(	Dev/ATLAS.CRM.Report/Source/UI/ReportUI.CRM/CRMR002.cs:394
結餘金額(起)(迄) 必須皆(不)填寫	AddError(	Dev/ATLAS.CRM.Report/Source/UI/ReportUI.CRM/CRMR002.cs:407
結餘金額(起) 不可大於 結餘金額(迄)	AddError(	Dev/ATLAS.CRM.Report/Source/UI/ReportUI.CRM/CRMR002.cs:412
交易日期(起) 不可大於 交易日期(迄)	AddError(	Dev/ATLAS.CRM.Report/Source/UI/ReportUI.CRM/CRMR003.cs:230
交易日期(起) 不可大於 交易日期(迄)	AddError(	Dev/ATLAS.CRM.Report/Source/UI/ReportUI.CRM/CRMR004.cs:248
交易日期(起) 不可大於 交易日期(迄)	AddError(	Dev/ATLAS.CRM.Report/Source/UI/ReportUI.CRM/CRMR005.cs:248
通話日期區間 為必填欄位	AddError(	Dev/ATLAS.CRM.Report/Source/UI/ReportUI.CRM/CRMR007.cs:257
通話日期(起) 不可大於 通話日期(迄)	AddError(	Dev/ATLAS.CRM.Report/Source/UI/ReportUI.CRM/CRMR007.cs:262
潛在客戶姓名(起) 不可大於 潛在客戶姓名(迄)	AddError(	Dev/ATLAS.CRM.Report/Source/UI/ReportUI.CRM/CRMR007.cs:271
使用姓名查詢，需輸入兩個字以上。	ShowMessage(	Dev/ATLAS.CRM.Report/Source/UI/ReportUI.CRM/CRMR007.cs:323
索取日期區間 為必填欄位	AddError(	Dev/ATLAS.CRM.Report/Source/UI/ReportUI.CRM/CRMR008.cs:248
索取日期(起) 不可大於 索取日期(迄)	AddError(	Dev/ATLAS.CRM.Report/Source/UI/ReportUI.CRM/CRMR008.cs:253
潛在客戶姓名(起) 不可大於 潛在客戶姓名(迄)	AddError(	Dev/ATLAS.CRM.Report/Source/UI/ReportUI.CRM/CRMR008.cs:262
使用姓名查詢，需輸入兩個字以上。	ShowMessage(	Dev/ATLAS.CRM.Report/Source/UI/ReportUI.CRM/CRMR008.cs:332
已上傳{0:#,##0}筆指派客戶資料	AddResultRow(	Dev/ATLAS.CRM/Source/PO/PO.CRM/CRMB001_PO.cs:191
執行失敗，請檢查	AddResultRow(	Dev/ATLAS.CRM/Source/PO/PO.CRM/CRMB001_PO.cs:219
執行失敗，請檢查	AddResultRow(	Dev/ATLAS.CRM/Source/PO/PO.CRM/CRMB001_PO.cs:345
執行失敗，請檢查	AddResultRow(	Dev/ATLAS.CRM/Source/PO/PO.CRM/CRMB002_PO.cs:165
資料寫入失敗	throw new Exception(	Dev/ATLAS.CRM/Source/PO/PO.CRM/CRMB002_PO.cs:226
執行失敗，請檢查	AddResultRow(	Dev/ATLAS.CRM/Source/PO/PO.CRM/CRMB002_PO.cs:239
執行失敗，請檢查	AddResultRow(	Dev/ATLAS.CRM/Source/PO/PO.CRM/CRMB002_PO.cs:294
執行失敗，請檢查	AddResultRow(	Dev/ATLAS.CRM/Source/PO/PO.CRM/CRMB003_PO.cs:174
資料寫入失敗	throw new Exception(	Dev/ATLAS.CRM/Source/PO/PO.CRM/CRMB003_PO.cs:232
執行失敗，請檢查	AddResultRow(	Dev/ATLAS.CRM/Source/PO/PO.CRM/CRMB003_PO.cs:245
執行失敗，請檢查	AddResultRow(	Dev/ATLAS.CRM/Source/PO/PO.CRM/CRMB003_PO.cs:395
執行失敗，請檢查	AddResultRow(	Dev/ATLAS.CRM/Source/PO/PO.CRM/CRMB004_PO.cs:153
資料寫入失敗	throw new Exception(	Dev/ATLAS.CRM/Source/PO/PO.CRM/CRMB004_PO.cs:213
執行失敗，請檢查	AddResultRow(	Dev/ATLAS.CRM/Source/PO/PO.CRM/CRMB004_PO.cs:226
執行失敗，請檢查	AddResultRow(	Dev/ATLAS.CRM/Source/PO/PO.CRM/CRMB004_PO.cs:377
執行失敗，請檢查	AddResultRow(	Dev/ATLAS.CRM/Source/PO/PO.CRM/CRMB005_PO.cs:134
執行失敗，請檢查	AddResultRow(	Dev/ATLAS.CRM/Source/PO/PO.CRM/CRMB005_PO.cs:179
查無資料	AddResultRow(	Dev/ATLAS.CRM/Source/PO/PO.CRM/CRMI001_PO.cs:500
執行失敗，請檢查	AddResultRow(	Dev/ATLAS.CRM/Source/PO/PO.CRM/CRMI001_PO.cs:510
取得銷售機構查詢權限失敗，請檢查	AddResultRow(	Dev/ATLAS.CRM/Source/PO/PO.CRM/CRMM001_PO.cs:397
員工查詢權限明細失敗，請檢查	AddResultRow(	Dev/ATLAS.CRM/Source/PO/PO.CRM/CRMM001_PO.cs:431
檢查部門歸屬銷售機構重覆失敗，請檢查	AddResultRow(	Dev/ATLAS.CRM/Source/PO/PO.CRM/CRMM002_PO.cs:173
取得電訪人員失敗，請檢查	AddResultRow(	Dev/ATLAS.CRM/Source/PO/PO.CRM/CRMM003_PO.cs:716
未指定正確的查詢參數。	AddResultRow(	Dev/ATLAS.CRM/Source/PO/PO.CRM/CRMM003_PO.cs:761
取得批次失敗，請檢查	AddResultRow(	Dev/ATLAS.CRM/Source/PO/PO.CRM/CRMM003_PO.cs:780
PR_NO必須傳入	throw new Exception(	Dev/ATLAS.CRM/Source/PO/PO.CRM/CRMM003_PO.cs:801
取得客戶歷史資料失敗，請檢查	AddResultRow(	Dev/ATLAS.CRM/Source/PO/PO.CRM/CRMM003_PO.cs:833
PR_NO必須傳入	throw new Exception(	Dev/ATLAS.CRM/Source/PO/PO.CRM/CRMM003_PO.cs:854
取得客戶歷史資料失敗，請檢查	AddResultRow(	Dev/ATLAS.CRM/Source/PO/PO.CRM/CRMM003_PO.cs:906
未啟用此Manager功能。	throw new Exception(	Dev/ATLAS.CRM/Source/UI/UI.CRM/App_Code/UltraGridCheckedListManager.cs:394
戶號欄位格式不正確，請修正後重新上傳	ShowMessage(	Dev/ATLAS.CRM/Source/UI/UI.CRM/CRMB001.cs:203
金額欄位格式不正確，請修正後重新上傳	ShowMessage(	Dev/ATLAS.CRM/Source/UI/UI.CRM/CRMB001.cs:223
匯出成功！	ShowMessage(	Dev/ATLAS.CRM/Source/UI/UI.CRM/CRMB001.cs:290
查無資料！	ShowMessage(	Dev/ATLAS.CRM/Source/UI/UI.CRM/CRMB001.cs:296
單筆最高申購金額(起)(迄) 必須皆(不)填寫	AddError(	Dev/ATLAS.CRM/Source/UI/UI.CRM/CRMB002.cs:179
單筆最高申購金額(起) 不可大於 單筆最高申購金額(迄)	AddError(	Dev/ATLAS.CRM/Source/UI/UI.CRM/CRMB002.cs:184
結餘金額(起)(迄) 必須皆(不)填寫	AddError(	Dev/ATLAS.CRM/Source/UI/UI.CRM/CRMB002.cs:197
結餘金額(起) 不可大於 結餘金額(迄)	AddError(	Dev/ATLAS.CRM/Source/UI/UI.CRM/CRMB002.cs:202
尚未選取任何【明細資料】	AddError(	Dev/ATLAS.CRM/Source/UI/UI.CRM/CRMB002.cs:216
請輸入指派單位別(轉出)！	AddError(	Dev/ATLAS.CRM/Source/UI/UI.CRM/CRMB003.cs:200
單筆最高申購金額(起)(迄) 必須皆(不)填寫	AddError(	Dev/ATLAS.CRM/Source/UI/UI.CRM/CRMB003.cs:213
單筆最高申購金額(起) 不可大於 單筆最高申購金額(迄)	AddError(	Dev/ATLAS.CRM/Source/UI/UI.CRM/CRMB003.cs:218
結餘金額(起)(迄) 必須皆(不)填寫	AddError(	Dev/ATLAS.CRM/Source/UI/UI.CRM/CRMB003.cs:231
結餘金額(起) 不可大於 結餘金額(迄)	AddError(	Dev/ATLAS.CRM/Source/UI/UI.CRM/CRMB003.cs:236
尚未選取任何【明細資料】	AddError(	Dev/ATLAS.CRM/Source/UI/UI.CRM/CRMB003.cs:254
勾選資料【轉入業務員】不能轉出相同的業務員。	AddError(	Dev/ATLAS.CRM/Source/UI/UI.CRM/CRMB003.cs:261
請先選擇分配期別	ShowMessage(	Dev/ATLAS.CRM/Source/UI/UI.CRM/CRMB003.cs:655
請先選擇分配期別	ShowMessage(	Dev/ATLAS.CRM/Source/UI/UI.CRM/CRMB003.cs:668
單筆最高申購金額(起)(迄) 必須皆(不)填寫	AddError(	Dev/ATLAS.CRM/Source/UI/UI.CRM/CRMB004.cs:174
單筆最高申購金額(起) 不可大於 單筆最高申購金額(迄)	AddError(	Dev/ATLAS.CRM/Source/UI/UI.CRM/CRMB004.cs:179
結餘金額(起)(迄) 必須皆(不)填寫	AddError(	Dev/ATLAS.CRM/Source/UI/UI.CRM/CRMB004.cs:192
結餘金額(起) 不可大於 結餘金額(迄)	AddError(	Dev/ATLAS.CRM/Source/UI/UI.CRM/CRMB004.cs:197
尚未選取任何【明細資料】	AddError(	Dev/ATLAS.CRM/Source/UI/UI.CRM/CRMB004.cs:208
請勾選要合併的潛在客戶【明細資料】才可以執行。	AddError(	Dev/ATLAS.CRM/Source/UI/UI.CRM/CRMB005.cs:90
戶號起(迄)、最後交易日期起(迄)、本次指派日期起(迄):以上三欄位必須擇一輸入，不可空白。	AddError(	Dev/ATLAS.CRM/Source/UI/UI.CRM/CRMI001.cs:104
分配期別(起) 必須填寫	AddError(	Dev/ATLAS.CRM/Source/UI/UI.CRM/CRMI001.cs:111
分配期別必須填寫	AddError(	Dev/ATLAS.CRM/Source/UI/UI.CRM/CRMI001.cs:113
分配期別(起) 不可大於 分配期別(迄)	AddError(	Dev/ATLAS.CRM/Source/UI/UI.CRM/CRMI001.cs:116
執行日期(起) 必須填寫	AddError(	Dev/ATLAS.CRM/Source/UI/UI.CRM/CRMI001.cs:122
執行日期(起) 不可大於 執行日期(迄)	AddError(	Dev/ATLAS.CRM/Source/UI/UI.CRM/CRMI001.cs:125
受益人戶號(起) 必須填寫	AddError(	Dev/ATLAS.CRM/Source/UI/UI.CRM/CRMI001.cs:131
受益人戶號(起) 不可大於 受益人戶號(迄)	AddError(	Dev/ATLAS.CRM/Source/UI/UI.CRM/CRMI001.cs:134
最後交易日期(起) 必須填寫	AddError(	Dev/ATLAS.CRM/Source/UI/UI.CRM/CRMI001.cs:141
最後交易日期(起) 不可大於 最後交易日期(迄)	AddError(	Dev/ATLAS.CRM/Source/UI/UI.CRM/CRMI001.cs:144
最後交易員工代碼(起) 必須填寫	AddError(	Dev/ATLAS.CRM/Source/UI/UI.CRM/CRMI001.cs:150
最後交易員工代碼(起) 不可大於 最後交易員工代碼(迄)	AddError(	Dev/ATLAS.CRM/Source/UI/UI.CRM/CRMI001.cs:153
單筆最高申購金額(起) 必須填寫	AddError(	Dev/ATLAS.CRM/Source/UI/UI.CRM/CRMI001.cs:159
單筆最高申購金額(起) 不可大於 單筆最高申購金額(迄)	AddError(	Dev/ATLAS.CRM/Source/UI/UI.CRM/CRMI001.cs:162
結存金額(起) 必須填寫	AddError(	Dev/ATLAS.CRM/Source/UI/UI.CRM/CRMI001.cs:168
結存金額(起) 不可大於 結存金額(迄)	AddError(	Dev/ATLAS.CRM/Source/UI/UI.CRM/CRMI001.cs:171
本次指派日期(起) 必須填寫	AddError(	Dev/ATLAS.CRM/Source/UI/UI.CRM/CRMI001.cs:177
本次指派日期(起) 不可大於 本次指派日期(迄)	AddError(	Dev/ATLAS.CRM/Source/UI/UI.CRM/CRMI001.cs:180
再聯絡日期(起) 必須填寫	AddError(	Dev/ATLAS.CRM/Source/UI/UI.CRM/CRMI001.cs:186
再聯絡日期(起) 不可大於 再聯絡日期(迄)	AddError(	Dev/ATLAS.CRM/Source/UI/UI.CRM/CRMI001.cs:189
明細資料 必須至少勾選一筆。	AddError(	Dev/ATLAS.CRM/Source/UI/UI.CRM/CRMM001.cs:539
此筆資料已存在，無法新增，請檢查。	ShowMessage(	Dev/ATLAS.CRM/Source/UI/UI.CRM/CRMM001.cs:557
至少勾選一筆明細資料。	ShowMessage(	Dev/ATLAS.CRM/Source/UI/UI.CRM/CRMM001p0.cs:126
明細資料 必須輸入	AddError(	Dev/ATLAS.CRM/Source/UI/UI.CRM/CRMM002.cs:177
此類別已重複設定 銷售機構代碼【{0}】。	ShowMessage(	Dev/ATLAS.CRM/Source/UI/UI.CRM/CRMM002.cs:280
請先選擇 銷售機構別。	ShowMessage(	Dev/ATLAS.CRM/Source/UI/UI.CRM/CRMM002.cs:307
戶號(起)(迄) 必須皆(不)填寫	AddError(	Dev/ATLAS.CRM/Source/UI/UI.CRM/CRMM003.cs:222
戶號(起) 不可大於 戶號(迄)	AddError(	Dev/ATLAS.CRM/Source/UI/UI.CRM/CRMM003.cs:227
通話日期(起)(迄) 必須皆(不)填寫	AddError(	Dev/ATLAS.CRM/Source/UI/UI.CRM/CRMM003.cs:234
通話日期(起) 不可大於 通話日期(迄)	AddError(	Dev/ATLAS.CRM/Source/UI/UI.CRM/CRMM003.cs:239
資料索取日期(起)(迄) 必須皆(不)填寫	AddError(	Dev/ATLAS.CRM/Source/UI/UI.CRM/CRMM003.cs:246
資料索取日期(起) 不可大於 資料索取日期(迄)	AddError(	Dev/ATLAS.CRM/Source/UI/UI.CRM/CRMM003.cs:251
查詢條件不可 同時空白(至少要有一條件)。	AddError(	Dev/ATLAS.CRM/Source/UI/UI.CRM/CRMM003.cs:263
"統一編號"或"客戶姓名"不可 同時空白。	AddError(	Dev/ATLAS.CRM/Source/UI/UI.CRM/CRMM003.cs:285
EMAIL格式有誤	AddError(	Dev/ATLAS.CRM/Source/UI/UI.CRM/CRMM003.cs:293
"索取資料"的EMAIL格式有誤	AddError(	Dev/ATLAS.CRM/Source/UI/UI.CRM/CRMM003.cs:299
本次通聯原因(大類、小類)尚未選取，至少須選取一項!	AddError(	Dev/ATLAS.CRM/Source/UI/UI.CRM/CRMM003.cs:312
索取資料(大類、小類)尚未選取，至少須選取一項!	AddError(	Dev/ATLAS.CRM/Source/UI/UI.CRM/CRMM003.cs:326
新增的"通話日期"大於"系統日期"，是否要繼續?	變數指派 =	Dev/ATLAS.CRM/Source/UI/UI.CRM/CRMM003.cs:343
新增的"索取日期"大於"系統日期"，是否要繼續?	變數指派 =	Dev/ATLAS.CRM/Source/UI/UI.CRM/CRMM003.cs:356
請選擇要新增的 通聯原因代碼	AddError(	Dev/ATLAS.CRM/Source/UI/UI.CRM/CRMM003.cs:1218
通聯原因代碼 不存在 或 無效	AddError(	Dev/ATLAS.CRM/Source/UI/UI.CRM/CRMM003.cs:1225
通聯原因代碼 已勾選	AddError(	Dev/ATLAS.CRM/Source/UI/UI.CRM/CRMM003.cs:1229
請選擇要新增的 需求資料小類	AddError(	Dev/ATLAS.CRM/Source/UI/UI.CRM/CRMM003.cs:1252
需求資料小類 不存在 或 無效	AddError(	Dev/ATLAS.CRM/Source/UI/UI.CRM/CRMM003.cs:1259
需求資料小類 已勾選	AddError(	Dev/ATLAS.CRM/Source/UI/UI.CRM/CRMM003.cs:1263
此統一編號已有潛在客戶序號，是否要繼續新增資料? 若選是，則繼續新增資料， 若選否，將會清除資料，請重新新增	ShowMessage(	Dev/ATLAS.CRM/Source/UI/UI.CRM/CRMM003.cs:1489
統一編號資料過多，請至少key六碼統一編號!!	ShowMessage(	Dev/ATLAS.CRM/Source/UI/UI.CRM/CRMM003.cs:1528
【需求數量】必須介於1~99之間	MessageBox.Show(	Dev/ATLAS.CRM/Source/UI/UI.CRM/CRMM003.cs:1662
取得歷史資料失敗，請檢查資料。	ShowMessage(	Dev/ATLAS.CRM/Source/UI/UI.CRM/CRMM003p0.cs:95
取得歷史資料失敗，請檢查資料。	ShowMessage(	Dev/ATLAS.CRM/Source/UI/UI.CRM/CRMM003p0.cs:259
非貨幣結餘(起)不可大於非貨幣結餘(迄)	AddError(	Dev/ATLAS.CRM/Source/UI/UI.CRM/CRMM004.cs:49
貨幣結餘(起)不可大於貨幣結餘(迄)	AddError(	Dev/ATLAS.CRM/Source/UI/UI.CRM/CRMM004.cs:53
Excel.Application 建立失敗。	throw new Exception(	Dev/ATLAS.DSM.Report/Source/UI/ReportUI.DSM/App_Code/ExcelHelper.cs:41
Excel.工作表 取得失敗。	throw new Exception(	Dev/ATLAS.DSM.Report/Source/UI/ReportUI.DSM/App_Code/ExcelHelper.cs:50
統計日期(起) 不可大於 統計日期(迄)	AddError(	Dev/ATLAS.DSM.Report/Source/UI/ReportUI.DSM/DSMR001.cs:205
無符合查詢條件的資料。	ShowMessage(	Dev/ATLAS.DSM.Report/Source/UI/ReportUI.DSM/DSMR001.cs:359
執行成功	ShowMessage(	Dev/ATLAS.DSM.Report/Source/UI/ReportUI.DSM/DSMR001.cs:387
商業邏輯異常!	ShowMessage(	Dev/ATLAS.DSM.Report/Source/UI/ReportUI.DSM/DSMR001.cs:393
申購日期(起) 不可大於 申購日期(迄)	AddError(	Dev/ATLAS.DSM.Report/Source/UI/ReportUI.DSM/DSMR002.cs:212
統計日期(起) 不可大於 統計日期(迄)	AddError(	Dev/ATLAS.DSM.Report/Source/UI/ReportUI.DSM/DSMR003.cs:274
統計日期區間，資料仍未產生，請與產生者確認	AddError(	Dev/ATLAS.DSM.Report/Source/UI/ReportUI.DSM/DSMR003.cs:289
轉Excel檔的功能 需要輸入"轉出路徑"。	AddError(	Dev/ATLAS.DSM.Report/Source/UI/ReportUI.DSM/DSMR003.cs:299
轉出路徑不存在!	AddError(	Dev/ATLAS.DSM.Report/Source/UI/ReportUI.DSM/DSMR003.cs:303
轉出路徑不存在!	AddError(	Dev/ATLAS.DSM.Report/Source/UI/ReportUI.DSM/DSMR003.cs:388
無符合查詢條件的資料。	ShowMessage(	Dev/ATLAS.DSM.Report/Source/UI/ReportUI.DSM/DSMR003.cs:416
執行成功	ShowMessage(	Dev/ATLAS.DSM.Report/Source/UI/ReportUI.DSM/DSMR003.cs:436
商業邏輯異常!	ShowMessage(	Dev/ATLAS.DSM.Report/Source/UI/ReportUI.DSM/DSMR003.cs:442
排行前___名，不得為0	ShowMessage(	Dev/ATLAS.DSM.Report/Source/UI/ReportUI.DSM/DSMR003.cs:505
統計日期(起) 不可大於 統計日期(迄)	AddError(	Dev/ATLAS.DSM.Report/Source/UI/ReportUI.DSM/DSMR004.cs:275
統計日期區間，資料仍未產生，請與產生者確認	AddError(	Dev/ATLAS.DSM.Report/Source/UI/ReportUI.DSM/DSMR004.cs:290
轉Excel檔的功能 需要輸入"轉出路徑"。	AddError(	Dev/ATLAS.DSM.Report/Source/UI/ReportUI.DSM/DSMR004.cs:300
轉出路徑不存在!	AddError(	Dev/ATLAS.DSM.Report/Source/UI/ReportUI.DSM/DSMR004.cs:304
統計日期區間，與報表種類不符!	MessageBox.Show(	Dev/ATLAS.DSM.Report/Source/UI/ReportUI.DSM/DSMR004.cs:368
統計日期區間，與報表種類不符!	MessageBox.Show(	Dev/ATLAS.DSM.Report/Source/UI/ReportUI.DSM/DSMR004.cs:380
轉出路徑不存在!	AddError(	Dev/ATLAS.DSM.Report/Source/UI/ReportUI.DSM/DSMR004.cs:433
無符合查詢條件的資料。	ShowMessage(	Dev/ATLAS.DSM.Report/Source/UI/ReportUI.DSM/DSMR004.cs:461
執行成功	ShowMessage(	Dev/ATLAS.DSM.Report/Source/UI/ReportUI.DSM/DSMR004.cs:479
商業邏輯異常!	ShowMessage(	Dev/ATLAS.DSM.Report/Source/UI/ReportUI.DSM/DSMR004.cs:485
日期(起) 不可大於 日期(迄)	AddError(	Dev/ATLAS.DSM.Report/Source/UI/ReportUI.DSM/DSMR005.cs:631
銷售機構(起)(迄) 需皆有值或空白	AddError(	Dev/ATLAS.DSM.Report/Source/UI/ReportUI.DSM/DSMR005.cs:642
銷售機構(起) 不可大於 銷售機構(迄)	AddError(	Dev/ATLAS.DSM.Report/Source/UI/ReportUI.DSM/DSMR005.cs:648
轉Excel檔的功能 需要輸入"轉出路徑"。	AddError(	Dev/ATLAS.DSM.Report/Source/UI/ReportUI.DSM/DSMR005.cs:658
轉出路徑不存在!	AddError(	Dev/ATLAS.DSM.Report/Source/UI/ReportUI.DSM/DSMR005.cs:662
轉出路徑不存在!	AddError(	Dev/ATLAS.DSM.Report/Source/UI/ReportUI.DSM/DSMR005.cs:828
無符合查詢條件的資料。	ShowMessage(	Dev/ATLAS.DSM.Report/Source/UI/ReportUI.DSM/DSMR005.cs:856
此共產生二份Excel，請耐心等待。	ShowMessage(	Dev/ATLAS.DSM.Report/Source/UI/ReportUI.DSM/DSMR005.cs:903
第二份Excel產生中	ShowMessage(	Dev/ATLAS.DSM.Report/Source/UI/ReportUI.DSM/DSMR005.cs:906
執行成功	ShowMessage(	Dev/ATLAS.DSM.Report/Source/UI/ReportUI.DSM/DSMR005.cs:941
商業邏輯異常!	ShowMessage(	Dev/ATLAS.DSM.Report/Source/UI/ReportUI.DSM/DSMR005.cs:948
每月配額數不得為{…}	ShowMessage(	Dev/ATLAS.DSM.Report/Source/UI/ReportUI.DSM/DSMR005.cs:1571
期間(起) 不可大於 期間(迄)	AddError(	Dev/ATLAS.DSM.Report/Source/UI/ReportUI.DSM/DSMR006.cs:411
促銷活動(起)(迄) 必須皆有值。	AddError(	Dev/ATLAS.DSM.Report/Source/UI/ReportUI.DSM/DSMR006.cs:421
促銷活動(起) 不可大於 促銷活動(迄)	AddError(	Dev/ATLAS.DSM.Report/Source/UI/ReportUI.DSM/DSMR006.cs:425
轉Excel檔的功能 需要輸入"轉出路徑"。	AddError(	Dev/ATLAS.DSM.Report/Source/UI/ReportUI.DSM/DSMR006.cs:435
轉出路徑不存在!	AddError(	Dev/ATLAS.DSM.Report/Source/UI/ReportUI.DSM/DSMR006.cs:439
【統計方式】為人數時，報表選項不得為【BY促銷代碼】、【BY部門別各基金(EXCEL檔)】。程式無製作此類報表，請重新選擇!	AddError(	Dev/ATLAS.DSM.Report/Source/UI/ReportUI.DSM/DSMR006.cs:447
轉出路徑不存在!	AddError(	Dev/ATLAS.DSM.Report/Source/UI/ReportUI.DSM/DSMR006.cs:552
無符合查詢條件的資料。	ShowMessage(	Dev/ATLAS.DSM.Report/Source/UI/ReportUI.DSM/DSMR006.cs:580
商業邏輯異常!	ShowMessage(	Dev/ATLAS.DSM.Report/Source/UI/ReportUI.DSM/DSMR006.cs:614
業務員有輸入時，業務部門必須要同時輸入!	AddError(	Dev/ATLAS.DSM.Report/Source/UI/ReportUI.DSM/DSMR007.cs:522
生日(起) 與 生日(迄) 必須皆有值。	AddError(	Dev/ATLAS.DSM.Report/Source/UI/ReportUI.DSM/DSMR007.cs:532
生日(起) 不可大於 生日(迄)	AddError(	Dev/ATLAS.DSM.Report/Source/UI/ReportUI.DSM/DSMR007.cs:540
結餘範圍(起) 與 結餘範圍(迄) 必須皆有值。	AddError(	Dev/ATLAS.DSM.Report/Source/UI/ReportUI.DSM/DSMR007.cs:551
結餘範圍(起) 不可大於 結餘範圍(迄)	AddError(	Dev/ATLAS.DSM.Report/Source/UI/ReportUI.DSM/DSMR007.cs:556
報表種類(境內外)必須選取其一	AddError(	Dev/ATLAS.DSM.Report/Source/UI/ReportUI.DSM/DSMR007.cs:562
請點選一個個別基金	AddError(	Dev/ATLAS.DSM.Report/Source/UI/ReportUI.DSM/DSMR007.cs:570
未交易日期(起) 與 未交易日期(迄) 必須皆有值。	AddError(	Dev/ATLAS.DSM.Report/Source/UI/ReportUI.DSM/DSMR007.cs:578
未交易日期(起) 不可大於 未交易日期(迄)	AddError(	Dev/ATLAS.DSM.Report/Source/UI/ReportUI.DSM/DSMR007.cs:583
報酬率(起) 與 報酬率(迄) 必須皆有值。	AddError(	Dev/ATLAS.DSM.Report/Source/UI/ReportUI.DSM/DSMR007.cs:593
報酬率(起) 不可大於 報酬率(迄)	AddError(	Dev/ATLAS.DSM.Report/Source/UI/ReportUI.DSM/DSMR007.cs:598
須先選擇業務部門。	ShowMessage(	Dev/ATLAS.DSM.Report/Source/UI/ReportUI.DSM/DSMR007.cs:712
Email通知發生異常，請通知檢查CRM001A的設定。	ShowMessage(	Dev/ATLAS.DSM.Report/Source/UI/ReportUI.DSM/DSMR007.cs:745
日期不得大於今日	ShowMessage(	Dev/ATLAS.DSM.Report/Source/UI/ReportUI.DSM/DSMR007.cs:911
排行前___名，不得為0	MessageBox.Show(	Dev/ATLAS.DSM.Report/Source/UI/ReportUI.DSM/DSMR007.cs:923
【挑選基金資料】尚未選取任何資料，故無資料	AddError(	Dev/ATLAS.DSM.Report/Source/UI/ReportUI.DSM/DSMR008.cs:358
部門類別選項必須選取其一	AddError(	Dev/ATLAS.DSM.Report/Source/UI/ReportUI.DSM/DSMR008.cs:421
報表種類必須選取其一	AddError(	Dev/ATLAS.DSM.Report/Source/UI/ReportUI.DSM/DSMR008.cs:424
請點選一個基金群組。	AddError(	Dev/ATLAS.DSM.Report/Source/UI/ReportUI.DSM/DSMR008.cs:433
必須選擇一基金管理費率。	AddError(	Dev/ATLAS.DSM.Report/Source/UI/ReportUI.DSM/DSMR008.cs:439
請點選一個基金代碼。	AddError(	Dev/ATLAS.DSM.Report/Source/UI/ReportUI.DSM/DSMR008.cs:445
日期(起) 不可大於 日期(迄)	AddError(	Dev/ATLAS.DSM.Report/Source/UI/ReportUI.DSM/DSMR008.cs:454
轉Excel檔的功能 需要輸入"轉出路徑"。	AddError(	Dev/ATLAS.DSM.Report/Source/UI/ReportUI.DSM/DSMR008.cs:463
轉出路徑不存在!	AddError(	Dev/ATLAS.DSM.Report/Source/UI/ReportUI.DSM/DSMR008.cs:467
須先選擇業務部門。	ShowMessage(	Dev/ATLAS.DSM.Report/Source/UI/ReportUI.DSM/DSMR008.cs:577
轉出路徑不存在!	AddError(	Dev/ATLAS.DSM.Report/Source/UI/ReportUI.DSM/DSMR008.cs:636
無符合查詢條件的資料。	ShowMessage(	Dev/ATLAS.DSM.Report/Source/UI/ReportUI.DSM/DSMR008.cs:665
執行成功	ShowMessage(	Dev/ATLAS.DSM.Report/Source/UI/ReportUI.DSM/DSMR008.cs:703
商業邏輯異常!	ShowMessage(	Dev/ATLAS.DSM.Report/Source/UI/ReportUI.DSM/DSMR008.cs:709
【挑選基金資料】尚未選取任何資料，故無資料	AddError(	Dev/ATLAS.DSM.Report/Source/UI/ReportUI.DSM/DSMR008_1.cs:325
部門類別選項必須選取其一	AddError(	Dev/ATLAS.DSM.Report/Source/UI/ReportUI.DSM/DSMR008_1.cs:378
報表種類必須選取其一	AddError(	Dev/ATLAS.DSM.Report/Source/UI/ReportUI.DSM/DSMR008_1.cs:381
請點選一個基金群組。	AddError(	Dev/ATLAS.DSM.Report/Source/UI/ReportUI.DSM/DSMR008_1.cs:390
必須選擇一基金管理費率。	AddError(	Dev/ATLAS.DSM.Report/Source/UI/ReportUI.DSM/DSMR008_1.cs:396
請點選一個基金代碼。	AddError(	Dev/ATLAS.DSM.Report/Source/UI/ReportUI.DSM/DSMR008_1.cs:402
日期(起) 不可大於 日期(迄)	AddError(	Dev/ATLAS.DSM.Report/Source/UI/ReportUI.DSM/DSMR008_1.cs:411
轉Excel檔的功能 需要輸入"轉出路徑"。	AddError(	Dev/ATLAS.DSM.Report/Source/UI/ReportUI.DSM/DSMR008_1.cs:420
轉出路徑不存在!	AddError(	Dev/ATLAS.DSM.Report/Source/UI/ReportUI.DSM/DSMR008_1.cs:424
須先選擇業務部門。	ShowMessage(	Dev/ATLAS.DSM.Report/Source/UI/ReportUI.DSM/DSMR008_1.cs:534
轉出路徑不存在!	AddError(	Dev/ATLAS.DSM.Report/Source/UI/ReportUI.DSM/DSMR008_1.cs:593
無符合查詢條件的資料。	ShowMessage(	Dev/ATLAS.DSM.Report/Source/UI/ReportUI.DSM/DSMR008_1.cs:622
執行成功	ShowMessage(	Dev/ATLAS.DSM.Report/Source/UI/ReportUI.DSM/DSMR008_1.cs:650
產生Excel異常!	ShowMessage(	Dev/ATLAS.DSM.Report/Source/UI/ReportUI.DSM/DSMR008_1.cs:656
【挑選基金資料】尚未選取任何資料，故無資料	AddError(	Dev/ATLAS.DSM.Report/Source/UI/ReportUI.DSM/DSMR009.cs:249
請點選一個基金群組。	AddError(	Dev/ATLAS.DSM.Report/Source/UI/ReportUI.DSM/DSMR009.cs:348
必須選擇一基金管理費率。	AddError(	Dev/ATLAS.DSM.Report/Source/UI/ReportUI.DSM/DSMR009.cs:354
請點選一個基金代碼。	AddError(	Dev/ATLAS.DSM.Report/Source/UI/ReportUI.DSM/DSMR009.cs:360
日期(起) 不可大於 日期(迄)	AddError(	Dev/ATLAS.DSM.Report/Source/UI/ReportUI.DSM/DSMR009.cs:369
轉Excel檔的功能 需要輸入"轉出路徑"。	AddError(	Dev/ATLAS.DSM.Report/Source/UI/ReportUI.DSM/DSMR009.cs:378
轉出路徑不存在!	AddError(	Dev/ATLAS.DSM.Report/Source/UI/ReportUI.DSM/DSMR009.cs:382
轉出路徑不存在!	AddError(	Dev/ATLAS.DSM.Report/Source/UI/ReportUI.DSM/DSMR009.cs:514
無符合查詢條件的資料。	ShowMessage(	Dev/ATLAS.DSM.Report/Source/UI/ReportUI.DSM/DSMR009.cs:543
執行成功	ShowMessage(	Dev/ATLAS.DSM.Report/Source/UI/ReportUI.DSM/DSMR009.cs:587
商業邏輯異常!{…}	ShowMessage(	Dev/ATLAS.DSM.Report/Source/UI/ReportUI.DSM/DSMR009.cs:593
【挑選基金資料】尚未選取任何資料，故無資料	AddError(	Dev/ATLAS.DSM.Report/Source/UI/ReportUI.DSM/DSMR009_1.cs:222
請點選一個基金群組。	AddError(	Dev/ATLAS.DSM.Report/Source/UI/ReportUI.DSM/DSMR009_1.cs:296
必須選擇一基金管理費率。	AddError(	Dev/ATLAS.DSM.Report/Source/UI/ReportUI.DSM/DSMR009_1.cs:302
請點選一個基金代碼。	AddError(	Dev/ATLAS.DSM.Report/Source/UI/ReportUI.DSM/DSMR009_1.cs:308
日期(起) 不可大於 日期(迄)	AddError(	Dev/ATLAS.DSM.Report/Source/UI/ReportUI.DSM/DSMR009_1.cs:317
轉Excel檔的功能 需要輸入"轉出路徑"。	AddError(	Dev/ATLAS.DSM.Report/Source/UI/ReportUI.DSM/DSMR009_1.cs:326
轉出路徑不存在!	AddError(	Dev/ATLAS.DSM.Report/Source/UI/ReportUI.DSM/DSMR009_1.cs:330
轉出路徑不存在!	AddError(	Dev/ATLAS.DSM.Report/Source/UI/ReportUI.DSM/DSMR009_1.cs:462
無符合查詢條件的資料。	ShowMessage(	Dev/ATLAS.DSM.Report/Source/UI/ReportUI.DSM/DSMR009_1.cs:491
執行成功	ShowMessage(	Dev/ATLAS.DSM.Report/Source/UI/ReportUI.DSM/DSMR009_1.cs:519
產生Excel異常!{…}	ShowMessage(	Dev/ATLAS.DSM.Report/Source/UI/ReportUI.DSM/DSMR009_1.cs:525
請點選一個基金群組。	AddError(	Dev/ATLAS.DSM.Report/Source/UI/ReportUI.DSM/DSMR010.cs:325
必須選擇一基金管理費率。	AddError(	Dev/ATLAS.DSM.Report/Source/UI/ReportUI.DSM/DSMR010.cs:331
請點選一個基金代碼。	AddError(	Dev/ATLAS.DSM.Report/Source/UI/ReportUI.DSM/DSMR010.cs:337
日期(起) 不可大於 日期(迄)	AddError(	Dev/ATLAS.DSM.Report/Source/UI/ReportUI.DSM/DSMR010.cs:346
轉Excel檔的功能 需要輸入"轉出路徑"。	AddError(	Dev/ATLAS.DSM.Report/Source/UI/ReportUI.DSM/DSMR010.cs:355
轉出路徑不存在!	AddError(	Dev/ATLAS.DSM.Report/Source/UI/ReportUI.DSM/DSMR010.cs:359
須先選擇業務部門。	ShowMessage(	Dev/ATLAS.DSM.Report/Source/UI/ReportUI.DSM/DSMR010.cs:455
轉出路徑不存在!	AddError(	Dev/ATLAS.DSM.Report/Source/UI/ReportUI.DSM/DSMR010.cs:516
無符合查詢條件的資料。	ShowMessage(	Dev/ATLAS.DSM.Report/Source/UI/ReportUI.DSM/DSMR010.cs:544
執行成功	ShowMessage(	Dev/ATLAS.DSM.Report/Source/UI/ReportUI.DSM/DSMR010.cs:562
商業邏輯異常!	ShowMessage(	Dev/ATLAS.DSM.Report/Source/UI/ReportUI.DSM/DSMR010.cs:568
請點選一個基金群組。	AddError(	Dev/ATLAS.DSM.Report/Source/UI/ReportUI.DSM/DSMR010a.cs:331
必須選擇一基金管理費率。	AddError(	Dev/ATLAS.DSM.Report/Source/UI/ReportUI.DSM/DSMR010a.cs:337
請點選一個基金代碼。	AddError(	Dev/ATLAS.DSM.Report/Source/UI/ReportUI.DSM/DSMR010a.cs:343
日期(起) 不可大於 日期(迄)	AddError(	Dev/ATLAS.DSM.Report/Source/UI/ReportUI.DSM/DSMR010a.cs:352
轉Excel檔的功能 需要輸入"轉出路徑"。	AddError(	Dev/ATLAS.DSM.Report/Source/UI/ReportUI.DSM/DSMR010a.cs:361
轉出路徑不存在!	AddError(	Dev/ATLAS.DSM.Report/Source/UI/ReportUI.DSM/DSMR010a.cs:365
須先選擇業務部門。	ShowMessage(	Dev/ATLAS.DSM.Report/Source/UI/ReportUI.DSM/DSMR010a.cs:461
轉出路徑不存在!	AddError(	Dev/ATLAS.DSM.Report/Source/UI/ReportUI.DSM/DSMR010a.cs:522
無符合查詢條件的資料。	ShowMessage(	Dev/ATLAS.DSM.Report/Source/UI/ReportUI.DSM/DSMR010a.cs:550
執行成功	ShowMessage(	Dev/ATLAS.DSM.Report/Source/UI/ReportUI.DSM/DSMR010a.cs:568
商業邏輯異常!	ShowMessage(	Dev/ATLAS.DSM.Report/Source/UI/ReportUI.DSM/DSMR010a.cs:574
日期(起) 不可大於 日期(迄)	AddError(	Dev/ATLAS.DSM.Report/Source/UI/ReportUI.DSM/DSMR010b.cs:354
轉Excel檔的功能 需要輸入"轉出路徑"。	AddError(	Dev/ATLAS.DSM.Report/Source/UI/ReportUI.DSM/DSMR010b.cs:363
轉出路徑不存在!	AddError(	Dev/ATLAS.DSM.Report/Source/UI/ReportUI.DSM/DSMR010b.cs:367
轉出路徑不存在!	AddError(	Dev/ATLAS.DSM.Report/Source/UI/ReportUI.DSM/DSMR010b.cs:512
無符合查詢條件的資料。	ShowMessage(	Dev/ATLAS.DSM.Report/Source/UI/ReportUI.DSM/DSMR010b.cs:540
執行成功	ShowMessage(	Dev/ATLAS.DSM.Report/Source/UI/ReportUI.DSM/DSMR010b.cs:558
商業邏輯異常!	ShowMessage(	Dev/ATLAS.DSM.Report/Source/UI/ReportUI.DSM/DSMR010b.cs:564
請點選一個基金群組。	AddError(	Dev/ATLAS.DSM.Report/Source/UI/ReportUI.DSM/DSMR011.cs:331
必須選擇一基金管理費率。	AddError(	Dev/ATLAS.DSM.Report/Source/UI/ReportUI.DSM/DSMR011.cs:337
請點選一個基金代碼。	AddError(	Dev/ATLAS.DSM.Report/Source/UI/ReportUI.DSM/DSMR011.cs:343
日期(起) 不可大於 日期(迄)	AddError(	Dev/ATLAS.DSM.Report/Source/UI/ReportUI.DSM/DSMR011.cs:352
轉Excel檔的功能 需要輸入"轉出路徑"。	AddError(	Dev/ATLAS.DSM.Report/Source/UI/ReportUI.DSM/DSMR011.cs:361
轉出路徑不存在!	AddError(	Dev/ATLAS.DSM.Report/Source/UI/ReportUI.DSM/DSMR011.cs:365
轉出路徑不存在!	AddError(	Dev/ATLAS.DSM.Report/Source/UI/ReportUI.DSM/DSMR011.cs:470
無符合查詢條件的資料。	ShowMessage(	Dev/ATLAS.DSM.Report/Source/UI/ReportUI.DSM/DSMR011.cs:499
執行成功	ShowMessage(	Dev/ATLAS.DSM.Report/Source/UI/ReportUI.DSM/DSMR011.cs:532
商業邏輯異常!	ShowMessage(	Dev/ATLAS.DSM.Report/Source/UI/ReportUI.DSM/DSMR011.cs:538
須先選擇銷售機構。	ShowMessage(	Dev/ATLAS.DSM.Report/Source/UI/ReportUI.DSM/DSMR011.cs:717
【挑選基金資料】尚未選取任何資料，故無資料	AddError(	Dev/ATLAS.DSM.Report/Source/UI/ReportUI.DSM/DSMR012.cs:268
部門類別選項必須選取其一	AddError(	Dev/ATLAS.DSM.Report/Source/UI/ReportUI.DSM/DSMR012.cs:317
報表種類必須選取其一	AddError(	Dev/ATLAS.DSM.Report/Source/UI/ReportUI.DSM/DSMR012.cs:320
請點選一個基金群組。	AddError(	Dev/ATLAS.DSM.Report/Source/UI/ReportUI.DSM/DSMR012.cs:329
必須選擇一基金管理費率。	AddError(	Dev/ATLAS.DSM.Report/Source/UI/ReportUI.DSM/DSMR012.cs:335
請點選一個基金代碼。	AddError(	Dev/ATLAS.DSM.Report/Source/UI/ReportUI.DSM/DSMR012.cs:341
轉Excel檔的功能 需要輸入"轉出路徑"。	AddError(	Dev/ATLAS.DSM.Report/Source/UI/ReportUI.DSM/DSMR012.cs:352
轉出路徑不存在!	AddError(	Dev/ATLAS.DSM.Report/Source/UI/ReportUI.DSM/DSMR012.cs:356
須先選擇業務部門。	ShowMessage(	Dev/ATLAS.DSM.Report/Source/UI/ReportUI.DSM/DSMR012.cs:458
轉出路徑不存在!	AddError(	Dev/ATLAS.DSM.Report/Source/UI/ReportUI.DSM/DSMR012.cs:505
無符合查詢條件的資料。	ShowMessage(	Dev/ATLAS.DSM.Report/Source/UI/ReportUI.DSM/DSMR012.cs:534
執行成功	ShowMessage(	Dev/ATLAS.DSM.Report/Source/UI/ReportUI.DSM/DSMR012.cs:562
商業邏輯異常!	ShowMessage(	Dev/ATLAS.DSM.Report/Source/UI/ReportUI.DSM/DSMR012.cs:568
【挑選基金資料】尚未選取任何資料，故無資料	AddError(	Dev/ATLAS.DSM.Report/Source/UI/ReportUI.DSM/DSMR013.cs:218
請點選一個基金群組。	AddError(	Dev/ATLAS.DSM.Report/Source/UI/ReportUI.DSM/DSMR013.cs:301
必須選擇一基金管理費率。	AddError(	Dev/ATLAS.DSM.Report/Source/UI/ReportUI.DSM/DSMR013.cs:307
請點選一個基金代碼。	AddError(	Dev/ATLAS.DSM.Report/Source/UI/ReportUI.DSM/DSMR013.cs:313
日期(起) 不可大於 日期(迄)	AddError(	Dev/ATLAS.DSM.Report/Source/UI/ReportUI.DSM/DSMR013.cs:322
轉Excel檔的功能 需要輸入"轉出路徑"。	AddError(	Dev/ATLAS.DSM.Report/Source/UI/ReportUI.DSM/DSMR013.cs:331
轉出路徑不存在!	AddError(	Dev/ATLAS.DSM.Report/Source/UI/ReportUI.DSM/DSMR013.cs:335
轉出路徑不存在!	AddError(	Dev/ATLAS.DSM.Report/Source/UI/ReportUI.DSM/DSMR013.cs:467
無符合查詢條件的資料。	ShowMessage(	Dev/ATLAS.DSM.Report/Source/UI/ReportUI.DSM/DSMR013.cs:496
執行成功	ShowMessage(	Dev/ATLAS.DSM.Report/Source/UI/ReportUI.DSM/DSMR013.cs:529
商業邏輯異常!{…}	ShowMessage(	Dev/ATLAS.DSM.Report/Source/UI/ReportUI.DSM/DSMR013.cs:535
執行失敗，請檢查	AddResultRow(	Dev/ATLAS.DSM/Source/PO/PO.DSM/DSMB001_PO.cs:92
該執行計算日期起（迄）日已產生每日直銷及代銷業務員收入檔資料，是否確認要執行此計算日期區間批次更新資料。	變數指派 =	Dev/ATLAS.DSM/Source/PO/PO.DSM/DSMB001_PO.cs:176
執行失敗，請檢查	AddResultRow(	Dev/ATLAS.DSM/Source/PO/PO.DSM/DSMB001_PO.cs:190
查無資料	AddResultRow(	Dev/ATLAS.DSM/Source/PO/PO.DSM/DSMI001_PO.cs:229
執行失敗，請檢查	AddResultRow(	Dev/ATLAS.DSM/Source/PO/PO.DSM/DSMI001_PO.cs:239
執行基準日不可大於結帳日{…}	變數指派 =	Dev/ATLAS.DSM/Source/PO/PO.DSM/DSMM901_PO.cs:194
{…} |  | 查無有庫存之業務員資料	AddResultRow(	Dev/ATLAS.DSM/Source/PO/PO.DSM/DSMM901_PO.cs:314
查無戶號：{…}	AddResultRow(	Dev/ATLAS.DSM/Source/PO/PO.DSM/DSMM901_PO.cs:382
查無移轉前銷售機構：{…}	AddResultRow(	Dev/ATLAS.DSM/Source/PO/PO.DSM/DSMM901_PO.cs:393
查無移轉後銷售機構：{…}	AddResultRow(	Dev/ATLAS.DSM/Source/PO/PO.DSM/DSMM901_PO.cs:404
查無移轉前員工代碼：{…}	AddResultRow(	Dev/ATLAS.DSM/Source/PO/PO.DSM/DSMM901_PO.cs:417
查無移轉後員工代碼：{…}	AddResultRow(	Dev/ATLAS.DSM/Source/PO/PO.DSM/DSMM901_PO.cs:435
戶號{0}沒有屬於銷售機構{1}/員工{2}的結餘	AddResultRow(	Dev/ATLAS.DSM/Source/PO/PO.DSM/DSMM901_PO.cs:449
執行成功	AddResultRow(	Dev/ATLAS.DSM/Source/PO/PO.DSM/DSMM901_PO.cs:486
未執行不可列印	AddResultRow(	Dev/ATLAS.DSM/Source/PO/PO.DSM/DSMM901_PO.cs:523
查無資料	AddResultRow(	Dev/ATLAS.DSM/Source/PO/PO.DSM/DSMM901_PO.cs:525
查無戶號：{…}	AddResultRow(	Dev/ATLAS.DSM/Source/PO/PO.DSM/DSMM902_PO.cs:362
{0} 查無申購書資料：{1}-{2}	AddResultRow(	Dev/ATLAS.DSM/Source/PO/PO.DSM/DSMM902_PO.cs:388
查無移轉前銷售機構：{…}	AddResultRow(	Dev/ATLAS.DSM/Source/PO/PO.DSM/DSMM902_PO.cs:401
查無移轉後銷售機構：{…}	AddResultRow(	Dev/ATLAS.DSM/Source/PO/PO.DSM/DSMM902_PO.cs:414
查無移轉前員工代碼：{…}	AddResultRow(	Dev/ATLAS.DSM/Source/PO/PO.DSM/DSMM902_PO.cs:428
移轉後銷售機構{0}查無員工代碼{1}	AddResultRow(	Dev/ATLAS.DSM/Source/PO/PO.DSM/DSMM902_PO.cs:443
執行成功	AddResultRow(	Dev/ATLAS.DSM/Source/PO/PO.DSM/DSMM902_PO.cs:496
執行失敗，請檢查	AddResultRow(	Dev/ATLAS.DSM/Source/PO/PO.DSM/DSMM903_PO.cs:272
已存在資料，不得新增	變數指派 =	Dev/ATLAS.DSM/Source/PO/PO.DSM/DSMM906_PO.cs:117
該受益人尚未建立帳單郵寄名單，無法修改	變數指派 =	Dev/ATLAS.DSM/Source/PO/PO.DSM/DSMM906_PO.cs:134
傳入主檔表格至少一個，請檢查	throw new ApplicationException(	Dev/ATLAS.DSM/Source/PO/PO.DSM/DSMM906_PO.cs:242
刪除時影響筆數等於 0 筆，刪除失敗，請檢查	throw new ApplicationException(	Dev/ATLAS.DSM/Source/PO/PO.DSM/DSMM906_PO.cs:255
刪除失敗，請檢查	AddResultRow(	Dev/ATLAS.DSM/Source/PO/PO.DSM/DSMM906_PO.cs:271
執行失敗：：{…}	變數指派 =	Dev/ATLAS.DSM/Source/PO/PO.DSM/DSMM906_PO.cs:406
執行失敗：{…}	變數指派 =	Dev/ATLAS.DSM/Source/PO/PO.DSM/DSMM906_PO.cs:440
計算日期(起) 不可大於 計算日期(迄)	AddError(	Dev/ATLAS.DSM/Source/UI/UI.DSM/DSMB001.cs:82
日期不得大於今日	ShowMessage(	Dev/ATLAS.DSM/Source/UI/UI.DSM/DSMB001.cs:183
結存日期(起) 必須填寫	AddError(	Dev/ATLAS.DSM/Source/UI/UI.DSM/DSMI001.cs:75
結存日期(迄) 必須填寫	AddError(	Dev/ATLAS.DSM/Source/UI/UI.DSM/DSMI001.cs:77
結存日期(起) 不可大於 結存日期(迄)	AddError(	Dev/ATLAS.DSM/Source/UI/UI.DSM/DSMI001.cs:81
結存日期(起) (迄)區間不可超過一個月	AddError(	Dev/ATLAS.DSM/Source/UI/UI.DSM/DSMI001.cs:83
基金必須至少選取一項	AddError(	Dev/ATLAS.DSM/Source/UI/UI.DSM/DSMI001.cs:92
起算年月 必須與 業績年度 同一年!	AddError(	Dev/ATLAS.DSM/Source/UI/UI.DSM/DSMM001.cs:76
{…} 為必填欄位	AddError(	Dev/ATLAS.DSM/Source/UI/UI.DSM/DSMM001.cs:95
明細資料 必須輸入!	AddError(	Dev/ATLAS.DSM/Source/UI/UI.DSM/DSMM001.cs:99
年度營業收入 與 月分配總和不符	AddError(	Dev/ATLAS.DSM/Source/UI/UI.DSM/DSMM001.cs:125
年度定期(不)定額戶數-目標 與 月分配戶數-目標 總和不符	AddError(	Dev/ATLAS.DSM/Source/UI/UI.DSM/DSMM001.cs:129
年度定期(不)定額戶數-保守 與 月分配戶數-保守 總和不符	AddError(	Dev/ATLAS.DSM/Source/UI/UI.DSM/DSMM001.cs:133
年度定期(不)定額扣款成功金額 與 月分配總和不符	AddError(	Dev/ATLAS.DSM/Source/UI/UI.DSM/DSMM001.cs:137
年度新開百萬戶數 與 月分配戶數總和不符	AddError(	Dev/ATLAS.DSM/Source/UI/UI.DSM/DSMM001.cs:141
年度單筆申購交易百萬戶數 與 月分配戶數總和不符	AddError(	Dev/ATLAS.DSM/Source/UI/UI.DSM/DSMM001.cs:145
員工代碼(起)(迄) 必須皆(不)填寫	AddError(	Dev/ATLAS.DSM/Source/UI/UI.DSM/DSMM001.cs:399
員工代碼(起) 不可大於 員工代碼(迄)	AddError(	Dev/ATLAS.DSM/Source/UI/UI.DSM/DSMM001.cs:402
年份不得小於1900!	AddError(	Dev/ATLAS.DSM/Source/UI/UI.DSM/DSMM001.cs:481
起算年月 必須與 業績年度 同一年!	AddError(	Dev/ATLAS.DSM/Source/UI/UI.DSM/DSMM002.cs:76
{…} 為必填欄位	AddError(	Dev/ATLAS.DSM/Source/UI/UI.DSM/DSMM002.cs:95
明細資料 必須輸入!	AddError(	Dev/ATLAS.DSM/Source/UI/UI.DSM/DSMM002.cs:99
年度營業收入 與 月分配總和不符	AddError(	Dev/ATLAS.DSM/Source/UI/UI.DSM/DSMM002.cs:125
年度定期(不)定額戶數-目標 與 月分配戶數-目標 總和不符	AddError(	Dev/ATLAS.DSM/Source/UI/UI.DSM/DSMM002.cs:129
年度定期(不)定額戶數-保守 與 月分配戶數-保守 總和不符	AddError(	Dev/ATLAS.DSM/Source/UI/UI.DSM/DSMM002.cs:133
年度定期(不)定額扣款成功金額 與 月分配總和不符	AddError(	Dev/ATLAS.DSM/Source/UI/UI.DSM/DSMM002.cs:137
年度新開百萬戶數 與 月分配戶數總和不符	AddError(	Dev/ATLAS.DSM/Source/UI/UI.DSM/DSMM002.cs:141
年度單筆申購交易百萬戶數 與 月分配戶數總和不符	AddError(	Dev/ATLAS.DSM/Source/UI/UI.DSM/DSMM002.cs:145
年份不得小於1900!	AddError(	Dev/ATLAS.DSM/Source/UI/UI.DSM/DSMM002.cs:466
起算年月 必須與 業績年度 同一年!	AddError(	Dev/ATLAS.DSM/Source/UI/UI.DSM/DSMM003.cs:69
年度淨銷售金額 必須大於 0	AddError(	Dev/ATLAS.DSM/Source/UI/UI.DSM/DSMM003.cs:72
{…} 為必填欄位	AddError(	Dev/ATLAS.DSM/Source/UI/UI.DSM/DSMM003.cs:78
明細資料 必須輸入!	AddError(	Dev/ATLAS.DSM/Source/UI/UI.DSM/DSMM003.cs:82
明細的淨銷售金額 必須大於 0	AddError(	Dev/ATLAS.DSM/Source/UI/UI.DSM/DSMM003.cs:88
年度淨銷售金額 與 月分配總和不符	AddError(	Dev/ATLAS.DSM/Source/UI/UI.DSM/DSMM003.cs:92
員工代碼(起)(迄) 必須皆(不)填寫	AddError(	Dev/ATLAS.DSM/Source/UI/UI.DSM/DSMM003.cs:280
員工代碼(起) 不可大於 員工代碼(迄)	AddError(	Dev/ATLAS.DSM/Source/UI/UI.DSM/DSMM003.cs:283
年份不得小於1900!	AddError(	Dev/ATLAS.DSM/Source/UI/UI.DSM/DSMM003.cs:351
尚未加入 任何明細資料。	AddError(	Dev/ATLAS.DSM/Source/UI/UI.DSM/DSMM005.cs:408
離職業務分攤比率 必須 >= 0。	AddError(	Dev/ATLAS.DSM/Source/UI/UI.DSM/DSMM005.cs:415
離職業務分攤比率 加總必須 = 100。	AddError(	Dev/ATLAS.DSM/Source/UI/UI.DSM/DSMM005.cs:422
此筆資料已存在，無法新增，請檢查。	ShowMessage(	Dev/ATLAS.DSM/Source/UI/UI.DSM/DSMM005.cs:443
部門代碼(起)(迄)必須皆(不)填寫!	AddError(	Dev/ATLAS.DSM/Source/UI/UI.DSM/DSMM005.cs:461
員工代碼(起)(迄)必須皆(不)填寫!	AddError(	Dev/ATLAS.DSM/Source/UI/UI.DSM/DSMM005.cs:464
部門代碼(起)不可大於部門代碼(迄)	AddError(	Dev/ATLAS.DSM/Source/UI/UI.DSM/DSMM005.cs:469
員工代碼(起)不可大於員工代碼(迄)	AddError(	Dev/ATLAS.DSM/Source/UI/UI.DSM/DSMM005.cs:473
請先選擇 部門代碼。	ShowMessage(	Dev/ATLAS.DSM/Source/UI/UI.DSM/DSMM005.cs:488
拷貝資料 成功。	ShowMessage(	Dev/ATLAS.DSM/Source/UI/UI.DSM/DSMM005p0.cs:82
查無可拷貝的資料 或 資料已存在。	ShowMessage(	Dev/ATLAS.DSM/Source/UI/UI.DSM/DSMM005p0.cs:89
來源業績年月 必須輸入。	AddError(	Dev/ATLAS.DSM/Source/UI/UI.DSM/DSMM005p0.cs:117
目的業績年月(起迄) 必須皆輸入。	AddError(	Dev/ATLAS.DSM/Source/UI/UI.DSM/DSMM005p0.cs:125
目的業績年月(起) 不可大於 目的業績年月(迄)。	AddError(	Dev/ATLAS.DSM/Source/UI/UI.DSM/DSMM005p0.cs:131
部門代碼(起迄) 必須皆輸入或空白。	AddError(	Dev/ATLAS.DSM/Source/UI/UI.DSM/DSMM005p0.cs:141
部門代碼(起) 不可大於 部門代碼(迄)。	AddError(	Dev/ATLAS.DSM/Source/UI/UI.DSM/DSMM005p0.cs:146
業務部門代碼為必填	AddError(	Dev/ATLAS.DSM/Source/UI/UI.DSM/DSMM050.cs:160
部門屬性為必填	AddError(	Dev/ATLAS.DSM/Source/UI/UI.DSM/DSMM050.cs:163
部門主管獎金計算類別為必填	AddError(	Dev/ATLAS.DSM/Source/UI/UI.DSM/DSMM050.cs:167
屬性不可為大部門	AddError(	Dev/ATLAS.DSM/Source/UI/UI.DSM/DSMM050.cs:174
屬性只可為大部門	AddError(	Dev/ATLAS.DSM/Source/UI/UI.DSM/DSMM050.cs:182
業務屬性不能為部門主管	AddError(	Dev/ATLAS.DSM/Source/UI/UI.DSM/DSMM050.cs:202
業務屬性只能為組長或業務員	AddError(	Dev/ATLAS.DSM/Source/UI/UI.DSM/DSMM050.cs:208
業務屬性只能為助理或外交割人員	AddError(	Dev/ATLAS.DSM/Source/UI/UI.DSM/DSMM050.cs:213
業務屬性只能為部門主管	AddError(	Dev/ATLAS.DSM/Source/UI/UI.DSM/DSMM050.cs:224
{…} 為必填欄位	AddError(	Dev/ATLAS.DSM/Source/UI/UI.DSM/DSMM050.cs:232
明細資料 必須輸入!	AddError(	Dev/ATLAS.DSM/Source/UI/UI.DSM/DSMM050.cs:237
員工編號為必填	AddError(	Dev/ATLAS.DSM/Source/UI/UI.DSM/DSMM050.cs:361
業務屬性為必填	AddError(	Dev/ATLAS.DSM/Source/UI/UI.DSM/DSMM050.cs:370
獎金制度為必填	AddError(	Dev/ATLAS.DSM/Source/UI/UI.DSM/DSMM050.cs:379
業務屬性必須為部門主管	AddError(	Dev/ATLAS.DSM/Source/UI/UI.DSM/DSMM050.cs:391
業務屬性必須為組長或業務員	AddError(	Dev/ATLAS.DSM/Source/UI/UI.DSM/DSMM050.cs:404
業務屬性必須為助理或交割人員	AddError(	Dev/ATLAS.DSM/Source/UI/UI.DSM/DSMM050.cs:418
須先選擇業務部門。	ShowMessage(	Dev/ATLAS.DSM/Source/UI/UI.DSM/DSMM060.cs:156
須先選擇業務部門。	ShowMessage(	Dev/ATLAS.DSM/Source/UI/UI.DSM/DSMM060.cs:181
明細資料 必須輸入!	AddError(	Dev/ATLAS.DSM/Source/UI/UI.DSM/DSMM901.cs:72
明細資料 必須新增/修改!	AddError(	Dev/ATLAS.DSM/Source/UI/UI.DSM/DSMM901.cs:81
已有明細資料，是否清除後重新匯入	ShowMessage(	Dev/ATLAS.DSM/Source/UI/UI.DSM/DSMM901.cs:404
戶號欄位格式不正確	ShowMessage(	Dev/ATLAS.DSM/Source/UI/UI.DSM/DSMM901.cs:434
第{0}行銷售機構及員工代碼修改前後不可都一樣	ShowMessage(	Dev/ATLAS.DSM/Source/UI/UI.DSM/DSMM901.cs:455
第{0}行戶號+移轉前銷售機構+移轉前業務員 不可重覆	ShowMessage(	Dev/ATLAS.DSM/Source/UI/UI.DSM/DSMM901.cs:464
戶號+移轉前銷售機構+移轉前業務員 不可重覆	AddError(	Dev/ATLAS.DSM/Source/UI/UI.DSM/DSMM901p0.cs:62
銷售機構及員工代碼修改前後不可都一樣	AddError(	Dev/ATLAS.DSM/Source/UI/UI.DSM/DSMM901p0.cs:65
戶號{0}沒有屬於銷售機構{1}公單的交易記錄，必須填寫移轉前業務員	AddError(	Dev/ATLAS.DSM/Source/UI/UI.DSM/DSMM901p0.cs:74
明細資料 必須輸入!	AddError(	Dev/ATLAS.DSM/Source/UI/UI.DSM/DSMM902.cs:70
已有明細資料，是否清除後重新匯入	ShowMessage(	Dev/ATLAS.DSM/Source/UI/UI.DSM/DSMM902.cs:379
戶號欄位格式不正確	ShowMessage(	Dev/ATLAS.DSM/Source/UI/UI.DSM/DSMM902.cs:409
申購序號欄位格式不正確	ShowMessage(	Dev/ATLAS.DSM/Source/UI/UI.DSM/DSMM902.cs:419
第{0}行 戶號:{1} 申購書號:{2}-{3} 不可重覆	ShowMessage(	Dev/ATLAS.DSM/Source/UI/UI.DSM/DSMM902.cs:438
尚未輸入受益人戶號	AddError(	Dev/ATLAS.DSM/Source/UI/UI.DSM/DSMM903.cs:95
尚未輸入受益人戶號	AddError(	Dev/ATLAS.DSM/Source/UI/UI.DSM/DSMM903.cs:99
尚未輸入受益人戶號	AddError(	Dev/ATLAS.DSM/Source/UI/UI.DSM/DSMM903.cs:103
受益人戶號不得為空白	AddError(	Dev/ATLAS.DSM/Source/UI/UI.DSM/DSMM903.cs:108
銷售機構:公單為必填	AddError(	Dev/ATLAS.DSM/Source/UI/UI.DSM/DSMM903.cs:112
業務員:公單為必填	AddError(	Dev/ATLAS.DSM/Source/UI/UI.DSM/DSMM903.cs:115
歸屬業務員業績上限為必填	AddError(	Dev/ATLAS.DSM/Source/UI/UI.DSM/DSMM903.cs:118
拆帳比例:公單為必填	AddError(	Dev/ATLAS.DSM/Source/UI/UI.DSM/DSMM903.cs:121
拆帳比例:業務員為必填	AddError(	Dev/ATLAS.DSM/Source/UI/UI.DSM/DSMM903.cs:124
員工代碼:業務員為必填	AddError(	Dev/ATLAS.DSM/Source/UI/UI.DSM/DSMM903.cs:134
計算日(起)為必填	AddError(	Dev/ATLAS.DSM/Source/UI/UI.DSM/DSMM903.cs:139
計算日(起)為無效日期格式	AddError(	Dev/ATLAS.DSM/Source/UI/UI.DSM/DSMM903.cs:150
計算日(迄)為必填	AddError(	Dev/ATLAS.DSM/Source/UI/UI.DSM/DSMM903.cs:156
計算日(起)為無效日期格式	AddError(	Dev/ATLAS.DSM/Source/UI/UI.DSM/DSMM903.cs:167
{…} 為必填欄位	AddError(	Dev/ATLAS.DSM/Source/UI/UI.DSM/DSMM903.cs:174
明細資料 必須輸入!	AddError(	Dev/ATLAS.DSM/Source/UI/UI.DSM/DSMM903.cs:178
員工編號為必填	AddError(	Dev/ATLAS.DSM/Source/UI/UI.DSM/DSMM903.cs:410
計算日(起)為必填	AddError(	Dev/ATLAS.DSM/Source/UI/UI.DSM/DSMM903.cs:419
計算日(迄)為必填	AddError(	Dev/ATLAS.DSM/Source/UI/UI.DSM/DSMM903.cs:428
並無此受益人戶號可修改!!	變數指派 =	Dev/ATLAS.DSM/Source/UI/UI.DSM/DSMM906.cs:164
尚未選取戶號	AddError(	Dev/ATLAS.DSM/Source/UI/UI.DSM/DSMM906.cs:174
受益人戶號不得為空白	AddError(	Dev/ATLAS.DSM/Source/UI/UI.DSM/DSMM906.cs:181
執行失敗{…}	ShowMessage(	Dev/ATLAS.DSM/Source/UI/UI.DSM/DSMM906.cs:304
執行完成	ShowMessage(	Dev/ATLAS.DSM/Source/UI/UI.DSM/DSMM906.cs:306
退休金試算結果無資料！	AddResultRow(	Dev/ATLAS.EC.Query/Source/PO/QueryPO.EC/Oracle/IPJI612OracleDao.cs:874
退休金試算結果無資料！	AddResultRow(	Dev/ATLAS.EC.Query/Source/PO/QueryPO.EC/Oracle/IPJI612OracleDao.cs:972
交易日期(迄) 必須輸入	AddError(	Dev/ATLAS.EC.Query/Source/UI/QueryUI.EC/IPJI612.cs:442
交易日期(起) 必須輸入	AddError(	Dev/ATLAS.EC.Query/Source/UI/QueryUI.EC/IPJI612.cs:445
交易日期(起) 必須小於 交易日期(迄)	AddError(	Dev/ATLAS.EC.Query/Source/UI/QueryUI.EC/IPJI612.cs:449
申請日期(迄) 必須輸入	AddError(	Dev/ATLAS.EC.Query/Source/UI/QueryUI.EC/IPJI612.cs:452
申請日期(起) 必須輸入	AddError(	Dev/ATLAS.EC.Query/Source/UI/QueryUI.EC/IPJI612.cs:455
申請日期(起) 必須小於 申請日期(迄)	AddError(	Dev/ATLAS.EC.Query/Source/UI/QueryUI.EC/IPJI612.cs:459
異動日期(迄) 必須輸入	AddError(	Dev/ATLAS.EC.Query/Source/UI/QueryUI.EC/IPJI612.cs:463
異動日期(起) 必須輸入	AddError(	Dev/ATLAS.EC.Query/Source/UI/QueryUI.EC/IPJI612.cs:466
異動日期(起) 必須小於 申請日期(迄)	AddError(	Dev/ATLAS.EC.Query/Source/UI/QueryUI.EC/IPJI612.cs:470
查無相關基金明細資料	AddError(	Dev/ATLAS.EC.Query/Source/UI/QueryUI.EC/IPJI612.cs:480
查無相關基金明細資料	AddError(	Dev/ATLAS.EC.Query/Source/UI/QueryUI.EC/IPJI612.cs:485
至少勾選一筆基金代碼	AddError(	Dev/ATLAS.EC.Query/Source/UI/QueryUI.EC/IPJI612.cs:496
日期(起) 必須小於 日期(迄)	AddError(	Dev/ATLAS.EC.Query/Source/UI/QueryUI.EC/IPJI612.cs:656
退休金試算結果無資料！	ShowFormatMessage(	Dev/ATLAS.EC.Query/Source/UI/QueryUI.EC/IPJI612.cs:682
商業邏輯異常！	ShowFormatMessage(	Dev/ATLAS.EC.Query/Source/UI/QueryUI.EC/IPJI612.cs:701
退休金試算結果無資料！	ShowFormatMessage(	Dev/ATLAS.EC.Query/Source/UI/QueryUI.EC/IPJI612.cs:748
商業邏輯異常！	ShowFormatMessage(	Dev/ATLAS.EC.Query/Source/UI/QueryUI.EC/IPJI612.cs:761
受益人ID與戶號須擇一輸入	AddError(	Dev/ATLAS.EC.Query/Source/UI/QueryUI.EC/IPJI613.cs:138
查無相關基金明細資料	AddError(	Dev/ATLAS.EC.Query/Source/UI/QueryUI.EC/IPJI613.cs:147
查無相關基金明細資料	AddError(	Dev/ATLAS.EC.Query/Source/UI/QueryUI.EC/IPJI613.cs:152
至少勾選一筆基金代碼	AddError(	Dev/ATLAS.EC.Query/Source/UI/QueryUI.EC/IPJI613.cs:163
至少勾選一種拋轉類別	AddError(	Dev/ATLAS.EC.Query/Source/UI/QueryUI.EC/IPJI614.cs:105
至少勾選一檔基金	AddError(	Dev/ATLAS.EC.Query/Source/UI/QueryUI.EC/IPJI614.cs:117
至少勾選一種交易種類	AddError(	Dev/ATLAS.EC.Query/Source/UI/QueryUI.EC/IPJI620.cs:233
查無相關基金明細資料	AddError(	Dev/ATLAS.EC.Query/Source/UI/QueryUI.EC/IPJI620.cs:243
查無相關基金明細資料	AddError(	Dev/ATLAS.EC.Query/Source/UI/QueryUI.EC/IPJI620.cs:248
至少勾選一筆基金代碼	AddError(	Dev/ATLAS.EC.Query/Source/UI/QueryUI.EC/IPJI620.cs:259
{…} 格式有誤，請檢查	AddError(	Dev/ATLAS.EC.Query/Source/UI/QueryUI.EC/IPJI630.cs:129
登打日期、戶號、.受益人ID、Email請擇一輸入	AddError(	Dev/ATLAS.EC.Query/Source/UI/QueryUI.EC/IPJI630.cs:294
登打日期(起) 不可大於 登打日期(迄)	AddError(	Dev/ATLAS.EC.Query/Source/UI/QueryUI.EC/IPJI630.cs:299
點選此處設定篩選條件	變數指派 =	Dev/ATLAS.EC.Query/Source/UI/QueryUI.EC/OFDI601.cs:187
申購日期(起) 不可大於 申購日期(迄)	AddError(	Dev/ATLAS.EC.Query/Source/UI/QueryUI.EC/OFDI601.cs:359
申請日期(起) 不可大於 申請日期(迄)	AddError(	Dev/ATLAS.EC.Query/Source/UI/QueryUI.EC/OFDI601.cs:367
查無相關基金明細資料	AddError(	Dev/ATLAS.EC.Query/Source/UI/QueryUI.EC/OFDI601.cs:379
查無相關基金明細資料	AddError(	Dev/ATLAS.EC.Query/Source/UI/QueryUI.EC/OFDI601.cs:384
至少勾選一筆基金代碼	AddError(	Dev/ATLAS.EC.Query/Source/UI/QueryUI.EC/OFDI601.cs:398
申請日期(起) 不可大於 申請日期(迄)	AddError(	Dev/ATLAS.EC.Query/Source/UI/QueryUI.EC/OFDI602.cs:49
交易日期(起) 不可大於 交易日期(迄)	AddError(	Dev/ATLAS.EC.Query/Source/UI/QueryUI.EC/OFDI602.cs:57
查無相關基金明細資料	AddError(	Dev/ATLAS.EC.Query/Source/UI/QueryUI.EC/OFDI602.cs:64
查無相關基金明細資料	AddError(	Dev/ATLAS.EC.Query/Source/UI/QueryUI.EC/OFDI602.cs:69
至少勾選一筆基金代碼	AddError(	Dev/ATLAS.EC.Query/Source/UI/QueryUI.EC/OFDI602.cs:83
點選此處設定篩選條件	變數指派 =	Dev/ATLAS.EC.Query/Source/UI/QueryUI.EC/OFDI602.cs:273
申請日期(起) 不可大於 申請日期(迄)	AddError(	Dev/ATLAS.EC.Query/Source/UI/QueryUI.EC/OFDI603.cs:51
贖回日期(起) 不可大於 贖回日期(迄)	AddError(	Dev/ATLAS.EC.Query/Source/UI/QueryUI.EC/OFDI603.cs:58
查無相關基金明細資料	AddError(	Dev/ATLAS.EC.Query/Source/UI/QueryUI.EC/OFDI603.cs:65
查無相關基金明細資料	AddError(	Dev/ATLAS.EC.Query/Source/UI/QueryUI.EC/OFDI603.cs:70
至少勾選一筆基金代碼	AddError(	Dev/ATLAS.EC.Query/Source/UI/QueryUI.EC/OFDI603.cs:84
點選此處設定篩選條件	變數指派 =	Dev/ATLAS.EC.Query/Source/UI/QueryUI.EC/OFDI603.cs:334
點選此處設定篩選條件	變數指派 =	Dev/ATLAS.EC.Query/Source/UI/QueryUI.EC/OFDI604.cs:178
收件日期(起) 不可大於 收件日期(迄)	AddError(	Dev/ATLAS.EC.Query/Source/UI/QueryUI.EC/OFDI604.cs:338
申請日期(起) 不可大於 申請日期(迄)	AddError(	Dev/ATLAS.EC.Query/Source/UI/QueryUI.EC/OFDI604.cs:346
查無相關基金明細資料	AddError(	Dev/ATLAS.EC.Query/Source/UI/QueryUI.EC/OFDI604.cs:353
查無相關基金明細資料	AddError(	Dev/ATLAS.EC.Query/Source/UI/QueryUI.EC/OFDI604.cs:358
至少勾選一筆基金代碼	AddError(	Dev/ATLAS.EC.Query/Source/UI/QueryUI.EC/OFDI604.cs:372
點選此處設定篩選條件	變數指派 =	Dev/ATLAS.EC.Query/Source/UI/QueryUI.EC/OFDI605.cs:181
異動生效日期(起) 不可大於 異動生效日期(迄)	AddError(	Dev/ATLAS.EC.Query/Source/UI/QueryUI.EC/OFDI605.cs:398
申請日期(起) 不可大於 申請日期(迄)	AddError(	Dev/ATLAS.EC.Query/Source/UI/QueryUI.EC/OFDI605.cs:406
查無相關基金明細資料	AddError(	Dev/ATLAS.EC.Query/Source/UI/QueryUI.EC/OFDI605.cs:413
查無相關基金明細資料	AddError(	Dev/ATLAS.EC.Query/Source/UI/QueryUI.EC/OFDI605.cs:418
至少勾選一筆基金代碼	AddError(	Dev/ATLAS.EC.Query/Source/UI/QueryUI.EC/OFDI605.cs:432
異動生效日期(起) 不可大於 異動生效日期(迄)	AddError(	Dev/ATLAS.EC.Query/Source/UI/QueryUI.EC/OFDI606.cs:233
變更日期或身分證字號(或戶號)需擇一輸入	AddError(	Dev/ATLAS.EC.Query/Source/UI/QueryUI.EC/OFDI607.cs:129
變更起始日 要小於 變更結束日	AddError(	Dev/ATLAS.EC.Query/Source/UI/QueryUI.EC/OFDI607.cs:134
變更日期區間不能超過7天	AddError(	Dev/ATLAS.EC.Query/Source/UI/QueryUI.EC/OFDI607.cs:139
變更起始日 要小於 變更結束日	AddError(	Dev/ATLAS.EC.Query/Source/UI/QueryUI.EC/OFDI607.cs:147
紀錄日期或身分證字號(或戶號)需擇一輸入	AddError(	Dev/ATLAS.EC.Query/Source/UI/QueryUI.EC/OFDI608.cs:119
紀錄起始日 要小於 紀錄結束日	AddError(	Dev/ATLAS.EC.Query/Source/UI/QueryUI.EC/OFDI608.cs:124
紀錄日期區間不能超過7天	AddError(	Dev/ATLAS.EC.Query/Source/UI/QueryUI.EC/OFDI608.cs:129
紀錄起始日 要小於 紀錄結束日	AddError(	Dev/ATLAS.EC.Query/Source/UI/QueryUI.EC/OFDI608.cs:137
贖回日期(起) 不可大於 贖回日期(迄)	AddError(	Dev/ATLAS.EC.Query/Source/UI/QueryUI.EC/OFDI609.cs:44
交易途徑 為必填欄位	AddError(	Dev/ATLAS.EC.Query/Source/UI/QueryUI.EC/OFDI609.cs:48
點選此處設定篩選條件	變數指派 =	Dev/ATLAS.EC.Query/Source/UI/QueryUI.EC/OFDI609.cs:139
贖回日期(起) 不可大於 贖回日期(迄)	AddError(	Dev/ATLAS.EC.Query/Source/UI/QueryUI.EC/OFDI610.cs:44
交易途徑 為必填欄位	AddError(	Dev/ATLAS.EC.Query/Source/UI/QueryUI.EC/OFDI610.cs:48
點選此處設定篩選條件	變數指派 =	Dev/ATLAS.EC.Query/Source/UI/QueryUI.EC/OFDI610.cs:141
點選此處設定篩選條件	變數指派 =	Dev/ATLAS.EC.Query/Source/UI/QueryUI.EC/OFDI611.cs:152
定額收件/異動生效日期(起) 不可大於 定額收件/異動生效日期(迄)	AddError(	Dev/ATLAS.EC.Query/Source/UI/QueryUI.EC/OFDI611.cs:173
交易途徑 為必填欄位	AddError(	Dev/ATLAS.EC.Query/Source/UI/QueryUI.EC/OFDI611.cs:177
變更生效日期(起) 不可大於 變更生效日期(迄)	AddError(	Dev/ATLAS.EC.Query/Source/UI/QueryUI.EC/OFDI612.cs:44
交易途徑 為必填欄位	AddError(	Dev/ATLAS.EC.Query/Source/UI/QueryUI.EC/OFDI612.cs:48
點選此處設定篩選條件	變數指派 =	Dev/ATLAS.EC.Query/Source/UI/QueryUI.EC/OFDI612.cs:139
若輸入 補件日期(迄) 則 補件日期(起) 必輸	AddError(	Dev/ATLAS.EC.Query/Source/UI/QueryUI.EC/OFDI613.cs:35
若輸入 補件日期(起) 則 補件日期(迄) 必輸	AddError(	Dev/ATLAS.EC.Query/Source/UI/QueryUI.EC/OFDI613.cs:38
補件日期(起) 不可大於 補件日期(迄)	AddError(	Dev/ATLAS.EC.Query/Source/UI/QueryUI.EC/OFDI613.cs:44
若輸入 開戶申請日期(迄) 則 開戶申請日期(起) 必輸	AddError(	Dev/ATLAS.EC.Query/Source/UI/QueryUI.EC/OFDI613.cs:49
若輸入 開戶申請日期(起) 則 開戶申請日期(迄) 必輸	AddError(	Dev/ATLAS.EC.Query/Source/UI/QueryUI.EC/OFDI613.cs:52
開戶申請日期(起) 不可大於 開戶申請日期(迄)	AddError(	Dev/ATLAS.EC.Query/Source/UI/QueryUI.EC/OFDI613.cs:58
點選此處設定篩選條件	變數指派 =	Dev/ATLAS.EC.Query/Source/UI/QueryUI.EC/OFDI613.cs:148
點選此處設定篩選條件	變數指派 =	Dev/ATLAS.EC.Query/Source/UI/QueryUI.EC/OFDI614.cs:92
寄件日期(起) 不可大於 寄件日期(迄)	AddError(	Dev/ATLAS.EC.Query/Source/UI/QueryUI.EC/OFDI614.cs:157
查無相關郵件代碼資料	AddError(	Dev/ATLAS.EC.Query/Source/UI/QueryUI.EC/OFDI614.cs:163
至少需勾選一種網路瀏覽LOG記錄代碼	AddError(	Dev/ATLAS.EC.Query/Source/UI/QueryUI.EC/OFDI614.cs:178
點選此處設定篩選條件	變數指派 =	Dev/ATLAS.EC.Query/Source/UI/QueryUI.EC/OFDI615.cs:92
寄件日期(起) 不可大於 寄件日期(迄)	AddError(	Dev/ATLAS.EC.Query/Source/UI/QueryUI.EC/OFDI615.cs:188
查無相關郵件代碼資料	AddError(	Dev/ATLAS.EC.Query/Source/UI/QueryUI.EC/OFDI615.cs:194
至少需勾選一種郵件代碼	AddError(	Dev/ATLAS.EC.Query/Source/UI/QueryUI.EC/OFDI615.cs:209
申請日期(起) 必須輸入	AddError(	Dev/ATLAS.EC.Query/Source/UI/QueryUI.EC/OFDI641.cs:206
申請日期(迄) 必須輸入	AddError(	Dev/ATLAS.EC.Query/Source/UI/QueryUI.EC/OFDI641.cs:209
申請日期(起) 必須小於 申請日期(迄)	AddError(	Dev/ATLAS.EC.Query/Source/UI/QueryUI.EC/OFDI641.cs:213
交易日期(起) 必須小於 交易日期(迄)	AddError(	Dev/ATLAS.EC.Query/Source/UI/QueryUI.EC/OFDI641.cs:224
查無相關基金明細資料	AddError(	Dev/ATLAS.EC.Query/Source/UI/QueryUI.EC/OFDI641.cs:234
查無相關基金明細資料	AddError(	Dev/ATLAS.EC.Query/Source/UI/QueryUI.EC/OFDI641.cs:239
至少勾選一筆基金代碼	AddError(	Dev/ATLAS.EC.Query/Source/UI/QueryUI.EC/OFDI641.cs:241
'執行日期'與'受益人ID'必需擇一必輸!	AddError(	Dev/ATLAS.EC.Report/Source/UI/ReportUI.EC/IJPR611.cs:221
發送日期(起) 不可小於 發送日期(迄)	AddError(	Dev/ATLAS.EC.Report/Source/UI/ReportUI.EC/IPJR607.cs:93
查無相關基金明細資料	AddError(	Dev/ATLAS.EC.Report/Source/UI/ReportUI.EC/IPJR607.cs:107
查無相關基金明細資料	AddError(	Dev/ATLAS.EC.Report/Source/UI/ReportUI.EC/IPJR607.cs:112
至少勾選一筆基金代碼	AddError(	Dev/ATLAS.EC.Report/Source/UI/ReportUI.EC/IPJR607.cs:124
查無相關基金明細資料	AddError(	Dev/ATLAS.EC.Report/Source/UI/ReportUI.EC/OFDR601.cs:164
查無相關基金明細資料	AddError(	Dev/ATLAS.EC.Report/Source/UI/ReportUI.EC/OFDR601.cs:169
至少勾選一筆基金代碼	AddError(	Dev/ATLAS.EC.Report/Source/UI/ReportUI.EC/OFDR601.cs:195
申購日期(起) 不可大於 申購日期(迄)	AddError(	Dev/ATLAS.EC.Report/Source/UI/ReportUI.EC/OFDR601.cs:214
委託日期(起) 若輸入則 委託日期(迄) 必輸	AddError(	Dev/ATLAS.EC.Report/Source/UI/ReportUI.EC/OFDR601.cs:219
委託日期(迄) 若輸入則 委託日期(起) 必輸	AddError(	Dev/ATLAS.EC.Report/Source/UI/ReportUI.EC/OFDR601.cs:222
委託日期(起)不可大於 委託日期(迄)	AddError(	Dev/ATLAS.EC.Report/Source/UI/ReportUI.EC/OFDR601.cs:227
查無相關基金明細資料	AddError(	Dev/ATLAS.EC.Report/Source/UI/ReportUI.EC/OFDR602.cs:275
查無相關基金明細資料	AddError(	Dev/ATLAS.EC.Report/Source/UI/ReportUI.EC/OFDR602.cs:280
至少勾選一筆基金代碼	AddError(	Dev/ATLAS.EC.Report/Source/UI/ReportUI.EC/OFDR602.cs:306
委託日期(起) 若輸入則 委託日期(迄) 必輸	AddError(	Dev/ATLAS.EC.Report/Source/UI/ReportUI.EC/OFDR602.cs:324
委託日期(迄) 若輸入則 委託日期(起) 必輸	AddError(	Dev/ATLAS.EC.Report/Source/UI/ReportUI.EC/OFDR602.cs:327
委託日期(起) 不可大於 委託日期(迄)	AddError(	Dev/ATLAS.EC.Report/Source/UI/ReportUI.EC/OFDR602.cs:332
贖回日期(起) 不可大於 贖回日期(迄)	AddError(	Dev/ATLAS.EC.Report/Source/UI/ReportUI.EC/OFDR602.cs:337
查無相關基金明細資料	AddError(	Dev/ATLAS.EC.Report/Source/UI/ReportUI.EC/OFDR603.cs:58
查無相關基金明細資料	AddError(	Dev/ATLAS.EC.Report/Source/UI/ReportUI.EC/OFDR603.cs:63
至少勾選一筆基金代碼	AddError(	Dev/ATLAS.EC.Report/Source/UI/ReportUI.EC/OFDR603.cs:89
委託日期(起) 若輸入則 委託日期(迄) 必輸	AddError(	Dev/ATLAS.EC.Report/Source/UI/ReportUI.EC/OFDR603.cs:112
委託日期(迄) 若輸入則 委託日期(起) 必輸	AddError(	Dev/ATLAS.EC.Report/Source/UI/ReportUI.EC/OFDR603.cs:115
委託日期(起) 不可大於 委託日期(迄)	AddError(	Dev/ATLAS.EC.Report/Source/UI/ReportUI.EC/OFDR603.cs:120
買回日期(起) 不可大於 買回日期(迄)	AddError(	Dev/ATLAS.EC.Report/Source/UI/ReportUI.EC/OFDR603.cs:125
查無相關基金明細資料	AddError(	Dev/ATLAS.EC.Report/Source/UI/ReportUI.EC/OFDR604.cs:51
查無相關基金明細資料	AddError(	Dev/ATLAS.EC.Report/Source/UI/ReportUI.EC/OFDR604.cs:56
至少勾選一筆基金代碼	AddError(	Dev/ATLAS.EC.Report/Source/UI/ReportUI.EC/OFDR604.cs:80
委託日期(起) 若輸入則 委託日期(迄) 必輸	AddError(	Dev/ATLAS.EC.Report/Source/UI/ReportUI.EC/OFDR604.cs:97
委託日期(迄) 若輸入則 委託日期(起) 必輸	AddError(	Dev/ATLAS.EC.Report/Source/UI/ReportUI.EC/OFDR604.cs:100
委託日期(起)不可大於 委託日期(迄)	AddError(	Dev/ATLAS.EC.Report/Source/UI/ReportUI.EC/OFDR604.cs:105
放行日期(起) 若輸入則 放行日期(迄) 必輸	AddError(	Dev/ATLAS.EC.Report/Source/UI/ReportUI.EC/OFDR604.cs:109
放行日期(迄) 若輸入則 放行日期(起) 必輸	AddError(	Dev/ATLAS.EC.Report/Source/UI/ReportUI.EC/OFDR604.cs:112
放行日期(起)不可大於 放行日期(迄)	AddError(	Dev/ATLAS.EC.Report/Source/UI/ReportUI.EC/OFDR604.cs:117
收件日期(起) 若輸入則 收件日期(迄) 必輸	AddError(	Dev/ATLAS.EC.Report/Source/UI/ReportUI.EC/OFDR604.cs:122
收件日期(迄) 若輸入則 收件日期(起) 必輸	AddError(	Dev/ATLAS.EC.Report/Source/UI/ReportUI.EC/OFDR604.cs:125
收件日期(起) 不可大於 收件日期(迄)	AddError(	Dev/ATLAS.EC.Report/Source/UI/ReportUI.EC/OFDR604.cs:130
查無相關基金明細資料	AddError(	Dev/ATLAS.EC.Report/Source/UI/ReportUI.EC/OFDR605.cs:163
查無相關基金明細資料	AddError(	Dev/ATLAS.EC.Report/Source/UI/ReportUI.EC/OFDR605.cs:168
至少勾選一筆基金代碼	AddError(	Dev/ATLAS.EC.Report/Source/UI/ReportUI.EC/OFDR605.cs:191
委託日期(起) 若輸入則 委託日期(迄) 必輸	AddError(	Dev/ATLAS.EC.Report/Source/UI/ReportUI.EC/OFDR605.cs:208
委託日期(迄) 若輸入則 委託日期(起) 必輸	AddError(	Dev/ATLAS.EC.Report/Source/UI/ReportUI.EC/OFDR605.cs:212
委託日期(起) 不可大於 委託日期(迄)	AddError(	Dev/ATLAS.EC.Report/Source/UI/ReportUI.EC/OFDR605.cs:217
異動生效日期(起) 若輸入則 異動生效日期(迄) 必輸	AddError(	Dev/ATLAS.EC.Report/Source/UI/ReportUI.EC/OFDR605.cs:222
異動生效日期(迄) 若輸入則 異動生效日期(起) 必輸	AddError(	Dev/ATLAS.EC.Report/Source/UI/ReportUI.EC/OFDR605.cs:226
異動生效日期(起) 不可大於 異動生效日期(迄)	AddError(	Dev/ATLAS.EC.Report/Source/UI/ReportUI.EC/OFDR605.cs:230
異動日期(起) 若輸入則 異動日期(迄) 必輸	AddError(	Dev/ATLAS.EC.Report/Source/UI/ReportUI.EC/OFDR605.cs:236
異動日期(迄) 若輸入則 異動日期(起) 必輸	AddError(	Dev/ATLAS.EC.Report/Source/UI/ReportUI.EC/OFDR605.cs:240
異動日期(起) 不可大於 異動日期(迄)	AddError(	Dev/ATLAS.EC.Report/Source/UI/ReportUI.EC/OFDR605.cs:244
申請日期(起) 不可大於 申請日期(迄)	AddError(	Dev/ATLAS.EC.Report/Source/UI/ReportUI.EC/OFDR606.cs:127
受益人ID(迄) 必須輸入	AddError(	Dev/ATLAS.EC.Report/Source/UI/ReportUI.EC/OFDR606.cs:135
受益人ID(起) 必須輸入	AddError(	Dev/ATLAS.EC.Report/Source/UI/ReportUI.EC/OFDR606.cs:139
受益人ID(起) 不可大於 受益人ID(迄)	AddError(	Dev/ATLAS.EC.Report/Source/UI/ReportUI.EC/OFDR606.cs:146
戶號(迄) 必須輸入	AddError(	Dev/ATLAS.EC.Report/Source/UI/ReportUI.EC/OFDR606.cs:155
戶號(起) 必須輸入	AddError(	Dev/ATLAS.EC.Report/Source/UI/ReportUI.EC/OFDR606.cs:159
戶號(起) 不可大於 戶號(迄)	AddError(	Dev/ATLAS.EC.Report/Source/UI/ReportUI.EC/OFDR606.cs:170
異動生效日期(起) 不可大於 異動生效日期(迄)	AddError(	Dev/ATLAS.EC.Report/Source/UI/ReportUI.EC/OFDR606.cs:191
查無相關基金明細資料	AddError(	Dev/ATLAS.EC.Report/Source/UI/ReportUI.EC/OFDR607.cs:180
查無相關基金明細資料	AddError(	Dev/ATLAS.EC.Report/Source/UI/ReportUI.EC/OFDR607.cs:185
至少勾選一筆基金代碼	AddError(	Dev/ATLAS.EC.Report/Source/UI/ReportUI.EC/OFDR607.cs:208
日期(起) 不可大於 日期(迄)	AddError(	Dev/ATLAS.EC.Report/Source/UI/ReportUI.EC/OFDR607.cs:226
查無相關基金明細資料	AddError(	Dev/ATLAS.EC.Report/Source/UI/ReportUI.EC/OFDR608.cs:147
查無相關基金明細資料	AddError(	Dev/ATLAS.EC.Report/Source/UI/ReportUI.EC/OFDR608.cs:152
至少需勾選一種基金	AddError(	Dev/ATLAS.EC.Report/Source/UI/ReportUI.EC/OFDR608.cs:176
日期(起) 不可大於 日期(迄)	AddError(	Dev/ATLAS.EC.Report/Source/UI/ReportUI.EC/OFDR609.cs:108
查無相關基金明細資料	AddError(	Dev/ATLAS.EC.Report/Source/UI/ReportUI.EC/OFDR610.cs:124
查無相關基金明細資料	AddError(	Dev/ATLAS.EC.Report/Source/UI/ReportUI.EC/OFDR610.cs:129
至少需勾選一種基金	AddError(	Dev/ATLAS.EC.Report/Source/UI/ReportUI.EC/OFDR610.cs:153
申購日期(起) 不可大於 申購日期(迄)	AddError(	Dev/ATLAS.EC.Report/Source/UI/ReportUI.EC/OFDR610.cs:170
查無相關基金明細資料	AddError(	Dev/ATLAS.EC.Report/Source/UI/ReportUI.EC/OFDR611.cs:135
查無相關基金明細資料	AddError(	Dev/ATLAS.EC.Report/Source/UI/ReportUI.EC/OFDR611.cs:140
至少需勾選一種基金	AddError(	Dev/ATLAS.EC.Report/Source/UI/ReportUI.EC/OFDR611.cs:164
申購日期(起) 不可大於 申購日期(迄)	AddError(	Dev/ATLAS.EC.Report/Source/UI/ReportUI.EC/OFDR611.cs:181
扣款狀態至少勾選一項	AddError(	Dev/ATLAS.EC.Report/Source/UI/ReportUI.EC/OFDR611.cs:186
查無相關基金明細資料	AddError(	Dev/ATLAS.EC.Report/Source/UI/ReportUI.EC/OFDR612.cs:113
查無相關基金明細資料	AddError(	Dev/ATLAS.EC.Report/Source/UI/ReportUI.EC/OFDR612.cs:118
至少需勾選一種基金	AddError(	Dev/ATLAS.EC.Report/Source/UI/ReportUI.EC/OFDR612.cs:142
申購日期(起) 不可大於 申購日期(迄)	AddError(	Dev/ATLAS.EC.Report/Source/UI/ReportUI.EC/OFDR612.cs:159
至少勾選一筆基金代碼	AddError(	Dev/ATLAS.EC.Report/Source/UI/ReportUI.EC/OFDR613.cs:121
申購日期(起) 不可大於 申購日期(迄)	AddError(	Dev/ATLAS.EC.Report/Source/UI/ReportUI.EC/OFDR613.cs:144
至少勾選一筆交易類別	AddError(	Dev/ATLAS.EC.Report/Source/UI/ReportUI.EC/OFDR690.cs:158
交易日期(起)不可小於交易日期(迄)	AddError(	Dev/ATLAS.EC.Report/Source/UI/ReportUI.EC/OFDR690.cs:163
委託日期(起)不可小於委託日期(迄)	AddError(	Dev/ATLAS.EC.Report/Source/UI/ReportUI.EC/OFDR690.cs:167
執行LDAP更新失敗，請檢查	AddResultRow(	Dev/ATLAS.EC/Source/Control/Control.EC/OFDB609_Ctl.cs:142
執行LDAP更新失敗，請檢查	AddResultRow(	Dev/ATLAS.EC/Source/Control/Control.EC/OFDB609_Ctl.cs:204
執行LDAP更新失敗，請檢查	AddResultRow(	Dev/ATLAS.EC/Source/Control/Control.EC/OFDB609_Ctl.cs:219
共發送{…}筆資料	AddResultRow(	Dev/ATLAS.EC/Source/Control/Control.EC/OFDB611_Ctl.cs:51
執行LDAP更新失敗，請檢查	AddResultRow(	Dev/ATLAS.EC/Source/Control/Control.EC/OFDB615_Ctl.cs:57
修改失敗，請檢查	AddResultRow(	Dev/ATLAS.EC/Source/PO/PO.EC/MSSQL/OFDM607_PO.cs:226
修改失敗，請檢查	AddResultRow(	Dev/ATLAS.EC/Source/PO/PO.EC/MSSQL/OFDM607_PO.cs:242
尚未執行交易截止時間，請先執行OFDB600程式	AddResultRow(	Dev/ATLAS.EC/Source/PO/PO.EC/Oracle/IPJB606OracleDao.cs:97
尚有大於此資料處理日期的拋轉資料，請先回覆後再執行拋轉回復。	AddResultRow(	Dev/ATLAS.EC/Source/PO/PO.EC/Oracle/IPJB606OracleDao.cs:183
已有扣款資料，無法執行{0}扣款送件作業	AddResultRow(	Dev/ATLAS.EC/Source/PO/PO.EC/Oracle/IPJB613OracleDao.cs:66
尚有扣款資料，無法執行扣款送件作業	AddResultRow(	Dev/ATLAS.EC/Source/PO/PO.EC/Oracle/IPJB613OracleDao.cs:68
員工交易件尚未作比對，不可產生扣款資料	AddResultRow(	Dev/ATLAS.EC/Source/PO/PO.EC/Oracle/IPJB613OracleDao.cs:77
無資料	AddResultRow(	Dev/ATLAS.EC/Source/PO/PO.EC/Oracle/IPJB613OracleDao.cs:173
無此送件批號	變數指派 =	Dev/ATLAS.EC/Source/PO/PO.EC/Oracle/IPJB613OracleDao.cs:181
0	AddResultRow(	Dev/ATLAS.EC/Source/PO/PO.EC/Oracle/IPJB614OracleDao.cs:301
0	AddResultRow(	Dev/ATLAS.EC/Source/PO/PO.EC/Oracle/IPJB614OracleDao.cs:375
尚未執行交易截止時間，請先執行OFDB600程式	AddResultRow(	Dev/ATLAS.EC/Source/PO/PO.EC/Oracle/IPJB621OracleDao.cs:112
尚有大於此申購日期的拋轉資料，請先回覆後再執行拋轉回復。	AddResultRow(	Dev/ATLAS.EC/Source/PO/PO.EC/Oracle/IPJB621OracleDao.cs:228
尚未執行交易截止時間，請先執行OFDB600程式	AddResultRow(	Dev/ATLAS.EC/Source/PO/PO.EC/Oracle/IPJB622OracleDao.cs:115
尚有大於此贖回日期的拋轉資料，請先回覆後再執行拋轉回復。	AddResultRow(	Dev/ATLAS.EC/Source/PO/PO.EC/Oracle/IPJB622OracleDao.cs:250
員工交易件尚未作比對，不可產生執行{0}。	AddResultRow(	Dev/ATLAS.EC/Source/PO/PO.EC/Oracle/IPJB622OracleDao.cs:261
執行失敗，請檢查: {…}	AddResultRow(	Dev/ATLAS.EC/Source/PO/PO.EC/Oracle/IPJB622OracleDao.cs:326
尚未執行交易截止時間，請先執行OFDB600程式	AddResultRow(	Dev/ATLAS.EC/Source/PO/PO.EC/Oracle/IPJB624OracleDao.cs:109
尚有大於此收件/異動生效日期的拋轉資料，請先回覆後再執行拋轉回復。	AddResultRow(	Dev/ATLAS.EC/Source/PO/PO.EC/Oracle/IPJB624OracleDao.cs:215
尚未執行交易截止時間，請先執行OFDB600程式	AddResultRow(	Dev/ATLAS.EC/Source/PO/PO.EC/Oracle/IPJB625OracleDao.cs:52
尚未執行交易截止時間，請先執行OFDB600程式	AddResultRow(	Dev/ATLAS.EC/Source/PO/PO.EC/Oracle/OFDB601OracleDao.cs:112
尚有大於此申購日期的拋轉資料，請先回覆後再執行拋轉回復。	AddResultRow(	Dev/ATLAS.EC/Source/PO/PO.EC/Oracle/OFDB601OracleDao.cs:221
尚未執行交易截止時間，請先執行OFDB600程式	AddResultRow(	Dev/ATLAS.EC/Source/PO/PO.EC/Oracle/OFDB602OracleDao.cs:115
尚有大於此贖回日期的拋轉資料，請先回覆後再執行拋轉回復。	AddResultRow(	Dev/ATLAS.EC/Source/PO/PO.EC/Oracle/OFDB602OracleDao.cs:244
員工交易件尚未作比對，不可產生執行{0}。	AddResultRow(	Dev/ATLAS.EC/Source/PO/PO.EC/Oracle/OFDB602OracleDao.cs:255
執行失敗，請檢查: {…}	AddResultRow(	Dev/ATLAS.EC/Source/PO/PO.EC/Oracle/OFDB602OracleDao.cs:298
尚未執行交易截止時間，請先執行OFDB600程式	AddResultRow(	Dev/ATLAS.EC/Source/PO/PO.EC/Oracle/OFDB604OracleDao.cs:109
尚有大於此收件/異動生效日期的拋轉資料，請先回覆後再執行拋轉回復。	AddResultRow(	Dev/ATLAS.EC/Source/PO/PO.EC/Oracle/OFDB604OracleDao.cs:209
尚未執行交易截止時間，請先執行OFDB600程式	AddResultRow(	Dev/ATLAS.EC/Source/PO/PO.EC/Oracle/OFDB605OracleDao.cs:52
尚有大於此資料處理日期的拋轉資料，請先回覆後再執行拋轉回復。	AddResultRow(	Dev/ATLAS.EC/Source/PO/PO.EC/Oracle/OFDB605OracleDao.cs:126
尚有未拋轉資料，不可執行	AddResultRow(	Dev/ATLAS.EC/Source/PO/PO.EC/Oracle/OFDB605OracleDao.cs:318
{…} 尚有已拋轉資料，不可拋轉回復	AddResultRow(	Dev/ATLAS.EC/Source/PO/PO.EC/Oracle/OFDB605OracleDao.cs:392
已有批次生效資料，不可再執行拋轉回復作業	AddResultRow(	Dev/ATLAS.EC/Source/PO/PO.EC/Oracle/OFDB605OracleDao.cs:476
OFD600中有語音交易資料	AddResultRow(	Dev/ATLAS.EC/Source/PO/PO.EC/Oracle/OFDB605OracleDao.cs:541
開戶進度異動成功	變數指派 =	Dev/ATLAS.EC/Source/PO/PO.EC/Oracle/OFDB609OracleDao.cs:127
開戶進度無異動	變數指派 =	Dev/ATLAS.EC/Source/PO/PO.EC/Oracle/OFDB609OracleDao.cs:129
開戶進度無異動	變數指派 =	Dev/ATLAS.EC/Source/PO/PO.EC/Oracle/OFDB609OracleDao.cs:133
設定檔無資料	AddResultRow(	Dev/ATLAS.EC/Source/PO/PO.EC/Oracle/OFDB609OracleDao.cs:585
執行失敗，請檢查{…}	AddResultRow(	Dev/ATLAS.EC/Source/PO/PO.EC/Oracle/OFDB609OracleDao.cs:597
執行成功共 {…}筆，影響開戶進度共 {…}筆，不影響開戶進度共 {…}筆	AddResultRow(	Dev/ATLAS.EC/Source/PO/PO.EC/Oracle/OFDB609OracleDao.cs:976
無可套印資料	AddResultRow(	Dev/ATLAS.EC/Source/PO/PO.EC/Oracle/OFDB610OracleDao.cs:232
已抓取{…}筆可套印資料	AddResultRow(	Dev/ATLAS.EC/Source/PO/PO.EC/Oracle/OFDB610OracleDao.cs:234
無可套印資料	AddResultRow(	Dev/ATLAS.EC/Source/PO/PO.EC/Oracle/OFDB610OracleDao.cs:324
已抓取{…}筆可套印資料	AddResultRow(	Dev/ATLAS.EC/Source/PO/PO.EC/Oracle/OFDB610OracleDao.cs:326
無可執行之資料	AddResultRow(	Dev/ATLAS.EC/Source/PO/PO.EC/Oracle/OFDB610OracleDao.cs:474
無可發送之資料	AddResultRow(	Dev/ATLAS.EC/Source/PO/PO.EC/Oracle/OFDB611OracleDao.cs:70
0	AddResultRow(	Dev/ATLAS.EC/Source/PO/PO.EC/Oracle/OFDB612OracleDao.cs:263
執行成功	AddResultRow(	Dev/ATLAS.EC/Source/PO/PO.EC/Oracle/OFDB616OracleDao.cs:421
執行成功	AddResultRow(	Dev/ATLAS.EC/Source/PO/PO.EC/Oracle/OFDB671OracleDao.cs:128
執行失敗，請檢查	AddResultRow(	Dev/ATLAS.EC/Source/PO/PO.EC/Oracle/OFDB671OracleDao.cs:135
執行失敗，請檢查	AddResultRow(	Dev/ATLAS.EC/Source/PO/PO.EC/Oracle/OFDB671OracleDao.cs:144
查無資料	AddResultRow(	Dev/ATLAS.EC/Source/PO/PO.EC/Oracle/OFDB671OracleDao.cs:217
查詢失敗	AddResultRow(	Dev/ATLAS.EC/Source/PO/PO.EC/Oracle/OFDB671OracleDao.cs:223
同銷售機構及員編變更已在OFDB673審核中，不可重覆執行	AddResultRow(	Dev/ATLAS.EC/Source/PO/PO.EC/Oracle/OFDB672OracleDao.cs:35
執行成功	AddResultRow(	Dev/ATLAS.EC/Source/PO/PO.EC/Oracle/OFDB672OracleDao.cs:61
查無資料	AddResultRow(	Dev/ATLAS.EC/Source/PO/PO.EC/Oracle/OFDB672OracleDao.cs:104
執行成功	AddResultRow(	Dev/ATLAS.EC/Source/PO/PO.EC/Oracle/OFDB673OracleDao.cs:40
查無資料	AddResultRow(	Dev/ATLAS.EC/Source/PO/PO.EC/Oracle/OFDB673OracleDao.cs:82
查無資料	AddResultRow(	Dev/ATLAS.EC/Source/PO/PO.EC/Oracle/OFDB673OracleDao.cs:111
執行失敗，請檢查{…}	AddResultRow(	Dev/ATLAS.EC/Source/PO/PO.EC/Oracle/OFDB680OracleDao.cs:295
執行失敗，請檢查{…}	AddResultRow(	Dev/ATLAS.EC/Source/PO/PO.EC/Oracle/OFDB680OracleDao.cs:570
無符合的資料	AddResultRow(	Dev/ATLAS.EC/Source/PO/PO.EC/Oracle/OFDB680OracleDao.cs:611
執行失敗，請檢查{…}	AddResultRow(	Dev/ATLAS.EC/Source/PO/PO.EC/Oracle/OFDB680OracleDao.cs:623
執行失敗，請檢查{…}	AddResultRow(	Dev/ATLAS.EC/Source/PO/PO.EC/Oracle/OFDB680OracleDao.cs:679
執行失敗，請檢查{…}	AddResultRow(	Dev/ATLAS.EC/Source/PO/PO.EC/Oracle/OFDB680OracleDao.cs:764
查無資料	AddResultRow(	Dev/ATLAS.EC/Source/PO/PO.EC/Oracle/OFDB680OracleDao.cs:816
查詢失敗。( {…} )	AddResultRow(	Dev/ATLAS.EC/Source/PO/PO.EC/Oracle/OFDB680OracleDao.cs:822
執行失敗，請檢查{…}	AddResultRow(	Dev/ATLAS.EC/Source/PO/PO.EC/Oracle/OFDB680OracleDao.cs:900
未有員工交易被取消	AddResultRow(	Dev/ATLAS.EC/Source/PO/PO.EC/Oracle/OFDB690OracleDao.cs:104
執行失敗，請檢查{…}	AddResultRow(	Dev/ATLAS.EC/Source/PO/PO.EC/Oracle/OFDB690OracleDao.cs:121
取得員工交易時限失敗，請檢查{…}	AddResultRow(	Dev/ATLAS.EC/Source/PO/PO.EC/Oracle/OFDB690OracleDao.cs:171
查無資料	AddResultRow(	Dev/ATLAS.EC/Source/PO/PO.EC/Oracle/OFDB691OracleDao.cs:103
檢核買回書號時,有資料未檢核通過!!	AddResultRow(	Dev/ATLAS.EC/Source/PO/PO.EC/Oracle/OFDB691OracleDao.cs:485
檢核買回書號時,有資料未檢核通過!!	AddResultRow(	Dev/ATLAS.EC/Source/PO/PO.EC/Oracle/OFDB691OracleDao.cs:522
檢核轉申購書號時,有資料未檢核通過!	AddResultRow(	Dev/ATLAS.EC/Source/PO/PO.EC/Oracle/OFDB691OracleDao.cs:567
檢核買回書號時,有資料未檢核通過!!	AddResultRow(	Dev/ATLAS.EC/Source/PO/PO.EC/Oracle/OFDB691OracleDao.cs:602
查無{…}牌告手續費率	AddResultRow(	Dev/ATLAS.EC/Source/PO/PO.EC/Oracle/OFDM199AOracleDao.cs:168
查無{…}牌告手續費率	AddResultRow(	Dev/ATLAS.EC/Source/PO/PO.EC/Oracle/OFDM199AOracleDao.cs:179
部分促銷活動已有設定［目的基金］資料，請確認仍要執行（確認／取消）	AddResultRow(	Dev/ATLAS.EC/Source/PO/PO.EC/Oracle/OFDM199AOracleDao.cs:864
同一交易途徑，顯示順序不可重覆。	AddResultRow(	Dev/ATLAS.EC/Source/PO/PO.EC/Oracle/OFDM601OracleDao.cs:306
此筆資料已存在，請檢查後重新執行	AddResultRow(	Dev/ATLAS.EC/Source/PO/PO.EC/Oracle/OFDM602OracleDao.cs:252
此筆資料已異動，請檢查後重新執行	AddResultRow(	Dev/ATLAS.EC/Source/PO/PO.EC/Oracle/OFDM602OracleDao.cs:412
此筆資料已異動，請檢查後重新執行	AddResultRow(	Dev/ATLAS.EC/Source/PO/PO.EC/Oracle/OFDM602OracleDao.cs:486
此筆資料已異動，請檢查後重新執行	AddResultRow(	Dev/ATLAS.EC/Source/PO/PO.EC/Oracle/OFDM602OracleDao.cs:624
此筆資料已異動，請檢查後重新執行	AddResultRow(	Dev/ATLAS.EC/Source/PO/PO.EC/Oracle/OFDM602OracleDao.cs:768
此筆資料已存在，請檢查後重新執行	AddResultRow(	Dev/ATLAS.EC/Source/PO/PO.EC/Oracle/OFDM603OracleDao.cs:322
此筆資料已異動，請檢查後重新執行	AddResultRow(	Dev/ATLAS.EC/Source/PO/PO.EC/Oracle/OFDM603OracleDao.cs:488
此筆資料已異動，請檢查後重新執行	AddResultRow(	Dev/ATLAS.EC/Source/PO/PO.EC/Oracle/OFDM603OracleDao.cs:578
此筆資料已異動，請檢查後重新執行	AddResultRow(	Dev/ATLAS.EC/Source/PO/PO.EC/Oracle/OFDM603OracleDao.cs:722
此筆資料已異動，請檢查後重新執行	AddResultRow(	Dev/ATLAS.EC/Source/PO/PO.EC/Oracle/OFDM603OracleDao.cs:858
修改失敗，請檢查	AddResultRow(	Dev/ATLAS.EC/Source/PO/PO.EC/Oracle/OFDM607OracleDao.cs:268
修改失敗，請檢查	AddResultRow(	Dev/ATLAS.EC/Source/PO/PO.EC/Oracle/OFDM607OracleDao.cs:284
此筆資料已異動，請檢查後重新執行	AddResultRow(	Dev/ATLAS.EC/Source/PO/PO.EC/Oracle/OFDM670OracleDao.cs:240
此筆資料已異動，請檢查後重新執行	AddResultRow(	Dev/ATLAS.EC/Source/PO/PO.EC/Oracle/OFDM670OracleDao.cs:312
此筆資料已存在，請檢查後重新執行	AddResultRow(	Dev/ATLAS.EC/Source/PO/PO.EC/Oracle/OFDM670OracleDao.cs:393
此筆資料已異動，請檢查後重新執行	AddResultRow(	Dev/ATLAS.EC/Source/PO/PO.EC/Oracle/OFDM670OracleDao.cs:613
此筆資料已異動，請檢查後重新執行	AddResultRow(	Dev/ATLAS.EC/Source/PO/PO.EC/Oracle/OFDM670OracleDao.cs:620
此筆資料已異動，請檢查後重新執行	AddResultRow(	Dev/ATLAS.EC/Source/PO/PO.EC/Oracle/OFDM670OracleDao.cs:782
此筆資料已異動，請檢查後重新執行	AddResultRow(	Dev/ATLAS.EC/Source/PO/PO.EC/Oracle/OFDM670OracleDao.cs:789
音碼重覆	變數指派 =	Dev/ATLAS.EC/Source/PO/PO.EC/Oracle/OFDM672OracleDao.cs:66
基金代碼應存在網路交易條件設定檔(OFD606A)	變數指派 =	Dev/ATLAS.EC/Source/PO/PO.EC/Oracle/OFDM674OracleDao.cs:59
此筆資料已存在，請檢查後重新執行	AddResultRow(	Dev/ATLAS.EC/Source/PO/PO.EC/Oracle/OFDM698OracleDao.cs:248
此筆資料已異動，請檢查後重新執行	AddResultRow(	Dev/ATLAS.EC/Source/PO/PO.EC/Oracle/OFDM698OracleDao.cs:397
此筆資料已異動，請檢查後重新執行	AddResultRow(	Dev/ATLAS.EC/Source/PO/PO.EC/Oracle/OFDM698OracleDao.cs:467
此筆資料已異動，請檢查後重新執行	AddResultRow(	Dev/ATLAS.EC/Source/PO/PO.EC/Oracle/OFDM698OracleDao.cs:597
此筆資料已異動，請檢查後重新執行	AddResultRow(	Dev/ATLAS.EC/Source/PO/PO.EC/Oracle/OFDM698OracleDao.cs:726
{…}查無資料，請先執行 OFDB600作業	AddError(	Dev/ATLAS.EC/Source/UI/UI.EC/IPJB606.cs:157
查無資料不可執行	AddError(	Dev/ATLAS.EC/Source/UI/UI.EC/IPJB606.cs:285
查無資料不可執行	AddError(	Dev/ATLAS.EC/Source/UI/UI.EC/IPJB606.cs:292
明細資料 至少需勾選一筆	AddError(	Dev/ATLAS.EC/Source/UI/UI.EC/IPJB606.cs:339
資料處理日期 不可小於1900/01/01	AddError(	Dev/ATLAS.EC/Source/UI/UI.EC/IPJB606.cs:379
核證總數：{…}	ShowMessage(	Dev/ATLAS.EC/Source/UI/UI.EC/IPJB613.cs:86
{…}不可執行扣款檔產出!	AddError(	Dev/ATLAS.EC/Source/UI/UI.EC/IPJB613.cs:102
文件存放路徑 為必填欄位	AddError(	Dev/ATLAS.EC/Source/UI/UI.EC/IPJB613.cs:112
{…}無符合條件查詢。	ShowMessage(	Dev/ATLAS.EC/Source/UI/UI.EC/IPJB613.cs:293
查無 核印生效日	AddError(	Dev/ATLAS.EC/Source/UI/UI.EC/IPJB614.cs:223
核印申請日 為必填欄位	AddError(	Dev/ATLAS.EC/Source/UI/UI.EC/IPJB614.cs:299
受益人和扣款人不同,需輸入關係人代碼	AddError(	Dev/ATLAS.EC/Source/UI/UI.EC/IPJB614.cs:306
受益人ID 為必填欄位	AddError(	Dev/ATLAS.EC/Source/UI/UI.EC/IPJB614.cs:313
定額書號 為必填欄位	AddError(	Dev/ATLAS.EC/Source/UI/UI.EC/IPJB614.cs:317
核印申請日 必須為營業日	AddError(	Dev/ATLAS.EC/Source/UI/UI.EC/IPJB614.cs:368
查無 核印生效日	AddError(	Dev/ATLAS.EC/Source/UI/UI.EC/IPJB614.cs:393
明細資料 至少需勾選一筆	AddError(	Dev/ATLAS.EC/Source/UI/UI.EC/IPJB621.cs:179
查無資料不可執行	AddError(	Dev/ATLAS.EC/Source/UI/UI.EC/IPJB621.cs:184
申購日期 不可小於1900/01/01	AddError(	Dev/ATLAS.EC/Source/UI/UI.EC/IPJB621.cs:234
回覆原因 必須輸入	AddError(	Dev/ATLAS.EC/Source/UI/UI.EC/IPJB621_P0.cs:28
明細資料 至少需勾選一筆	AddError(	Dev/ATLAS.EC/Source/UI/UI.EC/IPJB622.cs:174
查無資料不可執行	AddError(	Dev/ATLAS.EC/Source/UI/UI.EC/IPJB622.cs:179
回覆原因 必須輸入	AddError(	Dev/ATLAS.EC/Source/UI/UI.EC/IPJB622_P0.cs:28
明細資料 至少需勾選一筆	AddError(	Dev/ATLAS.EC/Source/UI/UI.EC/IPJB624.cs:210
查無資料不可執行	AddError(	Dev/ATLAS.EC/Source/UI/UI.EC/IPJB624.cs:215
回覆原因 必須輸入	AddError(	Dev/ATLAS.EC/Source/UI/UI.EC/IPJB624_P0.cs:28
{…}查無資料，請先執行 OFDB600作業	AddError(	Dev/ATLAS.EC/Source/UI/UI.EC/IPJB625.cs:168
查無資料不可執行	AddError(	Dev/ATLAS.EC/Source/UI/UI.EC/IPJB625.cs:296
查無資料不可執行	AddError(	Dev/ATLAS.EC/Source/UI/UI.EC/IPJB625.cs:303
明細資料 至少需勾選一筆	AddError(	Dev/ATLAS.EC/Source/UI/UI.EC/IPJB625.cs:350
資料處理日期 不可小於1900/01/01	AddError(	Dev/ATLAS.EC/Source/UI/UI.EC/IPJB625.cs:476
回覆原因 必須輸入	AddError(	Dev/ATLAS.EC/Source/UI/UI.EC/IPJB625_P0.cs:34
變更起始日 要小於 變更結束日	AddError(	Dev/ATLAS.EC/Source/UI/UI.EC/IPJM614.cs:626
中文姓名為必填	AddError(	Dev/ATLAS.EC/Source/UI/UI.EC/IPJM614.cs:646
中文姓名不能包含英文	AddError(	Dev/ATLAS.EC/Source/UI/UI.EC/IPJM614.cs:652
中文姓名不能輸入英文	AddError(	Dev/ATLAS.EC/Source/UI/UI.EC/IPJM614.cs:657
中文姓名不能輸入英文	AddError(	Dev/ATLAS.EC/Source/UI/UI.EC/IPJM614.cs:666
中文姓名不能輸入英文	AddError(	Dev/ATLAS.EC/Source/UI/UI.EC/IPJM614.cs:670
開戶日期為必填	AddError(	Dev/ATLAS.EC/Source/UI/UI.EC/IPJM614.cs:675
收件日期為必填	AddError(	Dev/ATLAS.EC/Source/UI/UI.EC/IPJM614.cs:678
變更生效日期為必填	AddError(	Dev/ATLAS.EC/Source/UI/UI.EC/IPJM614.cs:681
出生日期不能大於系統日	AddError(	Dev/ATLAS.EC/Source/UI/UI.EC/IPJM614.cs:688
出生日期不能為空白	AddError(	Dev/ATLAS.EC/Source/UI/UI.EC/IPJM614.cs:695
國籍代碼為必填	AddError(	Dev/ATLAS.EC/Source/UI/UI.EC/IPJM614.cs:699
出生籍代碼為必填	AddError(	Dev/ATLAS.EC/Source/UI/UI.EC/IPJM614.cs:703
{…} Email為必填	AddError(	Dev/ATLAS.EC/Source/UI/UI.EC/IPJM614.cs:728
{…} 格式有誤，請檢查	AddError(	Dev/ATLAS.EC/Source/UI/UI.EC/IPJM614.cs:731
行動電話為10碼	AddError(	Dev/ATLAS.EC/Source/UI/UI.EC/IPJM614.cs:758
行動電話為10碼	AddError(	Dev/ATLAS.EC/Source/UI/UI.EC/IPJM614.cs:768
未成年檢附文件 必須輸入	AddError(	Dev/ATLAS.EC/Source/UI/UI.EC/IPJM614.cs:780
法定代理人(1) 必須輸入	AddError(	Dev/ATLAS.EC/Source/UI/UI.EC/IPJM614.cs:788
法定代理人(1) ID格式輸入錯誤	AddError(	Dev/ATLAS.EC/Source/UI/UI.EC/IPJM614.cs:793
法定代理人(2) 必須輸入	AddError(	Dev/ATLAS.EC/Source/UI/UI.EC/IPJM614.cs:806
法定代理人(2) ID格式輸入錯誤	AddError(	Dev/ATLAS.EC/Source/UI/UI.EC/IPJM614.cs:811
法定代理人(1) 與受益人ID相同	AddError(	Dev/ATLAS.EC/Source/UI/UI.EC/IPJM614.cs:824
法定代理人(2) 與受益人ID相同	AddError(	Dev/ATLAS.EC/Source/UI/UI.EC/IPJM614.cs:829
必須輸入中文字	ShowMessage(	Dev/ATLAS.EC/Source/UI/UI.EC/IPJM614.cs:908
至少輸入2個中文字	ShowMessage(	Dev/ATLAS.EC/Source/UI/UI.EC/IPJM614.cs:918
必須輸入英文字	ShowMessage(	Dev/ATLAS.EC/Source/UI/UI.EC/IPJM614.cs:937
不可輸入特殊字元 [@!#$%}！＠＃＄％︿＊～？＞＜＆／＼｛｝”’`{^~?&/,\"<>*'.]	ShowMessage(	Dev/ATLAS.EC/Source/UI/UI.EC/IPJM614.cs:962
至少輸入2個中文字	ShowMessage(	Dev/ATLAS.EC/Source/UI/UI.EC/IPJM614.cs:972
於本公司政策規定，目前無法受理美國納稅義務人之開戶申請，請重新確認受益人資料。	ShowMessage(	Dev/ATLAS.EC/Source/UI/UI.EC/IPJM614.cs:988
於本公司政策規定，目前無法受理美國納稅義務人之開戶申請，請重新確認受益人資料。	ShowMessage(	Dev/ATLAS.EC/Source/UI/UI.EC/IPJM614.cs:1003
資料處理日期 非公司營業日	AddError(	Dev/ATLAS.EC/Source/UI/UI.EC/OFDB600.cs:73
資料處理日期不可大於今日	AddError(	Dev/ATLAS.EC/Source/UI/UI.EC/OFDB600.cs:81
明細資料 至少需勾選一筆	AddError(	Dev/ATLAS.EC/Source/UI/UI.EC/OFDB601.cs:176
查無資料不可執行	AddError(	Dev/ATLAS.EC/Source/UI/UI.EC/OFDB601.cs:181
申購日期 不可小於1900/01/01	AddError(	Dev/ATLAS.EC/Source/UI/UI.EC/OFDB601.cs:219
明細資料 至少需勾選一筆	AddError(	Dev/ATLAS.EC/Source/UI/UI.EC/OFDB602.cs:172
查無資料不可執行	AddError(	Dev/ATLAS.EC/Source/UI/UI.EC/OFDB602.cs:177
明細資料 至少需勾選一筆	AddError(	Dev/ATLAS.EC/Source/UI/UI.EC/OFDB604.cs:212
查無資料不可執行	AddError(	Dev/ATLAS.EC/Source/UI/UI.EC/OFDB604.cs:217
{…}查無資料，請先執行 OFDB600作業	AddError(	Dev/ATLAS.EC/Source/UI/UI.EC/OFDB605.cs:170
查無資料不可執行	AddError(	Dev/ATLAS.EC/Source/UI/UI.EC/OFDB605.cs:298
查無資料不可執行	AddError(	Dev/ATLAS.EC/Source/UI/UI.EC/OFDB605.cs:305
明細資料 至少需勾選一筆	AddError(	Dev/ATLAS.EC/Source/UI/UI.EC/OFDB605.cs:352
資料處理日期 不可小於1900/01/01	AddError(	Dev/ATLAS.EC/Source/UI/UI.EC/OFDB605.cs:466
登入密碼已停權，不可重發！	AddError(	Dev/ATLAS.EC/Source/UI/UI.EC/OFDB606.cs:112
登入密碼尚未發送，不可重發！	AddError(	Dev/ATLAS.EC/Source/UI/UI.EC/OFDB606.cs:116
交易密碼已停權，不可重發！	AddError(	Dev/ATLAS.EC/Source/UI/UI.EC/OFDB606.cs:123
交易密碼尚未發送，不可重發！	AddError(	Dev/ATLAS.EC/Source/UI/UI.EC/OFDB606.cs:127
尚未連接正確印表機	AddError(	Dev/ATLAS.EC/Source/UI/UI.EC/OFDB606.cs:152
請選擇要修改的權限	AddError(	Dev/ATLAS.EC/Source/UI/UI.EC/OFDB607.cs:91
請選擇權限要修改的狀態	AddError(	Dev/ATLAS.EC/Source/UI/UI.EC/OFDB607.cs:97
不可點選查詢權限	ShowMessage(	Dev/ATLAS.EC/Source/UI/UI.EC/OFDB607.cs:212
不可點選交易權限	ShowMessage(	Dev/ATLAS.EC/Source/UI/UI.EC/OFDB607.cs:220
此客戶已恢復查詢權限。	ShowMessage(	Dev/ATLAS.EC/Source/UI/UI.EC/OFDB607.cs:246
此客戶已停止查詢權限。	ShowMessage(	Dev/ATLAS.EC/Source/UI/UI.EC/OFDB607.cs:255
此客戶已恢復交易權限。	ShowMessage(	Dev/ATLAS.EC/Source/UI/UI.EC/OFDB607.cs:268
此客戶已停止交易權限。	ShowMessage(	Dev/ATLAS.EC/Source/UI/UI.EC/OFDB607.cs:277
戶號及身分證字號必須擇一輸入	AddError(	Dev/ATLAS.EC/Source/UI/UI.EC/OFDB609.cs:53
LDAP資料種類必須擇一	AddError(	Dev/ATLAS.EC/Source/UI/UI.EC/OFDB609.cs:137
變更前受益人ID必須輸入	AddError(	Dev/ATLAS.EC/Source/UI/UI.EC/OFDB609.cs:146
變更後受益人ID必須輸入	AddError(	Dev/ATLAS.EC/Source/UI/UI.EC/OFDB609.cs:151
客戶資料不存在此新ID ，請確認是否輸入正確	AddError(	Dev/ATLAS.EC/Source/UI/UI.EC/OFDB609.cs:158
受益人ID必須輸入	AddError(	Dev/ATLAS.EC/Source/UI/UI.EC/OFDB609.cs:173
客戶聯絡資料(手機)必須輸入	AddError(	Dev/ATLAS.EC/Source/UI/UI.EC/OFDB609.cs:184
此客戶行動電話與輸入內容不一致，請確認是否輸入正確	AddError(	Dev/ATLAS.EC/Source/UI/UI.EC/OFDB609.cs:191
受益人ID必須輸入	AddError(	Dev/ATLAS.EC/Source/UI/UI.EC/OFDB609.cs:200
客戶聯絡資料(EMAIL)必須輸入	AddError(	Dev/ATLAS.EC/Source/UI/UI.EC/OFDB609.cs:211
此客戶e-mail與輸入內容不一致，請確認是否輸入正確	AddError(	Dev/ATLAS.EC/Source/UI/UI.EC/OFDB609.cs:218
執行成功!	ShowMessage(	Dev/ATLAS.EC/Source/UI/UI.EC/OFDB609.cs:265
執行失敗!	ShowMessage(	Dev/ATLAS.EC/Source/UI/UI.EC/OFDB609.cs:269
資料有誤!已取消更新動作	ShowMessage(	Dev/ATLAS.EC/Source/UI/UI.EC/OFDB610.cs:104
資料有誤!已取消更新動作	ShowMessage(	Dev/ATLAS.EC/Source/UI/UI.EC/OFDB610.cs:111
資料有誤!已取消更新動作	ShowMessage(	Dev/ATLAS.EC/Source/UI/UI.EC/OFDB610.cs:120
至少勾選一筆資料	AddError(	Dev/ATLAS.EC/Source/UI/UI.EC/OFDB610.cs:169
該申購日已有發送紀錄，是否繼續執行	ShowMessage(	Dev/ATLAS.EC/Source/UI/UI.EC/OFDB611.cs:49
扣款行 為必填欄位	AddError(	Dev/ATLAS.EC/Source/UI/UI.EC/OFDB612.cs:167
至少需勾選一筆明細資料!	AddError(	Dev/ATLAS.EC/Source/UI/UI.EC/OFDB612.cs:217
({…}) 基金: {…} 扣款結果若為”扣款失敗”，則失敗代碼必須輸入	AddError(	Dev/ATLAS.EC/Source/UI/UI.EC/OFDB612.cs:278
({…}) 基金: {…} 扣款結果若不為”扣款失敗”，則失敗代碼不可輸入	AddError(	Dev/ATLAS.EC/Source/UI/UI.EC/OFDB612.cs:280
扣款結果為”扣款失敗”，失敗代碼必須輸入	AddError(	Dev/ATLAS.EC/Source/UI/UI.EC/OFDB612.cs:693
無網路交易權限，不可重發！	AddError(	Dev/ATLAS.EC/Source/UI/UI.EC/OFDB615.cs:112
無語音交易權限，不可重發！	AddError(	Dev/ATLAS.EC/Source/UI/UI.EC/OFDB615.cs:119
無網路交易權限，不可重發！	AddError(	Dev/ATLAS.EC/Source/UI/UI.EC/OFDB615.cs:126
無語音交易權限，不可重發！	AddError(	Dev/ATLAS.EC/Source/UI/UI.EC/OFDB615.cs:131
請選擇要重發的密碼類型	AddError(	Dev/ATLAS.EC/Source/UI/UI.EC/OFDB615.cs:135
請確認是否補發【網路密碼】？	變數指派 =	Dev/ATLAS.EC/Source/UI/UI.EC/OFDB615.cs:152
請確認是否補發【語音密碼】？	變數指派 =	Dev/ATLAS.EC/Source/UI/UI.EC/OFDB615.cs:162
請確認是否補發【網路和語音密碼】？	變數指派 =	Dev/ATLAS.EC/Source/UI/UI.EC/OFDB615.cs:171
此帳號不存在LDAP	ShowMessage(	Dev/ATLAS.EC/Source/UI/UI.EC/OFDB615.cs:303
請選擇密碼函種類	AddError(	Dev/ATLAS.EC/Source/UI/UI.EC/OFDB616.cs:81
受益人ID和戶號需擇一輸入	AddError(	Dev/ATLAS.EC/Source/UI/UI.EC/OFDB616.cs:108
無權限，不可列印！	AddError(	Dev/ATLAS.EC/Source/UI/UI.EC/OFDB616.cs:152
無權限，不可列印！	AddError(	Dev/ATLAS.EC/Source/UI/UI.EC/OFDB616.cs:155
查無資料	AddError(	Dev/ATLAS.EC/Source/UI/UI.EC/OFDB616.cs:158
請確認是否列印密碼函？	ShowMessage(	Dev/ATLAS.EC/Source/UI/UI.EC/OFDB616.cs:164
檔案路徑必須輸入	AddError(	Dev/ATLAS.EC/Source/UI/UI.EC/OFDB616.cs:450
放行日期必須輸入	AddError(	Dev/ATLAS.EC/Source/UI/UI.EC/OFDB616.cs:454
放行日期(起) 要小於 放行日期(迄)	AddError(	Dev/ATLAS.EC/Source/UI/UI.EC/OFDB616.cs:458
只能勾選一筆代理人	AddError(	Dev/ATLAS.EC/Source/UI/UI.EC/OFDB671.cs:133
投管組只能有一筆主管	AddError(	Dev/ATLAS.EC/Source/UI/UI.EC/OFDB671.cs:137
法遵組只能有一筆主管	AddError(	Dev/ATLAS.EC/Source/UI/UI.EC/OFDB671.cs:140
法遵組審核結束日期及時間需大於系統日	AddError(	Dev/ATLAS.EC/Source/UI/UI.EC/OFDB671.cs:146
投管部 審核結束日期及時間需大於系統日	AddError(	Dev/ATLAS.EC/Source/UI/UI.EC/OFDB671.cs:152
至少需要一筆資料	AddError(	Dev/ATLAS.EC/Source/UI/UI.EC/OFDB671.cs:155
投管部審核員工欄位 必填	AddError(	Dev/ATLAS.EC/Source/UI/UI.EC/OFDB671.cs:164
法遵組審核員工欄位 必填	AddError(	Dev/ATLAS.EC/Source/UI/UI.EC/OFDB671.cs:170
法遵組起迄日期時間欄位 必填	AddError(	Dev/ATLAS.EC/Source/UI/UI.EC/OFDB671.cs:179
法遵組(起)不可大於(迄)日期時間欄位	AddError(	Dev/ATLAS.EC/Source/UI/UI.EC/OFDB671.cs:186
投管部起迄日期時間欄位 必填	AddError(	Dev/ATLAS.EC/Source/UI/UI.EC/OFDB671.cs:195
投管部(起)不可大於(迄)日期時間欄位	AddError(	Dev/ATLAS.EC/Source/UI/UI.EC/OFDB671.cs:202
資料重覆輸入，請檢查	AddError(	Dev/ATLAS.EC/Source/UI/UI.EC/OFDB671.cs:213
銷售機構及員工代碼修改前後不可都一樣	AddError(	Dev/ATLAS.EC/Source/UI/UI.EC/OFDB672.cs:39
必須選取一筆資料	AddError(	Dev/ATLAS.EC/Source/UI/UI.EC/OFDB673.cs:39
是否同意變更？	ShowMessage(	Dev/ATLAS.EC/Source/UI/UI.EC/OFDB673.cs:89
至少勾選一筆基金代碼	AddError(	Dev/ATLAS.EC/Source/UI/UI.EC/OFDB680.cs:65
基金 {…} 在 {…} 已發送過，是否重發？	ShowMessage(	Dev/ATLAS.EC/Source/UI/UI.EC/OFDB680.cs:88
執行失敗!	ShowMessage(	Dev/ATLAS.EC/Source/UI/UI.EC/OFDB680.cs:118
至少勾選一筆基金代碼	AddError(	Dev/ATLAS.EC/Source/UI/UI.EC/OFDB680.cs:136
基金 {…} 在 {…} 已發送過，是否重發？	ShowMessage(	Dev/ATLAS.EC/Source/UI/UI.EC/OFDB680.cs:160
發送日期不可大於今日	AddError(	Dev/ATLAS.EC/Source/UI/UI.EC/OFDB680.cs:216
{…} 第{…}筆：請選擇投管審核不核准原因。	AddError(	Dev/ATLAS.EC/Source/UI/UI.EC/OFDB691.cs:136
{…} 第{…}筆：請選擇法遵審核不核准原因。	AddError(	Dev/ATLAS.EC/Source/UI/UI.EC/OFDB691.cs:146
明細資料 至少需勾選一筆	AddError(	Dev/ATLAS.EC/Source/UI/UI.EC/OFDB693.cs:104
查無資料不可執行	AddError(	Dev/ATLAS.EC/Source/UI/UI.EC/OFDB693.cs:109
'{…}'必須輸入	AddError(	Dev/ATLAS.EC/Source/UI/UI.EC/OFDM199A.cs:182
'活動日期(起)'必須小於'活動日期(迄)'	AddError(	Dev/ATLAS.EC/Source/UI/UI.EC/OFDM199A.cs:186
'活動日期(起)'必須小於'活動日期(迄)'	AddError(	Dev/ATLAS.EC/Source/UI/UI.EC/OFDM199A.cs:194
'定時定額 活動優惠日期(起)'必須大於等於'活動日期(起)'	AddError(	Dev/ATLAS.EC/Source/UI/UI.EC/OFDM199A.cs:240
'定時定額 活動優惠日期(迄)'必須大於等於'活動日期(迄)'	AddError(	Dev/ATLAS.EC/Source/UI/UI.EC/OFDM199A.cs:245
基金資料 必須輸入	AddError(	Dev/ATLAS.EC/Source/UI/UI.EC/OFDM199A.cs:252
定時定額資料 必須輸入	AddError(	Dev/ATLAS.EC/Source/UI/UI.EC/OFDM199A.cs:255
通路資料 必須輸入	AddError(	Dev/ATLAS.EC/Source/UI/UI.EC/OFDM199A.cs:261
通路代碼 為必填欄位	AddError(	Dev/ATLAS.EC/Source/UI/UI.EC/OFDM199A.cs:264
銷售機構資料 必須輸入	AddError(	Dev/ATLAS.EC/Source/UI/UI.EC/OFDM199A.cs:270
銷售機構區分碼 為必填欄位	AddError(	Dev/ATLAS.EC/Source/UI/UI.EC/OFDM199A.cs:273
身分群組資料 必須輸入	AddError(	Dev/ATLAS.EC/Source/UI/UI.EC/OFDM199A.cs:279
群組代碼 不可為空白	AddError(	Dev/ATLAS.EC/Source/UI/UI.EC/OFDM199A.cs:282
身分群組資料 重覆	AddError(	Dev/ATLAS.EC/Source/UI/UI.EC/OFDM199A.cs:288
組合基金 必須輸入	AddError(	Dev/ATLAS.EC/Source/UI/UI.EC/OFDM199A.cs:295
產品代碼 不可為空白	AddError(	Dev/ATLAS.EC/Source/UI/UI.EC/OFDM199A.cs:299
活動日期(起)時間 必須輸入	AddError(	Dev/ATLAS.EC/Source/UI/UI.EC/OFDM199A.cs:304
活動日期(迄)時間 必須輸入	AddError(	Dev/ATLAS.EC/Source/UI/UI.EC/OFDM199A.cs:308
通路代碼重覆	AddError(	Dev/ATLAS.EC/Source/UI/UI.EC/OFDM199A.cs:902
群組代碼重覆	AddError(	Dev/ATLAS.EC/Source/UI/UI.EC/OFDM199A.cs:942
銷售機構代碼重覆	AddError(	Dev/ATLAS.EC/Source/UI/UI.EC/OFDM199A.cs:1440
產品代碼重覆	AddError(	Dev/ATLAS.EC/Source/UI/UI.EC/OFDM199A.cs:1511
優惠折數(%) 必須大於等於0	AddError(	Dev/ATLAS.EC/Source/UI/UI.EC/OFDM199A.cs:1538
優惠折數(%) 必須小於等於100	AddError(	Dev/ATLAS.EC/Source/UI/UI.EC/OFDM199A.cs:1542
優惠折數(%) 為必填欄位	AddError(	Dev/ATLAS.EC/Source/UI/UI.EC/OFDM199A.cs:1547
明細資料 必須輸入	AddError(	Dev/ATLAS.EC/Source/UI/UI.EC/OFDM199Ap0.cs:104
基金代碼、幣別代碼、手續費類型 重覆	AddError(	Dev/ATLAS.EC/Source/UI/UI.EC/OFDM199Ap0.cs:109
優惠折數不可大於100	AddError(	Dev/ATLAS.EC/Source/UI/UI.EC/OFDM199Ap0.cs:113
請傳入Grid中點選的該筆資料，不可為Null	ShowMessage(	Dev/ATLAS.EC/Source/UI/UI.EC/OFDM199Ap0.cs:358
'申購金額(起)''申購金額(起)'必須輸入	AddError(	Dev/ATLAS.EC/Source/UI/UI.EC/OFDM199Ap0.cs:446
'申購金額(起)''申購金額(迄)'重覆	AddError(	Dev/ATLAS.EC/Source/UI/UI.EC/OFDM199Ap0.cs:487
優惠月數 不得為0	AddError(	Dev/ATLAS.EC/Source/UI/UI.EC/OFDM199Ap1.cs:111
優惠次數 不得為0	AddError(	Dev/ATLAS.EC/Source/UI/UI.EC/OFDM199Ap1.cs:113
折扣金額 不得為0	AddError(	Dev/ATLAS.EC/Source/UI/UI.EC/OFDM199Ap1.cs:115
優惠折數 必須小於100	AddError(	Dev/ATLAS.EC/Source/UI/UI.EC/OFDM199Ap1.cs:117
優惠日期(起) 必須大於等於 活動日期(起)	AddError(	Dev/ATLAS.EC/Source/UI/UI.EC/OFDM199Ap1.cs:128
優惠日期(迄) 必須大於等於 活動日期(迄)	AddError(	Dev/ATLAS.EC/Source/UI/UI.EC/OFDM199Ap1.cs:133
優惠日期(起) 必須小於 優惠日期(迄)	AddError(	Dev/ATLAS.EC/Source/UI/UI.EC/OFDM199Ap1.cs:143
基金代碼、幣別代碼、手續費類型 重覆	AddError(	Dev/ATLAS.EC/Source/UI/UI.EC/OFDM199Ap1.cs:150
明細資料 必須輸入	AddError(	Dev/ATLAS.EC/Source/UI/UI.EC/OFDM199Ap1.cs:157
優惠日期(起)(迄) 必須同時(不)輸入	AddError(	Dev/ATLAS.EC/Source/UI/UI.EC/OFDM199Ap1.cs:166
{…},{…},{…} 三者擇一輸入!	AddError(	Dev/ATLAS.EC/Source/UI/UI.EC/OFDM199Ap1.cs:173
{…},{…},{…} 三者擇一輸入!	AddError(	Dev/ATLAS.EC/Source/UI/UI.EC/OFDM199Ap1.cs:182
'優惠日期','優惠月數','優惠次數'三者須擇一輸入!	AddError(	Dev/ATLAS.EC/Source/UI/UI.EC/OFDM199Ap1.cs:187
'優惠日期','優惠月數','優惠次數'只可擇一輸入!	AddError(	Dev/ATLAS.EC/Source/UI/UI.EC/OFDM199Ap1.cs:191
'優惠日期','優惠月數','優惠次數'只可擇一輸入!	AddError(	Dev/ATLAS.EC/Source/UI/UI.EC/OFDM199Ap1.cs:195
'優惠日期','優惠月數','優惠次數'只可擇一輸入!	AddError(	Dev/ATLAS.EC/Source/UI/UI.EC/OFDM199Ap1.cs:199
'優惠日期','優惠月數','優惠次數'只可擇一輸入!	AddError(	Dev/ATLAS.EC/Source/UI/UI.EC/OFDM199Ap1.cs:203
'手續費折扣率','折扣金額'兩者須擇一輸入!	AddError(	Dev/ATLAS.EC/Source/UI/UI.EC/OFDM199Ap1.cs:208
'手續費折扣率','折扣金額'只可擇一輸入!	AddError(	Dev/ATLAS.EC/Source/UI/UI.EC/OFDM199Ap1.cs:213
請傳入Grid中點選的該筆資料，不可為Null	ShowMessage(	Dev/ATLAS.EC/Source/UI/UI.EC/OFDM199Ap1.cs:683
'申購金額(起)''申購金額(迄)'重覆	AddError(	Dev/ATLAS.EC/Source/UI/UI.EC/OFDM199Ap1.cs:1212
'申購金額(起)''申購金額(起)'必須輸入	AddError(	Dev/ATLAS.EC/Source/UI/UI.EC/OFDM199Ap1.cs:1234
當日最高申購金額限制 - 自然人(台幣):需大於0	AddError(	Dev/ATLAS.EC/Source/UI/UI.EC/OFDM600.cs:522
當日最高申購金額限制 - 法人(台幣):需大於0	AddError(	Dev/ATLAS.EC/Source/UI/UI.EC/OFDM600.cs:527
當日最高買回金額限制 - 自然人(台幣):需大於0	AddError(	Dev/ATLAS.EC/Source/UI/UI.EC/OFDM600.cs:532
當日最高買回金額限制 - 法人(台幣):需大於0	AddError(	Dev/ATLAS.EC/Source/UI/UI.EC/OFDM600.cs:537
密碼錯誤上限 為必填欄位	AddError(	Dev/ATLAS.EC/Source/UI/UI.EC/OFDM600.cs:569
停利點累績扣款金額限制 為必填欄位	AddError(	Dev/ATLAS.EC/Source/UI/UI.EC/OFDM600.cs:572
受益人異動截止時限 為必填欄位	AddError(	Dev/ATLAS.EC/Source/UI/UI.EC/OFDM600.cs:575
自動處理網路開戶後續流程時限 為必填欄位	AddError(	Dev/ATLAS.EC/Source/UI/UI.EC/OFDM600.cs:578
密碼錯誤上限:不可小於0	AddError(	Dev/ATLAS.EC/Source/UI/UI.EC/OFDM600.cs:584
買回額度計算NAV基準日:不可小於0	AddError(	Dev/ATLAS.EC/Source/UI/UI.EC/OFDM600.cs:589
轉申購額度計算NAV基準日:不可小於0	AddError(	Dev/ATLAS.EC/Source/UI/UI.EC/OFDM600.cs:594
財金每日單筆扣款上限:不可小於0	AddError(	Dev/ATLAS.EC/Source/UI/UI.EC/OFDM600.cs:600
定額異動生效日:不可小於0	AddError(	Dev/ATLAS.EC/Source/UI/UI.EC/OFDM600.cs:612
停利點累績扣款金額限制:不可小於0	AddError(	Dev/ATLAS.EC/Source/UI/UI.EC/OFDM600.cs:618
受益人異動截止時限:格式不合	AddError(	Dev/ATLAS.EC/Source/UI/UI.EC/OFDM600.cs:638
受益人異動截止時限:須符合24HR制格式,時<24	AddError(	Dev/ATLAS.EC/Source/UI/UI.EC/OFDM600.cs:644
受益人異動截止時限:須符合24HR制格式,分<60	AddError(	Dev/ATLAS.EC/Source/UI/UI.EC/OFDM600.cs:648
境外-定額扣款準備日 為必填欄位	AddError(	Dev/ATLAS.EC/Source/UI/UI.EC/OFDM600.cs:656
境外-定額扣款準備日 為必填欄位	AddError(	Dev/ATLAS.EC/Source/UI/UI.EC/OFDM600.cs:658
顯示順序不可小於0	AddError(	Dev/ATLAS.EC/Source/UI/UI.EC/OFDM601.cs:349
單筆申購可銷售額度不可小於0	AddError(	Dev/ATLAS.EC/Source/UI/UI.EC/OFDM601.cs:353
單筆申購可銷售額度累計日期(起) 必須輸入	AddError(	Dev/ATLAS.EC/Source/UI/UI.EC/OFDM601.cs:365
單筆申購可銷售額度累計日期(迄) 必須輸入	AddError(	Dev/ATLAS.EC/Source/UI/UI.EC/OFDM601.cs:371
單筆申購可銷售額度累計日期(起) 必須大於 累計日期(迄)	AddError(	Dev/ATLAS.EC/Source/UI/UI.EC/OFDM601.cs:378
定期定額可銷售額度 不可小於0	AddError(	Dev/ATLAS.EC/Source/UI/UI.EC/OFDM601.cs:384
定期定額可銷售額度累計日期(起) 必須輸入	AddError(	Dev/ATLAS.EC/Source/UI/UI.EC/OFDM601.cs:396
定期定額可銷售額度累計日期(迄) 必須輸入	AddError(	Dev/ATLAS.EC/Source/UI/UI.EC/OFDM601.cs:402
定期定額可銷售額度累計日期(起) 必須大於 累計日期(迄)	AddError(	Dev/ATLAS.EC/Source/UI/UI.EC/OFDM601.cs:411
請檢查申購狀態	AddError(	Dev/ATLAS.EC/Source/UI/UI.EC/OFDM601.cs:499
開放轉換碼(轉入) 必須輸入	AddError(	Dev/ATLAS.EC/Source/UI/UI.EC/OFDM601.cs:512
開放轉換碼(轉出) 必須輸入	AddError(	Dev/ATLAS.EC/Source/UI/UI.EC/OFDM601.cs:516
是否收取短線交易費(境外) 必須輸入	AddError(	Dev/ATLAS.EC/Source/UI/UI.EC/OFDM601.cs:521
{…}:格式不合	AddError(	Dev/ATLAS.EC/Source/UI/UI.EC/OFDM601.cs:533
{…}:須符合24HR制格式,時<24	AddError(	Dev/ATLAS.EC/Source/UI/UI.EC/OFDM601.cs:539
{…}:須符合24HR制格式,分<60	AddError(	Dev/ATLAS.EC/Source/UI/UI.EC/OFDM601.cs:543
文件代碼 必須輸入	AddError(	Dev/ATLAS.EC/Source/UI/UI.EC/OFDM602.cs:191
是否為必要文件 必須輸入	AddError(	Dev/ATLAS.EC/Source/UI/UI.EC/OFDM602.cs:205
是否需要核印 必須輸入	AddError(	Dev/ATLAS.EC/Source/UI/UI.EC/OFDM602.cs:210
明細資料 必須輸入	AddError(	Dev/ATLAS.EC/Source/UI/UI.EC/OFDM602.cs:217
文件代碼 必須輸入	ShowMessage(	Dev/ATLAS.EC/Source/UI/UI.EC/OFDM602.cs:273
是否為必要文件 必須輸入	ShowMessage(	Dev/ATLAS.EC/Source/UI/UI.EC/OFDM602.cs:281
是否需要核印,必須輸入!	ShowMessage(	Dev/ATLAS.EC/Source/UI/UI.EC/OFDM602.cs:287
'文件代碼'必須輸入	AddError(	Dev/ATLAS.EC/Source/UI/UI.EC/OFDM602.cs:368
'申購日期(起)'必需小於'申購日期(迄)'	AddError(	Dev/ATLAS.EC/Source/UI/UI.EC/OFDM603.cs:169
'申購金額(起)''申購金額(迄)'重覆	AddError(	Dev/ATLAS.EC/Source/UI/UI.EC/OFDM603.cs:348
若為設定某期間費率,請輸入申購日期(起迄)	AddError(	Dev/ATLAS.EC/Source/UI/UI.EC/OFDM603.cs:603
請輸入申購日期(起)	AddError(	Dev/ATLAS.EC/Source/UI/UI.EC/OFDM603.cs:609
請輸入申購日期(迄)	AddError(	Dev/ATLAS.EC/Source/UI/UI.EC/OFDM603.cs:614
'申購日期(起)'必需小於等於'申購日期(迄)'	AddError(	Dev/ATLAS.EC/Source/UI/UI.EC/OFDM603.cs:622
申購金額(起),申購金額(迄)必須輸入	AddError(	Dev/ATLAS.EC/Source/UI/UI.EC/OFDM603.cs:630
明細資料必須輸入	AddError(	Dev/ATLAS.EC/Source/UI/UI.EC/OFDM603.cs:635
請傳入Grid中點選的該筆資料，不可為Null	ShowMessage(	Dev/ATLAS.EC/Source/UI/UI.EC/OFDM607p0.cs:37
請輸入補件代碼	ShowMessage(	Dev/ATLAS.EC/Source/UI/UI.EC/OFDM607p0.cs:98
'只能輸入數字和26個英文字母。'	AddError(	Dev/ATLAS.EC/Source/UI/UI.EC/OFDM670.cs:140
理財活動代碼不可為空白	AddError(	Dev/ATLAS.EC/Source/UI/UI.EC/OFDM670.cs:339
理財活動代碼僅可輸入英文字母或數字	AddError(	Dev/ATLAS.EC/Source/UI/UI.EC/OFDM670.cs:343
理財活動簡稱不可為空白	AddError(	Dev/ATLAS.EC/Source/UI/UI.EC/OFDM670.cs:349
'活動日期(起)'必需小於等於'活動日期(迄)'	AddError(	Dev/ATLAS.EC/Source/UI/UI.EC/OFDM670.cs:355
參數名稱 必須輸入	AddError(	Dev/ATLAS.EC/Source/UI/UI.EC/OFDM670.cs:364
參數值 必須輸入	AddError(	Dev/ATLAS.EC/Source/UI/UI.EC/OFDM670.cs:370
明細資料 必須輸入	AddError(	Dev/ATLAS.EC/Source/UI/UI.EC/OFDM670.cs:377
'促銷日期'迄日必須大於起日	AddError(	Dev/ATLAS.EC/Source/UI/UI.EC/OFDM674.cs:134
EMAIL格式有誤	AddError(	Dev/ATLAS.EC/Source/UI/UI.EC/OFDM681.cs:206
EMAIL發送類型 為必填欄位	AddError(	Dev/ATLAS.EC/Source/UI/UI.EC/OFDM681.cs:210
基金代碼為必填欄位	AddError(	Dev/ATLAS.EC/Source/UI/UI.EC/OFDM690.cs:98
類別代碼為必填欄位	AddError(	Dev/ATLAS.EC/Source/UI/UI.EC/OFDM690.cs:100
投資收益顯示顏色上限不可空白	AddError(	Dev/ATLAS.EC/Source/UI/UI.EC/OFDM691.cs:139
投資收益顯示顏色下限不可空白	AddError(	Dev/ATLAS.EC/Source/UI/UI.EC/OFDM691.cs:141
投資收益顯示顏色上限 必須大於 投資收益顯示顏色下限	AddError(	Dev/ATLAS.EC/Source/UI/UI.EC/OFDM691.cs:144
若是否需要轉址選項為“Y”,轉址位置不可為空	AddError(	Dev/ATLAS.EC/Source/UI/UI.EC/OFDM692.cs:136
核印不成功原因代碼 為必填欄位	AddError(	Dev/ATLAS.EC/Source/UI/UI.EC/OFDM693.cs:115
'基金代碼'必須輸入	AddError(	Dev/ATLAS.EC/Source/UI/UI.EC/OFDM698.cs:267
明細資料必須輸入	AddError(	Dev/ATLAS.EC/Source/UI/UI.EC/OFDM698.cs:297
基金代碼 不可為空白	AddError(	Dev/ATLAS.EC/Source/UI/UI.EC/OFDM698.cs:304
此券商代碼已建立銷售機構資料[OFDM068]，故不可刪除	AddResultRow(	Dev/ATLAS.FSK/Source/PO/PO.FSK/FSKM004_PO.cs:171
FSKM004_CHECK	AddResultRow(	Dev/ATLAS.FSK/Source/PO/PO.FSK/FSKM004_PO.cs:176
券商代碼：{0}  已存在，請檢查後重新執行	AddResultRow(	Dev/ATLAS.FSK/Source/PO/PO.FSK/FSKM004_PO.cs:404
券商代碼：{0} 已異動，請檢查後重新執行	AddResultRow(	Dev/ATLAS.FSK/Source/PO/PO.FSK/FSKM004_PO.cs:591
券商代碼：{0} 已異動，請檢查後重新執行	AddResultRow(	Dev/ATLAS.FSK/Source/PO/PO.FSK/FSKM004_PO.cs:1078
券商代碼：{0} 已異動，請檢查後重新執行	AddResultRow(	Dev/ATLAS.FSK/Source/PO/PO.FSK/FSKM004_PO.cs:1216
券商代碼 須至少輸入四碼	AddError(	Dev/ATLAS.FSK/Source/UI/UI.FSK/FSKM004.cs:78
卷商英文名稱,只限輸入英文!	AddError(	Dev/ATLAS.FSK/Source/UI/UI.FSK/FSKM004.cs:222
卷商英文簡稱,只限輸入英文!	AddError(	Dev/ATLAS.FSK/Source/UI/UI.FSK/FSKM004.cs:226
'總券商代碼'為必填欄位	AddError(	Dev/ATLAS.FSK/Source/UI/UI.FSK/FSKM004.cs:232
EMAIL格式有誤	AddError(	Dev/ATLAS.FSK/Source/UI/UI.FSK/FSKM004.cs:238
此代碼{0}尚有分公司資料，故不可刪除!	AddError(	Dev/ATLAS.FSK/Source/UI/UI.FSK/FSKM004.cs:260
執行失敗，請檢查	AddResultRow(	Dev/ATLAS.NFD.Report/Source/PO/ReportPO.NFD/NFDR005_PO.cs:90
產生完成 {…}	AddResultRow(	Dev/ATLAS.NFD.Report/Source/PO/ReportPO.NFD/NFDR073A_PO.cs:235
無資料產生	AddResultRow(	Dev/ATLAS.NFD.Report/Source/PO/ReportPO.NFD/NFDR073A_PO.cs:237
執行失敗，請檢查	AddResultRow(	Dev/ATLAS.NFD.Report/Source/PO/ReportPO.NFD/NFDR073A_PO.cs:253
執行失敗，請檢查	AddResultRow(	Dev/ATLAS.NFD.Report/Source/PO/ReportPO.NFD/NFDR073B_PO.cs:133
執行成功!!!筆數：{0}筆	AddResultRow(	Dev/ATLAS.NFD.Report/Source/PO/ReportPO.NFD/NFDR073B_PO.cs:184
查無資料	AddResultRow(	Dev/ATLAS.NFD.Report/Source/PO/ReportPO.NFD/NFDR073B_PO.cs:188
執行失敗，請檢查	AddResultRow(	Dev/ATLAS.NFD.Report/Source/PO/ReportPO.NFD/NFDR073B_PO.cs:202
查無資料	AddResultRow(	Dev/ATLAS.NFD.Report/Source/PO/ReportPO.NFD/NFDR073_PO.cs:151
取得批號失敗	throw new ApplicationException(	Dev/ATLAS.NFD.Report/Source/PO/ReportPO.NFD/NFDR073_PO.cs:234
執行成功	AddResultRow(	Dev/ATLAS.NFD.Report/Source/PO/ReportPO.NFD/NFDR073_PO.cs:277
查無資料	AddResultRow(	Dev/ATLAS.NFD.Report/Source/PO/ReportPO.NFD/NFDR074_PO.cs:214
查無資料	AddResultRow(	Dev/ATLAS.NFD.Report/Source/PO/ReportPO.NFD/NFDR074_PO.cs:344
取得批號失敗	throw new ApplicationException(	Dev/ATLAS.NFD.Report/Source/PO/ReportPO.NFD/NFDR074_PO.cs:355
新增NFDR074T0失敗	throw new ApplicationException(	Dev/ATLAS.NFD.Report/Source/PO/ReportPO.NFD/NFDR074_PO.cs:363
新增NFDR074T1失敗	throw new ApplicationException(	Dev/ATLAS.NFD.Report/Source/PO/ReportPO.NFD/NFDR074_PO.cs:390
新增NFDR074T2失敗	throw new ApplicationException(	Dev/ATLAS.NFD.Report/Source/PO/ReportPO.NFD/NFDR074_PO.cs:449
新增NFDR074T3失敗	throw new ApplicationException(	Dev/ATLAS.NFD.Report/Source/PO/ReportPO.NFD/NFDR074_PO.cs:504
新增NFDR074T4失敗	throw new ApplicationException(	Dev/ATLAS.NFD.Report/Source/PO/ReportPO.NFD/NFDR074_PO.cs:542
新增NFDR074T5失敗	throw new ApplicationException(	Dev/ATLAS.NFD.Report/Source/PO/ReportPO.NFD/NFDR074_PO.cs:583
新增NFDR074T6失敗	throw new ApplicationException(	Dev/ATLAS.NFD.Report/Source/PO/ReportPO.NFD/NFDR074_PO.cs:620
新增NFDR074T7失敗	throw new ApplicationException(	Dev/ATLAS.NFD.Report/Source/PO/ReportPO.NFD/NFDR074_PO.cs:655
新增NFDR074T8失敗	throw new ApplicationException(	Dev/ATLAS.NFD.Report/Source/PO/ReportPO.NFD/NFDR074_PO.cs:689
新增NFDR074T9失敗	throw new ApplicationException(	Dev/ATLAS.NFD.Report/Source/PO/ReportPO.NFD/NFDR074_PO.cs:720
執行成功	AddResultRow(	Dev/ATLAS.NFD.Report/Source/PO/ReportPO.NFD/NFDR074_PO.cs:738
查無資料	AddResultRow(	Dev/ATLAS.NFD.Report/Source/PO/ReportPO.NFD/NFDR074_PO.cs:784
戶號：{0}，無可刪除資料	throw new ApplicationException(	Dev/ATLAS.NFD.Report/Source/PO/ReportPO.NFD/NFDR074_PO.cs:833
執行成功	AddResultRow(	Dev/ATLAS.NFD.Report/Source/PO/ReportPO.NFD/NFDR074_PO.cs:839
執行成功!!!筆數：{0}筆	AddResultRow(	Dev/ATLAS.NFD.Report/Source/PO/ReportPO.NFD/NFDR075_PO.cs:83
查無資料	AddResultRow(	Dev/ATLAS.NFD.Report/Source/PO/ReportPO.NFD/NFDR075_PO.cs:87
執行失敗，請檢查	AddResultRow(	Dev/ATLAS.NFD.Report/Source/PO/ReportPO.NFD/NFDR076_PO.cs:120
是否列印?	變數指派 =	Dev/ATLAS.NFD.Report/Source/PO/ReportPO.NFD/NFDR076_PO.cs:186
檢核失敗，請檢查	AddResultRow(	Dev/ATLAS.NFD.Report/Source/PO/ReportPO.NFD/NFDR076_PO.cs:199
列印資料有含未結轉資料, 請確認無誤後再寄出!!	變數指派 =	Dev/ATLAS.NFD.Report/Source/PO/ReportPO.NFD/NFDR076_PO.cs:275
檢核失敗，請檢查	AddResultRow(	Dev/ATLAS.NFD.Report/Source/PO/ReportPO.NFD/NFDR076_PO.cs:288
執行失敗，請檢查	AddResultRow(	Dev/ATLAS.NFD.Report/Source/PO/ReportPO.NFD/NFDR077_PO.cs:128
是否列印?	變數指派 =	Dev/ATLAS.NFD.Report/Source/PO/ReportPO.NFD/NFDR077_PO.cs:211
檢核失敗，請檢查	AddResultRow(	Dev/ATLAS.NFD.Report/Source/PO/ReportPO.NFD/NFDR077_PO.cs:224
列印資料有含未結轉資料, 請確認無誤後再寄出!!	變數指派 =	Dev/ATLAS.NFD.Report/Source/PO/ReportPO.NFD/NFDR077_PO.cs:387
檢核失敗，請檢查	AddResultRow(	Dev/ATLAS.NFD.Report/Source/PO/ReportPO.NFD/NFDR077_PO.cs:400
基金保管銀行資料檔未設定該基金經辦資料!	AddResultRow(	Dev/ATLAS.NFD.Report/Source/PO/ReportPO.NFD/NFDR106_PO.cs:160
查無基金資料	AddResultRow(	Dev/ATLAS.NFD.Report/Source/PO/ReportPO.NFD/NFDR115_PO.cs:126
未知的報表格式。	throw new Exception(	Dev/ATLAS.NFD.Report/Source/PO/ReportPO.NFD/NFDR151_PO.cs:98
{…} | 尚有基金尚未執行買回日結轉或收益分配尚未執行確認 |	AddResultRow(	Dev/ATLAS.NFD.Report/Source/PO/ReportPO.NFD/NFDR157_PO.cs:87
查無基金資料	AddResultRow(	Dev/ATLAS.NFD.Report/Source/PO/ReportPO.NFD/NFDR158_PO.cs:126
Email資料產生成功，共{0}筆	AddResultRow(	Dev/ATLAS.NFD.Report/Source/PO/ReportPO.NFD/NFDR167_PO.cs:146
查無資料	AddResultRow(	Dev/ATLAS.NFD.Report/Source/PO/ReportPO.NFD/NFDR167_PO.cs:151
查無資料	AddResultRow(	Dev/ATLAS.NFD.Report/Source/PO/ReportPO.NFD/NFDR167_PO.cs:184
基金申購尚未結轉，無法列印！	AddResultRow(	Dev/ATLAS.NFD.Report/Source/PO/ReportPO.NFD/NFDR168_PO.cs:137
基金帳務尚未結帳完成，無法列印！	AddResultRow(	Dev/ATLAS.NFD.Report/Source/PO/ReportPO.NFD/NFDR169_PO.cs:149
基金帳務尚未結帳完成，無法列印！	AddResultRow(	Dev/ATLAS.NFD.Report/Source/PO/ReportPO.NFD/NFDR170_PO.cs:149
基金帳務尚未結帳完成，無法列印！	AddResultRow(	Dev/ATLAS.NFD.Report/Source/PO/ReportPO.NFD/NFDR185_PO.cs:149
基金帳務尚未結帳完成，無法列印！	AddResultRow(	Dev/ATLAS.NFD.Report/Source/PO/ReportPO.NFD/NFDR186_PO.cs:144
更新境內受益憑證待列印簽證檔失敗，請檢查	AddResultRow(	Dev/ATLAS.NFD.Report/Source/PO/ReportPO.NFD/NFDR201_PO.cs:252
執行成功!!!筆數：{0}筆	AddResultRow(	Dev/ATLAS.NFD.Report/Source/PO/ReportPO.NFD/NFDR224_PO.cs:84
無符合的資料	AddResultRow(	Dev/ATLAS.NFD.Report/Source/PO/ReportPO.NFD/NFDR224_PO.cs:90
當季計算尚未鎖定(OFDB921)，不可產生報表。	AddResultRow(	Dev/ATLAS.NFD.Report/Source/PO/ReportPO.NFD/NFDR933_PO.cs:131
OFDM931B 通路尚未覆核，不可產生報表。	AddResultRow(	Dev/ATLAS.NFD.Report/Source/PO/ReportPO.NFD/NFDR933_PO.cs:173
OFDM931A HR尚未覆核，不可產生報表。	AddResultRow(	Dev/ATLAS.NFD.Report/Source/PO/ReportPO.NFD/NFDR933_PO.cs:175
OFDM931A HR/OFDM931B 通路 皆未覆核，不可產生報表。	AddResultRow(	Dev/ATLAS.NFD.Report/Source/PO/ReportPO.NFD/NFDR933_PO.cs:179
Excel.Application 建立失敗。	throw new Exception(	Dev/ATLAS.NFD.Report/Source/UI/ReportUI.NFD/App_Code/ExcelHelper.cs:41
Excel.工作表 取得失敗。	throw new Exception(	Dev/ATLAS.NFD.Report/Source/UI/ReportUI.NFD/App_Code/ExcelHelper.cs:50
'申購日(起)'不可大於'申購日(迄)'	AddError(	Dev/ATLAS.NFD.Report/Source/UI/ReportUI.NFD/NFDR001.cs:257
'申購日(起)'已輸入,'申購日(迄)'則必須輸入!	AddError(	Dev/ATLAS.NFD.Report/Source/UI/ReportUI.NFD/NFDR001.cs:262
'申購日(迄)'已輸入,'申購日(起)'則必須輸入!	AddError(	Dev/ATLAS.NFD.Report/Source/UI/ReportUI.NFD/NFDR001.cs:267
若為'成立'用途,'申購日(起迄)'為必填欄位!	AddError(	Dev/ATLAS.NFD.Report/Source/UI/ReportUI.NFD/NFDR001.cs:272
若為'一般'用途,'結餘日期'與'截止日期'為必填欄位!	AddError(	Dev/ATLAS.NFD.Report/Source/UI/ReportUI.NFD/NFDR001.cs:277
至少勾選一筆類別代碼	AddError(	Dev/ATLAS.NFD.Report/Source/UI/ReportUI.NFD/NFDR001.cs:300
匯出成功。	ShowMessage(	Dev/ATLAS.NFD.Report/Source/UI/ReportUI.NFD/NFDR001.cs:507
匯出失敗。	ShowMessage(	Dev/ATLAS.NFD.Report/Source/UI/ReportUI.NFD/NFDR001.cs:511
無資料可匯出。	ShowMessage(	Dev/ATLAS.NFD.Report/Source/UI/ReportUI.NFD/NFDR001.cs:517
基金種類 為必填欄位	AddError(	Dev/ATLAS.NFD.Report/Source/UI/ReportUI.NFD/NFDR002.cs:130
基金代碼 為必填欄位	AddError(	Dev/ATLAS.NFD.Report/Source/UI/ReportUI.NFD/NFDR002.cs:134
'基金種類'為必輸欄位	AddError(	Dev/ATLAS.NFD.Report/Source/UI/ReportUI.NFD/NFDR003.cs:114
'基金代碼'為必輸欄位	AddError(	Dev/ATLAS.NFD.Report/Source/UI/ReportUI.NFD/NFDR003.cs:118
結餘日期 須輸入	AddError(	Dev/ATLAS.NFD.Report/Source/UI/ReportUI.NFD/NFDR021.cs:127
申購/買回日期(起) 須輸入	AddError(	Dev/ATLAS.NFD.Report/Source/UI/ReportUI.NFD/NFDR021.cs:131
申購/買回日期(迄) 須輸入	AddError(	Dev/ATLAS.NFD.Report/Source/UI/ReportUI.NFD/NFDR021.cs:133
申購/買回日期(起) 不可大於 申購/買回日期(迄)	AddError(	Dev/ATLAS.NFD.Report/Source/UI/ReportUI.NFD/NFDR021.cs:136
資料種類 至少勾選一項	AddError(	Dev/ATLAS.NFD.Report/Source/UI/ReportUI.NFD/NFDR022.cs:114
至少勾選一筆基金代碼	AddError(	Dev/ATLAS.NFD.Report/Source/UI/ReportUI.NFD/NFDR022.cs:119
異動生效日期(起) 不可大於 異動生效日期(迄)	AddError(	Dev/ATLAS.NFD.Report/Source/UI/ReportUI.NFD/NFDR023.cs:92
開戶日期 為必填欄位	AddError(	Dev/ATLAS.NFD.Report/Source/UI/ReportUI.NFD/NFDR024.cs:73
開戶日期(起) 不可大於 開戶日期(迄)	AddError(	Dev/ATLAS.NFD.Report/Source/UI/ReportUI.NFD/NFDR024.cs:77
公告日期(起) 不可大於 公告日期(迄)	AddError(	Dev/ATLAS.NFD.Report/Source/UI/ReportUI.NFD/NFDR071.cs:103
公告日期(起) 不可大於 公告日期(迄)	AddError(	Dev/ATLAS.NFD.Report/Source/UI/ReportUI.NFD/NFDR072.cs:104
文件發送途徑 為必填欄位	AddError(	Dev/ATLAS.NFD.Report/Source/UI/ReportUI.NFD/NFDR073.cs:105
至少勾選一筆基金代碼	AddError(	Dev/ATLAS.NFD.Report/Source/UI/ReportUI.NFD/NFDR073.cs:108
含有未成立的基金，無法執行	AddError(	Dev/ATLAS.NFD.Report/Source/UI/ReportUI.NFD/NFDR073.cs:121
必須輸入 受益人ID 或 戶號	AddError(	Dev/ATLAS.NFD.Report/Source/UI/ReportUI.NFD/NFDR073.cs:127
淨值日期(起) 不可大於 淨值日期(迄)	AddError(	Dev/ATLAS.NFD.Report/Source/UI/ReportUI.NFD/NFDR073.cs:131
匯入的資料欄位格式不正確，請檢查	AddError(	Dev/ATLAS.NFD.Report/Source/UI/ReportUI.NFD/NFDR073.cs:244
第{…}筆 戶號資料格式有誤，請檢查	AddError(	Dev/ATLAS.NFD.Report/Source/UI/ReportUI.NFD/NFDR073.cs:260
檔案路徑 內容非戶號格式	AddError(	Dev/ATLAS.NFD.Report/Source/UI/ReportUI.NFD/NFDR073.cs:281
檔案路徑 內容無法讀取	AddError(	Dev/ATLAS.NFD.Report/Source/UI/ReportUI.NFD/NFDR073.cs:286
指定之交易資料條不可選只印月對帳單客戶！	AddError(	Dev/ATLAS.NFD.Report/Source/UI/ReportUI.NFD/NFDR073.cs:301
查無資料	ShowMessage(	Dev/ATLAS.NFD.Report/Source/UI/ReportUI.NFD/NFDR073.cs:439
行銷文字尚未設定，是否仍要產生資料？	ShowMessage(	Dev/ATLAS.NFD.Report/Source/UI/ReportUI.NFD/NFDR073.cs:690
產生資料成功	ShowMessage(	Dev/ATLAS.NFD.Report/Source/UI/ReportUI.NFD/NFDR073.cs:713
查無資料	ShowMessage(	Dev/ATLAS.NFD.Report/Source/UI/ReportUI.NFD/NFDR073.cs:718
下載路徑 錯誤	AddError(	Dev/ATLAS.NFD.Report/Source/UI/ReportUI.NFD/NFDR073.cs:742
下載路徑 無法存檔	AddError(	Dev/ATLAS.NFD.Report/Source/UI/ReportUI.NFD/NFDR073.cs:760
查無資料	ShowMessage(	Dev/ATLAS.NFD.Report/Source/UI/ReportUI.NFD/NFDR073.cs:783
下載完成	ShowMessage(	Dev/ATLAS.NFD.Report/Source/UI/ReportUI.NFD/NFDR073.cs:812
產生檔案失敗	ShowMessage(	Dev/ATLAS.NFD.Report/Source/UI/ReportUI.NFD/NFDR073.cs:822
查無資料	ShowMessage(	Dev/ATLAS.NFD.Report/Source/UI/ReportUI.NFD/NFDR073.cs:860
Email資料產生完成，共{0}筆	ShowMessage(	Dev/ATLAS.NFD.Report/Source/UI/ReportUI.NFD/NFDR073.cs:866
預設路徑不存在，請選擇路徑	ShowMessage(	Dev/ATLAS.NFD.Report/Source/UI/ReportUI.NFD/NFDR073.cs:906
查無資料	ShowMessage(	Dev/ATLAS.NFD.Report/Source/UI/ReportUI.NFD/NFDR073.cs:930
AutoFax資料產生完成，共受益人：{0}筆，共傳真電話：{1}筆	ShowMessage(	Dev/ATLAS.NFD.Report/Source/UI/ReportUI.NFD/NFDR073.cs:1040
查無資料	ShowMessage(	Dev/ATLAS.NFD.Report/Source/UI/ReportUI.NFD/NFDR073.cs:1065
存檔路徑 必須輸入	AddError(	Dev/ATLAS.NFD.Report/Source/UI/ReportUI.NFD/NFDR073A.cs:61
存檔路徑 錯誤	AddError(	Dev/ATLAS.NFD.Report/Source/UI/ReportUI.NFD/NFDR073A.cs:67
產生檔案失敗	ShowMessage(	Dev/ATLAS.NFD.Report/Source/UI/ReportUI.NFD/NFDR073A.cs:120
文件發送途徑 為必填欄位	AddError(	Dev/ATLAS.NFD.Report/Source/UI/ReportUI.NFD/NFDR073A.cs:173
淨值日期(起) 不可大於 淨值日期(迄)	AddError(	Dev/ATLAS.NFD.Report/Source/UI/ReportUI.NFD/NFDR073A.cs:176
此 受益人 為註銷戶!	變數指派 =	Dev/ATLAS.NFD.Report/Source/UI/ReportUI.NFD/NFDR073A.cs:185
此 受益人 為註銷戶!	變數指派 =	Dev/ATLAS.NFD.Report/Source/UI/ReportUI.NFD/NFDR073A.cs:196
【貴 賓 理 財 對 帳 單(168快樂定額資料)】無符合查詢條件的資料。	ShowMessage(	Dev/ATLAS.NFD.Report/Source/UI/ReportUI.NFD/NFDR073B.cs:129
【貴 賓 理 財 對 帳 單(168標的基金彙總)】無符合查詢條件的資料。	ShowMessage(	Dev/ATLAS.NFD.Report/Source/UI/ReportUI.NFD/NFDR073B.cs:140
【貴 賓 理 財 對 帳 單(168循環契約)】無符合查詢條件的資料。	ShowMessage(	Dev/ATLAS.NFD.Report/Source/UI/ReportUI.NFD/NFDR073B.cs:152
交易日期(起) 不可大於 交易日期(迄)	AddError(	Dev/ATLAS.NFD.Report/Source/UI/ReportUI.NFD/NFDR073B.cs:289
基金類別 為個別基金時 基金代碼 必須輸入。	AddError(	Dev/ATLAS.NFD.Report/Source/UI/ReportUI.NFD/NFDR073B.cs:292
無權限查此受益人!!	AddError(	Dev/ATLAS.NFD.Report/Source/UI/ReportUI.NFD/NFDR073B.cs:297
列印資料 為必填欄位	AddError(	Dev/ATLAS.NFD.Report/Source/UI/ReportUI.NFD/NFDR074.cs:125
文件發送途徑 為必填欄位	AddError(	Dev/ATLAS.NFD.Report/Source/UI/ReportUI.NFD/NFDR074.cs:129
至少勾選一筆基金代碼	AddError(	Dev/ATLAS.NFD.Report/Source/UI/ReportUI.NFD/NFDR074.cs:132
含有未成立的基金，無法執行	AddError(	Dev/ATLAS.NFD.Report/Source/UI/ReportUI.NFD/NFDR074.cs:145
必須輸入 受益人ID 或 戶號	AddError(	Dev/ATLAS.NFD.Report/Source/UI/ReportUI.NFD/NFDR074.cs:150
此 受益人 為註銷戶!	變數指派 =	Dev/ATLAS.NFD.Report/Source/UI/ReportUI.NFD/NFDR074.cs:160
此 受益人 為註銷戶!	變數指派 =	Dev/ATLAS.NFD.Report/Source/UI/ReportUI.NFD/NFDR074.cs:171
淨值日期(起) 不可大於 淨值日期(迄)	AddError(	Dev/ATLAS.NFD.Report/Source/UI/ReportUI.NFD/NFDR074.cs:179
無權限查此受益人!!	AddError(	Dev/ATLAS.NFD.Report/Source/UI/ReportUI.NFD/NFDR074.cs:185
匯入的資料欄位格式不正確，請檢查	AddError(	Dev/ATLAS.NFD.Report/Source/UI/ReportUI.NFD/NFDR074.cs:261
第{…}筆 戶號資料格式有誤，請檢查	AddError(	Dev/ATLAS.NFD.Report/Source/UI/ReportUI.NFD/NFDR074.cs:274
檔案路徑 內容非戶號格式	AddError(	Dev/ATLAS.NFD.Report/Source/UI/ReportUI.NFD/NFDR074.cs:293
檔案路徑 內容無法讀取	AddError(	Dev/ATLAS.NFD.Report/Source/UI/ReportUI.NFD/NFDR074.cs:298
行銷文字尚未設定，是否仍要產生資料？	ShowMessage(	Dev/ATLAS.NFD.Report/Source/UI/ReportUI.NFD/NFDR074.cs:655
產生資料成功	ShowMessage(	Dev/ATLAS.NFD.Report/Source/UI/ReportUI.NFD/NFDR074.cs:706
查無資料	ShowMessage(	Dev/ATLAS.NFD.Report/Source/UI/ReportUI.NFD/NFDR074.cs:711
查無資料	ShowMessage(	Dev/ATLAS.NFD.Report/Source/UI/ReportUI.NFD/NFDR074.cs:728
刪除完成	ShowMessage(	Dev/ATLAS.NFD.Report/Source/UI/ReportUI.NFD/NFDR074.cs:746
轉電子帳單路徑 錯誤	AddError(	Dev/ATLAS.NFD.Report/Source/UI/ReportUI.NFD/NFDR074.cs:779
轉電子帳單路徑 無法存檔	AddError(	Dev/ATLAS.NFD.Report/Source/UI/ReportUI.NFD/NFDR074.cs:792
查無資料	ShowMessage(	Dev/ATLAS.NFD.Report/Source/UI/ReportUI.NFD/NFDR074.cs:804
下載完成，共{0}筆	ShowMessage(	Dev/ATLAS.NFD.Report/Source/UI/ReportUI.NFD/NFDR074.cs:856
產生檔案失敗	ShowMessage(	Dev/ATLAS.NFD.Report/Source/UI/ReportUI.NFD/NFDR074.cs:869
查無資料	ShowMessage(	Dev/ATLAS.NFD.Report/Source/UI/ReportUI.NFD/NFDR074.cs:896
Email資料產生完成，共{0}筆	ShowMessage(	Dev/ATLAS.NFD.Report/Source/UI/ReportUI.NFD/NFDR074.cs:916
預設路徑不存在，請選擇路徑	ShowMessage(	Dev/ATLAS.NFD.Report/Source/UI/ReportUI.NFD/NFDR074.cs:948
查無資料	ShowMessage(	Dev/ATLAS.NFD.Report/Source/UI/ReportUI.NFD/NFDR074.cs:966
AutoFax資料產生完成，共受益人：{0}筆，共傳真電話：{1}筆	ShowMessage(	Dev/ATLAS.NFD.Report/Source/UI/ReportUI.NFD/NFDR074.cs:1098
查無資料	ShowMessage(	Dev/ATLAS.NFD.Report/Source/UI/ReportUI.NFD/NFDR074.cs:1240
無符合查詢條件的資料。	ShowMessage(	Dev/ATLAS.NFD.Report/Source/UI/ReportUI.NFD/NFDR076.cs:312
彙總表無符合查詢條件的資料。	ShowMessage(	Dev/ATLAS.NFD.Report/Source/UI/ReportUI.NFD/NFDR076.cs:314
申購日期(起) 不可大於 申購日期(迄)	AddError(	Dev/ATLAS.NFD.Report/Source/UI/ReportUI.NFD/NFDR076.cs:382
基金代碼未填時必須至少勾選一個！	AddError(	Dev/ATLAS.NFD.Report/Source/UI/ReportUI.NFD/NFDR076.cs:387
勾選列印小額未結轉資料只能列印05貨幣市場基金,其它基金不適用！	AddError(	Dev/ATLAS.NFD.Report/Source/UI/ReportUI.NFD/NFDR076.cs:390
勾選列印小額未結轉資料只能選擇單一日期,不適用日期區間列印！	AddError(	Dev/ATLAS.NFD.Report/Source/UI/ReportUI.NFD/NFDR076.cs:392
無符合查詢條件的資料。	ShowMessage(	Dev/ATLAS.NFD.Report/Source/UI/ReportUI.NFD/NFDR077.cs:282
彙總表無符合查詢條件的資料。	ShowMessage(	Dev/ATLAS.NFD.Report/Source/UI/ReportUI.NFD/NFDR077.cs:284
買回申請日期(起) 不可大於 買回申請日期(迄)	AddError(	Dev/ATLAS.NFD.Report/Source/UI/ReportUI.NFD/NFDR077.cs:355
基金代碼未填時必須至少勾選一個！	AddError(	Dev/ATLAS.NFD.Report/Source/UI/ReportUI.NFD/NFDR077.cs:360
勾選貨幣型(國內)只能列印05貨幣市場基金,其它基金不適用！	AddError(	Dev/ATLAS.NFD.Report/Source/UI/ReportUI.NFD/NFDR077.cs:363
勾選貨幣型(國內)只能選擇單一日期,不適用日期區間列印！	AddError(	Dev/ATLAS.NFD.Report/Source/UI/ReportUI.NFD/NFDR077.cs:365
勾選貨幣型(國內),不得列印未結轉資料！	AddError(	Dev/ATLAS.NFD.Report/Source/UI/ReportUI.NFD/NFDR077.cs:367
至少勾選一筆基金代碼	AddError(	Dev/ATLAS.NFD.Report/Source/UI/ReportUI.NFD/NFDR101.cs:161
代理扣款機構(起)(迄) 必須同時(不)輸入	AddError(	Dev/ATLAS.NFD.Report/Source/UI/ReportUI.NFD/NFDR102.cs:151
代理扣款機構(起) 不可大於 代理扣款機構(迄)	AddError(	Dev/ATLAS.NFD.Report/Source/UI/ReportUI.NFD/NFDR102.cs:156
至少勾選一筆基金代碼	AddError(	Dev/ATLAS.NFD.Report/Source/UI/ReportUI.NFD/NFDR102.cs:163
扣款行(起)(迄) 必須同時(不)輸入	AddError(	Dev/ATLAS.NFD.Report/Source/UI/ReportUI.NFD/NFDR103.cs:118
扣款行(起) 不可大於 扣款行(迄)	AddError(	Dev/ATLAS.NFD.Report/Source/UI/ReportUI.NFD/NFDR103.cs:123
申購日期(起)不可大於申購日期(迄)	AddError(	Dev/ATLAS.NFD.Report/Source/UI/ReportUI.NFD/NFDR104.cs:568
銷售機構區別碼(起)(迄) 必須同時(不)輸入	AddError(	Dev/ATLAS.NFD.Report/Source/UI/ReportUI.NFD/NFDR104.cs:577
銷售機構區別碼(起) 不可大於 銷售機構區別碼(迄)	AddError(	Dev/ATLAS.NFD.Report/Source/UI/ReportUI.NFD/NFDR104.cs:583
銷售機構代碼(起) 不可大於 銷售機構代碼(迄)	AddError(	Dev/ATLAS.NFD.Report/Source/UI/ReportUI.NFD/NFDR104.cs:592
通路區別碼(起)(迄) 必須同時(不)輸入	AddError(	Dev/ATLAS.NFD.Report/Source/UI/ReportUI.NFD/NFDR104.cs:613
通路區別碼(起) 不可大於 通路區別碼(迄)	AddError(	Dev/ATLAS.NFD.Report/Source/UI/ReportUI.NFD/NFDR104.cs:619
通路代碼(起) 不可大於 通路代碼(迄)	AddError(	Dev/ATLAS.NFD.Report/Source/UI/ReportUI.NFD/NFDR104.cs:628
付款方式至少勾選一項	AddError(	Dev/ATLAS.NFD.Report/Source/UI/ReportUI.NFD/NFDR104.cs:650
交易途徑至少勾選一項	AddError(	Dev/ATLAS.NFD.Report/Source/UI/ReportUI.NFD/NFDR104.cs:655
資料區分至少勾選一項	AddError(	Dev/ATLAS.NFD.Report/Source/UI/ReportUI.NFD/NFDR104.cs:660
戶號(起)(迄)必須同時(不)輸入!	AddError(	Dev/ATLAS.NFD.Report/Source/UI/ReportUI.NFD/NFDR104.cs:665
戶號(起)順序不可超過戶號(迄)	AddError(	Dev/ATLAS.NFD.Report/Source/UI/ReportUI.NFD/NFDR104.cs:676
至少勾選一筆基金代碼	AddError(	Dev/ATLAS.NFD.Report/Source/UI/ReportUI.NFD/NFDR105.cs:90
至少勾選一筆基金代碼	AddError(	Dev/ATLAS.NFD.Report/Source/UI/ReportUI.NFD/NFDR105.cs:171
客戶主檔文件發送途徑必須輸入	AddError(	Dev/ATLAS.NFD.Report/Source/UI/ReportUI.NFD/NFDR105.cs:252
戶號必須輸入	AddError(	Dev/ATLAS.NFD.Report/Source/UI/ReportUI.NFD/NFDR105.cs:257
至少勾選一筆基金代碼	AddError(	Dev/ATLAS.NFD.Report/Source/UI/ReportUI.NFD/NFDR105.cs:269
申購日期(起) 不可大於 申購日期(迄)	AddError(	Dev/ATLAS.NFD.Report/Source/UI/ReportUI.NFD/NFDR106.cs:124
無符合查詢條件的資料。	ShowMessage(	Dev/ATLAS.NFD.Report/Source/UI/ReportUI.NFD/NFDR106.cs:201
產生成功。	ShowMessage(	Dev/ATLAS.NFD.Report/Source/UI/ReportUI.NFD/NFDR106.cs:203
銷售來源 至少勾選一項	AddError(	Dev/ATLAS.NFD.Report/Source/UI/ReportUI.NFD/NFDR107A.cs:129
銷售途徑 至少勾選一項	AddError(	Dev/ATLAS.NFD.Report/Source/UI/ReportUI.NFD/NFDR107A.cs:133
日期(起) 不可大於 日期(迄)	AddError(	Dev/ATLAS.NFD.Report/Source/UI/ReportUI.NFD/NFDR107A.cs:137
代理扣款機構(起)(迄) 必須同時(不)輸入	AddError(	Dev/ATLAS.NFD.Report/Source/UI/ReportUI.NFD/NFDR107A.cs:146
代理扣款機構(起)(迄) 必須同時(不)輸入	AddError(	Dev/ATLAS.NFD.Report/Source/UI/ReportUI.NFD/NFDR107A.cs:151
代理扣款機構代碼(起) 不可大於 代理扣款機構代碼(迄)	AddError(	Dev/ATLAS.NFD.Report/Source/UI/ReportUI.NFD/NFDR107A.cs:157
銷售來源 至少勾選一項	AddError(	Dev/ATLAS.NFD.Report/Source/UI/ReportUI.NFD/NFDR107B.cs:239
銷售途徑 至少勾選一項	AddError(	Dev/ATLAS.NFD.Report/Source/UI/ReportUI.NFD/NFDR107B.cs:243
契約扣款日(起) 不可大於 契約扣款日(迄)	AddError(	Dev/ATLAS.NFD.Report/Source/UI/ReportUI.NFD/NFDR107B.cs:247
代理扣款機構(起)(迄) 必須同時(不)輸入	AddError(	Dev/ATLAS.NFD.Report/Source/UI/ReportUI.NFD/NFDR107B.cs:256
代理扣款機構(起)(迄) 必須同時(不)輸入	AddError(	Dev/ATLAS.NFD.Report/Source/UI/ReportUI.NFD/NFDR107B.cs:261
代理扣款機構代碼(起) 不可大於 代理扣款機構代碼(迄)	AddError(	Dev/ATLAS.NFD.Report/Source/UI/ReportUI.NFD/NFDR107B.cs:266
銷售機構區別碼(起)(迄) 必須同時(不)輸入	AddError(	Dev/ATLAS.NFD.Report/Source/UI/ReportUI.NFD/NFDR107B.cs:272
銷售機構區別碼(起) 不可大於 銷售機構區別碼(迄)	AddError(	Dev/ATLAS.NFD.Report/Source/UI/ReportUI.NFD/NFDR107B.cs:280
銷售機構代碼(起) 不可大於 銷售機構代碼(迄)	AddError(	Dev/ATLAS.NFD.Report/Source/UI/ReportUI.NFD/NFDR107B.cs:289
統計日期(起) 不可大於 統計日期(迄)	AddError(	Dev/ATLAS.NFD.Report/Source/UI/ReportUI.NFD/NFDR108.cs:39
申購機構區分碼(起)(迄)必須二者皆輸入。	AddError(	Dev/ATLAS.NFD.Report/Source/UI/ReportUI.NFD/NFDR109.cs:302
申購機構區分碼(起)必須小於等於申購機構區分碼(迄)。	AddError(	Dev/ATLAS.NFD.Report/Source/UI/ReportUI.NFD/NFDR109.cs:306
申購機構代碼(起)(迄)必須二者皆輸入。	AddError(	Dev/ATLAS.NFD.Report/Source/UI/ReportUI.NFD/NFDR109.cs:312
申購機構代碼(起)必須小於等於申購機構代碼(迄)。	AddError(	Dev/ATLAS.NFD.Report/Source/UI/ReportUI.NFD/NFDR109.cs:316
申購日期(起)(迄)必須二者皆輸入。	AddError(	Dev/ATLAS.NFD.Report/Source/UI/ReportUI.NFD/NFDR109.cs:322
申購日期(起)必須小於等於申購日期(迄)。	AddError(	Dev/ATLAS.NFD.Report/Source/UI/ReportUI.NFD/NFDR109.cs:326
基金代碼(起)(迄)必須二者皆輸入。	AddError(	Dev/ATLAS.NFD.Report/Source/UI/ReportUI.NFD/NFDR109.cs:332
基金代碼(起)必須小於等於基金代碼(迄)。	AddError(	Dev/ATLAS.NFD.Report/Source/UI/ReportUI.NFD/NFDR109.cs:336
日期區間(起)必須小於等於日期區間(迄)。	AddError(	Dev/ATLAS.NFD.Report/Source/UI/ReportUI.NFD/NFDR110.cs:91
基金類別 為個別基金時 基金代碼 必須輸入。	AddError(	Dev/ATLAS.NFD.Report/Source/UI/ReportUI.NFD/NFDR110.cs:95
申購日期(起)必須小於等於申購日期(迄)。	AddError(	Dev/ATLAS.NFD.Report/Source/UI/ReportUI.NFD/NFDR111.cs:122
至少勾選一筆基金代碼	AddError(	Dev/ATLAS.NFD.Report/Source/UI/ReportUI.NFD/NFDR113.cs:42
至少勾選一筆基金代碼	AddError(	Dev/ATLAS.NFD.Report/Source/UI/ReportUI.NFD/NFDR113.cs:131
至少勾選一筆基金代碼	AddError(	Dev/ATLAS.NFD.Report/Source/UI/ReportUI.NFD/NFDR114.cs:79
此日期區間尚有基金未結帳，仍要繼續執行？	ShowMessage(	Dev/ATLAS.NFD.Report/Source/UI/ReportUI.NFD/NFDR114.cs:129
至少勾選一筆基金代碼	AddError(	Dev/ATLAS.NFD.Report/Source/UI/ReportUI.NFD/NFDR114.cs:194
統計區間(起) 不可大於統計區間(迄)	AddError(	Dev/ATLAS.NFD.Report/Source/UI/ReportUI.NFD/NFDR114.cs:200
至少勾選一筆基金代碼	AddError(	Dev/ATLAS.NFD.Report/Source/UI/ReportUI.NFD/NFDR115.cs:108
至少勾選一筆基金代碼	AddError(	Dev/ATLAS.NFD.Report/Source/UI/ReportUI.NFD/NFDR115.cs:144
至少勾選一筆基金代碼	AddError(	Dev/ATLAS.NFD.Report/Source/UI/ReportUI.NFD/NFDR115.cs:179
統計年月(起)不可大於統計年月(迄)!	AddError(	Dev/ATLAS.NFD.Report/Source/UI/ReportUI.NFD/NFDR115.cs:184
日期區間(起) 不可大於 日期區間(迄)	AddError(	Dev/ATLAS.NFD.Report/Source/UI/ReportUI.NFD/NFDR120.cs:246
日期區間(起) 不可大於 日期區間(迄)	AddError(	Dev/ATLAS.NFD.Report/Source/UI/ReportUI.NFD/NFDR121.cs:254
查無資料!!	MessageBox.Show(	Dev/ATLAS.NFD.Report/Source/UI/ReportUI.NFD/NFDR122.cs:248
查無資料!!	MessageBox.Show(	Dev/ATLAS.NFD.Report/Source/UI/ReportUI.NFD/NFDR122.cs:263
區間日期(起)需小於或等於區間日期(訖)	AddError(	Dev/ATLAS.NFD.Report/Source/UI/ReportUI.NFD/NFDR122.cs:311
下載成功。	ShowMessage(	Dev/ATLAS.NFD.Report/Source/UI/ReportUI.NFD/NFDR123.cs:91
下載失敗。	ShowMessage(	Dev/ATLAS.NFD.Report/Source/UI/ReportUI.NFD/NFDR123.cs:95
無符合查詢條件的資料。	ShowMessage(	Dev/ATLAS.NFD.Report/Source/UI/ReportUI.NFD/NFDR123.cs:101
下載失敗。	ShowMessage(	Dev/ATLAS.NFD.Report/Source/UI/ReportUI.NFD/NFDR123.cs:106
銷售機構區別碼(起)(迄) 必須同時(不)輸入	AddError(	Dev/ATLAS.NFD.Report/Source/UI/ReportUI.NFD/NFDR123.cs:157
銷售機構區別碼(起) 不可大於 銷售機構區別碼(迄)	AddError(	Dev/ATLAS.NFD.Report/Source/UI/ReportUI.NFD/NFDR123.cs:163
銷售機構代碼(起) 不可大於 銷售機構代碼(迄)	AddError(	Dev/ATLAS.NFD.Report/Source/UI/ReportUI.NFD/NFDR123.cs:172
買回機構代碼(起)(迄)必須二者皆輸入。	AddError(	Dev/ATLAS.NFD.Report/Source/UI/ReportUI.NFD/NFDR150.cs:259
買回機構代碼(起)必須小於等於買回機構代碼(迄)。	AddError(	Dev/ATLAS.NFD.Report/Source/UI/ReportUI.NFD/NFDR150.cs:263
買回日期(起)(迄)必須二者皆輸入。	AddError(	Dev/ATLAS.NFD.Report/Source/UI/ReportUI.NFD/NFDR150.cs:269
買回日期(起)必須小於等於買回日期(迄)。	AddError(	Dev/ATLAS.NFD.Report/Source/UI/ReportUI.NFD/NFDR150.cs:273
基金代碼(起)(迄)必須二者皆輸入。	AddError(	Dev/ATLAS.NFD.Report/Source/UI/ReportUI.NFD/NFDR150.cs:279
基金代碼(起)必須小於等於基金代碼(迄)。	AddError(	Dev/ATLAS.NFD.Report/Source/UI/ReportUI.NFD/NFDR150.cs:283
買回日期(起) 不可大於 買回日期(迄)	AddError(	Dev/ATLAS.NFD.Report/Source/UI/ReportUI.NFD/NFDR151.cs:388
買回日期(起) 為必填欄位	AddError(	Dev/ATLAS.NFD.Report/Source/UI/ReportUI.NFD/NFDR151.cs:393
買回日期(迄) 為必填欄位	AddError(	Dev/ATLAS.NFD.Report/Source/UI/ReportUI.NFD/NFDR151.cs:397
請勾選任一項【列印方式】。	AddError(	Dev/ATLAS.NFD.Report/Source/UI/ReportUI.NFD/NFDR151.cs:414
請勾選任一項【Excel 附表】。	AddError(	Dev/ATLAS.NFD.Report/Source/UI/ReportUI.NFD/NFDR151.cs:422
執行成功	ShowMessage(	Dev/ATLAS.NFD.Report/Source/UI/ReportUI.NFD/NFDR151.cs:567
Excel.Application建立失敗。	throw new Exception(	Dev/ATLAS.NFD.Report/Source/UI/ReportUI.NFD/NFDR151.cs:683
Excel工作表取得失敗。	throw new Exception(	Dev/ATLAS.NFD.Report/Source/UI/ReportUI.NFD/NFDR151.cs:692
至少勾選一筆基金代碼	AddError(	Dev/ATLAS.NFD.Report/Source/UI/ReportUI.NFD/NFDR152.cs:238
至少勾選一筆基金代碼	AddError(	Dev/ATLAS.NFD.Report/Source/UI/ReportUI.NFD/NFDR152.cs:370
贖回日期(起) 不可大於 贖回日期(迄)	AddError(	Dev/ATLAS.NFD.Report/Source/UI/ReportUI.NFD/NFDR152.cs:391
贖回日期(起)不可大於贖回日期(迄)	AddError(	Dev/ATLAS.NFD.Report/Source/UI/ReportUI.NFD/NFDR153.cs:190
贖回書號(起、迄)請皆輸入13碼	AddError(	Dev/ATLAS.NFD.Report/Source/UI/ReportUI.NFD/NFDR153.cs:198
贖回書號(起) 不可大於 贖回書號(迄)	AddError(	Dev/ATLAS.NFD.Report/Source/UI/ReportUI.NFD/NFDR153.cs:203
若輸入贖回書號則(起)為必填欄位	AddError(	Dev/ATLAS.NFD.Report/Source/UI/ReportUI.NFD/NFDR153.cs:209
若輸入贖回書號則(迄)為必填欄位	AddError(	Dev/ATLAS.NFD.Report/Source/UI/ReportUI.NFD/NFDR153.cs:214
排序方式為 依贖回書號時，不可選銷售機構	AddError(	Dev/ATLAS.NFD.Report/Source/UI/ReportUI.NFD/NFDR153.cs:284
至少勾選一筆基金代碼	AddError(	Dev/ATLAS.NFD.Report/Source/UI/ReportUI.NFD/NFDR154.cs:110
至少勾選一筆基金代碼	AddError(	Dev/ATLAS.NFD.Report/Source/UI/ReportUI.NFD/NFDR154.cs:166
至少勾選一筆基金代碼	AddError(	Dev/ATLAS.NFD.Report/Source/UI/ReportUI.NFD/NFDR154.cs:224
至少挑選一種客戶主檔文件發送途徑！	AddError(	Dev/ATLAS.NFD.Report/Source/UI/ReportUI.NFD/NFDR154.cs:260
受益人戶號必須輸入！	AddError(	Dev/ATLAS.NFD.Report/Source/UI/ReportUI.NFD/NFDR154.cs:325
贖回日期(起) 不可大於 贖回日期(迄)	AddError(	Dev/ATLAS.NFD.Report/Source/UI/ReportUI.NFD/NFDR155.cs:42
贖回日期(起) 不可大於 贖回日期(迄)	AddError(	Dev/ATLAS.NFD.Report/Source/UI/ReportUI.NFD/NFDR156.cs:99
補件付款日期(起) 不可大於 補件付款日期(迄)	AddError(	Dev/ATLAS.NFD.Report/Source/UI/ReportUI.NFD/NFDR156.cs:105
補件付款日期(起)(迄) 必須同時(不)輸入	AddError(	Dev/ATLAS.NFD.Report/Source/UI/ReportUI.NFD/NFDR156.cs:110
實際付款日期(起)不可大於實際付款日期(迄)	AddError(	Dev/ATLAS.NFD.Report/Source/UI/ReportUI.NFD/NFDR157.cs:244
實際付款日期(起) 為必填欄位	AddError(	Dev/ATLAS.NFD.Report/Source/UI/ReportUI.NFD/NFDR157.cs:249
實際付款日期(迄) 為必填欄位	AddError(	Dev/ATLAS.NFD.Report/Source/UI/ReportUI.NFD/NFDR157.cs:253
申請日期(起)不可大於買回日期(迄)	AddError(	Dev/ATLAS.NFD.Report/Source/UI/ReportUI.NFD/NFDR157.cs:265
申請日期(起) 為必填欄位	AddError(	Dev/ATLAS.NFD.Report/Source/UI/ReportUI.NFD/NFDR157.cs:270
申請日期(迄) 為必填欄位	AddError(	Dev/ATLAS.NFD.Report/Source/UI/ReportUI.NFD/NFDR157.cs:274
至少勾選一筆基金代碼	AddError(	Dev/ATLAS.NFD.Report/Source/UI/ReportUI.NFD/NFDR157.cs:282
實際付款日期及申請日期請擇一輸入	AddError(	Dev/ATLAS.NFD.Report/Source/UI/ReportUI.NFD/NFDR157.cs:291
至少勾選一筆基金代碼	AddError(	Dev/ATLAS.NFD.Report/Source/UI/ReportUI.NFD/NFDR157.cs:299
至少勾選一筆基金代碼	AddError(	Dev/ATLAS.NFD.Report/Source/UI/ReportUI.NFD/NFDR158.cs:124
至少勾選一筆基金代碼	AddError(	Dev/ATLAS.NFD.Report/Source/UI/ReportUI.NFD/NFDR158.cs:160
至少勾選一筆基金代碼	AddError(	Dev/ATLAS.NFD.Report/Source/UI/ReportUI.NFD/NFDR158.cs:195
統計年月(起)不可大於統計年月(迄)!	AddError(	Dev/ATLAS.NFD.Report/Source/UI/ReportUI.NFD/NFDR158.cs:225
至少勾選一筆基金代碼	AddError(	Dev/ATLAS.NFD.Report/Source/UI/ReportUI.NFD/NFDR159.cs:105
至少勾選一筆基金代碼	AddError(	Dev/ATLAS.NFD.Report/Source/UI/ReportUI.NFD/NFDR159.cs:139
至少勾選一筆基金代碼	AddError(	Dev/ATLAS.NFD.Report/Source/UI/ReportUI.NFD/NFDR159.cs:170
統計年月(起)不可大於統計年月(迄)!	AddError(	Dev/ATLAS.NFD.Report/Source/UI/ReportUI.NFD/NFDR159.cs:175
轉出日期(起)不可大於轉出日期(迄)	AddError(	Dev/ATLAS.NFD.Report/Source/UI/ReportUI.NFD/NFDR160.cs:41
轉入日期(起)不可大於轉入日期(迄)	AddError(	Dev/ATLAS.NFD.Report/Source/UI/ReportUI.NFD/NFDR160.cs:49
行銷文字尚未設定，是否仍要產生資料？	ShowMessage(	Dev/ATLAS.NFD.Report/Source/UI/ReportUI.NFD/NFDR167.cs:109
執行日期及贖回日期請擇一輸入	AddError(	Dev/ATLAS.NFD.Report/Source/UI/ReportUI.NFD/NFDR167.cs:160
贖回日期(起) 不可大於 贖回日期(迄)	AddError(	Dev/ATLAS.NFD.Report/Source/UI/ReportUI.NFD/NFDR167.cs:168
贖回日期(起) 為必填欄位	AddError(	Dev/ATLAS.NFD.Report/Source/UI/ReportUI.NFD/NFDR167.cs:173
贖回日期(迄) 為必填欄位	AddError(	Dev/ATLAS.NFD.Report/Source/UI/ReportUI.NFD/NFDR167.cs:177
Email資料產生成功，共{0}筆	ShowFormatMessage(	Dev/ATLAS.NFD.Report/Source/UI/ReportUI.NFD/NFDR167.cs:250
基金類別 為境內外時 基金代碼 必須輸入。	AddError(	Dev/ATLAS.NFD.Report/Source/UI/ReportUI.NFD/NFDR168.cs:142
申購日期(起) 不可大於 申購日期(迄)	AddError(	Dev/ATLAS.NFD.Report/Source/UI/ReportUI.NFD/NFDR168.cs:149
交易日期(起) 不可大於 交易日期(迄)	AddError(	Dev/ATLAS.NFD.Report/Source/UI/ReportUI.NFD/NFDR169.cs:251
開戶日期(起) 不可大於 開戶日期(迄)	AddError(	Dev/ATLAS.NFD.Report/Source/UI/ReportUI.NFD/NFDR170.cs:224
買回日期(起) 不可大於 買回日期(迄)	AddError(	Dev/ATLAS.NFD.Report/Source/UI/ReportUI.NFD/NFDR171.cs:114
銀行/券商代碼(起)(迄)必須二者皆輸入。	AddError(	Dev/ATLAS.NFD.Report/Source/UI/ReportUI.NFD/NFDR171.cs:121
銀行/券商代碼(起)必須小於等於銀行/券商代碼(迄)。	AddError(	Dev/ATLAS.NFD.Report/Source/UI/ReportUI.NFD/NFDR171.cs:125
基金代碼(起)(迄)必須二者皆輸入。	AddError(	Dev/ATLAS.NFD.Report/Source/UI/ReportUI.NFD/NFDR171.cs:130
基金代碼(起)必須小於等於基金代碼(迄)。	AddError(	Dev/ATLAS.NFD.Report/Source/UI/ReportUI.NFD/NFDR171.cs:134
交易日期(起) 不可大於 交易日期(迄)	AddError(	Dev/ATLAS.NFD.Report/Source/UI/ReportUI.NFD/NFDR185.cs:140
定額每個扣款日金額 必須輸入	AddError(	Dev/ATLAS.NFD.Report/Source/UI/ReportUI.NFD/NFDR185.cs:167
交易日期(起) 不可大於 交易日期(迄)	AddError(	Dev/ATLAS.NFD.Report/Source/UI/ReportUI.NFD/NFDR186.cs:127
定額每個扣款日金額 必須輸入	AddError(	Dev/ATLAS.NFD.Report/Source/UI/ReportUI.NFD/NFDR186.cs:154
交易日期(起) 不可大於 交易日期(迄)	AddError(	Dev/ATLAS.NFD.Report/Source/UI/ReportUI.NFD/NFDR187.cs:116
交易日期(起)不可大於交易日期(迄)	AddError(	Dev/ATLAS.NFD.Report/Source/UI/ReportUI.NFD/NFDR188.cs:106
轉Excel檔的功能 需要輸入"轉出路徑"。	AddError(	Dev/ATLAS.NFD.Report/Source/UI/ReportUI.NFD/NFDR188.cs:115
轉出路徑不存在!	AddError(	Dev/ATLAS.NFD.Report/Source/UI/ReportUI.NFD/NFDR188.cs:119
轉出路徑不存在!	AddError(	Dev/ATLAS.NFD.Report/Source/UI/ReportUI.NFD/NFDR188.cs:170
無符合查詢條件的資料。	ShowMessage(	Dev/ATLAS.NFD.Report/Source/UI/ReportUI.NFD/NFDR188.cs:200
執行成功	ShowMessage(	Dev/ATLAS.NFD.Report/Source/UI/ReportUI.NFD/NFDR188.cs:218
商業邏輯異常!	ShowMessage(	Dev/ATLAS.NFD.Report/Source/UI/ReportUI.NFD/NFDR188.cs:224
消滅戶號 不得等於 存續戶號	AddError(	Dev/ATLAS.NFD.Report/Source/UI/ReportUI.NFD/NFDR200.cs:82
至少須勾選一筆資料	AddError(	Dev/ATLAS.NFD.Report/Source/UI/ReportUI.NFD/NFDR201.cs:41
沒有資料可供預覽	AddError(	Dev/ATLAS.NFD.Report/Source/UI/ReportUI.NFD/NFDR201.cs:45
查無資料	ShowMessage(	Dev/ATLAS.NFD.Report/Source/UI/ReportUI.NFD/NFDR202.cs:204
查無資料	ShowMessage(	Dev/ATLAS.NFD.Report/Source/UI/ReportUI.NFD/NFDR203.cs:198
基金代碼和憑證日期請擇一輸入	AddError(	Dev/ATLAS.NFD.Report/Source/UI/ReportUI.NFD/NFDR204.cs:177
憑證日期起迄必須皆(不)填寫	AddError(	Dev/ATLAS.NFD.Report/Source/UI/ReportUI.NFD/NFDR204.cs:179
憑證日期(起) 不可大於 憑證日期(迄)	AddError(	Dev/ATLAS.NFD.Report/Source/UI/ReportUI.NFD/NFDR204.cs:181
憑證號碼必須皆(不)填寫	AddError(	Dev/ATLAS.NFD.Report/Source/UI/ReportUI.NFD/NFDR204.cs:196
憑證號碼(起) 不可大於 憑證號碼(迄)	AddError(	Dev/ATLAS.NFD.Report/Source/UI/ReportUI.NFD/NFDR204.cs:198
憑證號碼(起) 不可大於 憑證號碼(迄)	AddError(	Dev/ATLAS.NFD.Report/Source/UI/ReportUI.NFD/NFDR204.cs:201
紙張流水號必須皆(不)填寫	AddError(	Dev/ATLAS.NFD.Report/Source/UI/ReportUI.NFD/NFDR204.cs:210
紙張流水號(起) 不可大於 紙張流水號(迄)	AddError(	Dev/ATLAS.NFD.Report/Source/UI/ReportUI.NFD/NFDR204.cs:212
作廢日期起迄必須皆(不)填寫	AddError(	Dev/ATLAS.NFD.Report/Source/UI/ReportUI.NFD/NFDR205.cs:42
作廢日期(起) 必須小於 作廢日期(迄)	AddError(	Dev/ATLAS.NFD.Report/Source/UI/ReportUI.NFD/NFDR205.cs:44
紙張流水號必須皆(不)填寫	AddError(	Dev/ATLAS.NFD.Report/Source/UI/ReportUI.NFD/NFDR205.cs:51
紙張流水號(起) 必須小於 紙張流水號(迄)	AddError(	Dev/ATLAS.NFD.Report/Source/UI/ReportUI.NFD/NFDR205.cs:53
基金代碼和憑證日期請擇一輸入	AddError(	Dev/ATLAS.NFD.Report/Source/UI/ReportUI.NFD/NFDR206.cs:42
憑證日期起迄必須皆(不)填寫	AddError(	Dev/ATLAS.NFD.Report/Source/UI/ReportUI.NFD/NFDR206.cs:44
憑證日期(起) 必須小於 憑證日期(迄)	AddError(	Dev/ATLAS.NFD.Report/Source/UI/ReportUI.NFD/NFDR206.cs:46
憑證號碼必須皆(不)填寫	AddError(	Dev/ATLAS.NFD.Report/Source/UI/ReportUI.NFD/NFDR206.cs:63
憑證號碼(起) 必須小於 憑證號碼(迄)	AddError(	Dev/ATLAS.NFD.Report/Source/UI/ReportUI.NFD/NFDR206.cs:65
憑證號碼(起) 必須小於 憑證號碼(迄)	AddError(	Dev/ATLAS.NFD.Report/Source/UI/ReportUI.NFD/NFDR206.cs:69
作廢日期起迄必須皆(不)填寫	AddError(	Dev/ATLAS.NFD.Report/Source/UI/ReportUI.NFD/NFDR206.cs:73
作廢日期(起) 必需小於 作廢日期(迄)	AddError(	Dev/ATLAS.NFD.Report/Source/UI/ReportUI.NFD/NFDR206.cs:79
基金代碼、受益人ID、戶號 請擇一輸入。	AddError(	Dev/ATLAS.NFD.Report/Source/UI/ReportUI.NFD/NFDR207.cs:141
未輸入作廢日期(起)，請檢查。	AddError(	Dev/ATLAS.NFD.Report/Source/UI/ReportUI.NFD/NFDR207.cs:149
'作廢日期(起)'必需小於'作廢日期(迄)'	AddError(	Dev/ATLAS.NFD.Report/Source/UI/ReportUI.NFD/NFDR207.cs:156
匯率 必須大於0	AddError(	Dev/ATLAS.NFD.Report/Source/UI/ReportUI.NFD/NFDR210.cs:84
結存日期 各基金必須皆要完成結帳，才可列印	AddError(	Dev/ATLAS.NFD.Report/Source/UI/ReportUI.NFD/NFDR210.cs:88
{0}，須輸入	AddError(	Dev/ATLAS.NFD.Report/Source/UI/ReportUI.NFD/NFDR210.cs:124
代理(扣款)銀行(起) 不可大於 代理(扣款)銀行(迄)	AddError(	Dev/ATLAS.NFD.Report/Source/UI/ReportUI.NFD/NFDR221.cs:153
代理(扣款)銀行(起)已輸入時,代理(扣款)銀行(迄)也必須輸入!	AddError(	Dev/ATLAS.NFD.Report/Source/UI/ReportUI.NFD/NFDR221.cs:158
送核日期(起)不可大於送核日期(迄)	AddError(	Dev/ATLAS.NFD.Report/Source/UI/ReportUI.NFD/NFDR221.cs:164
至少需勾選一筆核印失敗原因	AddError(	Dev/ATLAS.NFD.Report/Source/UI/ReportUI.NFD/NFDR223.cs:177
建檔日期(起) 不可大於 建檔日期(迄)	AddError(	Dev/ATLAS.NFD.Report/Source/UI/ReportUI.NFD/NFDR225.cs:383
送核日期(起) 不可大於 送核日期(迄)	AddError(	Dev/ATLAS.NFD.Report/Source/UI/ReportUI.NFD/NFDR225.cs:391
回覆日期(起) 不可大於 回覆日期(迄)	AddError(	Dev/ATLAS.NFD.Report/Source/UI/ReportUI.NFD/NFDR225.cs:399
建檔日期(起)(迄)必須同時輸入或同時不輸入	AddError(	Dev/ATLAS.NFD.Report/Source/UI/ReportUI.NFD/NFDR225.cs:405
送核日期(起)(迄)必須同時輸入或同時不輸入	AddError(	Dev/ATLAS.NFD.Report/Source/UI/ReportUI.NFD/NFDR225.cs:410
回覆日期(起)(迄)必須同時輸入或同時不輸入	AddError(	Dev/ATLAS.NFD.Report/Source/UI/ReportUI.NFD/NFDR225.cs:415
建檔日期、送核日期、回覆日期起迄需任選一輸入	AddError(	Dev/ATLAS.NFD.Report/Source/UI/ReportUI.NFD/NFDR225.cs:421
至少勾選一項核印方式	AddError(	Dev/ATLAS.NFD.Report/Source/UI/ReportUI.NFD/NFDR225.cs:431
至少勾選一項核印狀態	AddError(	Dev/ATLAS.NFD.Report/Source/UI/ReportUI.NFD/NFDR225.cs:436
請先選取基金代碼。	AddError(	Dev/ATLAS.NFD.Report/Source/UI/ReportUI.NFD/NFDR231.cs:116
交易日期(起)不可大於交易日期(迄)!!	AddError(	Dev/ATLAS.NFD.Report/Source/UI/ReportUI.NFD/NFDR232.cs:97
'轉入日期(起)'必須小於'轉入日期(迄)'	AddError(	Dev/ATLAS.NFD.Report/Source/UI/ReportUI.NFD/NFDR233.cs:40
銷售機構區別碼(起)(迄) 必須同時(不)輸入	AddError(	Dev/ATLAS.NFD.Report/Source/UI/ReportUI.NFD/NFDR233.cs:43
銷售機構區別碼(起) 不可大於 銷售機構區別碼(迄)	AddError(	Dev/ATLAS.NFD.Report/Source/UI/ReportUI.NFD/NFDR233.cs:49
銷售機構代碼(起) 不可大於 銷售機構代碼(迄)	AddError(	Dev/ATLAS.NFD.Report/Source/UI/ReportUI.NFD/NFDR233.cs:58
請至少勾選一種'交易途徑'	AddError(	Dev/ATLAS.NFD.Report/Source/UI/ReportUI.NFD/NFDR233.cs:65
申購日期、處理日期、申購書號與比對編號必須擇一輸入	AddError(	Dev/ATLAS.NFD.Report/Source/UI/ReportUI.NFD/NFDR236.cs:219
比對狀態 至少要勾選一個項目	AddError(	Dev/ATLAS.NFD.Report/Source/UI/ReportUI.NFD/NFDR236.cs:223
申購日期(起) 不可大於 申購日期(迄)	AddError(	Dev/ATLAS.NFD.Report/Source/UI/ReportUI.NFD/NFDR236.cs:230
處理日期(起) 不可大於 處理日期(迄)	AddError(	Dev/ATLAS.NFD.Report/Source/UI/ReportUI.NFD/NFDR236.cs:234
申購書號(起)請輸入數字	AddError(	Dev/ATLAS.NFD.Report/Source/UI/ReportUI.NFD/NFDR236.cs:242
申購書號(迄)請輸入數字	AddError(	Dev/ATLAS.NFD.Report/Source/UI/ReportUI.NFD/NFDR236.cs:246
申購書號(起、迄)請皆輸入13碼	AddError(	Dev/ATLAS.NFD.Report/Source/UI/ReportUI.NFD/NFDR236.cs:250
申購書號(起) 不可大於 申購書號(迄)	AddError(	Dev/ATLAS.NFD.Report/Source/UI/ReportUI.NFD/NFDR236.cs:254
比對編號(起) 不可大於 比對編號(迄)	AddError(	Dev/ATLAS.NFD.Report/Source/UI/ReportUI.NFD/NFDR236.cs:262
無符合查詢條件的資料	ShowMessage(	Dev/ATLAS.NFD.Report/Source/UI/ReportUI.NFD/NFDR236.cs:350
執行成功	ShowMessage(	Dev/ATLAS.NFD.Report/Source/UI/ReportUI.NFD/NFDR236.cs:368
至少勾選一筆帳戶!	AddError(	Dev/ATLAS.NFD.Report/Source/UI/ReportUI.NFD/NFDR237.cs:237
匯款日期、處理日期與比對編號必須擇一輸入	AddError(	Dev/ATLAS.NFD.Report/Source/UI/ReportUI.NFD/NFDR237.cs:245
比對狀態 至少要勾選一個項目	AddError(	Dev/ATLAS.NFD.Report/Source/UI/ReportUI.NFD/NFDR237.cs:249
匯款日期(起) 不可大於 匯款日期(迄)	AddError(	Dev/ATLAS.NFD.Report/Source/UI/ReportUI.NFD/NFDR237.cs:256
處理日期(起) 不可大於 處理日期(迄)	AddError(	Dev/ATLAS.NFD.Report/Source/UI/ReportUI.NFD/NFDR237.cs:261
比對編號(起) 不可大於 比對編號(迄)	AddError(	Dev/ATLAS.NFD.Report/Source/UI/ReportUI.NFD/NFDR237.cs:267
此基金沒有設定匯款帳號!	AddError(	Dev/ATLAS.NFD.Report/Source/UI/ReportUI.NFD/NFDR237.cs:310
無符合查詢條件的資料	ShowMessage(	Dev/ATLAS.NFD.Report/Source/UI/ReportUI.NFD/NFDR237.cs:378
執行成功	ShowMessage(	Dev/ATLAS.NFD.Report/Source/UI/ReportUI.NFD/NFDR237.cs:396
買回付款日期起迄與重匯日期起迄 擇一必輸	AddError(	Dev/ATLAS.NFD.Report/Source/UI/ReportUI.NFD/NFDR240.cs:124
買回付款日期(迄) 必須輸入	AddError(	Dev/ATLAS.NFD.Report/Source/UI/ReportUI.NFD/NFDR240.cs:128
買回付款日期(起) 必須輸入	AddError(	Dev/ATLAS.NFD.Report/Source/UI/ReportUI.NFD/NFDR240.cs:130
買回付款日期(起) 不可大於 買回付款日期(迄)	AddError(	Dev/ATLAS.NFD.Report/Source/UI/ReportUI.NFD/NFDR240.cs:134
重匯日期(迄) 必須輸入	AddError(	Dev/ATLAS.NFD.Report/Source/UI/ReportUI.NFD/NFDR240.cs:138
重匯日期(起) 必須輸入	AddError(	Dev/ATLAS.NFD.Report/Source/UI/ReportUI.NFD/NFDR240.cs:140
重匯日期(起) 不可大於 重匯日期(迄)	AddError(	Dev/ATLAS.NFD.Report/Source/UI/ReportUI.NFD/NFDR240.cs:144
至少勾選一筆基金代碼	AddError(	Dev/ATLAS.NFD.Report/Source/UI/ReportUI.NFD/NFDR241.cs:353
交易日期(起) 不可大於 交易日期(迄)	AddError(	Dev/ATLAS.NFD.Report/Source/UI/ReportUI.NFD/NFDR241.cs:485
若輸入 交易日期 ,則(起)為必填欄位	AddError(	Dev/ATLAS.NFD.Report/Source/UI/ReportUI.NFD/NFDR241.cs:491
若輸入 交易日期 ,則(迄)為必填欄位	AddError(	Dev/ATLAS.NFD.Report/Source/UI/ReportUI.NFD/NFDR241.cs:495
需勾選任一交易內容	AddError(	Dev/ATLAS.NFD.Report/Source/UI/ReportUI.NFD/NFDR241.cs:501
至少勾選一筆基金代碼	AddError(	Dev/ATLAS.NFD.Report/Source/UI/ReportUI.NFD/NFDR241.cs:509
若輸入申購書號則(起)為必填欄位	AddError(	Dev/ATLAS.NFD.Report/Source/UI/ReportUI.NFD/NFDR241.cs:542
若輸入申購書號則(迄)為必填欄位	AddError(	Dev/ATLAS.NFD.Report/Source/UI/ReportUI.NFD/NFDR241.cs:545
若輸入贖回書號則(起)為必填欄位	AddError(	Dev/ATLAS.NFD.Report/Source/UI/ReportUI.NFD/NFDR241.cs:550
若輸入贖回書號則(迄)為必填欄位	AddError(	Dev/ATLAS.NFD.Report/Source/UI/ReportUI.NFD/NFDR241.cs:553
申購書號(起、迄)請皆輸入13碼	AddError(	Dev/ATLAS.NFD.Report/Source/UI/ReportUI.NFD/NFDR241.cs:561
申購書號(起) 不可大於 申購書號(迄)	AddError(	Dev/ATLAS.NFD.Report/Source/UI/ReportUI.NFD/NFDR241.cs:566
贖回書號(起、迄)請皆輸入13碼	AddError(	Dev/ATLAS.NFD.Report/Source/UI/ReportUI.NFD/NFDR241.cs:574
贖回書號(起) 不可大於 贖回書號(迄)	AddError(	Dev/ATLAS.NFD.Report/Source/UI/ReportUI.NFD/NFDR241.cs:579
銷售機構區別碼(起)(迄) 必須同時(不)輸入	AddError(	Dev/ATLAS.NFD.Report/Source/UI/ReportUI.NFD/NFDR241.cs:586
銷售機構區別碼(起) 不可大於 銷售機構區別碼(迄)	AddError(	Dev/ATLAS.NFD.Report/Source/UI/ReportUI.NFD/NFDR241.cs:593
銷售機構代碼(起) 不可大於 銷售機構代碼(迄)	AddError(	Dev/ATLAS.NFD.Report/Source/UI/ReportUI.NFD/NFDR241.cs:603
日期為必填欄位!!	AddError(	Dev/ATLAS.NFD.Report/Source/UI/ReportUI.NFD/NFDR242.cs:93
至少勾選一筆基金代碼	AddError(	Dev/ATLAS.NFD.Report/Source/UI/ReportUI.NFD/NFDR243.cs:238
至少勾選一筆基金代碼	AddError(	Dev/ATLAS.NFD.Report/Source/UI/ReportUI.NFD/NFDR243.cs:280
交易日期(起)不可大於交易日期(迄)	AddError(	Dev/ATLAS.NFD.Report/Source/UI/ReportUI.NFD/NFDR243.cs:420
至少勾選一筆基金代碼	AddError(	Dev/ATLAS.NFD.Report/Source/UI/ReportUI.NFD/NFDR243.cs:432
交易日期(起)(迄) 必須皆(不)填寫	AddError(	Dev/ATLAS.NFD.Report/Source/UI/ReportUI.NFD/NFDR244.cs:57
至少勾選一筆基金代碼	AddError(	Dev/ATLAS.NFD.Report/Source/UI/ReportUI.NFD/NFDR244.cs:66
交易日期(起) 不可大於 交易日期(迄)	AddError(	Dev/ATLAS.NFD.Report/Source/UI/ReportUI.NFD/NFDR244.cs:70
至少勾選一筆基金代碼	AddError(	Dev/ATLAS.NFD.Report/Source/UI/ReportUI.NFD/NFDR244.cs:205
至少勾選一筆基金代碼	AddError(	Dev/ATLAS.NFD.Report/Source/UI/ReportUI.NFD/NFDR244.cs:236
日期(起) 不可大於 日期(迄)	AddError(	Dev/ATLAS.NFD.Report/Source/UI/ReportUI.NFD/NFDR352.cs:184
轉Excel檔的功能 需要輸入"轉出路徑"。	AddError(	Dev/ATLAS.NFD.Report/Source/UI/ReportUI.NFD/NFDR352.cs:193
轉出路徑不存在!	AddError(	Dev/ATLAS.NFD.Report/Source/UI/ReportUI.NFD/NFDR352.cs:197
轉出路徑不存在!	AddError(	Dev/ATLAS.NFD.Report/Source/UI/ReportUI.NFD/NFDR352.cs:250
無符合查詢條件的資料。	ShowMessage(	Dev/ATLAS.NFD.Report/Source/UI/ReportUI.NFD/NFDR352.cs:278
執行成功	ShowMessage(	Dev/ATLAS.NFD.Report/Source/UI/ReportUI.NFD/NFDR352.cs:296
商業邏輯異常!	ShowMessage(	Dev/ATLAS.NFD.Report/Source/UI/ReportUI.NFD/NFDR352.cs:302
報表種類 必須選取	AddError(	Dev/ATLAS.NFD.Report/Source/UI/ReportUI.NFD/NFDR431.cs:147
資料年月(起) 必須輸入	AddError(	Dev/ATLAS.NFD.Report/Source/UI/ReportUI.NFD/NFDR431.cs:150
資料年月(訖) 必須大於 資料年月(起)	AddError(	Dev/ATLAS.NFD.Report/Source/UI/ReportUI.NFD/NFDR431.cs:158
匯出路徑不得為空值	AddError(	Dev/ATLAS.NFD.Report/Source/UI/ReportUI.NFD/NFDR431.cs:298
查無資料!!	MessageBox.Show(	Dev/ATLAS.NFD.Report/Source/UI/ReportUI.NFD/NFDR431.cs:334
報表種類 必須選取	AddError(	Dev/ATLAS.NFD.Report/Source/UI/ReportUI.NFD/NFDR432.cs:132
資料年月 必須輸入	AddError(	Dev/ATLAS.NFD.Report/Source/UI/ReportUI.NFD/NFDR432.cs:134
資料年月(訖) 必須輸入	AddError(	Dev/ATLAS.NFD.Report/Source/UI/ReportUI.NFD/NFDR432.cs:138
資料年月(訖) 必須大於或等於 資料年月(起)	AddError(	Dev/ATLAS.NFD.Report/Source/UI/ReportUI.NFD/NFDR432.cs:141
匯出路徑不得為空值	AddError(	Dev/ATLAS.NFD.Report/Source/UI/ReportUI.NFD/NFDR432.cs:255
查無資料!!	MessageBox.Show(	Dev/ATLAS.NFD.Report/Source/UI/ReportUI.NFD/NFDR432.cs:289
日期區間(起) 不可大於 日期區間(迄)	AddError(	Dev/ATLAS.NFD.Report/Source/UI/ReportUI.NFD/NFDR433.cs:299
{0}的功能 需要輸入"轉出路徑"。	AddError(	Dev/ATLAS.NFD.Report/Source/UI/ReportUI.NFD/NFDR433.cs:308
轉出路徑不存在!	AddError(	Dev/ATLAS.NFD.Report/Source/UI/ReportUI.NFD/NFDR433.cs:313
轉出路徑不存在!	AddError(	Dev/ATLAS.NFD.Report/Source/UI/ReportUI.NFD/NFDR433.cs:426
查無相關資料。	ShowMessage(	Dev/ATLAS.NFD.Report/Source/UI/ReportUI.NFD/NFDR433.cs:469
查無相關資料。	ShowMessage(	Dev/ATLAS.NFD.Report/Source/UI/ReportUI.NFD/NFDR433.cs:513
前端程式異常。	ShowMessage(	Dev/ATLAS.NFD.Report/Source/UI/ReportUI.NFD/NFDR433.cs:616
下載功能 需要輸入"轉出路徑"。	AddError(	Dev/ATLAS.NFD.Report/Source/UI/ReportUI.NFD/NFDR434.cs:360
轉出路徑不存在!	AddError(	Dev/ATLAS.NFD.Report/Source/UI/ReportUI.NFD/NFDR434.cs:364
轉出路徑不存在!	AddError(	Dev/ATLAS.NFD.Report/Source/UI/ReportUI.NFD/NFDR434.cs:415
查無相關資料。	ShowMessage(	Dev/ATLAS.NFD.Report/Source/UI/ReportUI.NFD/NFDR434.cs:445
前端程式異常。	ShowMessage(	Dev/ATLAS.NFD.Report/Source/UI/ReportUI.NFD/NFDR434.cs:589
日期區間(起) 不可大於 日期區間(迄)	AddError(	Dev/ATLAS.NFD.Report/Source/UI/ReportUI.NFD/NFDR435.cs:145
{0}的功能 需要輸入"轉出路徑"。	AddError(	Dev/ATLAS.NFD.Report/Source/UI/ReportUI.NFD/NFDR435.cs:154
轉出路徑不存在!	AddError(	Dev/ATLAS.NFD.Report/Source/UI/ReportUI.NFD/NFDR435.cs:159
轉出路徑不存在!	AddError(	Dev/ATLAS.NFD.Report/Source/UI/ReportUI.NFD/NFDR435.cs:330
查無相關資料。	ShowMessage(	Dev/ATLAS.NFD.Report/Source/UI/ReportUI.NFD/NFDR435.cs:367
查無相關資料。	ShowMessage(	Dev/ATLAS.NFD.Report/Source/UI/ReportUI.NFD/NFDR435.cs:456
筆數：{0}  總平均金額：{1}	ShowMessage(	Dev/ATLAS.NFD.Report/Source/UI/ReportUI.NFD/NFDR435.cs:531
前端程式異常。{…}	ShowMessage(	Dev/ATLAS.NFD.Report/Source/UI/ReportUI.NFD/NFDR435.cs:545
日期區間(訖) 必須大於 日期區間(起)	AddError(	Dev/ATLAS.NFD.Report/Source/UI/ReportUI.NFD/NFDR436.cs:164
當【銷售機構類別】=券商(不含元富證)且【銷售類別】=申購時，【輸出格式】不得選定額列印(不提供該功能)	AddError(	Dev/ATLAS.NFD.Report/Source/UI/ReportUI.NFD/NFDR436.cs:167
轉出路徑不得為空值	AddError(	Dev/ATLAS.NFD.Report/Source/UI/ReportUI.NFD/NFDR436.cs:337
查無資料!!	MessageBox.Show(	Dev/ATLAS.NFD.Report/Source/UI/ReportUI.NFD/NFDR436.cs:366
日期區間(訖) 必須大於 日期區間(起)	AddError(	Dev/ATLAS.NFD.Report/Source/UI/ReportUI.NFD/NFDR437.cs:62
查無資料!!	MessageBox.Show(	Dev/ATLAS.NFD.Report/Source/UI/ReportUI.NFD/NFDR437.cs:105
申購日期(起) 不可大於 申購日期(迄)	AddError(	Dev/ATLAS.NFD.Report/Source/UI/ReportUI.NFD/NFDR501.cs:39
至少勾選一筆基金代碼	AddError(	Dev/ATLAS.NFD.Report/Source/UI/ReportUI.NFD/NFDR501.cs:45
銷售機構區別碼(起)(迄) 必須同時(不)輸入	AddError(	Dev/ATLAS.NFD.Report/Source/UI/ReportUI.NFD/NFDR501.cs:52
銷售機構區別碼(起) 不可大於 銷售機構區別碼(迄)	AddError(	Dev/ATLAS.NFD.Report/Source/UI/ReportUI.NFD/NFDR501.cs:59
銷售機構代碼(起) 不可大於 銷售機構代碼(迄)	AddError(	Dev/ATLAS.NFD.Report/Source/UI/ReportUI.NFD/NFDR501.cs:69
申購日期(起) 不可大於 申購日期(迄)	AddError(	Dev/ATLAS.NFD.Report/Source/UI/ReportUI.NFD/NFDR502.cs:112
至少勾選一筆基金代碼	AddError(	Dev/ATLAS.NFD.Report/Source/UI/ReportUI.NFD/NFDR502.cs:118
統計日期(起) 不可大於 統計日期(迄)	AddError(	Dev/ATLAS.NFD.Report/Source/UI/ReportUI.NFD/NFDR504.cs:72
申購日期(起) 不可大於 申購日期(迄)	AddError(	Dev/ATLAS.NFD.Report/Source/UI/ReportUI.NFD/NFDR505.cs:87
總申購金額(起) 不可大於 總申購金額(迄)	AddError(	Dev/ATLAS.NFD.Report/Source/UI/ReportUI.NFD/NFDR505.cs:95
至少勾選一筆基金代碼	AddError(	Dev/ATLAS.NFD.Report/Source/UI/ReportUI.NFD/NFDR505.cs:102
扣款日期(起) 不可大於 扣款日期(迄)	AddError(	Dev/ATLAS.NFD.Report/Source/UI/ReportUI.NFD/NFDR506.cs:80
至少勾選一筆基金代碼	AddError(	Dev/ATLAS.NFD.Report/Source/UI/ReportUI.NFD/NFDR506.cs:86
扣款日期(起) 不可大於 扣款日期(迄)	AddError(	Dev/ATLAS.NFD.Report/Source/UI/ReportUI.NFD/NFDR507.cs:88
至少勾選一筆基金代碼	AddError(	Dev/ATLAS.NFD.Report/Source/UI/ReportUI.NFD/NFDR507.cs:94
統計日期(起) 不可大於 統計日期(迄)	AddError(	Dev/ATLAS.NFD.Report/Source/UI/ReportUI.NFD/NFDR509.cs:40
統計日期(起) 不可大於 統計日期(迄)	AddError(	Dev/ATLAS.NFD.Report/Source/UI/ReportUI.NFD/NFDR510.cs:78
至少勾選一筆基金代碼	AddError(	Dev/ATLAS.NFD.Report/Source/UI/ReportUI.NFD/NFDR510.cs:84
統計日期(起) 不可大於 統計日期(迄)	AddError(	Dev/ATLAS.NFD.Report/Source/UI/ReportUI.NFD/NFDR511.cs:78
統計日期(起) 不可大於 統計日期(迄)	AddError(	Dev/ATLAS.NFD.Report/Source/UI/ReportUI.NFD/NFDR512.cs:86
統計年月(起) 不可大於 統計年月(迄)	AddError(	Dev/ATLAS.NFD.Report/Source/UI/ReportUI.NFD/NFDR513.cs:82
統計年月(起) 不可大於 統計年月(迄)	AddError(	Dev/ATLAS.NFD.Report/Source/UI/ReportUI.NFD/NFDR514.cs:97
無符合查詢條件的資料	ShowMessage(	Dev/ATLAS.NFD.Report/Source/UI/ReportUI.NFD/NFDR514.cs:125
執行成功	ShowMessage(	Dev/ATLAS.NFD.Report/Source/UI/ReportUI.NFD/NFDR514.cs:143
統計日期(起) 不可大於 統計日期(迄)	AddError(	Dev/ATLAS.NFD.Report/Source/UI/ReportUI.NFD/NFDR515.cs:89
至少勾選一筆基金代碼	AddError(	Dev/ATLAS.NFD.Report/Source/UI/ReportUI.NFD/NFDR516.cs:44
上限百分比 不可大於100	AddError(	Dev/ATLAS.NFD.Report/Source/UI/ReportUI.NFD/NFDR516.cs:47
上限百分比 不可等於0	AddError(	Dev/ATLAS.NFD.Report/Source/UI/ReportUI.NFD/NFDR516.cs:49
申購日期 不可小於 基金代碼{…} 的 基金開始募集日期{…}	AddError(	Dev/ATLAS.NFD.Report/Source/UI/ReportUI.NFD/NFDR516.cs:53
基金[{…}]無發行在外單位數	AddError(	Dev/ATLAS.NFD.Report/Source/UI/ReportUI.NFD/NFDR516.cs:154
交易日期(起)不可大於交易日期(迄)	AddError(	Dev/ATLAS.NFD.Report/Source/UI/ReportUI.NFD/NFDR517.cs:184
交易種類至少勾選一項	AddError(	Dev/ATLAS.NFD.Report/Source/UI/ReportUI.NFD/NFDR517.cs:187
匯出成功！	ShowMessage(	Dev/ATLAS.NFD.Report/Source/UI/ReportUI.NFD/NFDR558.cs:161
匯出成功！	ShowMessage(	Dev/ATLAS.NFD.Report/Source/UI/ReportUI.NFD/NFDR559.cs:136
匯出成功！	ShowMessage(	Dev/ATLAS.NFD.Report/Source/UI/ReportUI.NFD/NFDR560.cs:149
統計日期(起) 不可大於 統計日期(迄)	AddError(	Dev/ATLAS.NFD.Report/Source/UI/ReportUI.NFD/NFDR701.cs:99
統計日期(起) 不可大於 統計日期(迄)	AddError(	Dev/ATLAS.NFD.Report/Source/UI/ReportUI.NFD/NFDR702.cs:99
統計日期(起) 不可大於 統計日期(迄)	AddError(	Dev/ATLAS.NFD.Report/Source/UI/ReportUI.NFD/NFDR703.cs:99
統計日期(起) 不可大於 統計日期(迄)	AddError(	Dev/ATLAS.NFD.Report/Source/UI/ReportUI.NFD/NFDR704.cs:94
戶號{…}非指託戶	AddError(	Dev/ATLAS.NFD.Report/Source/UI/ReportUI.NFD/NFDR704.cs:117
統計日期(起) 不可大於 統計日期(迄)	AddError(	Dev/ATLAS.NFD.Report/Source/UI/ReportUI.NFD/NFDR705.cs:99
統計日期(起) 不可大於 統計日期(迄)	AddError(	Dev/ATLAS.NFD.Report/Source/UI/ReportUI.NFD/NFDR706.cs:94
統計日期(起) 不可大於 統計日期(迄)	AddError(	Dev/ATLAS.NFD.Report/Source/UI/ReportUI.NFD/NFDR707.cs:99
結餘日期(起)不可為空, 為必填欄位	AddError(	Dev/ATLAS.NFD.Report/Source/UI/ReportUI.NFD/NFDR802.cs:38
結餘日期(訖)不可為空, 為必填欄位	AddError(	Dev/ATLAS.NFD.Report/Source/UI/ReportUI.NFD/NFDR802.cs:42
區間日期(起)需小於或等於區間日期(訖)	AddError(	Dev/ATLAS.NFD.Report/Source/UI/ReportUI.NFD/NFDR802.cs:45
結餘年月不可為空, 為必填欄位	AddError(	Dev/ATLAS.NFD.Report/Source/UI/ReportUI.NFD/NFDR802.cs:51
日期(起)必須小於申購日期(迄)。	AddError(	Dev/ATLAS.NFD.Report/Source/UI/ReportUI.NFD/NFDR805.cs:63
計算日期(起)不可為空, 為必填欄位	AddError(	Dev/ATLAS.NFD.Report/Source/UI/ReportUI.NFD/NFDR806.cs:30
計算日期(訖)不可為空, 為必填欄位	AddError(	Dev/ATLAS.NFD.Report/Source/UI/ReportUI.NFD/NFDR806.cs:34
區間日期(起)需小於或等於區間日期(訖)	AddError(	Dev/ATLAS.NFD.Report/Source/UI/ReportUI.NFD/NFDR807.cs:30
計算日期不可為空, 為必填欄位	AddError(	Dev/ATLAS.NFD.Report/Source/UI/ReportUI.NFD/NFDR808.cs:48
查無資料!!	MessageBox.Show(	Dev/ATLAS.NFD.Report/Source/UI/ReportUI.NFD/NFDR810.cs:97
此項功能無作用	MessageBox.Show(	Dev/ATLAS.NFD.Report/Source/UI/ReportUI.NFD/NFDR810.cs:140
此項功能無作用	MessageBox.Show(	Dev/ATLAS.NFD.Report/Source/UI/ReportUI.NFD/NFDR811.cs:136
日期(起)不可為空, 為必填欄位	AddError(	Dev/ATLAS.NFD.Report/Source/UI/ReportUI.NFD/NFDR812.cs:46
銷售機構區別碼(起)(迄) 必須同時(不)輸入	AddError(	Dev/ATLAS.NFD.Report/Source/UI/ReportUI.NFD/NFDR812.cs:54
銷售機構區別碼(起) 不可大於 銷售機構區別碼(迄)	AddError(	Dev/ATLAS.NFD.Report/Source/UI/ReportUI.NFD/NFDR812.cs:60
銷售機構代碼(起) 不可大於 銷售機構代碼(迄)	AddError(	Dev/ATLAS.NFD.Report/Source/UI/ReportUI.NFD/NFDR812.cs:69
基金明細必須勾選!!	AddError(	Dev/ATLAS.NFD.Report/Source/UI/ReportUI.NFD/NFDR812.cs:81
公會資料下載成功!! 申購總金額:{0} 贖回總金額:{1}	ShowMessage(	Dev/ATLAS.NFD.Report/Source/UI/ReportUI.NFD/NFDR812.cs:232
無符合查詢條件的資料。	ShowMessage(	Dev/ATLAS.NFD.Report/Source/UI/ReportUI.NFD/NFDR812.cs:282
無符合查詢條件的資料。	ShowMessage(	Dev/ATLAS.NFD.Report/Source/UI/ReportUI.NFD/NFDR812.cs:306
{0} 必須輸入。	AddError(	Dev/ATLAS.NFD.Report/Source/UI/ReportUI.NFD/NFDR813.cs:41
買回申請日期(迄) 必須輸入。	AddError(	Dev/ATLAS.NFD.Report/Source/UI/ReportUI.NFD/NFDR813.cs:45
買回申請日期(起)必須小於等於買回申請日期(迄)。	AddError(	Dev/ATLAS.NFD.Report/Source/UI/ReportUI.NFD/NFDR813.cs:48
{…} 必須輸入。	AddError(	Dev/ATLAS.NFD.Report/Source/UI/ReportUI.NFD/NFDR813.cs:51
結餘金額(起) 必須輸入	AddError(	Dev/ATLAS.NFD.Report/Source/UI/ReportUI.NFD/NFDR814.cs:120
結餘金額(迄) 必須輸入	AddError(	Dev/ATLAS.NFD.Report/Source/UI/ReportUI.NFD/NFDR814.cs:122
結餘金額(起)不可大於結餘金額(迄)	AddError(	Dev/ATLAS.NFD.Report/Source/UI/ReportUI.NFD/NFDR814.cs:126
統計日期(起) 必須輸入。	AddError(	Dev/ATLAS.NFD.Report/Source/UI/ReportUI.NFD/NFDR815.cs:67
統計日期(迄) 必須輸入。	AddError(	Dev/ATLAS.NFD.Report/Source/UI/ReportUI.NFD/NFDR815.cs:69
'統計日期(起)'必須小於'統計日期(迄)'。	AddError(	Dev/ATLAS.NFD.Report/Source/UI/ReportUI.NFD/NFDR815.cs:72
期間(起) 必須輸入。	AddError(	Dev/ATLAS.NFD.Report/Source/UI/ReportUI.NFD/NFDR816.cs:42
期間(迄) 必須輸入。	AddError(	Dev/ATLAS.NFD.Report/Source/UI/ReportUI.NFD/NFDR816.cs:44
'期間(起)'必須小於等於'期間(迄)'。	AddError(	Dev/ATLAS.NFD.Report/Source/UI/ReportUI.NFD/NFDR816.cs:47
至少勾選一筆基金代碼	AddError(	Dev/ATLAS.OFD.Query/20220518/OFDI016.cs:151
匯出成功！	ShowMessage(	Dev/ATLAS.OFD.Query/20220518/OFDI016.cs:206
查無資料	AddResultRow(	Dev/ATLAS.OFD.Query/Source/PO/QueryPO.OFD/OFDI019_PO.cs:178
查詢成功，查詢筆數：{0}筆	AddResultRow(	Dev/ATLAS.OFD.Query/Source/PO/QueryPO.OFD/OFDI019_PO.cs:182
無該基金查詢權限	AddResultRow(	Dev/ATLAS.OFD.Query/Source/PO/QueryPO.OFD/OFDI058B_PO.cs:225
檢核基金查詢權限過程中發生異常，請檢查	AddResultRow(	Dev/ATLAS.OFD.Query/Source/PO/QueryPO.OFD/OFDI058B_PO.cs:231
該基金尚未成立	AddResultRow(	Dev/ATLAS.OFD.Query/Source/PO/QueryPO.OFD/OFDI058B_PO.cs:271
檢核基金是否成立過程中發生異常，請檢查	AddResultRow(	Dev/ATLAS.OFD.Query/Source/PO/QueryPO.OFD/OFDI058B_PO.cs:282
無該基金查詢權限	AddResultRow(	Dev/ATLAS.OFD.Query/Source/PO/QueryPO.OFD/OFDI058_PO.cs:299
檢核基金查詢權限過程中發生異常，請檢查	AddResultRow(	Dev/ATLAS.OFD.Query/Source/PO/QueryPO.OFD/OFDI058_PO.cs:305
該基金尚未成立	AddResultRow(	Dev/ATLAS.OFD.Query/Source/PO/QueryPO.OFD/OFDI058_PO.cs:339
檢核基金查詢權限過程中發生異常，請檢查	AddResultRow(	Dev/ATLAS.OFD.Query/Source/PO/QueryPO.OFD/OFDI058_PO.cs:350
查無{…}牌告手續費率	AddResultRow(	Dev/ATLAS.OFD.Query/Source/PO/QueryPO.OFD/OFDI199_PO.cs:135
無差異資料!	變數指派 =	Dev/ATLAS.OFD.Query/Source/PO/QueryPO.OFD/OFDI721_PO.cs:120
'刪除日期(迄)' 為必填欄位	AddError(	Dev/ATLAS.OFD.Query/Source/UI/QueryUI.OFD/OFDI010.cs:58
'刪除日期(起)' 為必填欄位	AddError(	Dev/ATLAS.OFD.Query/Source/UI/QueryUI.OFD/OFDI010.cs:60
刪除日期(起) 不可大於 刪除日期(迄)	AddError(	Dev/ATLAS.OFD.Query/Source/UI/QueryUI.OFD/OFDI010.cs:65
至少勾選一筆基金代碼	AddError(	Dev/ATLAS.OFD.Query/Source/UI/QueryUI.OFD/OFDI016.cs:151
查無符合資料！	ShowMessage(	Dev/ATLAS.OFD.Query/Source/UI/QueryUI.OFD/OFDI016.cs:192
匯出成功！	ShowMessage(	Dev/ATLAS.OFD.Query/Source/UI/QueryUI.OFD/OFDI016.cs:211
請輸入[申報年度]	AddError(	Dev/ATLAS.OFD.Query/Source/UI/QueryUI.OFD/OFDI019.cs:125
請選取存檔路徑!!!	AddError(	Dev/ATLAS.OFD.Query/Source/UI/QueryUI.OFD/OFDI019.cs:353
目錄 [{…}] 不存在!!	AddError(	Dev/ATLAS.OFD.Query/Source/UI/QueryUI.OFD/OFDI019.cs:362
[申報年度]不可大於系統年度	AddError(	Dev/ATLAS.OFD.Query/Source/UI/QueryUI.OFD/OFDI019.cs:480
[訊息編號]不可空白	AddError(	Dev/ATLAS.OFD.Query/Source/UI/QueryUI.OFD/OFDI019.cs:485
至少勾選一筆基金代碼	AddError(	Dev/ATLAS.OFD.Query/Source/UI/QueryUI.OFD/OFDI022.cs:81
交易日期(起) 不可大於 交易日期(迄)	AddError(	Dev/ATLAS.OFD.Query/Source/UI/QueryUI.OFD/OFDI022.cs:506
至少勾選一筆基金代碼	AddError(	Dev/ATLAS.OFD.Query/Source/UI/QueryUI.OFD/OFDI022.cs:532
無全部基金權限，請輸入基金代碼	AddError(	Dev/ATLAS.OFD.Query/Source/UI/QueryUI.OFD/OFDI058.cs:139
申購金額 必須大於0	AddError(	Dev/ATLAS.OFD.Query/Source/UI/QueryUI.OFD/OFDI058.cs:146
贖回金額 必須大於0	AddError(	Dev/ATLAS.OFD.Query/Source/UI/QueryUI.OFD/OFDI058.cs:154
無全部基金權限，請輸入基金代碼	AddError(	Dev/ATLAS.OFD.Query/Source/UI/QueryUI.OFD/OFDI058B.cs:134
申購金額 必須大於0	AddError(	Dev/ATLAS.OFD.Query/Source/UI/QueryUI.OFD/OFDI058B.cs:141
贖回金額 必須大於0	AddError(	Dev/ATLAS.OFD.Query/Source/UI/QueryUI.OFD/OFDI058B.cs:149
至少勾選一筆基金代碼	AddError(	Dev/ATLAS.OFD.Query/Source/UI/QueryUI.OFD/OFDI059.cs:80
至少勾選一筆基金代碼	AddError(	Dev/ATLAS.OFD.Query/Source/UI/QueryUI.OFD/OFDI059.cs:208
資料建立日期及交易日期必須擇一填寫	AddError(	Dev/ATLAS.OFD.Query/Source/UI/QueryUI.OFD/OFDI059.cs:214
交易日期(起)(迄) 必須同時輸入(不輸入)	AddError(	Dev/ATLAS.OFD.Query/Source/UI/QueryUI.OFD/OFDI059.cs:219
交易日期(起) 不可小於 交易日期(迄)	AddError(	Dev/ATLAS.OFD.Query/Source/UI/QueryUI.OFD/OFDI059.cs:225
資料建立日期(起)(迄) 必須同時輸入(不輸入)	AddError(	Dev/ATLAS.OFD.Query/Source/UI/QueryUI.OFD/OFDI059.cs:230
資料建立日期(起) 不可小於 資料建立日期(迄)	AddError(	Dev/ATLAS.OFD.Query/Source/UI/QueryUI.OFD/OFDI059.cs:236
至少勾選一筆基金代碼	AddError(	Dev/ATLAS.OFD.Query/Source/UI/QueryUI.OFD/OFDI060.cs:88
交易日期(起)不可大於交易日期(迄)	AddError(	Dev/ATLAS.OFD.Query/Source/UI/QueryUI.OFD/OFDI060.cs:345
至少勾選一筆基金代碼	AddError(	Dev/ATLAS.OFD.Query/Source/UI/QueryUI.OFD/OFDI060.cs:358
'資料控制日期(迄)' 為必填欄位	AddError(	Dev/ATLAS.OFD.Query/Source/UI/QueryUI.OFD/OFDI071.cs:141
'資料控制日期(起)' 為必填欄位	AddError(	Dev/ATLAS.OFD.Query/Source/UI/QueryUI.OFD/OFDI071.cs:143
資料控制日期(起) 不可大於 資料控制日期(迄)	AddError(	Dev/ATLAS.OFD.Query/Source/UI/QueryUI.OFD/OFDI071.cs:148
'資料控制日期(迄)' 為必填欄位	AddError(	Dev/ATLAS.OFD.Query/Source/UI/QueryUI.OFD/OFDI072A.cs:135
'資料控制日期(起)' 為必填欄位	AddError(	Dev/ATLAS.OFD.Query/Source/UI/QueryUI.OFD/OFDI072A.cs:137
資料控制日期(起) 不可大於 資料控制日期(迄)	AddError(	Dev/ATLAS.OFD.Query/Source/UI/QueryUI.OFD/OFDI072A.cs:142
'結餘日期(迄)' 為必填欄位	AddError(	Dev/ATLAS.OFD.Query/Source/UI/QueryUI.OFD/OFDI076A.cs:209
'結餘日期(起)' 為必填欄位	AddError(	Dev/ATLAS.OFD.Query/Source/UI/QueryUI.OFD/OFDI076A.cs:211
結餘日期(起) 不可大於 結餘日期(迄)	AddError(	Dev/ATLAS.OFD.Query/Source/UI/QueryUI.OFD/OFDI076A.cs:216
'結餘日期(迄)' 為必填欄位	AddError(	Dev/ATLAS.OFD.Query/Source/UI/QueryUI.OFD/OFDI078A.cs:138
'結餘日期(起)' 為必填欄位	AddError(	Dev/ATLAS.OFD.Query/Source/UI/QueryUI.OFD/OFDI078A.cs:140
結餘日期(起) 不可大於 結餘日期(迄)	AddError(	Dev/ATLAS.OFD.Query/Source/UI/QueryUI.OFD/OFDI078A.cs:145
'{…}'必須輸入	AddError(	Dev/ATLAS.OFD.Query/Source/UI/QueryUI.OFD/OFDI199.cs:228
'活動日期時間(起)'必需小於'活動日期時間(迄)'	AddError(	Dev/ATLAS.OFD.Query/Source/UI/QueryUI.OFD/OFDI199.cs:233
'定時定額 活動優惠日期(起)'必須大於等於'活動日期(起)'	AddError(	Dev/ATLAS.OFD.Query/Source/UI/QueryUI.OFD/OFDI199.cs:252
'定時定額 活動優惠日期(迄)'必須大於等於'活動日期(迄)'	AddError(	Dev/ATLAS.OFD.Query/Source/UI/QueryUI.OFD/OFDI199.cs:257
基金資料 必須輸入	AddError(	Dev/ATLAS.OFD.Query/Source/UI/QueryUI.OFD/OFDI199.cs:264
定時定額資料 必須輸入	AddError(	Dev/ATLAS.OFD.Query/Source/UI/QueryUI.OFD/OFDI199.cs:267
通路資料 必須輸入	AddError(	Dev/ATLAS.OFD.Query/Source/UI/QueryUI.OFD/OFDI199.cs:273
通路代碼 為必填欄位	AddError(	Dev/ATLAS.OFD.Query/Source/UI/QueryUI.OFD/OFDI199.cs:276
身分群組資料 必須輸入	AddError(	Dev/ATLAS.OFD.Query/Source/UI/QueryUI.OFD/OFDI199.cs:282
群組代碼 不可為空白	AddError(	Dev/ATLAS.OFD.Query/Source/UI/QueryUI.OFD/OFDI199.cs:285
身分群組資料 重覆	AddError(	Dev/ATLAS.OFD.Query/Source/UI/QueryUI.OFD/OFDI199.cs:291
銷售機構資料 必須輸入	AddError(	Dev/ATLAS.OFD.Query/Source/UI/QueryUI.OFD/OFDI199.cs:297
銷售機構代碼 為必填欄位	AddError(	Dev/ATLAS.OFD.Query/Source/UI/QueryUI.OFD/OFDI199.cs:300
產品資料 必須輸入	AddError(	Dev/ATLAS.OFD.Query/Source/UI/QueryUI.OFD/OFDI199.cs:306
產品代碼 為必填欄位	AddError(	Dev/ATLAS.OFD.Query/Source/UI/QueryUI.OFD/OFDI199.cs:309
銷售機構代碼重覆	AddError(	Dev/ATLAS.OFD.Query/Source/UI/QueryUI.OFD/OFDI199.cs:849
通路代碼重覆	AddError(	Dev/ATLAS.OFD.Query/Source/UI/QueryUI.OFD/OFDI199.cs:930
群組代碼重覆	AddError(	Dev/ATLAS.OFD.Query/Source/UI/QueryUI.OFD/OFDI199.cs:969
產品代碼重覆	AddError(	Dev/ATLAS.OFD.Query/Source/UI/QueryUI.OFD/OFDI199.cs:1025
輸入的網址已達欄位上限，請確認資料是否完整未被截掉!!	MessageBox.Show(	Dev/ATLAS.OFD.Query/Source/UI/QueryUI.OFD/OFDI199.cs:1421
明細資料 必須輸入	AddError(	Dev/ATLAS.OFD.Query/Source/UI/QueryUI.OFD/OFDI199p0.cs:103
手續費率需符合逐年遞減原則，請檢查手續費率!!	AddError(	Dev/ATLAS.OFD.Query/Source/UI/QueryUI.OFD/OFDI199p0.cs:111
基金代碼、幣別代碼 重覆	AddError(	Dev/ATLAS.OFD.Query/Source/UI/QueryUI.OFD/OFDI199p0.cs:117
請傳入Grid中點選的該筆資料，不可為Null	ShowMessage(	Dev/ATLAS.OFD.Query/Source/UI/QueryUI.OFD/OFDI199p0.cs:275
'申購金額(起)''申購金額(起)'必須輸入	AddError(	Dev/ATLAS.OFD.Query/Source/UI/QueryUI.OFD/OFDI199p0.cs:330
'申購金額(起)''申購金額(迄)'重覆	AddError(	Dev/ATLAS.OFD.Query/Source/UI/QueryUI.OFD/OFDI199p0.cs:371
'申購金額(起)''申購金額(迄)'重覆	AddError(	Dev/ATLAS.OFD.Query/Source/UI/QueryUI.OFD/OFDI199p0E.cs:147
'申購金額(起)''申購金額(起)'必須輸入	AddError(	Dev/ATLAS.OFD.Query/Source/UI/QueryUI.OFD/OFDI199p0E.cs:169
明細資料 必須輸入	AddError(	Dev/ATLAS.OFD.Query/Source/UI/QueryUI.OFD/OFDI199p0E.cs:242
至少勾選一筆基金代碼	AddError(	Dev/ATLAS.OFD.Query/Source/UI/QueryUI.OFD/OFDI199p0E.cs:256
({…}){…} {…}	AddError(	Dev/ATLAS.OFD.Query/Source/UI/QueryUI.OFD/OFDI199p0E.cs:278
部分基金已有設定資料，請確認仍要執行（確認／取消）	ShowMessage(	Dev/ATLAS.OFD.Query/Source/UI/QueryUI.OFD/OFDI199p0E.cs:302
優惠月數 不得為0	AddError(	Dev/ATLAS.OFD.Query/Source/UI/QueryUI.OFD/OFDI199p1.cs:105
優惠次數 不得為0	AddError(	Dev/ATLAS.OFD.Query/Source/UI/QueryUI.OFD/OFDI199p1.cs:107
折扣金額 不得為0	AddError(	Dev/ATLAS.OFD.Query/Source/UI/QueryUI.OFD/OFDI199p1.cs:109
優惠折數 必須小於100	AddError(	Dev/ATLAS.OFD.Query/Source/UI/QueryUI.OFD/OFDI199p1.cs:111
優惠固定費率 必須小於100	AddError(	Dev/ATLAS.OFD.Query/Source/UI/QueryUI.OFD/OFDI199p1.cs:113
優惠日期(起) 必須大於等於 活動日期(起)	AddError(	Dev/ATLAS.OFD.Query/Source/UI/QueryUI.OFD/OFDI199p1.cs:122
優惠日期(迄) 必須大於等於 活動日期(迄)	AddError(	Dev/ATLAS.OFD.Query/Source/UI/QueryUI.OFD/OFDI199p1.cs:127
優惠日期(起) 必須小於 優惠日期(迄)	AddError(	Dev/ATLAS.OFD.Query/Source/UI/QueryUI.OFD/OFDI199p1.cs:137
明細資料 必須輸入	AddError(	Dev/ATLAS.OFD.Query/Source/UI/QueryUI.OFD/OFDI199p1.cs:142
手續費率需符合逐年遞減原則，請檢查手續費率!!	AddError(	Dev/ATLAS.OFD.Query/Source/UI/QueryUI.OFD/OFDI199p1.cs:150
基金代碼、幣別代碼 重覆	AddError(	Dev/ATLAS.OFD.Query/Source/UI/QueryUI.OFD/OFDI199p1.cs:155
優惠日期(起)(迄) 必須同時(不)輸入	AddError(	Dev/ATLAS.OFD.Query/Source/UI/QueryUI.OFD/OFDI199p1.cs:163
{…},{…},{…} 三者擇一輸入!	AddError(	Dev/ATLAS.OFD.Query/Source/UI/QueryUI.OFD/OFDI199p1.cs:170
{…},{…},{…} 三者擇一輸入!	AddError(	Dev/ATLAS.OFD.Query/Source/UI/QueryUI.OFD/OFDI199p1.cs:179
'優惠日期','優惠月數','優惠次數'三者須擇一輸入!	AddError(	Dev/ATLAS.OFD.Query/Source/UI/QueryUI.OFD/OFDI199p1.cs:184
'優惠日期','優惠月數','優惠次數'只可擇一輸入!	AddError(	Dev/ATLAS.OFD.Query/Source/UI/QueryUI.OFD/OFDI199p1.cs:188
'優惠日期','優惠月數','優惠次數'只可擇一輸入!	AddError(	Dev/ATLAS.OFD.Query/Source/UI/QueryUI.OFD/OFDI199p1.cs:192
'優惠日期','優惠月數','優惠次數'只可擇一輸入!	AddError(	Dev/ATLAS.OFD.Query/Source/UI/QueryUI.OFD/OFDI199p1.cs:196
'優惠日期','優惠月數','優惠次數'只可擇一輸入!	AddError(	Dev/ATLAS.OFD.Query/Source/UI/QueryUI.OFD/OFDI199p1.cs:200
'手續費折扣率','折扣金額'兩者須擇一輸入!	AddError(	Dev/ATLAS.OFD.Query/Source/UI/QueryUI.OFD/OFDI199p1.cs:205
'手續費折扣率','折扣金額'只可擇一輸入!	AddError(	Dev/ATLAS.OFD.Query/Source/UI/QueryUI.OFD/OFDI199p1.cs:210
請傳入Grid中點選的該筆資料，不可為Null	ShowMessage(	Dev/ATLAS.OFD.Query/Source/UI/QueryUI.OFD/OFDI199p1.cs:401
'申購金額(起)''申購金額(迄)'重覆	AddError(	Dev/ATLAS.OFD.Query/Source/UI/QueryUI.OFD/OFDI199p1.cs:808
'申購金額(起)''申購金額(起)'必須輸入	AddError(	Dev/ATLAS.OFD.Query/Source/UI/QueryUI.OFD/OFDI199p1.cs:846
優惠月數 不得為0	AddError(	Dev/ATLAS.OFD.Query/Source/UI/QueryUI.OFD/OFDI199p1E.cs:263
優惠次數 不得為0	AddError(	Dev/ATLAS.OFD.Query/Source/UI/QueryUI.OFD/OFDI199p1E.cs:265
折扣金額 不得為0	AddError(	Dev/ATLAS.OFD.Query/Source/UI/QueryUI.OFD/OFDI199p1E.cs:267
優惠折數 必須小於100	AddError(	Dev/ATLAS.OFD.Query/Source/UI/QueryUI.OFD/OFDI199p1E.cs:269
優惠固定費率 必須小於100	AddError(	Dev/ATLAS.OFD.Query/Source/UI/QueryUI.OFD/OFDI199p1E.cs:271
優惠日期(起) 必須大於等於 活動日期(起)	AddError(	Dev/ATLAS.OFD.Query/Source/UI/QueryUI.OFD/OFDI199p1E.cs:280
優惠日期(迄) 必須大於等於 活動日期(迄)	AddError(	Dev/ATLAS.OFD.Query/Source/UI/QueryUI.OFD/OFDI199p1E.cs:285
優惠日期(起) 必須小於 優惠日期(迄)	AddError(	Dev/ATLAS.OFD.Query/Source/UI/QueryUI.OFD/OFDI199p1E.cs:294
至少勾選一筆基金代碼	AddError(	Dev/ATLAS.OFD.Query/Source/UI/QueryUI.OFD/OFDI199p1E.cs:307
部分基金已有設定資料，請確認仍要執行（確認／取消）	ShowMessage(	Dev/ATLAS.OFD.Query/Source/UI/QueryUI.OFD/OFDI199p1E.cs:329
基金代碼、幣別代碼 重覆	AddError(	Dev/ATLAS.OFD.Query/Source/UI/QueryUI.OFD/OFDI199p2.cs:66
同一優惠券活動，不同基金設定不同優惠折數時，將使網頁優惠券查詢重覆呈現，請確定是否設定(Y/N)？	ShowMessage(	Dev/ATLAS.OFD.Query/Source/UI/QueryUI.OFD/OFDI199p2.cs:214
至少勾選一筆基金代碼	AddError(	Dev/ATLAS.OFD.Query/Source/UI/QueryUI.OFD/OFDI199p2E.cs:60
基金 [{…}] {…}	AddError(	Dev/ATLAS.OFD.Query/Source/UI/QueryUI.OFD/OFDI199p2E.cs:88
部分基金已有設定資料，請確認仍要執行（確認／取消）	ShowMessage(	Dev/ATLAS.OFD.Query/Source/UI/QueryUI.OFD/OFDI199p2E.cs:183
同一優惠券活動，不同基金設定不同優惠折數時，將使網頁優惠券查詢重覆呈現，請確定是否設定(Y/N)？	ShowMessage(	Dev/ATLAS.OFD.Query/Source/UI/QueryUI.OFD/OFDI199p2E.cs:187
同一優惠券活動，不同基金設定不同優惠折數時，將使網頁優惠券查詢重覆呈現，請確定是否設定(Y/N)？	ShowMessage(	Dev/ATLAS.OFD.Query/Source/UI/QueryUI.OFD/OFDI199p2E.cs:205
來源基金代碼 與 目的基金代碼 不可相同	AddError(	Dev/ATLAS.OFD.Query/Source/UI/QueryUI.OFD/OFDI199p3.cs:125
目的基金不可做定期定額	AddError(	Dev/ATLAS.OFD.Query/Source/UI/QueryUI.OFD/OFDI199p3.cs:179
至少須勾選一筆促銷活動代碼	AddError(	Dev/ATLAS.OFD.Query/Source/UI/QueryUI.OFD/OFDI199p3.cs:214
申購日期(起) 不可大於 申購日期(迄)	AddError(	Dev/ATLAS.OFD.Query/Source/UI/QueryUI.OFD/OFDI221A.cs:181
轉Excel檔的功能 需要輸入"轉出路徑"。	AddError(	Dev/ATLAS.OFD.Query/Source/UI/QueryUI.OFD/OFDI221A.cs:190
轉出路徑不存在!	AddError(	Dev/ATLAS.OFD.Query/Source/UI/QueryUI.OFD/OFDI221A.cs:194
轉出路徑不存在!	AddError(	Dev/ATLAS.OFD.Query/Source/UI/QueryUI.OFD/OFDI221A.cs:307
執行成功	ShowMessage(	Dev/ATLAS.OFD.Query/Source/UI/QueryUI.OFD/OFDI221A.cs:342
商業邏輯異常!	ShowMessage(	Dev/ATLAS.OFD.Query/Source/UI/QueryUI.OFD/OFDI221A.cs:348
【挑選基金資料】尚未選取任何資料，故無資料	AddError(	Dev/ATLAS.OFD.Query/Source/UI/QueryUI.OFD/OFDI221A.cs:373
須先選擇銷售機構。	ShowMessage(	Dev/ATLAS.OFD.Query/Source/UI/QueryUI.OFD/OFDI221A.cs:457
年度+分配基準日、受益人ID、戶號，必須擇一輸入	AddError(	Dev/ATLAS.OFD.Query/Source/UI/QueryUI.OFD/OFDI283.cs:83
執行日期(起) 不可大於 執行日期(迄)	AddError(	Dev/ATLAS.OFD.Query/Source/UI/QueryUI.OFD/OFDI311.cs:190
執行日期(起)(迄)必須同時輸入或同時不輸入	AddError(	Dev/ATLAS.OFD.Query/Source/UI/QueryUI.OFD/OFDI311.cs:196
戶號、部門代碼、員工代碼，必填一項	AddError(	Dev/ATLAS.OFD.Query/Source/UI/QueryUI.OFD/OFDI375.cs:51
清算基準日(起) 不可大於 清算基準日(迄)	AddError(	Dev/ATLAS.OFD.Query/Source/UI/QueryUI.OFD/OFDI481.cs:368
發放日期(起) 不可大於 發放日期(迄)	AddError(	Dev/ATLAS.OFD.Query/Source/UI/QueryUI.OFD/OFDI481.cs:376
至少勾選一筆基金代碼	AddError(	Dev/ATLAS.OFD.Query/Source/UI/QueryUI.OFD/OFDI481.cs:385
"授權申請日(起)"不可大於"授權申請日(迄)"	AddError(	Dev/ATLAS.OFD.Query/Source/UI/QueryUI.OFD/OFDI562.cs:240
"集保送銀行核印日期(起)"不可大於"集保送銀行核印日期(迄)"	AddError(	Dev/ATLAS.OFD.Query/Source/UI/QueryUI.OFD/OFDI562.cs:245
"核印完成日(起)"不可大於"核印完成日(迄)"	AddError(	Dev/ATLAS.OFD.Query/Source/UI/QueryUI.OFD/OFDI562.cs:250
送核日期(起) 不可大於 送核日期(迄)	AddError(	Dev/ATLAS.OFD.Query/Source/UI/QueryUI.OFD/OFDI701.cs:205
送核日期(起)(迄)必須同時輸入或同時不輸入	AddError(	Dev/ATLAS.OFD.Query/Source/UI/QueryUI.OFD/OFDI701.cs:211
送核/核回日期(起) 不可大於 送核日期/核回日期(迄)	AddError(	Dev/ATLAS.OFD.Query/Source/UI/QueryUI.OFD/OFDI702.cs:224
送核/核回日期(起)(迄)必須同時輸入或同時不輸入	AddError(	Dev/ATLAS.OFD.Query/Source/UI/QueryUI.OFD/OFDI702.cs:230
至少勾選一筆基金代碼	AddError(	Dev/ATLAS.OFD.Query/Source/UI/QueryUI.OFD/OFDI716.cs:77
集保上傳日期(起) 不可大於 集保上傳日期(迄)	AddError(	Dev/ATLAS.OFD.Query/Source/UI/QueryUI.OFD/OFDI716.cs:268
結餘日期(起) 不可大於 結餘日期(迄)	AddError(	Dev/ATLAS.OFD.Query/Source/UI/QueryUI.OFD/OFDI716.cs:274
至少勾選一筆基金代碼	AddError(	Dev/ATLAS.OFD.Query/Source/UI/QueryUI.OFD/OFDI716.cs:283
至少勾選一筆基金代碼	AddError(	Dev/ATLAS.OFD.Query/Source/UI/QueryUI.OFD/OFDI717.cs:76
集保上傳日期(起) 不可大於 集保上傳日期(迄)	AddError(	Dev/ATLAS.OFD.Query/Source/UI/QueryUI.OFD/OFDI717.cs:270
結餘日期(起) 不可大於 結餘日期(迄)	AddError(	Dev/ATLAS.OFD.Query/Source/UI/QueryUI.OFD/OFDI717.cs:276
至少勾選一筆基金代碼	AddError(	Dev/ATLAS.OFD.Query/Source/UI/QueryUI.OFD/OFDI717.cs:285
至少勾選一筆基金代碼	AddError(	Dev/ATLAS.OFD.Query/Source/UI/QueryUI.OFD/OFDI718.cs:72
集保上傳日期(起) 不可大於 集保上傳日期(迄)	AddError(	Dev/ATLAS.OFD.Query/Source/UI/QueryUI.OFD/OFDI718.cs:153
結餘日期(起) 不可大於 結餘日期(迄)	AddError(	Dev/ATLAS.OFD.Query/Source/UI/QueryUI.OFD/OFDI718.cs:160
至少勾選一筆基金代碼	AddError(	Dev/ATLAS.OFD.Query/Source/UI/QueryUI.OFD/OFDI718.cs:169
至少勾選一筆基金代碼	AddError(	Dev/ATLAS.OFD.Query/Source/UI/QueryUI.OFD/OFDI719.cs:64
集保上傳日期(起) 不可大於 集保上傳日期(迄)	AddError(	Dev/ATLAS.OFD.Query/Source/UI/QueryUI.OFD/OFDI719.cs:163
至少勾選一筆基金代碼	AddError(	Dev/ATLAS.OFD.Query/Source/UI/QueryUI.OFD/OFDI719.cs:173
至少勾選一筆基金代碼	AddError(	Dev/ATLAS.OFD.Query/Source/UI/QueryUI.OFD/OFDI720.cs:72
收檔日期(起) 不可大於 收檔日期(迄)	AddError(	Dev/ATLAS.OFD.Query/Source/UI/QueryUI.OFD/OFDI720.cs:222
至少勾選一筆基金代碼	AddError(	Dev/ATLAS.OFD.Query/Source/UI/QueryUI.OFD/OFDI720.cs:230
至少勾選一筆基金代碼	AddError(	Dev/ATLAS.OFD.Query/Source/UI/QueryUI.OFD/OFDI721.cs:71
至少勾選一筆基金代碼	AddError(	Dev/ATLAS.OFD.Query/Source/UI/QueryUI.OFD/OFDI721.cs:251
下單日期、交易日期、擇一輸入。	AddError(	Dev/ATLAS.OFD.Query/Source/UI/QueryUI.OFD/OFDI751.cs:208
{0}(起) 不可大於 {0}(迄)	AddError(	Dev/ATLAS.OFD.Query/Source/UI/QueryUI.OFD/OFDI751.cs:221
{0}(起)(迄) 必須同時(不)輸入	AddError(	Dev/ATLAS.OFD.Query/Source/UI/QueryUI.OFD/OFDI751.cs:228
{0}(起) 不可大於 {0}(迄)	AddError(	Dev/ATLAS.OFD.Query/Source/UI/QueryUI.OFD/OFDI752.cs:191
{0}(起)(迄) 必須同時(不)輸入	AddError(	Dev/ATLAS.OFD.Query/Source/UI/QueryUI.OFD/OFDI752.cs:198
下單日期(起) 不可大於 下單日期(迄)	AddError(	Dev/ATLAS.OFD.Query/Source/UI/QueryUI.OFD/OFDI753.cs:320
交易日期(起) 不可大於 交易日期(迄)	AddError(	Dev/ATLAS.OFD.Query/Source/UI/QueryUI.OFD/OFDI753.cs:327
下單日期、交易日期、下單編號、受益人ID、戶號、集保銷售機構 須擇一輸入	AddError(	Dev/ATLAS.OFD.Query/Source/UI/QueryUI.OFD/OFDI753.cs:332
至少勾選一筆基金代碼	AddError(	Dev/ATLAS.OFD.Query/Source/UI/QueryUI.OFD/OFDI753.cs:339
交易型態 至少要勾選一個項目	AddError(	Dev/ATLAS.OFD.Query/Source/UI/QueryUI.OFD/OFDI753.cs:348
銷售機構區別碼(起)(迄) 必須同時(不)輸入	AddError(	Dev/ATLAS.OFD.Query/Source/UI/QueryUI.OFD/OFDI753.cs:355
銷售機構區別碼(起) 不可大於 銷售機構區別碼(迄)	AddError(	Dev/ATLAS.OFD.Query/Source/UI/QueryUI.OFD/OFDI753.cs:362
銷售機構代碼(起) 不可大於 銷售機構代碼(迄)	AddError(	Dev/ATLAS.OFD.Query/Source/UI/QueryUI.OFD/OFDI753.cs:371
'結餘日期'為必填欄位	AddError(	Dev/ATLAS.OFD.Query/Source/UI/QueryUI.OFD/OFDI901.cs:63
【挑選基金資料】尚未選取任何資料，故無資料	AddError(	Dev/ATLAS.OFD.Query/Source/UI/QueryUI.OFD/OFDI901.cs:85
'日期'迄日必須大於起日	AddError(	Dev/ATLAS.OFD.Query/Source/UI/QueryUI.OFD/OFDI902.cs:74
【挑選基金資料】尚未選取任何資料，故無資料	AddError(	Dev/ATLAS.OFD.Query/Source/UI/QueryUI.OFD/OFDI902.cs:109
匯出成功	ShowMessage(	Dev/ATLAS.OFD.Query/Source/UI/QueryUI.OFD/OFDI907.cs:124
開戶日期(起)(迄) 必須皆(不)填寫	AddError(	Dev/ATLAS.OFD.Query/Source/UI/QueryUI.OFD/OFDI911.cs:77
開戶日期(起) 不可大於 開戶日期(迄)	AddError(	Dev/ATLAS.OFD.Query/Source/UI/QueryUI.OFD/OFDI911.cs:79
戶號(起)(迄) 必須皆(不)填寫	AddError(	Dev/ATLAS.OFD.Query/Source/UI/QueryUI.OFD/OFDI911.cs:82
戶號(起) 不可大於 戶號(迄)	AddError(	Dev/ATLAS.OFD.Query/Source/UI/QueryUI.OFD/OFDI911.cs:84
客戶統編(起)(迄) 必須皆(不)填寫	AddError(	Dev/ATLAS.OFD.Query/Source/UI/QueryUI.OFD/OFDI911.cs:87
客戶統編, 戶號, 開戶日期 必須擇一填寫	AddError(	Dev/ATLAS.OFD.Query/Source/UI/QueryUI.OFD/OFDI911.cs:92
查無符合資料！	ShowMessage(	Dev/ATLAS.OFD.Query/Source/UI/QueryUI.OFD/OFDI911.cs:118
匯出成功！	ShowMessage(	Dev/ATLAS.OFD.Query/Source/UI/QueryUI.OFD/OFDI911.cs:137
收件日期(起)(迄) 必須皆(不)填寫	AddError(	Dev/ATLAS.OFD.Query/Source/UI/QueryUI.OFD/OFDI912.cs:78
收件日期(起) 不可大於 收件日期(迄)	AddError(	Dev/ATLAS.OFD.Query/Source/UI/QueryUI.OFD/OFDI912.cs:80
交易日期(起)(迄) 必須皆(不)填寫	AddError(	Dev/ATLAS.OFD.Query/Source/UI/QueryUI.OFD/OFDI912.cs:83
交易日期(起) 不可大於 交易日期(迄)	AddError(	Dev/ATLAS.OFD.Query/Source/UI/QueryUI.OFD/OFDI912.cs:85
戶號(起)(迄) 必須皆(不)填寫	AddError(	Dev/ATLAS.OFD.Query/Source/UI/QueryUI.OFD/OFDI912.cs:88
戶號(起) 不可大於 戶號(迄)	AddError(	Dev/ATLAS.OFD.Query/Source/UI/QueryUI.OFD/OFDI912.cs:90
客戶統編(起)(迄) 必須皆(不)填寫	AddError(	Dev/ATLAS.OFD.Query/Source/UI/QueryUI.OFD/OFDI912.cs:93
申請書編號(起)(迄) 必須皆(不)填寫	AddError(	Dev/ATLAS.OFD.Query/Source/UI/QueryUI.OFD/OFDI912.cs:96
客戶統編,戶號, 交易日期,收件日期,申請書編號 必須擇一填寫	AddError(	Dev/ATLAS.OFD.Query/Source/UI/QueryUI.OFD/OFDI912.cs:101
查無符合資料！	ShowMessage(	Dev/ATLAS.OFD.Query/Source/UI/QueryUI.OFD/OFDI912.cs:127
匯出成功！	ShowMessage(	Dev/ATLAS.OFD.Query/Source/UI/QueryUI.OFD/OFDI912.cs:146
收件日期(起)(迄) 必須皆(不)填寫	AddError(	Dev/ATLAS.OFD.Query/Source/UI/QueryUI.OFD/OFDI913.cs:77
收件日期(起) 不可大於 收件日期(迄)	AddError(	Dev/ATLAS.OFD.Query/Source/UI/QueryUI.OFD/OFDI913.cs:79
戶號(起)(迄) 必須皆(不)填寫	AddError(	Dev/ATLAS.OFD.Query/Source/UI/QueryUI.OFD/OFDI913.cs:83
戶號(起) 不可大於 戶號(迄)	AddError(	Dev/ATLAS.OFD.Query/Source/UI/QueryUI.OFD/OFDI913.cs:85
客戶統編(起)(迄) 必須皆(不)填寫	AddError(	Dev/ATLAS.OFD.Query/Source/UI/QueryUI.OFD/OFDI913.cs:88
契約編號(起)(迄) 必須皆(不)填寫	AddError(	Dev/ATLAS.OFD.Query/Source/UI/QueryUI.OFD/OFDI913.cs:91
客戶統編,戶號,收件日期,契約編號 必須擇一填寫	AddError(	Dev/ATLAS.OFD.Query/Source/UI/QueryUI.OFD/OFDI913.cs:96
查無符合資料！	ShowMessage(	Dev/ATLAS.OFD.Query/Source/UI/QueryUI.OFD/OFDI913.cs:121
匯出成功！	ShowMessage(	Dev/ATLAS.OFD.Query/Source/UI/QueryUI.OFD/OFDI913.cs:140
收件日期(起)(迄) 必須皆(不)填寫	AddError(	Dev/ATLAS.OFD.Query/Source/UI/QueryUI.OFD/OFDI914.cs:77
收件日期(起) 不可大於 收件日期(迄)	AddError(	Dev/ATLAS.OFD.Query/Source/UI/QueryUI.OFD/OFDI914.cs:79
戶號(起)(迄) 必須皆(不)填寫	AddError(	Dev/ATLAS.OFD.Query/Source/UI/QueryUI.OFD/OFDI914.cs:83
戶號(起) 不可大於 戶號(迄)	AddError(	Dev/ATLAS.OFD.Query/Source/UI/QueryUI.OFD/OFDI914.cs:85
客戶統編(起)(迄) 必須皆(不)填寫	AddError(	Dev/ATLAS.OFD.Query/Source/UI/QueryUI.OFD/OFDI914.cs:88
契約編號(起)(迄) 必須皆(不)填寫	AddError(	Dev/ATLAS.OFD.Query/Source/UI/QueryUI.OFD/OFDI914.cs:91
客戶統編,戶號,收件日期,契約編號 必須擇一填寫	AddError(	Dev/ATLAS.OFD.Query/Source/UI/QueryUI.OFD/OFDI914.cs:96
查無符合資料！	ShowMessage(	Dev/ATLAS.OFD.Query/Source/UI/QueryUI.OFD/OFDI914.cs:121
匯出成功！	ShowMessage(	Dev/ATLAS.OFD.Query/Source/UI/QueryUI.OFD/OFDI914.cs:140
至少勾選一筆基金代碼	AddError(	Dev/ATLAS.OFD.Query/Source/UI/QueryUI.OFD/OFDI915.cs:125
查無符合資料！	ShowMessage(	Dev/ATLAS.OFD.Query/Source/UI/QueryUI.OFD/OFDI915.cs:166
匯出成功！	ShowMessage(	Dev/ATLAS.OFD.Query/Source/UI/QueryUI.OFD/OFDI915.cs:185
實際扣款日期(起)(迄) 必須皆(不)填寫	AddError(	Dev/ATLAS.OFD.Query/Source/UI/QueryUI.OFD/OFDI916.cs:129
實際扣款日期(起) 不可大於 收件日期(迄)	AddError(	Dev/ATLAS.OFD.Query/Source/UI/QueryUI.OFD/OFDI916.cs:131
RSS契約收件日期(起)(迄) 必須皆(不)填寫	AddError(	Dev/ATLAS.OFD.Query/Source/UI/QueryUI.OFD/OFDI916.cs:134
RSS契約收件日期(起) 不可大於 收件日期(迄)	AddError(	Dev/ATLAS.OFD.Query/Source/UI/QueryUI.OFD/OFDI916.cs:136
戶號(起)(迄) 必須皆(不)填寫	AddError(	Dev/ATLAS.OFD.Query/Source/UI/QueryUI.OFD/OFDI916.cs:141
戶號(起) 不可大於 戶號(迄)	AddError(	Dev/ATLAS.OFD.Query/Source/UI/QueryUI.OFD/OFDI916.cs:143
客戶統編(起)(迄) 必須皆(不)填寫	AddError(	Dev/ATLAS.OFD.Query/Source/UI/QueryUI.OFD/OFDI916.cs:146
客戶統編,戶號,實際扣款日期,契約收件日期 必須擇一填寫	AddError(	Dev/ATLAS.OFD.Query/Source/UI/QueryUI.OFD/OFDI916.cs:153
至少勾選一筆基金代碼	AddError(	Dev/ATLAS.OFD.Query/Source/UI/QueryUI.OFD/OFDI916.cs:160
查無符合資料！	ShowMessage(	Dev/ATLAS.OFD.Query/Source/UI/QueryUI.OFD/OFDI916.cs:202
匯出成功！	ShowMessage(	Dev/ATLAS.OFD.Query/Source/UI/QueryUI.OFD/OFDI916.cs:221
查無基金資料	AddResultRow(	Dev/ATLAS.OFD.Report/Source/PO/ReportPO.OFD/OFDR002A_PO.cs:113
親愛的客戶：已收到您的開戶文件，若有需要服務之處，請致電您的理財顧問或客服中心０８０００８８５８８或０２－８７７０９８２８。德盛安聯投信	變數指派 =	Dev/ATLAS.OFD.Report/Source/PO/ReportPO.OFD/OFDR022_PO.cs:108
親愛的客戶：已收到您的開戶文件，若有需要服務之處，請致電您的理財顧問或客服中心０８０００８８５８８或０２－８７７０９８２８。德盛安聯投信	變數指派 =	Dev/ATLAS.OFD.Report/Source/PO/ReportPO.OFD/OFDR022_PO.cs:112
親愛的客戶：已收到您的境外開戶文件，若需說明或服務，請洽您的理財顧問或客服中心０８０００８８５８８或０２－８７７０９８２８。德盛安聯投信	變數指派 =	Dev/ATLAS.OFD.Report/Source/PO/ReportPO.OFD/OFDR022_PO.cs:116
執行成功，筆數：{0}筆	AddResultRow(	Dev/ATLAS.OFD.Report/Source/PO/ReportPO.OFD/OFDR022_PO.cs:169
無符合發送簡訊之資料	AddResultRow(	Dev/ATLAS.OFD.Report/Source/PO/ReportPO.OFD/OFDR022_PO.cs:174
親愛的客戶：您的集保網路密碼為身分證字號或統一編號。提醒您，首次登入須先變更密碼。如需說明或服務，請洽０８０００８８５８８德盛安聯投信	變數指派 =	Dev/ATLAS.OFD.Report/Source/PO/ReportPO.OFD/OFDR023_PO.cs:78
親愛的客戶：您的集保語音密碼為身分證字號或統一編號後4碼。提醒您，首次登入須先變更密碼。如需說明或服務，請洽０８０００８８５８８德盛安聯投信	變數指派 =	Dev/ATLAS.OFD.Report/Source/PO/ReportPO.OFD/OFDR023_PO.cs:80
執行成功，筆數：{0}筆	AddResultRow(	Dev/ATLAS.OFD.Report/Source/PO/ReportPO.OFD/OFDR023_PO.cs:124
無符合發送簡訊之資料	AddResultRow(	Dev/ATLAS.OFD.Report/Source/PO/ReportPO.OFD/OFDR023_PO.cs:129
查無資料	AddResultRow(	Dev/ATLAS.OFD.Report/Source/PO/ReportPO.OFD/OFDR024_PO.cs:68
無符合查詢條件的開戶資料	AddResultRow(	Dev/ATLAS.OFD.Report/Source/PO/ReportPO.OFD/OFDR041_PO.cs:119
無符合查詢條件的交易資料	AddResultRow(	Dev/ATLAS.OFD.Report/Source/PO/ReportPO.OFD/OFDR041_PO.cs:171
查無資料	AddResultRow(	Dev/ATLAS.OFD.Report/Source/PO/ReportPO.OFD/OFDR235_PO.cs:97
查無資料	AddResultRow(	Dev/ATLAS.OFD.Report/Source/PO/ReportPO.OFD/OFDR236_PO.cs:89
查無資料	AddResultRow(	Dev/ATLAS.OFD.Report/Source/PO/ReportPO.OFD/OFDR285_PO.cs:153
商業邏輯異常	AddResultRow(	Dev/ATLAS.OFD.Report/Source/PO/ReportPO.OFD/OFDR285_PO.cs:161
Email資料產生成功，共{0}筆	AddResultRow(	Dev/ATLAS.OFD.Report/Source/PO/ReportPO.OFD/OFDR285_PO.cs:360
下載成功	AddResultRow(	Dev/ATLAS.OFD.Report/Source/PO/ReportPO.OFD/OFDR286_PO.cs:99
查無資料	AddResultRow(	Dev/ATLAS.OFD.Report/Source/PO/ReportPO.OFD/OFDR286_PO.cs:104
查無相關資料	AddResultRow(	Dev/ATLAS.OFD.Report/Source/PO/ReportPO.OFD/OFDR452_PO.cs:182
查無相關資料	AddResultRow(	Dev/ATLAS.OFD.Report/Source/PO/ReportPO.OFD/OFDR453_PO.cs:191
查無相關資料	AddResultRow(	Dev/ATLAS.OFD.Report/Source/PO/ReportPO.OFD/OFDR455_PO.cs:145
查無相關資料	AddResultRow(	Dev/ATLAS.OFD.Report/Source/PO/ReportPO.OFD/OFDR457_PO.cs:128
查無彙總資料	AddResultRow(	Dev/ATLAS.OFD.Report/Source/PO/ReportPO.OFD/OFDR461_PO.cs:70
查無明細資料	AddResultRow(	Dev/ATLAS.OFD.Report/Source/PO/ReportPO.OFD/OFDR461_PO.cs:72
查無資料	AddResultRow(	Dev/ATLAS.OFD.Report/Source/PO/ReportPO.OFD/OFDR561_PO.cs:71
查無資料	AddResultRow(	Dev/ATLAS.OFD.Report/Source/PO/ReportPO.OFD/OFDR562_PO.cs:75
查無資料	AddResultRow(	Dev/ATLAS.OFD.Report/Source/PO/ReportPO.OFD/OFDR563_PO.cs:72
查無資料	AddResultRow(	Dev/ATLAS.OFD.Report/Source/PO/ReportPO.OFD/OFDR564_PO.cs:89
下載成功	AddResultRow(	Dev/ATLAS.OFD.Report/Source/PO/ReportPO.OFD/OFDR733_PO.cs:100
查無資料	AddResultRow(	Dev/ATLAS.OFD.Report/Source/PO/ReportPO.OFD/OFDR733_PO.cs:111
Excel.Application 建立失敗。	throw new Exception(	Dev/ATLAS.OFD.Report/Source/UI/ReportUI.OFD/App_Code/ExcelHelper.cs:41
Excel.工作表 取得失敗。	throw new Exception(	Dev/ATLAS.OFD.Report/Source/UI/ReportUI.OFD/App_Code/ExcelHelper.cs:55
資料日期 必須為該基金的營業日	AddError(	Dev/ATLAS.OFD.Report/Source/UI/ReportUI.OFD/OFDR001A.cs:46
資料日期必須為該基金已過帳的日期	AddError(	Dev/ATLAS.OFD.Report/Source/UI/ReportUI.OFD/OFDR001A.cs:57
此基金無結帳日期！	ShowMessage(	Dev/ATLAS.OFD.Report/Source/UI/ReportUI.OFD/OFDR001A.cs:143
該基金帳未平	AddError(	Dev/ATLAS.OFD.Report/Source/UI/ReportUI.OFD/OFDR001A.cs:272
至少勾選一筆基金代碼	AddError(	Dev/ATLAS.OFD.Report/Source/UI/ReportUI.OFD/OFDR002A.cs:125
聯絡日期(起) 不可大於 聯絡日期(迄)	AddError(	Dev/ATLAS.OFD.Report/Source/UI/ReportUI.OFD/OFDR013.cs:96
服務日期(起) 不可大於 服務日期(迄)	AddError(	Dev/ATLAS.OFD.Report/Source/UI/ReportUI.OFD/OFDR014.cs:91
資料需求日期(起) 不可大於 資料需求日期(迄)	AddError(	Dev/ATLAS.OFD.Report/Source/UI/ReportUI.OFD/OFDR015.cs:129
資料種類(起) 不可大於 資料種類(迄)	AddError(	Dev/ATLAS.OFD.Report/Source/UI/ReportUI.OFD/OFDR015.cs:142
資料種類(起)(迄) 必需同時(不)輸入	AddError(	Dev/ATLAS.OFD.Report/Source/UI/ReportUI.OFD/OFDR015.cs:147
資料種類(起)(迄) 必需同時(不)輸入	AddError(	Dev/ATLAS.OFD.Report/Source/UI/ReportUI.OFD/OFDR015.cs:151
境內開戶日期(起) 不可大於 境內開戶日期(迄)	AddError(	Dev/ATLAS.OFD.Report/Source/UI/ReportUI.OFD/OFDR021.cs:120
戶號(起) 不可大於 戶號(迄)	AddError(	Dev/ATLAS.OFD.Report/Source/UI/ReportUI.OFD/OFDR021.cs:127
戶號(起)(迄) 必須同時(不)輸入	AddError(	Dev/ATLAS.OFD.Report/Source/UI/ReportUI.OFD/OFDR021.cs:132
戶號(起)(迄) 必須同時(不)輸入	AddError(	Dev/ATLAS.OFD.Report/Source/UI/ReportUI.OFD/OFDR021.cs:137
受益人ID(起) 不可大於 受益人ID(迄)	AddError(	Dev/ATLAS.OFD.Report/Source/UI/ReportUI.OFD/OFDR021.cs:143
受益人ID(起)(迄) 必須同時(不)輸入	AddError(	Dev/ATLAS.OFD.Report/Source/UI/ReportUI.OFD/OFDR021.cs:147
受益人ID(起)(迄) 必須同時(不)輸入	AddError(	Dev/ATLAS.OFD.Report/Source/UI/ReportUI.OFD/OFDR021.cs:152
說明 : {…}	變數指派 =	Dev/ATLAS.OFD.Report/Source/UI/ReportUI.OFD/OFDR022.cs:33
●透過BMSM001開戶者(境內戶or境內外戶)，其簡訊由經辦自行操作本支作業發送(不卡覆核){…}	變數指派 =	Dev/ATLAS.OFD.Report/Source/UI/ReportUI.OFD/OFDR022.cs:34
●透過BMSM006升級境外交易戶者，其簡訊發送為批次生效後由系統自動發送{…}	變數指派 =	Dev/ATLAS.OFD.Report/Source/UI/ReportUI.OFD/OFDR022.cs:35
開戶日期(起) 不得大於 開戶日期(迄)	AddError(	Dev/ATLAS.OFD.Report/Source/UI/ReportUI.OFD/OFDR022.cs:92
覆核日期(起) 不得大於 覆核日期(迄)	AddError(	Dev/ATLAS.OFD.Report/Source/UI/ReportUI.OFD/OFDR022.cs:98
說明 : 請注意，於完成覆核生效時，始得於TDCC執行人工處理的密碼設定程序 {…}	變數指派 =	Dev/ATLAS.OFD.Report/Source/UI/ReportUI.OFD/OFDR024.cs:30
申請日期(起)(迄)必須皆(不)填寫	AddError(	Dev/ATLAS.OFD.Report/Source/UI/ReportUI.OFD/OFDR024.cs:108
覆核生效日期(起)(迄)必須皆(不)填寫	AddError(	Dev/ATLAS.OFD.Report/Source/UI/ReportUI.OFD/OFDR024.cs:111
【申請日期、覆核生效日期】必須擇一填寫	AddError(	Dev/ATLAS.OFD.Report/Source/UI/ReportUI.OFD/OFDR024.cs:119
申請日期(起) 不得大於 申請日期(迄)	AddError(	Dev/ATLAS.OFD.Report/Source/UI/ReportUI.OFD/OFDR024.cs:126
覆核生效日期(起) 不得大於 覆核生效日期(迄	AddError(	Dev/ATLAS.OFD.Report/Source/UI/ReportUI.OFD/OFDR024.cs:132
退件日期 為必填欄位	AddError(	Dev/ATLAS.OFD.Report/Source/UI/ReportUI.OFD/OFDR034.cs:70
退件日期(起) 不可大於 退件日期(迄)	AddError(	Dev/ATLAS.OFD.Report/Source/UI/ReportUI.OFD/OFDR034.cs:74
退件書號(起)(迄)必須皆(不)填寫	AddError(	Dev/ATLAS.OFD.Report/Source/UI/ReportUI.OFD/OFDR034.cs:78
退件書號(起) 不可大於 退件書號(迄)	AddError(	Dev/ATLAS.OFD.Report/Source/UI/ReportUI.OFD/OFDR034.cs:82
收件日期 為必填欄位	AddError(	Dev/ATLAS.OFD.Report/Source/UI/ReportUI.OFD/OFDR035.cs:65
收件日期(起) 不可大於 收件日期(迄)	AddError(	Dev/ATLAS.OFD.Report/Source/UI/ReportUI.OFD/OFDR035.cs:69
退郵日期(起)不可大於退郵日期(迄)	AddError(	Dev/ATLAS.OFD.Report/Source/UI/ReportUI.OFD/OFDR040.cs:216
處理完成日期(起)不可大於處理完成日期(迄)	AddError(	Dev/ATLAS.OFD.Report/Source/UI/ReportUI.OFD/OFDR040.cs:222
至少勾選一個退郵項目	AddError(	Dev/ATLAS.OFD.Report/Source/UI/ReportUI.OFD/OFDR040.cs:234
至少勾選一個退郵原因	AddError(	Dev/ATLAS.OFD.Report/Source/UI/ReportUI.OFD/OFDR040.cs:246
處理狀態必需勾選一個	AddError(	Dev/ATLAS.OFD.Report/Source/UI/ReportUI.OFD/OFDR040.cs:252
處理完成日期起迄必須皆(不)填寫	AddError(	Dev/ATLAS.OFD.Report/Source/UI/ReportUI.OFD/OFDR040.cs:255
無符合查詢條件的資料	ShowMessage(	Dev/ATLAS.OFD.Report/Source/UI/ReportUI.OFD/OFDR040.cs:504
執行成功	ShowMessage(	Dev/ATLAS.OFD.Report/Source/UI/ReportUI.OFD/OFDR040.cs:522
交易類別 為必填欄位	AddError(	Dev/ATLAS.OFD.Report/Source/UI/ReportUI.OFD/OFDR041.cs:41
到件日期(起)(迄)必須皆(不)填寫	AddError(	Dev/ATLAS.OFD.Report/Source/UI/ReportUI.OFD/OFDR041.cs:44
開戶日期(起)(迄)必須皆(不)填寫	AddError(	Dev/ATLAS.OFD.Report/Source/UI/ReportUI.OFD/OFDR041.cs:47
交易日期(起)(迄)必須皆(不)填寫	AddError(	Dev/ATLAS.OFD.Report/Source/UI/ReportUI.OFD/OFDR041.cs:50
缺件日期(起) 不可大於 缺件日期(迄)	AddError(	Dev/ATLAS.OFD.Report/Source/UI/ReportUI.OFD/OFDR041.cs:63
到件日期(起) 不可大於 到件日期(迄)	AddError(	Dev/ATLAS.OFD.Report/Source/UI/ReportUI.OFD/OFDR041.cs:66
開戶日期(起) 不可大於 開戶日期(迄)	AddError(	Dev/ATLAS.OFD.Report/Source/UI/ReportUI.OFD/OFDR041.cs:69
交易日期(起) 不可大於 交易日期(迄)	AddError(	Dev/ATLAS.OFD.Report/Source/UI/ReportUI.OFD/OFDR041.cs:72
變更書號(起)(迄)必須皆(不)填寫	AddError(	Dev/ATLAS.OFD.Report/Source/UI/ReportUI.OFD/OFDR043.cs:41
收件日期(起) 不可大於 收件日期(迄)	AddError(	Dev/ATLAS.OFD.Report/Source/UI/ReportUI.OFD/OFDR043.cs:45
變更書號(起、迄)請皆輸入13碼	AddError(	Dev/ATLAS.OFD.Report/Source/UI/ReportUI.OFD/OFDR043.cs:52
變更書號(起) 不可大於 變更書號(迄)	AddError(	Dev/ATLAS.OFD.Report/Source/UI/ReportUI.OFD/OFDR043.cs:57
交易途徑至少勾選一項	AddError(	Dev/ATLAS.OFD.Report/Source/UI/ReportUI.OFD/OFDR043.cs:63
申購日期(起)需小於或等於申購日期(訖)	AddError(	Dev/ATLAS.OFD.Report/Source/UI/ReportUI.OFD/OFDR235.cs:136
銷售機構區別碼(起) 不可大於 銷售機構區別碼(迄)	AddError(	Dev/ATLAS.OFD.Report/Source/UI/ReportUI.OFD/OFDR235.cs:148
銷售機構代碼(起) 不可大於 銷售機構代碼(迄)	AddError(	Dev/ATLAS.OFD.Report/Source/UI/ReportUI.OFD/OFDR235.cs:157
至少勾選一筆基金代碼	AddError(	Dev/ATLAS.OFD.Report/Source/UI/ReportUI.OFD/OFDR235.cs:168
匯出路徑不得為空值	AddError(	Dev/ATLAS.OFD.Report/Source/UI/ReportUI.OFD/OFDR235.cs:326
查無資料!!	MessageBox.Show(	Dev/ATLAS.OFD.Report/Source/UI/ReportUI.OFD/OFDR235.cs:342
申購日期(起)需小於或等於申購日期(訖)	AddError(	Dev/ATLAS.OFD.Report/Source/UI/ReportUI.OFD/OFDR236.cs:83
至少勾選一筆基金代碼	AddError(	Dev/ATLAS.OFD.Report/Source/UI/ReportUI.OFD/OFDR236.cs:88
匯出路徑不得為空值	AddError(	Dev/ATLAS.OFD.Report/Source/UI/ReportUI.OFD/OFDR236.cs:208
查無資料!!	MessageBox.Show(	Dev/ATLAS.OFD.Report/Source/UI/ReportUI.OFD/OFDR236.cs:222
執行成功	ShowMessage(	Dev/ATLAS.OFD.Report/Source/UI/ReportUI.OFD/OFDR237.cs:232
商業邏輯異常!	ShowMessage(	Dev/ATLAS.OFD.Report/Source/UI/ReportUI.OFD/OFDR237.cs:239
尚未選取任何資料，故無資料	AddError(	Dev/ATLAS.OFD.Report/Source/UI/ReportUI.OFD/OFDR238.cs:181
請點選一個基金群組。	AddError(	Dev/ATLAS.OFD.Report/Source/UI/ReportUI.OFD/OFDR238.cs:221
必須選擇一基金管理費率。	AddError(	Dev/ATLAS.OFD.Report/Source/UI/ReportUI.OFD/OFDR238.cs:227
請點選一個基金代碼。	AddError(	Dev/ATLAS.OFD.Report/Source/UI/ReportUI.OFD/OFDR238.cs:233
統計日期(起) 不可大於 統計日期(迄)	AddError(	Dev/ATLAS.OFD.Report/Source/UI/ReportUI.OFD/OFDR238.cs:242
此程式EXCEL下載功能只可下載"淨銷售目標統計表"。	AddError(	Dev/ATLAS.OFD.Report/Source/UI/ReportUI.OFD/OFDR238.cs:251
轉Excel檔的功能 需要輸入"輸出路徑"。	AddError(	Dev/ATLAS.OFD.Report/Source/UI/ReportUI.OFD/OFDR238.cs:256
輸出路徑不存在!	AddError(	Dev/ATLAS.OFD.Report/Source/UI/ReportUI.OFD/OFDR238.cs:260
轉出路徑不存在!	AddError(	Dev/ATLAS.OFD.Report/Source/UI/ReportUI.OFD/OFDR238.cs:371
查無相關資料。	ShowMessage(	Dev/ATLAS.OFD.Report/Source/UI/ReportUI.OFD/OFDR238.cs:407
申請日期(起) 不可大於 申請日期(迄)	AddError(	Dev/ATLAS.OFD.Report/Source/UI/ReportUI.OFD/OFDR239.cs:190
銷售機構區別碼(起)(迄) 必須同時(不)輸入	AddError(	Dev/ATLAS.OFD.Report/Source/UI/ReportUI.OFD/OFDR239.cs:196
銷售機構區別碼(起) 不可大於 銷售機構區別碼(迄)	AddError(	Dev/ATLAS.OFD.Report/Source/UI/ReportUI.OFD/OFDR239.cs:202
銷售機構代碼(起) 不可大於 銷售機構代碼(迄)	AddError(	Dev/ATLAS.OFD.Report/Source/UI/ReportUI.OFD/OFDR239.cs:211
行銷文字尚未設定，是否仍要繼續執行？	ShowMessage(	Dev/ATLAS.OFD.Report/Source/UI/ReportUI.OFD/OFDR285.cs:60
收益分配尚未結帳確認，所以無法預覽與列印	ShowMessage(	Dev/ATLAS.OFD.Report/Source/UI/ReportUI.OFD/OFDR285.cs:85
至少勾選一筆基金代碼	AddError(	Dev/ATLAS.OFD.Report/Source/UI/ReportUI.OFD/OFDR285.cs:252
含有未成立的基金，無法執行	AddError(	Dev/ATLAS.OFD.Report/Source/UI/ReportUI.OFD/OFDR285.cs:266
分配基準日、分配日期、年度，必須三擇一輸入	AddError(	Dev/ATLAS.OFD.Report/Source/UI/ReportUI.OFD/OFDR285.cs:272
分配基準日起迄必須皆(不)填寫	AddError(	Dev/ATLAS.OFD.Report/Source/UI/ReportUI.OFD/OFDR285.cs:277
分配基準日(起) 不可大於 分配基準日(迄)	AddError(	Dev/ATLAS.OFD.Report/Source/UI/ReportUI.OFD/OFDR285.cs:284
分配日期起迄必須皆(不)填寫	AddError(	Dev/ATLAS.OFD.Report/Source/UI/ReportUI.OFD/OFDR285.cs:290
分配日期(起) 不可大於 分配日期(迄)	AddError(	Dev/ATLAS.OFD.Report/Source/UI/ReportUI.OFD/OFDR285.cs:297
分配基準日、分配日期、年度，三擇一輸入(不可複選)	AddError(	Dev/ATLAS.OFD.Report/Source/UI/ReportUI.OFD/OFDR285.cs:305
產生資料成功	ShowMessage(	Dev/ATLAS.OFD.Report/Source/UI/ReportUI.OFD/OFDR285.cs:490
查無資料	ShowMessage(	Dev/ATLAS.OFD.Report/Source/UI/ReportUI.OFD/OFDR285.cs:495
行銷文字尚未設定，是否仍要繼續執行？	ShowMessage(	Dev/ATLAS.OFD.Report/Source/UI/ReportUI.OFD/OFDR285.cs:514
下載路徑 錯誤	AddError(	Dev/ATLAS.OFD.Report/Source/UI/ReportUI.OFD/OFDR285.cs:527
下載路徑 無法存檔	AddError(	Dev/ATLAS.OFD.Report/Source/UI/ReportUI.OFD/OFDR285.cs:545
收益分配尚未結帳確認，所以無法下載	ShowMessage(	Dev/ATLAS.OFD.Report/Source/UI/ReportUI.OFD/OFDR285.cs:563
查無資料	ShowMessage(	Dev/ATLAS.OFD.Report/Source/UI/ReportUI.OFD/OFDR285.cs:657
下載完成	ShowMessage(	Dev/ATLAS.OFD.Report/Source/UI/ReportUI.OFD/OFDR285.cs:680
產生檔案失敗	ShowMessage(	Dev/ATLAS.OFD.Report/Source/UI/ReportUI.OFD/OFDR285.cs:690
收益分配尚未結帳確認，所以無法Email	ShowMessage(	Dev/ATLAS.OFD.Report/Source/UI/ReportUI.OFD/OFDR285.cs:731
Email資料產生完成，共{0}筆	ShowMessage(	Dev/ATLAS.OFD.Report/Source/UI/ReportUI.OFD/OFDR285.cs:789
查無資料	ShowMessage(	Dev/ATLAS.OFD.Report/Source/UI/ReportUI.OFD/OFDR285.cs:794
行銷文字尚未設定，是否仍要繼續執行？	ShowMessage(	Dev/ATLAS.OFD.Report/Source/UI/ReportUI.OFD/OFDR285.cs:816
下載路徑 錯誤	AddError(	Dev/ATLAS.OFD.Report/Source/UI/ReportUI.OFD/OFDR285.cs:844
收益分配尚未結帳確認，所以無法傳真	ShowMessage(	Dev/ATLAS.OFD.Report/Source/UI/ReportUI.OFD/OFDR285.cs:862
AutoFax資料產生完成，共受益人：{0}筆，共傳真電話：{1}筆	ShowMessage(	Dev/ATLAS.OFD.Report/Source/UI/ReportUI.OFD/OFDR285.cs:1100
尚有配息資料未確認，不可執行列印作業	ShowMessage(	Dev/ATLAS.OFD.Report/Source/UI/ReportUI.OFD/OFDR286.cs:58
存檔路徑必須選擇	AddError(	Dev/ATLAS.OFD.Report/Source/UI/ReportUI.OFD/OFDR286.cs:212
存檔路徑 不存在	AddError(	Dev/ATLAS.OFD.Report/Source/UI/ReportUI.OFD/OFDR286.cs:216
存檔檔案必須輸入	AddError(	Dev/ATLAS.OFD.Report/Source/UI/ReportUI.OFD/OFDR286.cs:220
至少勾選一筆基金代碼	AddError(	Dev/ATLAS.OFD.Report/Source/UI/ReportUI.OFD/OFDR287.cs:61
銷售機構區別碼(起)(迄) 必須同時(不)輸入	AddError(	Dev/ATLAS.OFD.Report/Source/UI/ReportUI.OFD/OFDR287.cs:115
銷售機構區別碼(起) 不可大於 銷售機構區別碼(迄)	AddError(	Dev/ATLAS.OFD.Report/Source/UI/ReportUI.OFD/OFDR287.cs:121
銷售機構代碼(起) 不可大於 銷售機構代碼(迄)	AddError(	Dev/ATLAS.OFD.Report/Source/UI/ReportUI.OFD/OFDR287.cs:130
員工部門代碼(起)(迄) 必須同時(不)輸入	AddError(	Dev/ATLAS.OFD.Report/Source/UI/ReportUI.OFD/OFDR287.cs:141
員工部門代碼(起)(迄) 必須同時(不)輸入	AddError(	Dev/ATLAS.OFD.Report/Source/UI/ReportUI.OFD/OFDR287.cs:146
員工部門代碼(起) 不可大於 員工部門代碼(迄)	AddError(	Dev/ATLAS.OFD.Report/Source/UI/ReportUI.OFD/OFDR287.cs:152
至少勾選一筆基金代碼	AddError(	Dev/ATLAS.OFD.Report/Source/UI/ReportUI.OFD/OFDR287.cs:159
至少勾選一筆基金代碼	AddError(	Dev/ATLAS.OFD.Report/Source/UI/ReportUI.OFD/OFDR287.cs:358
無符合查詢條件的資料	ShowMessage(	Dev/ATLAS.OFD.Report/Source/UI/ReportUI.OFD/OFDR287.cs:403
執行成功	ShowMessage(	Dev/ATLAS.OFD.Report/Source/UI/ReportUI.OFD/OFDR287.cs:421
至少勾選一個項目	AddError(	Dev/ATLAS.OFD.Report/Source/UI/ReportUI.OFD/OFDR288.cs:176
日期起迄必須皆(不)填寫	AddError(	Dev/ATLAS.OFD.Report/Source/UI/ReportUI.OFD/OFDR288.cs:181
日期(起) 不可大於 日期(迄)	AddError(	Dev/ATLAS.OFD.Report/Source/UI/ReportUI.OFD/OFDR288.cs:188
請至少點選一個需求報表。	AddError(	Dev/ATLAS.OFD.Report/Source/UI/ReportUI.OFD/OFDR452.cs:118
請至少點選一個格式需求。	AddError(	Dev/ATLAS.OFD.Report/Source/UI/ReportUI.OFD/OFDR452.cs:123
需要輸入"輸出路徑"。	AddError(	Dev/ATLAS.OFD.Report/Source/UI/ReportUI.OFD/OFDR452.cs:128
輸出路徑不存在!	AddError(	Dev/ATLAS.OFD.Report/Source/UI/ReportUI.OFD/OFDR452.cs:132
計算期間(起) 不可大於 計算期間(迄)	AddError(	Dev/ATLAS.OFD.Report/Source/UI/ReportUI.OFD/OFDR452.cs:139
查無相關資料。	ShowMessage(	Dev/ATLAS.OFD.Report/Source/UI/ReportUI.OFD/OFDR452.cs:252
執行成功。	ShowMessage(	Dev/ATLAS.OFD.Report/Source/UI/ReportUI.OFD/OFDR452.cs:312
轉出路徑不存在!	AddError(	Dev/ATLAS.OFD.Report/Source/UI/ReportUI.OFD/OFDR452.cs:990
請至少點選一個統計類別。	AddError(	Dev/ATLAS.OFD.Report/Source/UI/ReportUI.OFD/OFDR453.cs:106
請至少點選一個報表。	AddError(	Dev/ATLAS.OFD.Report/Source/UI/ReportUI.OFD/OFDR453.cs:111
請至少點選一個格式需求。	AddError(	Dev/ATLAS.OFD.Report/Source/UI/ReportUI.OFD/OFDR453.cs:116
需要輸入"輸出路徑"。	AddError(	Dev/ATLAS.OFD.Report/Source/UI/ReportUI.OFD/OFDR453.cs:121
輸出路徑不存在!	AddError(	Dev/ATLAS.OFD.Report/Source/UI/ReportUI.OFD/OFDR453.cs:125
計算期間(起) 不可大於 計算期間(迄)	AddError(	Dev/ATLAS.OFD.Report/Source/UI/ReportUI.OFD/OFDR453.cs:132
查無相關資料。	ShowMessage(	Dev/ATLAS.OFD.Report/Source/UI/ReportUI.OFD/OFDR453.cs:242
執行成功。	ShowMessage(	Dev/ATLAS.OFD.Report/Source/UI/ReportUI.OFD/OFDR453.cs:272
轉出路徑不存在!	AddError(	Dev/ATLAS.OFD.Report/Source/UI/ReportUI.OFD/OFDR453.cs:527
請至少點選一個需求報表。	AddError(	Dev/ATLAS.OFD.Report/Source/UI/ReportUI.OFD/OFDR455.cs:111
請至少點選一個格式需求。	AddError(	Dev/ATLAS.OFD.Report/Source/UI/ReportUI.OFD/OFDR455.cs:116
需要輸入"輸出路徑"。	AddError(	Dev/ATLAS.OFD.Report/Source/UI/ReportUI.OFD/OFDR455.cs:121
輸出路徑不存在!	AddError(	Dev/ATLAS.OFD.Report/Source/UI/ReportUI.OFD/OFDR455.cs:125
計算期間(起) 不可大於 計算期間(迄)	AddError(	Dev/ATLAS.OFD.Report/Source/UI/ReportUI.OFD/OFDR455.cs:132
查無相關資料。	ShowMessage(	Dev/ATLAS.OFD.Report/Source/UI/ReportUI.OFD/OFDR455.cs:225
執行成功。	ShowMessage(	Dev/ATLAS.OFD.Report/Source/UI/ReportUI.OFD/OFDR455.cs:289
轉出路徑不存在!	AddError(	Dev/ATLAS.OFD.Report/Source/UI/ReportUI.OFD/OFDR455.cs:796
請至少點選一個需求報表。	AddError(	Dev/ATLAS.OFD.Report/Source/UI/ReportUI.OFD/OFDR457.cs:109
請至少點選一個格式需求。	AddError(	Dev/ATLAS.OFD.Report/Source/UI/ReportUI.OFD/OFDR457.cs:114
需要輸入"輸出路徑"。	AddError(	Dev/ATLAS.OFD.Report/Source/UI/ReportUI.OFD/OFDR457.cs:119
輸出路徑不存在!	AddError(	Dev/ATLAS.OFD.Report/Source/UI/ReportUI.OFD/OFDR457.cs:123
計算期間(起) 不可大於 計算期間(迄)	AddError(	Dev/ATLAS.OFD.Report/Source/UI/ReportUI.OFD/OFDR457.cs:130
查無相關資料。	ShowMessage(	Dev/ATLAS.OFD.Report/Source/UI/ReportUI.OFD/OFDR457.cs:221
執行成功。	ShowMessage(	Dev/ATLAS.OFD.Report/Source/UI/ReportUI.OFD/OFDR457.cs:271
轉出路徑不存在!	AddError(	Dev/ATLAS.OFD.Report/Source/UI/ReportUI.OFD/OFDR457.cs:607
請至少點選一個需求報表。	AddError(	Dev/ATLAS.OFD.Report/Source/UI/ReportUI.OFD/OFDR461.cs:96
請至少點選一個格式需求。	AddError(	Dev/ATLAS.OFD.Report/Source/UI/ReportUI.OFD/OFDR461.cs:101
需要輸入"輸出路徑"。	AddError(	Dev/ATLAS.OFD.Report/Source/UI/ReportUI.OFD/OFDR461.cs:106
輸出路徑不存在!	AddError(	Dev/ATLAS.OFD.Report/Source/UI/ReportUI.OFD/OFDR461.cs:110
計算期間(起) 不可大於 計算期間(迄)	AddError(	Dev/ATLAS.OFD.Report/Source/UI/ReportUI.OFD/OFDR461.cs:117
非後收基金無遞延銷售手續費，不可執行	AddError(	Dev/ATLAS.OFD.Report/Source/UI/ReportUI.OFD/OFDR461.cs:122
查無相關資料。	ShowMessage(	Dev/ATLAS.OFD.Report/Source/UI/ReportUI.OFD/OFDR461.cs:200
執行成功。	ShowMessage(	Dev/ATLAS.OFD.Report/Source/UI/ReportUI.OFD/OFDR461.cs:232
轉出路徑不存在!	AddError(	Dev/ATLAS.OFD.Report/Source/UI/ReportUI.OFD/OFDR461.cs:413
查無資料	ShowMessage(	Dev/ATLAS.OFD.Report/Source/UI/ReportUI.OFD/OFDR495.cs:185
下載完成	ShowMessage(	Dev/ATLAS.OFD.Report/Source/UI/ReportUI.OFD/OFDR495.cs:203
產生檔案失敗	ShowMessage(	Dev/ATLAS.OFD.Report/Source/UI/ReportUI.OFD/OFDR495.cs:207
歸屬日期(起) 不可大於 歸屬日期(迄)	AddError(	Dev/ATLAS.OFD.Report/Source/UI/ReportUI.OFD/OFDR501.cs:47
領取方式至少選擇一項	AddError(	Dev/ATLAS.OFD.Report/Source/UI/ReportUI.OFD/OFDR512.cs:136
已送集保確認日期(起)不可大於已送集保確認日期(迄)	AddError(	Dev/ATLAS.OFD.Report/Source/UI/ReportUI.OFD/OFDR561.cs:121
授權申請日期(起)不可大於授權申請日期(迄)	AddError(	Dev/ATLAS.OFD.Report/Source/UI/ReportUI.OFD/OFDR562.cs:93
員工部門代碼(起)不可大於員工部門代碼(迄)	AddError(	Dev/ATLAS.OFD.Report/Source/UI/ReportUI.OFD/OFDR562.cs:99
集保送銀行核印日期(起)不可大於集保送銀行核印日期(迄)	AddError(	Dev/ATLAS.OFD.Report/Source/UI/ReportUI.OFD/OFDR563.cs:108
輸入查詢收檔日期格式不正確	AddError(	Dev/ATLAS.OFD.Report/Source/UI/ReportUI.OFD/OFDR731.cs:132
輸入查詢收檔日期格式不正確	AddError(	Dev/ATLAS.OFD.Report/Source/UI/ReportUI.OFD/OFDR731.cs:139
存檔路徑必須選擇	AddError(	Dev/ATLAS.OFD.Report/Source/UI/ReportUI.OFD/OFDR733.cs:277
存檔路徑 不存在	AddError(	Dev/ATLAS.OFD.Report/Source/UI/ReportUI.OFD/OFDR733.cs:281
下單日期與交易日期必須擇一輸入	AddError(	Dev/ATLAS.OFD.Report/Source/UI/ReportUI.OFD/OFDR751.cs:414
{…}不可大於{…}	AddError(	Dev/ATLAS.OFD.Report/Source/UI/ReportUI.OFD/OFDR751.cs:421
下單日期(迄) 為必填	AddError(	Dev/ATLAS.OFD.Report/Source/UI/ReportUI.OFD/OFDR751.cs:427
下單日期(起) 為必填	AddError(	Dev/ATLAS.OFD.Report/Source/UI/ReportUI.OFD/OFDR751.cs:429
{…}不可大於{…}	AddError(	Dev/ATLAS.OFD.Report/Source/UI/ReportUI.OFD/OFDR751.cs:436
交易日期(迄) 為必填	AddError(	Dev/ATLAS.OFD.Report/Source/UI/ReportUI.OFD/OFDR751.cs:442
交易日期(起) 為必填	AddError(	Dev/ATLAS.OFD.Report/Source/UI/ReportUI.OFD/OFDR751.cs:444
下單日期(起) 為必填	AddError(	Dev/ATLAS.OFD.Report/Source/UI/ReportUI.OFD/OFDR751.cs:453
下單日期(迄) 為必填	AddError(	Dev/ATLAS.OFD.Report/Source/UI/ReportUI.OFD/OFDR751.cs:457
銷售機構區別碼(起)(迄) 必須同時(不)輸入	AddError(	Dev/ATLAS.OFD.Report/Source/UI/ReportUI.OFD/OFDR751.cs:466
銷售機構區別碼(起) 不可大於 銷售機構區別碼(迄)	AddError(	Dev/ATLAS.OFD.Report/Source/UI/ReportUI.OFD/OFDR751.cs:473
銷售機構代碼(起) 不可大於 銷售機構代碼(迄)	AddError(	Dev/ATLAS.OFD.Report/Source/UI/ReportUI.OFD/OFDR751.cs:482
交易內容 至少要勾選一個項目	AddError(	Dev/ATLAS.OFD.Report/Source/UI/ReportUI.OFD/OFDR751.cs:493
資料種類 至少要勾選一個項目	AddError(	Dev/ATLAS.OFD.Report/Source/UI/ReportUI.OFD/OFDR751.cs:501
至少勾選一筆基金代碼	AddError(	Dev/ATLAS.OFD.Report/Source/UI/ReportUI.OFD/OFDR751.cs:509
下單日期(起) 不可大於 下單日期(迄)	AddError(	Dev/ATLAS.OFD.Report/Source/UI/ReportUI.OFD/OFDR752.cs:123
下單編號(起)(迄) 必須同時輸入	AddError(	Dev/ATLAS.OFD.Report/Source/UI/ReportUI.OFD/OFDR752.cs:128
下單編號(起) 不可大於 下單編號(迄)	AddError(	Dev/ATLAS.OFD.Report/Source/UI/ReportUI.OFD/OFDR752.cs:133
更新基金會計資料失敗!請通知FA經辦人員執行抽件	AddResultRow(	Dev/ATLAS.OFD/Source/Control/Control.OFD/OFDM081A_Ctl.cs:104
更新基金會計資料失敗!請通知FA經辦人員執行抽件	AddResultRow(	Dev/ATLAS.OFD/Source/Control/Control.OFD/OFDM081A_Ctl.cs:111
執行基金上傳官網失敗，請通知IT!(CALLAPI_HISTORY_WEBSITE)	AddResultRow(	Dev/ATLAS.OFD/Source/Control/Control.OFD/OFDM081A_Ctl.cs:270
執行基金行事曆上傳官網失敗，請通知IT!(CALLAPI_HISTORY_WEBSITE)	AddResultRow(	Dev/ATLAS.OFD/Source/Control/Control.OFD/OFDM088_Ctl.cs:278
買回單位數 等於 可買回單位數時, 全贖 必勾選	AddResultRow(	Dev/ATLAS.OFD/Source/Control/Control.OFD/OFDM231A_Ctl.cs:175
收件日期 不為營業日	AddResultRow(	Dev/ATLAS.OFD/Source/Control/Control.OFD/OFDM231A_Ctl.cs:204
買回日期 必須大於該基金最新結帳買回日期 {…}	AddResultRow(	Dev/ATLAS.OFD/Source/Control/Control.OFD/OFDM231A_Ctl.cs:216
此筆交易有短線費用, 但指定餘額帳戶之轉申購基金被設為不收取短線費用, 請查明	AddResultRow(	Dev/ATLAS.OFD/Source/Control/Control.OFD/OFDM231A_Ctl.cs:249
此筆交易為人工控管短線, 但轉申購基金被設為不收取短線費用, 請查明	AddResultRow(	Dev/ATLAS.OFD/Source/Control/Control.OFD/OFDM231A_Ctl.cs:265
設定人工控管被更改，短線交易單位數已變更，請確認	AddResultRow(	Dev/ATLAS.OFD/Source/Control/Control.OFD/OFDM231A_Ctl.cs:309
短線交易費率 尚未設定	AddResultRow(	Dev/ATLAS.OFD/Source/Control/Control.OFD/OFDM231A_Ctl.cs:329
買回金額不可小於最低買回金額 {…}，是否繼續？	AddResultRow(	Dev/ATLAS.OFD/Source/Control/Control.OFD/OFDM231A_Ctl.cs:384
買回單位數不可小於最低買回單位數 {…}，是否繼續？	AddResultRow(	Dev/ATLAS.OFD/Source/Control/Control.OFD/OFDM231A_Ctl.cs:392
買回後剩餘的單位數{…} 小於 最低剩餘單位數{…}，請與受益人確認是否全部買回	變數指派 =	Dev/ATLAS.OFD/Source/Control/Control.OFD/OFDM231A_Ctl.cs:409
基金[{…}]申購金額 已超過基金銷售額度，是否繼續？	變數指派 =	Dev/ATLAS.OFD/Source/Control/Control.OFD/OFDM231A_Ctl.cs:465
手續費率 不可大於 牌告手續費率{…}	AddResultRow(	Dev/ATLAS.OFD/Source/Control/Control.OFD/OFDM231A_Ctl.cs:487
此推薦人不存在該銷售機構代碼【{0}】，請檢查	AddResultRow(	Dev/ATLAS.OFD/Source/Control/Control.OFD/OFDM231A_Ctl.cs:503
此受益人本日已有相同之買回資料，是否繼續？	AddResultRow(	Dev/ATLAS.OFD/Source/Control/Control.OFD/OFDM231A_Ctl.cs:515
請先設定相關行事曆	AddResultRow(	Dev/ATLAS.OFD/Source/Control/Control.OFD/OFDM231A_Ctl.cs:568
短線交易費率 尚未設定	AddResultRow(	Dev/ATLAS.OFD/Source/Control/Control.OFD/OFDM231A_Ctl.cs:614
請先設定付款行事曆	AddResultRow(	Dev/ATLAS.OFD/Source/Control/Control.OFD/OFDM231A_Ctl.cs:655
請先設定淨值行事曆	AddResultRow(	Dev/ATLAS.OFD/Source/Control/Control.OFD/OFDM231A_Ctl.cs:662
此轉入基金{0}不開放轉換	AddResultRow(	Dev/ATLAS.OFD/Source/Control/Control.OFD/OFDM231A_Ctl.cs:775
此受益人不可轉申購該基金{0} 受益人必須為法人!	AddResultRow(	Dev/ATLAS.OFD/Source/Control/Control.OFD/OFDM231A_Ctl.cs:787
請先設定相關行事曆	AddResultRow(	Dev/ATLAS.OFD/Source/Control/Control.OFD/OFDM231A_Ctl.cs:805
請先設定淨值行事曆	AddResultRow(	Dev/ATLAS.OFD/Source/Control/Control.OFD/OFDM231A_Ctl.cs:817
該基金已結帳，不可轉入	AddResultRow(	Dev/ATLAS.OFD/Source/Control/Control.OFD/OFDM231A_Ctl.cs:826
系統未存在有效KYC，不可存檔	AddResultRow(	Dev/ATLAS.OFD/Source/Control/Control.OFD/OFDM231A_Ctl.cs:871
KYC風險屬性與申購基金風險屬性不符合，不可存檔	AddResultRow(	Dev/ATLAS.OFD/Source/Control/Control.OFD/OFDM231A_Ctl.cs:877
{…}部門尚未建立	AddResultRow(	Dev/ATLAS.OFD/Source/PO/PO.OFD/OFDM002_PO.cs:1059
{…}部門無效,不可建立下屬部門	AddResultRow(	Dev/ATLAS.OFD/Source/PO/PO.OFD/OFDM002_PO.cs:1081
false	AddResultRow(	Dev/ATLAS.OFD/Source/PO/PO.OFD/OFDM002_PO.cs:1262
false	AddResultRow(	Dev/ATLAS.OFD/Source/PO/PO.OFD/OFDM002_PO.cs:1306
設定失敗	AddResultRow(	Dev/ATLAS.OFD/Source/PO/PO.OFD/OFDM003_PO.cs:146
{…}年{…}已設定行事曆類別	AddResultRow(	Dev/ATLAS.OFD/Source/PO/PO.OFD/OFDM003_PO.cs:195
複製來源行事曆尚未建立	AddResultRow(	Dev/ATLAS.OFD/Source/PO/PO.OFD/OFDM003_PO.cs:256
年度（西元）輸入邏輯異常	AddResultRow(	Dev/ATLAS.OFD/Source/PO/PO.OFD/OFDM003_PO.cs:282
{…}年已設定行事曆類別	AddResultRow(	Dev/ATLAS.OFD/Source/PO/PO.OFD/OFDM003_PO.cs:308
新增失敗	AddResultRow(	Dev/ATLAS.OFD/Source/PO/PO.OFD/OFDM003_PO.cs:364
此總行代碼尚有所屬分行資料[OFDM020]或已建立通路[OFDM071]或已建立代扣款行資料[OFDM074]或已建立代理行資料[OFDM076]或已建立銷售機構資料[OFDM068]，故不可刪除	AddResultRow(	Dev/ATLAS.OFD/Source/PO/PO.OFD/OFDM019_PO.cs:204
該銀行的扣款方式{…}已被使用於代扣款行中(OFDM074)	變數指派 =	Dev/ATLAS.OFD/Source/PO/PO.OFD/OFDM019_PO.cs:277
取得總行核印扣款資料失敗，請檢查	AddResultRow(	Dev/ATLAS.OFD/Source/PO/PO.OFD/OFDM020_PO.cs:307
取得總行核印扣款資料失敗，請檢查	AddResultRow(	Dev/ATLAS.OFD/Source/PO/PO.OFD/OFDM020_PO.cs:315
此金融機構(分行)代碼尚有相對應的通路[OFDM071]，故不可刪除	AddResultRow(	Dev/ATLAS.OFD/Source/PO/PO.OFD/OFDM020_PO.cs:350
此投顧公司代碼尚有相對應的通路[OFDM071]或已建立銷售機構資料[OFDM068]，故不可刪除	AddResultRow(	Dev/ATLAS.OFD/Source/PO/PO.OFD/OFDM023_PO.cs:141
此投信公司代碼尚有相對應的通路[OFDM071]或已建立銷售機構資料[OFDM068]，故不可刪除	AddResultRow(	Dev/ATLAS.OFD/Source/PO/PO.OFD/OFDM024_PO.cs:141
此產壽險公司代碼尚有相對應的通路[OFDM071]或已建立銷售機構資料[OFDM068]，故不可刪除	AddResultRow(	Dev/ATLAS.OFD/Source/PO/PO.OFD/OFDM034_PO.cs:133
此產壽險公司代碼：{0}  已存在，請檢查後重新執行	AddResultRow(	Dev/ATLAS.OFD/Source/PO/PO.OFD/OFDM034_PO.cs:227
此產壽險公司代碼：{0} 已異動，請檢查後重新執行	AddResultRow(	Dev/ATLAS.OFD/Source/PO/PO.OFD/OFDM034_PO.cs:445
此產壽險公司代碼：{0} 已異動，請檢查後重新執行	AddResultRow(	Dev/ATLAS.OFD/Source/PO/PO.OFD/OFDM034_PO.cs:997
此產壽險公司代碼：{0} 已異動，請檢查後重新執行	AddResultRow(	Dev/ATLAS.OFD/Source/PO/PO.OFD/OFDM034_PO.cs:1135
此筆資料已存在，無法新增，請檢查	throw new Exception(	Dev/ATLAS.OFD/Source/PO/PO.OFD/OFDM068_PO.cs:301
系統處理資料狀態及待辦事項失敗，請檢查	throw new Exception(	Dev/ATLAS.OFD/Source/PO/PO.OFD/OFDM068_PO.cs:306
新增OFD068A失敗	throw new Exception(	Dev/ATLAS.OFD/Source/PO/PO.OFD/OFDM068_PO.cs:318
新增成功	AddResultRow(	Dev/ATLAS.OFD/Source/PO/PO.OFD/OFDM068_PO.cs:391
新增失敗。原因：{0}	AddResultRow(	Dev/ATLAS.OFD/Source/PO/PO.OFD/OFDM068_PO.cs:409
傳入主檔資料必為一筆，請檢查	throw new ApplicationException(	Dev/ATLAS.OFD/Source/PO/PO.OFD/OFDM068_PO.cs:437
此筆資料不存在，無法修改，請檢查	throw new ApplicationException(	Dev/ATLAS.OFD/Source/PO/PO.OFD/OFDM068_PO.cs:441
系統處理資料狀態及待辦事項失敗，請檢查	throw new ApplicationException(	Dev/ATLAS.OFD/Source/PO/PO.OFD/OFDM068_PO.cs:445
修改時影響筆數超過一筆，修改失敗，請檢查	throw new ApplicationException(	Dev/ATLAS.OFD/Source/PO/PO.OFD/OFDM068_PO.cs:473
修改失敗，請檢查	AddResultRow(	Dev/ATLAS.OFD/Source/PO/PO.OFD/OFDM068_PO.cs:570
已有境內基金指定網銀部門	AddResultRow(	Dev/ATLAS.OFD/Source/PO/PO.OFD/OFDM068_PO.cs:709
已有境內基金指定語音部門	AddResultRow(	Dev/ATLAS.OFD/Source/PO/PO.OFD/OFDM068_PO.cs:729
已有境外基金指定網銀部門	AddResultRow(	Dev/ATLAS.OFD/Source/PO/PO.OFD/OFDM068_PO.cs:748
已有境外基金指定語音部門	AddResultRow(	Dev/ATLAS.OFD/Source/PO/PO.OFD/OFDM068_PO.cs:767
基金代碼{…}已設定	AddResultRow(	Dev/ATLAS.OFD/Source/PO/PO.OFD/OFDM070A_PO.cs:190
新增失敗	AddResultRow(	Dev/ATLAS.OFD/Source/PO/PO.OFD/OFDM070A_PO.cs:244
基金代碼{…}已設定	AddResultRow(	Dev/ATLAS.OFD/Source/PO/PO.OFD/OFDM070B_PO.cs:174
新增失敗	AddResultRow(	Dev/ATLAS.OFD/Source/PO/PO.OFD/OFDM070B_PO.cs:228
此筆大通路資料已存在有效的中通路或小通路,故不可變更為'無效'通路	AddResultRow(	Dev/ATLAS.OFD/Source/PO/PO.OFD/OFDM071_PO.cs:145
此筆中通路資料已存在有效的小通路,故不可變更為'無效'通路	AddResultRow(	Dev/ATLAS.OFD/Source/PO/PO.OFD/OFDM071_PO.cs:202
此筆中通路資料已存在	AddResultRow(	Dev/ATLAS.OFD/Source/PO/PO.OFD/OFDM071_PO.cs:263
尚未存在此中通路'{0}',請重新輸入!	AddResultRow(	Dev/ATLAS.OFD/Source/PO/PO.OFD/OFDM071_PO.cs:267
此筆大通路資料已存在	AddResultRow(	Dev/ATLAS.OFD/Source/PO/PO.OFD/OFDM071_PO.cs:323
尚未存在此大通路'{0}',請重新輸入!	AddResultRow(	Dev/ATLAS.OFD/Source/PO/PO.OFD/OFDM071_PO.cs:327
已有推薦人歸屬此推薦人代碼，不可刪除	AddResultRow(	Dev/ATLAS.OFD/Source/PO/PO.OFD/OFDM072_PO.cs:133
此'總行代碼',不存在OFD019中,請重新選擇!	AddResultRow(	Dev/ATLAS.OFD/Source/PO/PO.OFD/OFDM076_PO.cs:446
此'總行的可核印扣款方式',不包含選項1,請重新選擇!	AddResultRow(	Dev/ATLAS.OFD/Source/PO/PO.OFD/OFDM076_PO.cs:457
此'總行的可核印扣款方式',不包含選項2,請重新選擇!	AddResultRow(	Dev/ATLAS.OFD/Source/PO/PO.OFD/OFDM076_PO.cs:463
此'總行的可核印扣款方式',不包含選項3,請重新選擇!	AddResultRow(	Dev/ATLAS.OFD/Source/PO/PO.OFD/OFDM076_PO.cs:469
此'總行代碼',不存在OFD019A中,請重新選擇!	AddResultRow(	Dev/ATLAS.OFD/Source/PO/PO.OFD/OFDM076_PO.cs:549
此'總行代碼',不存在OFD076中,請重新選擇!	AddResultRow(	Dev/ATLAS.OFD/Source/PO/PO.OFD/OFDM076_PO.cs:571
此'基金代碼',已存在OFD077中,請重新選擇!	AddResultRow(	Dev/ATLAS.OFD/Source/PO/PO.OFD/OFDM076_PO.cs:652
代理扣款機構({…})的每日扣款限額，低於OFDM074的設定，請檢查	AddResultRow(	Dev/ATLAS.OFD/Source/PO/PO.OFD/OFDM076_PO.cs:705
代理扣款機構({…})的單筆扣款限額，低於OFDM074的設定，請檢查	AddResultRow(	Dev/ATLAS.OFD/Source/PO/PO.OFD/OFDM076_PO.cs:756
來源基金資料不存在	AddResultRow(	Dev/ATLAS.OFD/Source/PO/PO.OFD/OFDM081A_PO.cs:969
來源基金尚未覆核	AddResultRow(	Dev/ATLAS.OFD/Source/PO/PO.OFD/OFDM081A_PO.cs:980
取得境外基金公司申購入款帳戶(OFD064)，請檢查	AddResultRow(	Dev/ATLAS.OFD/Source/PO/PO.OFD/OFDM081B_PO.cs:265
此基金代碼：{0} 已不存在，請檢查後重新執行	AddResultRow(	Dev/ATLAS.OFD/Source/PO/PO.OFD/OFDM082B_PO.cs:93
此基金代碼：{0} 已不存在，請檢查後重新執行	AddResultRow(	Dev/ATLAS.OFD/Source/PO/PO.OFD/OFDM082_PO.cs:88
無相關基金資料	AddResultRow(	Dev/ATLAS.OFD/Source/PO/PO.OFD/OFDM085A_PO.cs:199
檢核失敗，請檢查	AddResultRow(	Dev/ATLAS.OFD/Source/PO/PO.OFD/OFDM085A_PO.cs:216
取得OFD081基金的成立日與開始贖回日錯誤，請檢查	AddResultRow(	Dev/ATLAS.OFD/Source/PO/PO.OFD/OFDM087_PO.cs:396
新增失敗	AddResultRow(	Dev/ATLAS.OFD/Source/PO/PO.OFD/OFDM088_PO.cs:344
{…}年{…}基金代碼{…}已設定行事曆類別	AddResultRow(	Dev/ATLAS.OFD/Source/PO/PO.OFD/OFDM088_PO.cs:396
新增失敗	AddResultRow(	Dev/ATLAS.OFD/Source/PO/PO.OFD/OFDM088_PO.cs:457
年度（西元）輸入邏輯異常	AddResultRow(	Dev/ATLAS.OFD/Source/PO/PO.OFD/OFDM088_PO.cs:483
{…}年基金代碼{…}已設定行事曆類別	AddResultRow(	Dev/ATLAS.OFD/Source/PO/PO.OFD/OFDM088_PO.cs:512
新增失敗	AddResultRow(	Dev/ATLAS.OFD/Source/PO/PO.OFD/OFDM088_PO.cs:568
新增失敗	AddResultRow(	Dev/ATLAS.OFD/Source/PO/PO.OFD/OFDM088_PO_save.cs:344
{…}年{…}基金代碼{…}已設定行事曆類別	AddResultRow(	Dev/ATLAS.OFD/Source/PO/PO.OFD/OFDM088_PO_save.cs:396
新增失敗	AddResultRow(	Dev/ATLAS.OFD/Source/PO/PO.OFD/OFDM088_PO_save.cs:457
年度（西元）輸入邏輯異常	AddResultRow(	Dev/ATLAS.OFD/Source/PO/PO.OFD/OFDM088_PO_save.cs:483
{…}年基金代碼{…}已設定行事曆類別	AddResultRow(	Dev/ATLAS.OFD/Source/PO/PO.OFD/OFDM088_PO_save.cs:512
新增失敗	AddResultRow(	Dev/ATLAS.OFD/Source/PO/PO.OFD/OFDM088_PO_save.cs:568
資料重覆，不可新增或修改	throw new ApplicationException(	Dev/ATLAS.OFD/Source/PO/PO.OFD/OFDM115A_PO.cs:143
公告金額重覆 請重新輸入!	AddResultRow(	Dev/ATLAS.OFD/Source/PO/PO.OFD/OFDM127_PO.cs:281
傳入主檔資料必為一筆，請檢查	throw new ApplicationException(	Dev/ATLAS.OFD/Source/PO/PO.OFD/OFDM127_PO.cs:337
此筆金額已存在，無法修改，請檢查	throw new ApplicationException(	Dev/ATLAS.OFD/Source/PO/PO.OFD/OFDM127_PO.cs:341
系統處理資料狀態及待辦事項失敗，請檢查	throw new ApplicationException(	Dev/ATLAS.OFD/Source/PO/PO.OFD/OFDM127_PO.cs:345
系統處理資料狀態及待辦事項失敗，請檢查	throw new ApplicationException(	Dev/ATLAS.OFD/Source/PO/PO.OFD/OFDM127_PO.cs:354
修改時影響筆數超過一筆，修改失敗，請檢查	throw new ApplicationException(	Dev/ATLAS.OFD/Source/PO/PO.OFD/OFDM127_PO.cs:366
修改失敗，請檢查{…}	AddResultRow(	Dev/ATLAS.OFD/Source/PO/PO.OFD/OFDM127_PO.cs:393
0	AddResultRow(	Dev/ATLAS.OFD/Source/PO/PO.OFD/OFDM127_PO.cs:782
0	AddResultRow(	Dev/ATLAS.OFD/Source/PO/PO.OFD/OFDM128_PO.cs:1314
0	AddResultRow(	Dev/ATLAS.OFD/Source/PO/PO.OFD/OFDM128_PO.cs:1399
TRAN_TYPE參數不得為Null或空白	throw new ApplicationException(	Dev/ATLAS.OFD/Source/PO/PO.OFD/OFDM128_PO.cs:1437
BF_NO參數不得為Null或空白	throw new ApplicationException(	Dev/ATLAS.OFD/Source/PO/PO.OFD/OFDM128_PO.cs:1439
FUND_ID參數不得為Null或空白	throw new ApplicationException(	Dev/ATLAS.OFD/Source/PO/PO.OFD/OFDM128_PO.cs:1441
yyyy/MM/dd	AddResultRow(	Dev/ATLAS.OFD/Source/PO/PO.OFD/OFDM128_PO.cs:1514
{…} | 0{…}	AddResultRow(	Dev/ATLAS.OFD/Source/PO/PO.OFD/OFDM128_PO.cs:1515
0	AddResultRow(	Dev/ATLAS.OFD/Source/PO/PO.OFD/OFDM129_PO.cs:492
0	AddResultRow(	Dev/ATLAS.OFD/Source/PO/PO.OFD/OFDM129_PO.cs:568
來源受益人資料不存在	AddResultRow(	Dev/ATLAS.OFD/Source/PO/PO.OFD/OFDM129_PO.cs:600
來源受益人資料尚未覆核	AddResultRow(	Dev/ATLAS.OFD/Source/PO/PO.OFD/OFDM129_PO.cs:614
複製失敗	AddResultRow(	Dev/ATLAS.OFD/Source/PO/PO.OFD/OFDM129_PO.cs:648
複製的資料筆數錯誤。	throw new ApplicationException(	Dev/ATLAS.OFD/Source/PO/PO.OFD/OFDM194_PO.cs:323
複製失敗	AddResultRow(	Dev/ATLAS.OFD/Source/PO/PO.OFD/OFDM194_PO.cs:337
From 受益人戶號 及 基金代碼 無資料存在	變數指派 =	Dev/ATLAS.OFD/Source/PO/PO.OFD/OFDM194_PO.cs:423
To 受益人戶號 及 基金代碼 已有費率資料存在	變數指派 =	Dev/ATLAS.OFD/Source/PO/PO.OFD/OFDM194_PO.cs:424
From 受益人戶號 無資料存在	變數指派 =	Dev/ATLAS.OFD/Source/PO/PO.OFD/OFDM194_PO.cs:431
To 受益人戶號 已有費率資料存在	變數指派 =	Dev/ATLAS.OFD/Source/PO/PO.OFD/OFDM194_PO.cs:432
該優惠關係人已有系統產生的契約異動資料，是否仍要刪除？	AddResultRow(	Dev/ATLAS.OFD/Source/PO/PO.OFD/OFDM195_PO.cs:480
此身份別 + 員工/推薦人代碼 + 通路代碼 + 關係人ID：{0} + {1} + {2}-{3} + {4} 已存在，請檢查後重新執行	AddResultRow(	Dev/ATLAS.OFD/Source/PO/PO.OFD/OFDM195_PO.cs:591
此身份別 + 員工/推薦人代碼 + 通路代碼 + 關係人ID：{0} + {1} + {2}-{3} + {4}已異動，請檢查後重新執行	AddResultRow(	Dev/ATLAS.OFD/Source/PO/PO.OFD/OFDM195_PO.cs:776
此身份別 + 員工/推薦人代碼 + 通路代碼 +關係人ID：{0} +{1} + {2}-{3} + {4} 已異動，請檢查後重新執行	AddResultRow(	Dev/ATLAS.OFD/Source/PO/PO.OFD/OFDM195_PO.cs:1510
此身份別 + 員工/推薦人代碼 + 通路代碼 + 關係人ID：{0} + {1} +{2}-{3} + {4}已異動，請檢查後重新執行	AddResultRow(	Dev/ATLAS.OFD/Source/PO/PO.OFD/OFDM195_PO.cs:1660
該行銷身份別已有資料(如清單內*號)，是否覆寫資料？	AddResultRow(	Dev/ATLAS.OFD/Source/PO/PO.OFD/OFDM197_PO.cs:234
匯入失敗，請檢查資料是否正確	AddResultRow(	Dev/ATLAS.OFD/Source/PO/PO.OFD/OFDM197_PO.cs:268
執行失敗，請檢查	AddResultRow(	Dev/ATLAS.OFD/Source/PO/PO.OFD/OFDM197_PO.cs:280
查無{…}牌告手續費率	AddResultRow(	Dev/ATLAS.OFD/Source/PO/PO.OFD/OFDM199A_PO.cs:135
查無{…}牌告手續費率	AddResultRow(	Dev/ATLAS.OFD/Source/PO/PO.OFD/OFDM199_PO.cs:136
部分促銷活動已有設定［目的基金］資料，請確認仍要執行（確認／取消）	AddResultRow(	Dev/ATLAS.OFD/Source/PO/PO.OFD/OFDM199_PO.cs:730
執行失敗，請檢查	AddResultRow(	Dev/ATLAS.OFD/Source/PO/PO.OFD/OFDM199_PO.cs:836
新增失敗	AddResultRow(	Dev/ATLAS.OFD/Source/PO/PO.OFD/OFDM199_PO.cs:845
每位受益人只能設定一筆開戶優惠	變數指派 =	Dev/ATLAS.OFD/Source/PO/PO.OFD/OFDM206_PO.cs:76
此優惠活動已存在戶號：{…}	AddResultRow(	Dev/ATLAS.OFD/Source/PO/PO.OFD/OFDM206_PO.cs:171
匯入失敗，請檢查資料是否正確	AddResultRow(	Dev/ATLAS.OFD/Source/PO/PO.OFD/OFDM206_PO.cs:203
執行失敗，請檢查	AddResultRow(	Dev/ATLAS.OFD/Source/PO/PO.OFD/OFDM206_PO.cs:215
{…} |  | 執行成功	AddResultRow(	Dev/ATLAS.OFD/Source/PO/PO.OFD/OFDM206_PO.cs:255
執行失敗，請檢查	AddResultRow(	Dev/ATLAS.OFD/Source/PO/PO.OFD/OFDM206_PO.cs:265
此優惠活動已存在{0}筆欲匯入資料	AddResultRow(	Dev/ATLAS.OFD/Source/PO/PO.OFD/OFDM206_PO.cs:289
匯入失敗，請檢查資料是否正確	AddResultRow(	Dev/ATLAS.OFD/Source/PO/PO.OFD/OFDM206_PO.cs:311
共匯入{0}筆資料	AddResultRow(	Dev/ATLAS.OFD/Source/PO/PO.OFD/OFDM206_PO.cs:315
執行失敗，請檢查	AddResultRow(	Dev/ATLAS.OFD/Source/PO/PO.OFD/OFDM206_PO.cs:322
來源基金{…} 不存在，請重新選擇	AddResultRow(	Dev/ATLAS.OFD/Source/PO/PO.OFD/OFDM213_PO.cs:83
複製基金{…} 己存在，請重新選擇	AddResultRow(	Dev/ATLAS.OFD/Source/PO/PO.OFD/OFDM213_PO.cs:95
複製資料尚未建立	AddResultRow(	Dev/ATLAS.OFD/Source/PO/PO.OFD/OFDM213_PO.cs:103
複製失敗，請檢查{…}	AddResultRow(	Dev/ATLAS.OFD/Source/PO/PO.OFD/OFDM214_PO.cs:227
執行失敗，請檢查{…}	AddResultRow(	Dev/ATLAS.OFD/Source/PO/PO.OFD/OFDM215_PO.cs:183
0	AddResultRow(	Dev/ATLAS.OFD/Source/PO/PO.OFD/OFDM220_PO.cs:385
必須為有效的配息帳號	AddResultRow(	Dev/ATLAS.OFD/Source/PO/PO.OFD/OFDM221A_PO.cs:579
檢核失敗，請檢查	AddResultRow(	Dev/ATLAS.OFD/Source/PO/PO.OFD/OFDM221A_PO.cs:590
檢核失敗，請檢查	AddResultRow(	Dev/ATLAS.OFD/Source/PO/PO.OFD/OFDM221A_PO.cs:1781
檢核失敗，請檢查	AddResultRow(	Dev/ATLAS.OFD/Source/PO/PO.OFD/OFDM221A_PO.cs:1835
查詢失敗	AddResultRow(	Dev/ATLAS.OFD/Source/PO/PO.OFD/OFDM221A_PO.cs:1915
無相關授權帳號資料	AddResultRow(	Dev/ATLAS.OFD/Source/PO/PO.OFD/OFDM221A_PO.cs:1988
該扣款帳號尚未生效	AddResultRow(	Dev/ATLAS.OFD/Source/PO/PO.OFD/OFDM221A_PO.cs:1993
該扣款帳號已終止	AddResultRow(	Dev/ATLAS.OFD/Source/PO/PO.OFD/OFDM221A_PO.cs:1999
檢核失敗，請檢查	AddResultRow(	Dev/ATLAS.OFD/Source/PO/PO.OFD/OFDM221A_PO.cs:2017
檢核失敗，請檢查	AddResultRow(	Dev/ATLAS.OFD/Source/PO/PO.OFD/OFDM221A_PO.cs:2072
該受益人無”有效配息帳號”，是否繼續執行？	AddResultRow(	Dev/ATLAS.OFD/Source/PO/PO.OFD/OFDM221A_PO.cs:2141
檢核失敗，請檢查	AddResultRow(	Dev/ATLAS.OFD/Source/PO/PO.OFD/OFDM221A_PO.cs:2152
檢核失敗，請檢查	AddResultRow(	Dev/ATLAS.OFD/Source/PO/PO.OFD/OFDM221A_PO.cs:2295
該受益人為外國人，是否繼續執行？	AddResultRow(	Dev/ATLAS.OFD/Source/PO/PO.OFD/OFDM221A_PO.cs:2330
檢核失敗，請檢查	AddResultRow(	Dev/ATLAS.OFD/Source/PO/PO.OFD/OFDM221A_PO.cs:2341
檢核失敗，請檢查	AddResultRow(	Dev/ATLAS.OFD/Source/PO/PO.OFD/OFDM221A_PO.cs:2395
檢核失敗，請檢查	AddResultRow(	Dev/ATLAS.OFD/Source/PO/PO.OFD/OFDM221A_PO.cs:2421
取得配息帳號失敗，請檢查	AddResultRow(	Dev/ATLAS.OFD/Source/PO/PO.OFD/OFDM221A_PO.cs:2465
該受益人於期間{0}停止申購此基金。	AddResultRow(	Dev/ATLAS.OFD/Source/PO/PO.OFD/OFDM221A_PO.cs:2510
檢核失敗，請檢查	AddResultRow(	Dev/ATLAS.OFD/Source/PO/PO.OFD/OFDM221A_PO.cs:2521
【櫃檯人員關帳作業】已執行關帳功能	AddResultRow(	Dev/ATLAS.OFD/Source/PO/PO.OFD/OFDM221A_PO.cs:2571
檢核失敗，請檢查	AddResultRow(	Dev/ATLAS.OFD/Source/PO/PO.OFD/OFDM221A_PO.cs:2582
客戶明細帳號已存在	AddResultRow(	Dev/ATLAS.OFD/Source/PO/PO.OFD/OFDM221A_PO.cs:2629
查詢失敗	AddResultRow(	Dev/ATLAS.OFD/Source/PO/PO.OFD/OFDM221A_PO.cs:2640
取得配息帳號失敗，請檢查	AddResultRow(	Dev/ATLAS.OFD/Source/PO/PO.OFD/OFDM231A_PO.cs:636
新增境內基金過帳控制檔失敗，請檢查	throw new ApplicationException(	Dev/ATLAS.OFD/Source/PO/PO.OFD/OFDM231A_PO.cs:1628
新增受益人各基金結餘檔(境內)失敗，請檢查	throw new ApplicationException(	Dev/ATLAS.OFD/Source/PO/PO.OFD/OFDM231A_PO.cs:1676
新增受益人授權帳號主檔(境內)失敗	throw new ApplicationException(	Dev/ATLAS.OFD/Source/PO/PO.OFD/OFDM231A_PO.cs:1760
新增受益人授權帳號明細檔(境內)失敗，請檢查	throw new ApplicationException(	Dev/ATLAS.OFD/Source/PO/PO.OFD/OFDM231A_PO.cs:1828
新增境內基金過帳控制檔失敗，請檢查	throw new ApplicationException(	Dev/ATLAS.OFD/Source/PO/PO.OFD/OFDM231A_PO.cs:1926
更新境內基金申購明細檔失敗，請檢查	throw new ApplicationException(	Dev/ATLAS.OFD/Source/PO/PO.OFD/OFDM231A_PO.cs:2228
更新境內受益憑證檔失敗，請檢查	throw new ApplicationException(	Dev/ATLAS.OFD/Source/PO/PO.OFD/OFDM231A_PO.cs:2275
更新境內基金買回受益憑證檔，請檢查	throw new ApplicationException(	Dev/ATLAS.OFD/Source/PO/PO.OFD/OFDM231A_PO.cs:2323
該受益人無”有效配息帳號”，是否繼續執行？	AddResultRow(	Dev/ATLAS.OFD/Source/PO/PO.OFD/OFDM231A_PO.cs:2882
該受益人為外國人，是否繼續執行？	AddResultRow(	Dev/ATLAS.OFD/Source/PO/PO.OFD/OFDM231A_PO.cs:2964
檢核失敗，請檢查	AddResultRow(	Dev/ATLAS.OFD/Source/PO/PO.OFD/OFDM231A_PO.cs:2975
【櫃檯人員關帳作業】已執行關帳功能	AddResultRow(	Dev/ATLAS.OFD/Source/PO/PO.OFD/OFDM231A_PO.cs:3141
檢核失敗，請檢查	AddResultRow(	Dev/ATLAS.OFD/Source/PO/PO.OFD/OFDM231A_PO.cs:3152
檢核失敗，請檢查	AddResultRow(	Dev/ATLAS.OFD/Source/PO/PO.OFD/OFDM231A_PO.cs:3198
新增受益人各基金結餘檔(境內)失敗，請檢查	throw new ApplicationException(	Dev/ATLAS.OFD/Source/PO/PO.OFD/OFDM231A_PO.cs:3759
更新境內基金申購明細檔失敗，請檢查	throw new ApplicationException(	Dev/ATLAS.OFD/Source/PO/PO.OFD/OFDM231A_PO.cs:3859
更新境內受益憑證檔失敗，請檢查	throw new ApplicationException(	Dev/ATLAS.OFD/Source/PO/PO.OFD/OFDM231A_PO.cs:3888
更新境內基金買回受益憑證檔失敗，請檢查	throw new ApplicationException(	Dev/ATLAS.OFD/Source/PO/PO.OFD/OFDM231A_PO.cs:3941
購回日期不可大於基金[{0}]最後交易日期{1}	AddResultRow(	Dev/ATLAS.OFD/Source/PO/PO.OFD/OFDM232_PO.cs:368
該基金[{0}]已做淨值計算或最後確認	AddResultRow(	Dev/ATLAS.OFD/Source/PO/PO.OFD/OFDM232_PO.cs:383
0	AddResultRow(	Dev/ATLAS.OFD/Source/PO/PO.OFD/OFDM232_PO.cs:442
0	AddResultRow(	Dev/ATLAS.OFD/Source/PO/PO.OFD/OFDM232_PO.cs:448
0	AddResultRow(	Dev/ATLAS.OFD/Source/PO/PO.OFD/OFDM232_PO.cs:506
0	AddResultRow(	Dev/ATLAS.OFD/Source/PO/PO.OFD/OFDM232_PO.cs:512
0	AddResultRow(	Dev/ATLAS.OFD/Source/PO/PO.OFD/OFDM232_PO.cs:559
基金【{0}】 買回機構'{1}' 於交易日'{2}' 買回資料已存在，不可新增。	AddResultRow(	Dev/ATLAS.OFD/Source/PO/PO.OFD/OFDM232_PO.cs:612
查無資料	AddResultRow(	Dev/ATLAS.OFD/Source/PO/PO.OFD/OFDM233_PO.cs:444
取得書號失敗	throw new ApplicationException(	Dev/ATLAS.OFD/Source/PO/PO.OFD/OFDM242_PO.cs:245
新增境內基金過帳控制檔失敗，請檢查	throw new ApplicationException(	Dev/ATLAS.OFD/Source/PO/PO.OFD/OFDM242_PO.cs:315
新增境內基金過帳控制檔失敗，請檢查	throw new ApplicationException(	Dev/ATLAS.OFD/Source/PO/PO.OFD/OFDM242_PO.cs:407
交易缺件，尚無交易權限。	AddResultRow(	Dev/ATLAS.OFD/Source/PO/PO.OFD/OFDM242_PO.cs:522
{…}基金 買回單位數不可大於可買回單位數	AddResultRow(	Dev/ATLAS.OFD/Source/PO/PO.OFD/OFDM242_PO.cs:649
買回單位數請勿大於可買回單位數。	AddResultRow(	Dev/ATLAS.OFD/Source/PO/PO.OFD/OFDM242_PO.cs:691
無沖銷值資料。	AddResultRow(	Dev/ATLAS.OFD/Source/PO/PO.OFD/OFDM242_PO.cs:702
買回單位數請勿大於可買回單位數。	AddResultRow(	Dev/ATLAS.OFD/Source/PO/PO.OFD/OFDM242_PO.cs:720
系統忙碌中	AddResultRow(	Dev/ATLAS.OFD/Source/PO/PO.OFD/OFDM242_PO.cs:756
檢核失敗，請檢查	AddResultRow(	Dev/ATLAS.OFD/Source/PO/PO.OFD/OFDM243A_PO.cs:248
受益人退郵註記更新失敗	throw new ApplicationException(	Dev/ATLAS.OFD/Source/PO/PO.OFD/OFDM270_PO.cs:320
取得說明範本失敗，請檢查	AddResultRow(	Dev/ATLAS.OFD/Source/PO/PO.OFD/OFDM270_PO.cs:350
{…}此贖回付款資料已通知保管銀行付款，不可回復到件日期	AddResultRow(	Dev/ATLAS.OFD/Source/PO/PO.OFD/OFDM271_PO.cs:89
1	AddResultRow(	Dev/ATLAS.OFD/Source/PO/PO.OFD/OFDM284_PO.cs:449
新增LOG檔失敗	throw new ApplicationException(	Dev/ATLAS.OFD/Source/PO/PO.OFD/OFDM284_PO.cs:513
此戶號已存在，不可新增	AddResultRow(	Dev/ATLAS.OFD/Source/PO/PO.OFD/OFDM284_PO.cs:575
來源基金{…} 不存在，請重新選擇	AddResultRow(	Dev/ATLAS.OFD/Source/PO/PO.OFD/OFDM285_PO.cs:57
複製基金{…} 己存在，無法複製	AddResultRow(	Dev/ATLAS.OFD/Source/PO/PO.OFD/OFDM285_PO.cs:66
複製資料尚未建立	AddResultRow(	Dev/ATLAS.OFD/Source/PO/PO.OFD/OFDM285_PO.cs:74
查無基金資料	AddResultRow(	Dev/ATLAS.OFD/Source/PO/PO.OFD/OFDM297_PO.cs:142
[{…}]基金 已有變更前淨值日期，不可重覆	AddResultRow(	Dev/ATLAS.OFD/Source/PO/PO.OFD/OFDM297_PO.cs:198
[{…}]基金 變更前淨值日期，不可小於已存在之變更前淨值日期	AddResultRow(	Dev/ATLAS.OFD/Source/PO/PO.OFD/OFDM297_PO.cs:224
[{…}]基金 變更前淨值日期至變更後淨值日期前一日 任一天不可為營業日	AddResultRow(	Dev/ATLAS.OFD/Source/PO/PO.OFD/OFDM297_PO.cs:245
[{…}]基金 變更後淨值日期必須為營業日	AddResultRow(	Dev/ATLAS.OFD/Source/PO/PO.OFD/OFDM297_PO.cs:251
[{…}]基金 變更前淨值日期的申購資料已結轉	AddResultRow(	Dev/ATLAS.OFD/Source/PO/PO.OFD/OFDM297_PO.cs:269
[{…}]基金 變更後淨值日期的申購資料已結轉	AddResultRow(	Dev/ATLAS.OFD/Source/PO/PO.OFD/OFDM297_PO.cs:275
[{…}]基金 變更前淨值日期的買回資料已結轉	AddResultRow(	Dev/ATLAS.OFD/Source/PO/PO.OFD/OFDM297_PO.cs:281
[{…}]基金 變更後淨值日期的買回資料已結轉	AddResultRow(	Dev/ATLAS.OFD/Source/PO/PO.OFD/OFDM297_PO.cs:287
[{…}]基金 變更前淨值日期的小額資料已結轉	AddResultRow(	Dev/ATLAS.OFD/Source/PO/PO.OFD/OFDM297_PO.cs:293
[{…}]基金 變更後淨值日期的小額資料已結轉	AddResultRow(	Dev/ATLAS.OFD/Source/PO/PO.OFD/OFDM297_PO.cs:299
此筆資料已存在，無法新增，請檢查	throw new ApplicationException(	Dev/ATLAS.OFD/Source/PO/PO.OFD/OFDM302_PO.cs:156
輸入日期區間已有基金銷售額度控管資料,請重新輸入	AddResultRow(	Dev/ATLAS.OFD/Source/PO/PO.OFD/OFDM321_PO.cs:195
客訴序號：{0}。此客訴序號已存在於系統內，請重新設定	throw new Exception(	Dev/ATLAS.OFD/Source/PO/PO.OFD/OFDM331_PO.cs:123
客訴序號：{0}。此客訴序號已存在於系統內，請重新設定	AddResultRow(	Dev/ATLAS.OFD/Source/PO/PO.OFD/OFDM331_PO.cs:488
新增成功，取得客訴序號：{0}	AddResultRow(	Dev/ATLAS.OFD/Source/PO/PO.OFD/OFDM331_PO.cs:533
新增失敗	AddResultRow(	Dev/ATLAS.OFD/Source/PO/PO.OFD/OFDM331_PO.cs:544
取得說明範本失敗，請檢查	AddResultRow(	Dev/ATLAS.OFD/Source/PO/PO.OFD/OFDM337_PO.cs:286
該筆戶號仍有未覆核資料，不可新增	throw new ApplicationException(	Dev/ATLAS.OFD/Source/PO/PO.OFD/OFDM344_PO.cs:106
修改時影響筆數小於一筆，修改失敗，請檢查	throw new ApplicationException(	Dev/ATLAS.OFD/Source/PO/PO.OFD/OFDM344_PO.cs:151
新增成功	AddResultRow(	Dev/ATLAS.OFD/Source/PO/PO.OFD/OFDM344_PO.cs:414
新增失敗	AddResultRow(	Dev/ATLAS.OFD/Source/PO/PO.OFD/OFDM344_PO.cs:428
當季計算已完成鎖定(OFDB921)，不可匯入。	AddResultRow(	Dev/ATLAS.OFD/Source/PO/PO.OFD/OFDM369_PO.cs:204
匯入有誤，請通知IT	AddResultRow(	Dev/ATLAS.OFD/Source/PO/PO.OFD/OFDM369_PO.cs:246
匯入失敗，請檢查資料是否正確	AddResultRow(	Dev/ATLAS.OFD/Source/PO/PO.OFD/OFDM369_PO.cs:272
執行失敗，請檢查	AddResultRow(	Dev/ATLAS.OFD/Source/PO/PO.OFD/OFDM369_PO.cs:284
此員工已隸屬大部門不可新增	AddResultRow(	Dev/ATLAS.OFD/Source/PO/PO.OFD/OFDM371_PO.cs:626
此員工已隸屬中部門不可新增	AddResultRow(	Dev/ATLAS.OFD/Source/PO/PO.OFD/OFDM371_PO.cs:630
此員工已隸屬小部門不可新增	AddResultRow(	Dev/ATLAS.OFD/Source/PO/PO.OFD/OFDM371_PO.cs:634
下屬部門還存在，不可刪除	AddResultRow(	Dev/ATLAS.OFD/Source/PO/PO.OFD/OFDM371_PO.cs:688
下屬部門還存在，不可刪除	AddResultRow(	Dev/ATLAS.OFD/Source/PO/PO.OFD/OFDM371_PO.cs:700
中部門資料尚未建立	AddResultRow(	Dev/ATLAS.OFD/Source/PO/PO.OFD/OFDM371_PO.cs:760
大部門資料尚未建立	AddResultRow(	Dev/ATLAS.OFD/Source/PO/PO.OFD/OFDM371_PO.cs:771
修改時影響筆數小於一筆，修改失敗，請檢查	throw new ApplicationException(	Dev/ATLAS.OFD/Source/PO/PO.OFD/OFDM374_PO.cs:389
新增時影響筆數小於一筆，新增失敗，請檢查	throw new ApplicationException(	Dev/ATLAS.OFD/Source/PO/PO.OFD/OFDM374_PO.cs:532
此受益人歸屬業務員檔：{0}  已存在，請檢查後重新執行	AddResultRow(	Dev/ATLAS.OFD/Source/PO/PO.OFD/OFDM374_PO.cs:687
此受益人歸屬業務員檔：{0} 已異動，請檢查後重新執行	AddResultRow(	Dev/ATLAS.OFD/Source/PO/PO.OFD/OFDM374_PO.cs:853
此受益人歸屬業務員檔：{0} 已異動，請檢查後重新執行	AddResultRow(	Dev/ATLAS.OFD/Source/PO/PO.OFD/OFDM374_PO.cs:1430
此受益人歸屬業務員檔：{0} 已異動，請檢查後重新執行	AddResultRow(	Dev/ATLAS.OFD/Source/PO/PO.OFD/OFDM374_PO.cs:1669
查無資料	AddResultRow(	Dev/ATLAS.OFD/Source/PO/PO.OFD/OFDM375_PO.cs:133
執行失敗	AddResultRow(	Dev/ATLAS.OFD/Source/PO/PO.OFD/OFDM375_PO.cs:399
執行成功	AddResultRow(	Dev/ATLAS.OFD/Source/PO/PO.OFD/OFDM375_PO.cs:405
執行失敗。原因：{0}	AddResultRow(	Dev/ATLAS.OFD/Source/PO/PO.OFD/OFDM375_PO.cs:413
此通路歸屬業務員：{0}  已存在，請檢查後重新執行	AddResultRow(	Dev/ATLAS.OFD/Source/PO/PO.OFD/OFDM376_PO.cs:254
此通路歸屬業務員：{0} 已異動，請檢查後重新執行	AddResultRow(	Dev/ATLAS.OFD/Source/PO/PO.OFD/OFDM376_PO.cs:421
此通路歸屬業務員：{0} 已異動，請檢查後重新執行	AddResultRow(	Dev/ATLAS.OFD/Source/PO/PO.OFD/OFDM376_PO.cs:1012
此通路歸屬業務員：{0} 已異動，請檢查後重新執行	AddResultRow(	Dev/ATLAS.OFD/Source/PO/PO.OFD/OFDM376_PO.cs:1254
查詢成功	AddResultRow(	Dev/ATLAS.OFD/Source/PO/PO.OFD/OFDM377_PO.cs:118
查無資料	AddResultRow(	Dev/ATLAS.OFD/Source/PO/PO.OFD/OFDM377_PO.cs:123
此通路區分碼{0} 通路代碼{1} 歸屬業務員：{2}  已存在，請檢查後重新執行	AddResultRow(	Dev/ATLAS.OFD/Source/PO/PO.OFD/OFDM377_PO.cs:276
執行成功	AddResultRow(	Dev/ATLAS.OFD/Source/PO/PO.OFD/OFDM377_PO.cs:355
執行失敗。原因：{0}	AddResultRow(	Dev/ATLAS.OFD/Source/PO/PO.OFD/OFDM377_PO.cs:363
查無資料	AddResultRow(	Dev/ATLAS.OFD/Source/PO/PO.OFD/OFDM385_PO.cs:244
當季計算已完成鎖定(OFDB921)，不可修改。	AddResultRow(	Dev/ATLAS.OFD/Source/PO/PO.OFD/OFDM391_PO.cs:126
當季計算已完成鎖定(OFDB921)，不可修改。	AddResultRow(	Dev/ATLAS.OFD/Source/PO/PO.OFD/OFDM392_PO.cs:213
當季計算已完成鎖定(OFDB921)，不可修改。	AddResultRow(	Dev/ATLAS.OFD/Source/PO/PO.OFD/OFDM395_PO.cs:132
當季計算已完成鎖定(OFDB921)，不可修改。	AddResultRow(	Dev/ATLAS.OFD/Source/PO/PO.OFD/OFDM399_PO.cs:267
查無Rebate 需求報表代碼設定[COD006A]	AddResultRow(	Dev/ATLAS.OFD/Source/PO/PO.OFD/OFDM450_PO.cs:439
取得Rebate 需求報表代碼設定[COD006A]失敗	AddResultRow(	Dev/ATLAS.OFD/Source/PO/PO.OFD/OFDM450_PO.cs:447
檢查同一銷售機構, 計算戶號、計算基金 是否已存在失敗	AddResultRow(	Dev/ATLAS.OFD/Source/PO/PO.OFD/OFDM450_PO.cs:589
檢查同一銷售機構, 計算戶號、計算基金 是否已存在失敗	AddResultRow(	Dev/ATLAS.OFD/Source/PO/PO.OFD/OFDM450_PO.cs:678
檢查計算戶號、排除戶號 是否同一銷售機構失敗	AddResultRow(	Dev/ATLAS.OFD/Source/PO/PO.OFD/OFDM450_PO.cs:758
查無 需求報表代碼設定[COD006A]	AddResultRow(	Dev/ATLAS.OFD/Source/PO/PO.OFD/OFDM454_PO.cs:458
取得 需求報表代碼設定[COD006A]失敗	AddResultRow(	Dev/ATLAS.OFD/Source/PO/PO.OFD/OFDM454_PO.cs:466
檢查同一銷售機構, 計算戶號、計算基金 是否已存在失敗	AddResultRow(	Dev/ATLAS.OFD/Source/PO/PO.OFD/OFDM454_PO.cs:659
檢查同一銷售機構, 計算戶號、計算基金 是否已存在失敗	AddResultRow(	Dev/ATLAS.OFD/Source/PO/PO.OFD/OFDM454_PO.cs:748
檢查計算戶號、排除戶號 是否同一銷售機構失敗	AddResultRow(	Dev/ATLAS.OFD/Source/PO/PO.OFD/OFDM454_PO.cs:813
查無 需求報表代碼設定[COD006A]	AddResultRow(	Dev/ATLAS.OFD/Source/PO/PO.OFD/OFDM456_PO.cs:413
取得 需求報表代碼設定[COD006A]失敗	AddResultRow(	Dev/ATLAS.OFD/Source/PO/PO.OFD/OFDM456_PO.cs:421
檢查同一銷售機構, 計算戶號、計算基金 是否已存在失敗	AddResultRow(	Dev/ATLAS.OFD/Source/PO/PO.OFD/OFDM456_PO.cs:614
檢查同一銷售機構, 計算戶號、計算基金 是否已存在失敗	AddResultRow(	Dev/ATLAS.OFD/Source/PO/PO.OFD/OFDM456_PO.cs:703
檢查計算戶號、排除戶號 是否同一銷售機構失敗	AddResultRow(	Dev/ATLAS.OFD/Source/PO/PO.OFD/OFDM456_PO.cs:769
0	AddResultRow(	Dev/ATLAS.OFD/Source/PO/PO.OFD/OFDM481A_PO.cs:183
0	AddResultRow(	Dev/ATLAS.OFD/Source/PO/PO.OFD/OFDM481A_PO.cs:235
yyyy/MM/dd	AddResultRow(	Dev/ATLAS.OFD/Source/PO/PO.OFD/OFDM482A_PO.cs:231
已上傳{0:#,##0}筆指派客戶資料	AddResultRow(	Dev/ATLAS.OFD/Source/PO/PO.OFD/OFDM531_PO.cs:207
執行失敗，請檢查	AddResultRow(	Dev/ATLAS.OFD/Source/PO/PO.OFD/OFDM531_PO.cs:217
執行失敗，請檢查	AddResultRow(	Dev/ATLAS.OFD/Source/PO/PO.OFD/OFDM531_PO.cs:275
核印不成功原因代碼：{0}  已存在，請檢查後重新執行	AddResultRow(	Dev/ATLAS.OFD/Source/PO/PO.OFD/OFDM711_PO.cs:132
核印不成功原因代碼：{0} 已異動，請檢查後重新執行	AddResultRow(	Dev/ATLAS.OFD/Source/PO/PO.OFD/OFDM711_PO.cs:296
核印不成功原因代碼：{0} 已異動，請檢查後重新執行	AddResultRow(	Dev/ATLAS.OFD/Source/PO/PO.OFD/OFDM711_PO.cs:707
核印不成功原因代碼：{0} 已異動，請檢查後重新執行	AddResultRow(	Dev/ATLAS.OFD/Source/PO/PO.OFD/OFDM711_PO.cs:847
扣款行核印媒體對應代碼：{0}  已存在，請檢查後重新執行	AddResultRow(	Dev/ATLAS.OFD/Source/PO/PO.OFD/OFDM712_PO.cs:282
扣款行核印媒體對應代碼：{0} 已異動，請檢查後重新執行	AddResultRow(	Dev/ATLAS.OFD/Source/PO/PO.OFD/OFDM712_PO.cs:450
扣款行核印媒體對應代碼：{0} 已異動，請檢查後重新執行	AddResultRow(	Dev/ATLAS.OFD/Source/PO/PO.OFD/OFDM712_PO.cs:974
扣款行核印媒體對應代碼：{0} 已異動，請檢查後重新執行	AddResultRow(	Dev/ATLAS.OFD/Source/PO/PO.OFD/OFDM712_PO.cs:1119
此扣款方式+扣款行對應代碼：{0}+{1}+{2}  已存在，請檢查後重新執行	AddResultRow(	Dev/ATLAS.OFD/Source/PO/PO.OFD/OFDM713_PO.cs:272
此扣款方式+扣款行對應代碼：{0}+{1}+{2} 已異動，請檢查後重新執行	AddResultRow(	Dev/ATLAS.OFD/Source/PO/PO.OFD/OFDM713_PO.cs:443
此扣款方式+扣款行對應代碼：{0}+{1}+{2} 已異動，請檢查後重新執行	AddResultRow(	Dev/ATLAS.OFD/Source/PO/PO.OFD/OFDM713_PO.cs:933
此扣款方式+扣款行對應代碼：{0} +{1} + {2}已異動，請檢查後重新執行	AddResultRow(	Dev/ATLAS.OFD/Source/PO/PO.OFD/OFDM713_PO.cs:1079
憑證號碼：{…}　已配流水號，請重新配號	AddResultRow(	Dev/ATLAS.OFD/Source/PO/PO.OFD/OFDM722_PO.cs:271
流水號：{…}　已被使用或作廢，請重新配號	AddResultRow(	Dev/ATLAS.OFD/Source/PO/PO.OFD/OFDM722_PO.cs:310
更新境內受益憑證待列印簽證檔(OFD724)失敗	AddResultRow(	Dev/ATLAS.OFD/Source/PO/PO.OFD/OFDM723_PO.cs:151
更新境內受益憑證檔(OFD721)失敗	AddResultRow(	Dev/ATLAS.OFD/Source/PO/PO.OFD/OFDM723_PO.cs:168
更新境內受益憑證待列印簽證檔(OFD724)失敗	AddResultRow(	Dev/ATLAS.OFD/Source/PO/PO.OFD/OFDM724_PO.cs:112
更新境內受益憑證檔(OFD721)失敗	AddResultRow(	Dev/ATLAS.OFD/Source/PO/PO.OFD/OFDM724_PO.cs:128
更新境內受益憑證檔(OFD721)失敗	AddResultRow(	Dev/ATLAS.OFD/Source/PO/PO.OFD/OFDM725_PO.cs:89
更新境內受益憑證檔(OFD721)失敗	AddResultRow(	Dev/ATLAS.OFD/Source/PO/PO.OFD/OFDM725_PO.cs:123
列印請按列印鈕	AddResultRow(	Dev/ATLAS.OFD/Source/PO/PO.OFD/OFDM725_PO.cs:134
執行失敗，請檢查{…}	AddResultRow(	Dev/ATLAS.OFD/Source/PO/PO.OFD/OFDM731_PO.cs:518
匯入的銀行 [{…}]{…}已有存在資料庫	AddResultRow(	Dev/ATLAS.OFD/Source/PO/PO.OFD/OFDM731_PO.cs:625
檢核是否資料有重覆過程中發生異常，請檢查	AddResultRow(	Dev/ATLAS.OFD/Source/PO/PO.OFD/OFDM731_PO.cs:633
匯入的資料已有存在資料庫	AddResultRow(	Dev/ATLAS.OFD/Source/PO/PO.OFD/OFDM731_PO.cs:717
刪除重覆資料過程中發生異常，請檢查	AddResultRow(	Dev/ATLAS.OFD/Source/PO/PO.OFD/OFDM731_PO.cs:725
此題目仍存在於有效的問卷版本中，修改後不會同步調整已存在的問卷版本，請確認是否仍要修改?	AddResultRow(	Dev/ATLAS.OFD/Source/PO/PO.OFD/OFDM741_PO.cs:283
題目已被問卷版本所使用，不可刪除	AddResultRow(	Dev/ATLAS.OFD/Source/PO/PO.OFD/OFDM741_PO.cs:336
查無資料	AddResultRow(	Dev/ATLAS.OFD/Source/PO/PO.OFD/OFDM742_PO.cs:236
此問卷版本已被使用，不可刪除	AddResultRow(	Dev/ATLAS.OFD/Source/PO/PO.OFD/OFDM742_PO.cs:364
已設定 KYC 問卷分數等級對應，是否刪除 ?	AddResultRow(	Dev/ATLAS.OFD/Source/PO/PO.OFD/OFDM742_PO.cs:418
{0} {1}基金已有此受益人資料，是否繼續執行？	AddResultRow(	Dev/ATLAS.OFD/Source/PO/PO.OFD/OFDM871_PO.cs:299
檢核失敗，請檢查	AddResultRow(	Dev/ATLAS.OFD/Source/PO/PO.OFD/OFDM871_PO.cs:310
執行失敗，請檢查	AddResultRow(	Dev/ATLAS.OFD/Source/PO/PO.OFD/OFDM907_PO.cs:130
受益人戶號不存在	AddResultRow(	Dev/ATLAS.OFD/Source/PO/PO.OFD/OFDM907_PO.cs:159
執行失敗，請檢查	AddResultRow(	Dev/ATLAS.OFD/Source/PO/PO.OFD/OFDM907_PO.cs:169
執行失敗，請檢查	AddResultRow(	Dev/ATLAS.OFD/Source/PO/PO.OFD/OFDM907_PO.cs:196
匯入失敗，請檢查資料是否正確	AddResultRow(	Dev/ATLAS.OFD/Source/PO/PO.OFD/OFDM907_PO.cs:241
執行失敗，請檢查	AddResultRow(	Dev/ATLAS.OFD/Source/PO/PO.OFD/OFDM907_PO.cs:253
覆核失敗!	變數指派 =	Dev/ATLAS.OFD/Source/PO/PO.OFD/OFDM913A_PO.cs:117
覆核失敗!	變數指派 =	Dev/ATLAS.OFD/Source/PO/PO.OFD/OFDM913A_PO.cs:136
執行失敗，請檢查	AddResultRow(	Dev/ATLAS.OFD/Source/PO/PO.OFD/OFDM913A_PO.cs:262
執行失敗，請檢查	AddResultRow(	Dev/ATLAS.OFD/Source/PO/PO.OFD/OFDM913A_PO.cs:326
執行失敗，請檢查	AddResultRow(	Dev/ATLAS.OFD/Source/PO/PO.OFD/OFDM913A_PO.cs:372
執行失敗，請檢查	AddResultRow(	Dev/ATLAS.OFD/Source/PO/PO.OFD/OFDM913A_PO.cs:402
執行失敗，請檢查	AddResultRow(	Dev/ATLAS.OFD/Source/PO/PO.OFD/OFDM913A_PO.cs:456
執行失敗，請檢查	AddResultRow(	Dev/ATLAS.OFD/Source/PO/PO.OFD/OFDM913A_PO.cs:516
執行失敗，請檢查	AddResultRow(	Dev/ATLAS.OFD/Source/PO/PO.OFD/OFDM913A_PO.cs:573
匯入有誤，請通知IT	AddResultRow(	Dev/ATLAS.OFD/Source/PO/PO.OFD/OFDM913A_PO.cs:617
匯入失敗，請檢查資料是否正確	AddResultRow(	Dev/ATLAS.OFD/Source/PO/PO.OFD/OFDM913A_PO.cs:631
執行失敗，請檢查	AddResultRow(	Dev/ATLAS.OFD/Source/PO/PO.OFD/OFDM913A_PO.cs:643
執行失敗，請檢查	AddResultRow(	Dev/ATLAS.OFD/Source/PO/PO.OFD/OFDM913_PO.cs:130
受益人戶號不存在	AddResultRow(	Dev/ATLAS.OFD/Source/PO/PO.OFD/OFDM913_PO.cs:159
執行失敗，請檢查	AddResultRow(	Dev/ATLAS.OFD/Source/PO/PO.OFD/OFDM913_PO.cs:169
執行失敗，請檢查	AddResultRow(	Dev/ATLAS.OFD/Source/PO/PO.OFD/OFDM913_PO.cs:196
匯入失敗，請檢查資料是否正確	AddResultRow(	Dev/ATLAS.OFD/Source/PO/PO.OFD/OFDM913_PO.cs:241
執行失敗，請檢查	AddResultRow(	Dev/ATLAS.OFD/Source/PO/PO.OFD/OFDM913_PO.cs:253
當季計算已完成鎖定(OFDB921)，不可修改。	AddResultRow(	Dev/ATLAS.OFD/Source/PO/PO.OFD/OFDM931A_PO.cs:155
OFDM931B 通路尚未覆核，不可修改。	AddResultRow(	Dev/ATLAS.OFD/Source/PO/PO.OFD/OFDM931A_PO.cs:187
當季計算已完成鎖定(OFDB921)，不可修改。	AddResultRow(	Dev/ATLAS.OFD/Source/PO/PO.OFD/OFDM931B_PO.cs:154
OFDM931A HR尚未覆核，不可修改。	AddResultRow(	Dev/ATLAS.OFD/Source/PO/PO.OFD/OFDM931B_PO.cs:186
中部門為無效，下屬部門不能修改為有效	ShowFormatMessage(	Dev/ATLAS.OFD/Source/UI/UI.OFD/OFDM002.cs:175
大部門為無效，下屬部門不能修改為有效	ShowFormatMessage(	Dev/ATLAS.OFD/Source/UI/UI.OFD/OFDM002.cs:182
部門英文名稱,只限輸入英文及數字!	AddError(	Dev/ATLAS.OFD/Source/UI/UI.OFD/OFDM002.cs:205
備註說明一旦修改,將無法回復。請確定是否修改備註說明內容。	變數指派 =	Dev/ATLAS.OFD/Source/UI/UI.OFD/OFDM003.cs:188
新增年度行事曆成功!	ShowMessage(	Dev/ATLAS.OFD/Source/UI/UI.OFD/OFDM003p0.cs:96
來源及目的的行事曆類別不可相同	AddError(	Dev/ATLAS.OFD/Source/UI/UI.OFD/OFDM003p1.cs:57
年度（西元）輸入邏輯異常	AddError(	Dev/ATLAS.OFD/Source/UI/UI.OFD/OFDM003p1.cs:62
月份 輸入邏輯異常	AddError(	Dev/ATLAS.OFD/Source/UI/UI.OFD/OFDM003p1.cs:69
複製行事曆成功!	ShowMessage(	Dev/ATLAS.OFD/Source/UI/UI.OFD/OFDM003p1.cs:100
複製來源行事曆尚未建立： {…}	ShowMessage(	Dev/ATLAS.OFD/Source/UI/UI.OFD/OFDM003p1.cs:123
設定放假日成功!	ShowMessage(	Dev/ATLAS.OFD/Source/UI/UI.OFD/OFDM003p2.cs:78
設定放假日失敗： {…}	ShowMessage(	Dev/ATLAS.OFD/Source/UI/UI.OFD/OFDM003p2.cs:95
基金種類英文名稱,只限輸入英文!	AddError(	Dev/ATLAS.OFD/Source/UI/UI.OFD/OFDM004.cs:95
基金型態英文名稱,只限輸入英文!	AddError(	Dev/ATLAS.OFD/Source/UI/UI.OFD/OFDM005.cs:90
註冊地英文名稱,只限輸入英文!	AddError(	Dev/ATLAS.OFD/Source/UI/UI.OFD/OFDM009.cs:98
{…} 長度應為3碼	AddError(	Dev/ATLAS.OFD/Source/UI/UI.OFD/OFDM011.cs:94
投資地區英文名稱,只限輸入英文	AddError(	Dev/ATLAS.OFD/Source/UI/UI.OFD/OFDM011.cs:97
{…} 長度應為1碼	AddError(	Dev/ATLAS.OFD/Source/UI/UI.OFD/OFDM014.cs:94
, 評等等級序號	變數指派 =	Dev/ATLAS.OFD/Source/UI/UI.OFD/OFDM015.cs:59
{…} 為必填欄位	AddError(	Dev/ATLAS.OFD/Source/UI/UI.OFD/OFDM015.cs:61
明細資料 必須輸入	AddError(	Dev/ATLAS.OFD/Source/UI/UI.OFD/OFDM015.cs:65
金融機構總行代碼 須至少輸入三碼	AddError(	Dev/ATLAS.OFD/Source/UI/UI.OFD/OFDM019.cs:155
總行英文名稱,只限輸入英文及數字!	AddError(	Dev/ATLAS.OFD/Source/UI/UI.OFD/OFDM019.cs:341
總行英文簡稱,只限輸入英文及數字!	AddError(	Dev/ATLAS.OFD/Source/UI/UI.OFD/OFDM019.cs:346
'金融機構總行代碼'第一碼必須為A~Z	AddError(	Dev/ATLAS.OFD/Source/UI/UI.OFD/OFDM019.cs:353
'金融機構總行代碼'第一碼必須為0~9	AddError(	Dev/ATLAS.OFD/Source/UI/UI.OFD/OFDM019.cs:360
'SWIFT代碼'必須8碼	AddError(	Dev/ATLAS.OFD/Source/UI/UI.OFD/OFDM019.cs:367
帳號長度不能重覆	AddError(	Dev/ATLAS.OFD/Source/UI/UI.OFD/OFDM019.cs:395
帳號長度二不能重覆	AddError(	Dev/ATLAS.OFD/Source/UI/UI.OFD/OFDM019.cs:401
帳號長度三不能重覆	AddError(	Dev/ATLAS.OFD/Source/UI/UI.OFD/OFDM019.cs:408
帳號長度三不能重覆	AddError(	Dev/ATLAS.OFD/Source/UI/UI.OFD/OFDM019.cs:415
'金融機構總行代碼'為700 時,'每日限額'為必輸!	AddError(	Dev/ATLAS.OFD/Source/UI/UI.OFD/OFDM019.cs:431
'每日限額'開放時,輸入值必須大於0!!	AddError(	Dev/ATLAS.OFD/Source/UI/UI.OFD/OFDM019.cs:436
分行英文名稱,只限輸入英文及數字!	AddError(	Dev/ATLAS.OFD/Source/UI/UI.OFD/OFDM020.cs:47
分行英文簡稱,只限輸入英文及數字!	AddError(	Dev/ATLAS.OFD/Source/UI/UI.OFD/OFDM020.cs:52
金融機構分行代碼 必須為7碼	AddError(	Dev/ATLAS.OFD/Source/UI/UI.OFD/OFDM020.cs:57
SWIFT代碼 必須為8或11碼	AddError(	Dev/ATLAS.OFD/Source/UI/UI.OFD/OFDM020.cs:105
中間銀行英文名稱,只限輸入英文!	AddError(	Dev/ATLAS.OFD/Source/UI/UI.OFD/OFDM022.cs:107
中間銀行英文簡稱,只限輸入英文!	AddError(	Dev/ATLAS.OFD/Source/UI/UI.OFD/OFDM022.cs:111
'SWIFT代碼'不可小於8碼	AddError(	Dev/ATLAS.OFD/Source/UI/UI.OFD/OFDM022.cs:116
投顧公司代碼，輸入長度至少為五碼。	AddError(	Dev/ATLAS.OFD/Source/UI/UI.OFD/OFDM023.cs:158
公司英文名稱，只限輸入英文及數字。	AddError(	Dev/ATLAS.OFD/Source/UI/UI.OFD/OFDM023.cs:162
投信公司代碼，輸入長度至少為五碼。	AddError(	Dev/ATLAS.OFD/Source/UI/UI.OFD/OFDM024.cs:163
公司英文名稱，只限輸入英文及數字。	AddError(	Dev/ATLAS.OFD/Source/UI/UI.OFD/OFDM024.cs:167
必須輸入匯款帳號對應碼!	AddError(	Dev/ATLAS.OFD/Source/UI/UI.OFD/OFDM030.cs:177
產壽險公司代碼，輸入長度至少為五碼。	AddError(	Dev/ATLAS.OFD/Source/UI/UI.OFD/OFDM034.cs:155
公司英文名稱,只限輸入英文及數字!	AddError(	Dev/ATLAS.OFD/Source/UI/UI.OFD/OFDM034.cs:159
明細資料 必須輸入	AddError(	Dev/ATLAS.OFD/Source/UI/UI.OFD/OFDM035.cs:42
終止金額最大值 必須等於 單次匯款最高金額	AddError(	Dev/ATLAS.OFD/Source/UI/UI.OFD/OFDM035.cs:58
單次匯款最高金額 必須大於 1，才可新增明細資料	AddError(	Dev/ATLAS.OFD/Source/UI/UI.OFD/OFDM035.cs:182
明細資料 必須輸入	AddError(	Dev/ATLAS.OFD/Source/UI/UI.OFD/OFDM036.cs:40
終止金額最大值 必須等於 單次匯款最高金額	AddError(	Dev/ATLAS.OFD/Source/UI/UI.OFD/OFDM036.cs:45
單次匯款最高金額 必須大於 1，才可新增明細資料	AddError(	Dev/ATLAS.OFD/Source/UI/UI.OFD/OFDM036.cs:197
明細資料必須輸入	AddError(	Dev/ATLAS.OFD/Source/UI/UI.OFD/OFDM038.cs:163
基金代碼 不可為空白	AddError(	Dev/ATLAS.OFD/Source/UI/UI.OFD/OFDM038.cs:170
'基金代碼'必須輸入	AddError(	Dev/ATLAS.OFD/Source/UI/UI.OFD/OFDM038.cs:242
適用境內/境外 選項，請至少須挑選一項	AddError(	Dev/ATLAS.OFD/Source/UI/UI.OFD/OFDM039.cs:299
適用作業別 選項，請至少須挑選一項	AddError(	Dev/ATLAS.OFD/Source/UI/UI.OFD/OFDM039.cs:302
申購寬限補件天數 必須輸入	AddError(	Dev/ATLAS.OFD/Source/UI/UI.OFD/OFDM039.cs:306
贖回寬限補件天數 必須輸入	AddError(	Dev/ATLAS.OFD/Source/UI/UI.OFD/OFDM039.cs:308
轉換寬限補件天數 必須輸入	AddError(	Dev/ATLAS.OFD/Source/UI/UI.OFD/OFDM039.cs:310
定額收件寬限補件天數 必須輸入	AddError(	Dev/ATLAS.OFD/Source/UI/UI.OFD/OFDM039.cs:312
'{0}'且開戶類別為'{1}'之類別，已存在於身份別為'自然人+法人'中	AddError(	Dev/ATLAS.OFD/Source/UI/UI.OFD/OFDM040.cs:83
寄發途徑必須勾選任一項	AddError(	Dev/ATLAS.OFD/Source/UI/UI.OFD/OFDM040.cs:199
通知書代碼為'境內對帳單'時,才可挑選'每月寄發'	AddError(	Dev/ATLAS.OFD/Source/UI/UI.OFD/OFDM040.cs:262
通知書代碼為'境內對帳單'時,才可挑選'每三個月寄發'	AddError(	Dev/ATLAS.OFD/Source/UI/UI.OFD/OFDM040.cs:266
通知書代碼為'境內對帳單'自然人時,才可挑選'每六個月寄發'	AddError(	Dev/ATLAS.OFD/Source/UI/UI.OFD/OFDM040.cs:270
範本內容 為必填欄位	AddError(	Dev/ATLAS.OFD/Source/UI/UI.OFD/OFDM041.cs:109
明細資料 必須輸入	AddError(	Dev/ATLAS.OFD/Source/UI/UI.OFD/OFDM041.cs:113
明細資料至少要輸入一筆	AddError(	Dev/ATLAS.OFD/Source/UI/UI.OFD/OFDM045.cs:199
項目說明 最多19項說明	AddError(	Dev/ATLAS.OFD/Source/UI/UI.OFD/OFDM045.cs:387
項目說明第{…}列不得空值,請'刪除'或'填入'此筆資料	AddError(	Dev/ATLAS.OFD/Source/UI/UI.OFD/OFDM045.cs:396
必須儲存資料後才可排序	ShowMessage(	Dev/ATLAS.OFD/Source/UI/UI.OFD/OFDM045.cs:437
若確定更改順序，請回主畫面按修改鈕，以完成修改。	ShowMessage(	Dev/ATLAS.OFD/Source/UI/UI.OFD/OFDM045p0.cs:40
匯入檔案至少一個	AddError(	Dev/ATLAS.OFD/Source/UI/UI.OFD/OFDM046.cs:71
檔案重覆	AddError(	Dev/ATLAS.OFD/Source/UI/UI.OFD/OFDM046.cs:112
有效月份必須大於零!	AddError(	Dev/ATLAS.OFD/Source/UI/UI.OFD/OFDM055.cs:65
有效月份必須大於零!	AddError(	Dev/ATLAS.OFD/Source/UI/UI.OFD/OFDM055.cs:85
EMAIL格式有誤	AddError(	Dev/ATLAS.OFD/Source/UI/UI.OFD/OFDM061.cs:145
不可新增TA公司代碼為 '0000000000' 的資料	AddError(	Dev/ATLAS.OFD/Source/UI/UI.OFD/OFDM061.cs:153
TA公司英文名稱,只限輸入英文!	AddError(	Dev/ATLAS.OFD/Source/UI/UI.OFD/OFDM061.cs:158
'基金公司聯絡人資料'至少輸入一筆資料	AddError(	Dev/ATLAS.OFD/Source/UI/UI.OFD/OFDM062.cs:51
基金公司英文名稱,只限輸入英文!	AddError(	Dev/ATLAS.OFD/Source/UI/UI.OFD/OFDM062.cs:56
基金公司英文簡稱,只限輸入英文!	AddError(	Dev/ATLAS.OFD/Source/UI/UI.OFD/OFDM062.cs:60
{…} 已存在	AddError(	Dev/ATLAS.OFD/Source/UI/UI.OFD/OFDM062.cs:84
此筆資料為系統公司資料，不可由此新增	ShowMessage(	Dev/ATLAS.OFD/Source/UI/UI.OFD/OFDM062.cs:374
同一"聯絡人作業別"只能有一筆"主要聯絡窗口"	AddError(	Dev/ATLAS.OFD/Source/UI/UI.OFD/OFDM062.cs:394
此筆資料為系統公司資料，不可刪除	ShowMessage(	Dev/ATLAS.OFD/Source/UI/UI.OFD/OFDM062.cs:417
EMAIL格式有誤	AddError(	Dev/ATLAS.OFD/Source/UI/UI.OFD/OFDM062p0.cs:48
只可有一筆'主要聯絡窗口別'為'是',聯絡人作業別 為'{…}'的資料	AddError(	Dev/ATLAS.OFD/Source/UI/UI.OFD/OFDM062p0.cs:57
請傳入Grid中點選的該筆資料，不可為Null	ShowMessage(	Dev/ATLAS.OFD/Source/UI/UI.OFD/OFDM062p0.cs:84
收款銀行SWIFT代碼至少輸入八碼!	AddError(	Dev/ATLAS.OFD/Source/UI/UI.OFD/OFDM064.cs:150
中間銀行SWIFT代碼至少輸入八碼!	AddError(	Dev/ATLAS.OFD/Source/UI/UI.OFD/OFDM064.cs:155
不可修改資料, 請先刪除再新增!!	AddError(	Dev/ATLAS.OFD/Source/UI/UI.OFD/OFDM065.cs:79
總代理公司聯絡人資料 至少輸入一筆資料	AddError(	Dev/ATLAS.OFD/Source/UI/UI.OFD/OFDM066.cs:45
總代理公司英文名稱,只限輸入英文!	AddError(	Dev/ATLAS.OFD/Source/UI/UI.OFD/OFDM066.cs:52
總代理公司英文簡稱,只限輸入英文!	AddError(	Dev/ATLAS.OFD/Source/UI/UI.OFD/OFDM066.cs:56
此筆資料為系統公司資料，不可新增	ShowMessage(	Dev/ATLAS.OFD/Source/UI/UI.OFD/OFDM066.cs:177
此筆資料為系統公司資料，不可修改	ShowMessage(	Dev/ATLAS.OFD/Source/UI/UI.OFD/OFDM066.cs:196
此筆資料為系統公司資料，不可修改	ShowMessage(	Dev/ATLAS.OFD/Source/UI/UI.OFD/OFDM066.cs:240
此筆資料為系統公司資料，不可刪除	ShowMessage(	Dev/ATLAS.OFD/Source/UI/UI.OFD/OFDM066.cs:288
EMAIL格式有誤	AddError(	Dev/ATLAS.OFD/Source/UI/UI.OFD/OFDM066p0.cs:49
只可有一筆'主要聯絡窗口別'為'是''的資料	AddError(	Dev/ATLAS.OFD/Source/UI/UI.OFD/OFDM066p0.cs:58
請傳入Grid中點選的該筆資料，不可為Null	ShowMessage(	Dev/ATLAS.OFD/Source/UI/UI.OFD/OFDM066p0.cs:85
銷售機構別 為必填欄位	AddError(	Dev/ATLAS.OFD/Source/UI/UI.OFD/OFDM068.cs:46
銷售機構代碼 為必填欄位	AddError(	Dev/ATLAS.OFD/Source/UI/UI.OFD/OFDM068.cs:50
集保銷售機構代碼 長度應為5碼	AddError(	Dev/ATLAS.OFD/Source/UI/UI.OFD/OFDM068.cs:63
公會核准日期 必需輸入!	AddError(	Dev/ATLAS.OFD/Source/UI/UI.OFD/OFDM068.cs:70
公會核准文號 必需輸入!	AddError(	Dev/ATLAS.OFD/Source/UI/UI.OFD/OFDM068.cs:75
銷售機構英文名稱 只限輸入英文及數字!	AddError(	Dev/ATLAS.OFD/Source/UI/UI.OFD/OFDM068.cs:81
銷售機構英文簡稱 只限輸入英文及數字!	AddError(	Dev/ATLAS.OFD/Source/UI/UI.OFD/OFDM068.cs:85
此銷售機構已有交易資料,不可刪除!	AddError(	Dev/ATLAS.OFD/Source/UI/UI.OFD/OFDM068.cs:982
EMAIL格式有誤	AddError(	Dev/ATLAS.OFD/Source/UI/UI.OFD/OFDM068p0.cs:60
請傳入Grid中點選的該筆資料，不可為Null	ShowMessage(	Dev/ATLAS.OFD/Source/UI/UI.OFD/OFDM068p0.cs:78
銷售機構承銷境內基金設定明細資料 必須輸入	AddError(	Dev/ATLAS.OFD/Source/UI/UI.OFD/OFDM070A.cs:53
(特殊期間)起迄 必須同時(不)輸入	AddError(	Dev/ATLAS.OFD/Source/UI/UI.OFD/OFDM070Ap0.cs:46
(特殊期間)起 不可大於 (特殊期間)迄!	AddError(	Dev/ATLAS.OFD/Source/UI/UI.OFD/OFDM070Ap0.cs:53
(特殊期間)手續費拆帳基礎 為必輸欄位	AddError(	Dev/ATLAS.OFD/Source/UI/UI.OFD/OFDM070Ap0.cs:58
(特殊期間)手續費拆帳比-銷售機構 為必輸欄位	AddError(	Dev/ATLAS.OFD/Source/UI/UI.OFD/OFDM070Ap0.cs:63
無效起始日期 不可小於 生效日期!	AddError(	Dev/ATLAS.OFD/Source/UI/UI.OFD/OFDM070Ap0.cs:71
生效日期 不可輸入 1900/01/01!	AddError(	Dev/ATLAS.OFD/Source/UI/UI.OFD/OFDM070Ap0.cs:76
{…} 不可大於 100	AddError(	Dev/ATLAS.OFD/Source/UI/UI.OFD/OFDM070Ap0.cs:83
{…} 不可大於 100	AddError(	Dev/ATLAS.OFD/Source/UI/UI.OFD/OFDM070Ap0.cs:85
{…} 不可大於 100	AddError(	Dev/ATLAS.OFD/Source/UI/UI.OFD/OFDM070Ap0.cs:89
CDSC後收基金需輸入「銷售機構傳輸方式及銷售機構分成手續費率」	AddError(	Dev/ATLAS.OFD/Source/UI/UI.OFD/OFDM070Ap0.cs:98
基金代碼 重覆	AddError(	Dev/ATLAS.OFD/Source/UI/UI.OFD/OFDM070Ap0.cs:126
請傳入Grid中點選的該筆資料，不可為Null	ShowMessage(	Dev/ATLAS.OFD/Source/UI/UI.OFD/OFDM070Ap0.cs:155
複製成功!	ShowMessage(	Dev/ATLAS.OFD/Source/UI/UI.OFD/OFDM070Ap1.cs:90
複製來源尚未建立： {…}	ShowMessage(	Dev/ATLAS.OFD/Source/UI/UI.OFD/OFDM070Ap1.cs:113
銷售機構承銷境內基金設定明細資料 必須輸入	AddError(	Dev/ATLAS.OFD/Source/UI/UI.OFD/OFDM070B.cs:53
無效起始日期 不可小於 生效日期!	AddError(	Dev/ATLAS.OFD/Source/UI/UI.OFD/OFDM070Bp0.cs:96
生效日期 不可輸入 1900/01/01!	AddError(	Dev/ATLAS.OFD/Source/UI/UI.OFD/OFDM070Bp0.cs:101
公會核准日期 必需輸入!	AddError(	Dev/ATLAS.OFD/Source/UI/UI.OFD/OFDM070Bp0.cs:109
公會核准文號 必需輸入!	AddError(	Dev/ATLAS.OFD/Source/UI/UI.OFD/OFDM070Bp0.cs:114
基金代碼 重覆	AddError(	Dev/ATLAS.OFD/Source/UI/UI.OFD/OFDM070Bp0.cs:122
請傳入Grid中點選的該筆資料，不可為Null	ShowMessage(	Dev/ATLAS.OFD/Source/UI/UI.OFD/OFDM070Bp0.cs:154
複製成功!	ShowMessage(	Dev/ATLAS.OFD/Source/UI/UI.OFD/OFDM070Bp1.cs:95
複製來源尚未建立： {…}	ShowMessage(	Dev/ATLAS.OFD/Source/UI/UI.OFD/OFDM070Bp1.cs:118
已存在相關中小通路資料,不可刪除	AddError(	Dev/ATLAS.OFD/Source/UI/UI.OFD/OFDM071.cs:231
已存在相關小通路資料,不可刪除	AddError(	Dev/ATLAS.OFD/Source/UI/UI.OFD/OFDM071.cs:246
'通路代碼'需為 5,9 或 15碼	AddError(	Dev/ATLAS.OFD/Source/UI/UI.OFD/OFDM071.cs:278
不存在此大通路{0}	AddError(	Dev/ATLAS.OFD/Source/UI/UI.OFD/OFDM071.cs:320
不存在此中通路{0}	AddError(	Dev/ATLAS.OFD/Source/UI/UI.OFD/OFDM071.cs:331
EMAIL格式有誤	AddError(	Dev/ATLAS.OFD/Source/UI/UI.OFD/OFDM071.cs:338
歸屬推薦人 不可與 推薦人代碼相同	AddError(	Dev/ATLAS.OFD/Source/UI/UI.OFD/OFDM072.cs:136
離職日期 不可空白	AddError(	Dev/ATLAS.OFD/Source/UI/UI.OFD/OFDM072.cs:203
無效起始日期 不可輸入'1900/01/01'	AddError(	Dev/ATLAS.OFD/Source/UI/UI.OFD/OFDM074.cs:180
{…} 格式有誤，請檢查	AddError(	Dev/ATLAS.OFD/Source/UI/UI.OFD/OFDM074.cs:185
明細資料 必須輸入	AddError(	Dev/ATLAS.OFD/Source/UI/UI.OFD/OFDM074.cs:195
手續費拆帳基礎(書面)	變數指派 =	Dev/ATLAS.OFD/Source/UI/UI.OFD/OFDM074.cs:203
, 手續費拆帳基礎(EC/IVR)	變數指派 =	Dev/ATLAS.OFD/Source/UI/UI.OFD/OFDM074.cs:211
扣款機構{0}不允許{1}核印扣款方式	AddError(	Dev/ATLAS.OFD/Source/UI/UI.OFD/OFDM074.cs:234
轉出單位代號 輸入長度為 7 碼!!	AddError(	Dev/ATLAS.OFD/Source/UI/UI.OFD/OFDM074.cs:240
單筆扣款限額不可大於{…}	變數指派 =	Dev/ATLAS.OFD/Source/UI/UI.OFD/OFDM074.cs:255
每日扣款限額不可大於{…}	變數指派 =	Dev/ATLAS.OFD/Source/UI/UI.OFD/OFDM074.cs:260
明細資料內的取款方式為必填欄位	AddError(	Dev/ATLAS.OFD/Source/UI/UI.OFD/OFDM074.cs:271
現無'扣帳費'的設定值，將會清除明細資料的幣別明細檔。	變數指派 =	Dev/ATLAS.OFD/Source/UI/UI.OFD/OFDM074.cs:352
【費用支付種類(EC/IVR)】為'扣帳費'，幣別明細的手續費必須有值。	AddError(	Dev/ATLAS.OFD/Source/UI/UI.OFD/OFDM074.cs:422
將同步更新相同扣款機構的 轉出單位代碼 共 {…} 筆，是否繼續?	變數指派 =	Dev/ATLAS.OFD/Source/UI/UI.OFD/OFDM074.cs:447
將同步更新相同扣款機構與代理扣款機構的 每日扣款限額 與 單筆扣款限額 共 {…} 筆，是否繼續?	變數指派 =	Dev/ATLAS.OFD/Source/UI/UI.OFD/OFDM074.cs:495
核印扣款方式為{…}，不可有明細資料{…}	ShowMessage(	Dev/ATLAS.OFD/Source/UI/UI.OFD/OFDM074.cs:1179
取款分行, 取款帳號 必須全(不)填寫	AddError(	Dev/ATLAS.OFD/Source/UI/UI.OFD/OFDM074p0.cs:101
基金代碼 重覆	AddError(	Dev/ATLAS.OFD/Source/UI/UI.OFD/OFDM074p0.cs:115
幣別明細資料 必須輸入	AddError(	Dev/ATLAS.OFD/Source/UI/UI.OFD/OFDM074p0.cs:120
扣帳手續費(書面) 為必填欄位	AddError(	Dev/ATLAS.OFD/Source/UI/UI.OFD/OFDM074p0.cs:130
扣帳手續費(EC/IVR) 為必填欄位	AddError(	Dev/ATLAS.OFD/Source/UI/UI.OFD/OFDM074p0.cs:142
請傳入Grid中點選的該筆資料，不可為Null	ShowMessage(	Dev/ATLAS.OFD/Source/UI/UI.OFD/OFDM074p0.cs:255
選取的幣別已存在。	ShowMessage(	Dev/ATLAS.OFD/Source/UI/UI.OFD/OFDM074p0.cs:805
請先輸入基金代碼。	ShowMessage(	Dev/ATLAS.OFD/Source/UI/UI.OFD/OFDM074p0.cs:874
明細資料必須輸入	AddError(	Dev/ATLAS.OFD/Source/UI/UI.OFD/OFDM076.cs:43
代理扣款機構{0}不允許{1}核印扣款方式	AddError(	Dev/ATLAS.OFD/Source/UI/UI.OFD/OFDM076.cs:57
核印費 為必填欄位	AddError(	Dev/ATLAS.OFD/Source/UI/UI.OFD/OFDM076.cs:62
核印費 必須大於0	AddError(	Dev/ATLAS.OFD/Source/UI/UI.OFD/OFDM076.cs:66
每日扣款限額 必須大於0	AddError(	Dev/ATLAS.OFD/Source/UI/UI.OFD/OFDM076.cs:71
單筆扣款限額 必須大於0	AddError(	Dev/ATLAS.OFD/Source/UI/UI.OFD/OFDM076.cs:75
核印扣款方式為 '財金' 時，明細資料內的費用代碼 為必填欄位	AddError(	Dev/ATLAS.OFD/Source/UI/UI.OFD/OFDM076.cs:114
取款分行, 取款帳號 必須全(不)填寫	AddError(	Dev/ATLAS.OFD/Source/UI/UI.OFD/OFDM076p0.cs:90
基金代碼 重覆	AddError(	Dev/ATLAS.OFD/Source/UI/UI.OFD/OFDM076p0.cs:110
幣別明細資料 必須輸入	AddError(	Dev/ATLAS.OFD/Source/UI/UI.OFD/OFDM076p0.cs:115
扣帳手續費 為必填欄位	AddError(	Dev/ATLAS.OFD/Source/UI/UI.OFD/OFDM076p0.cs:123
請傳入Grid中點選的該筆資料，不可為Null	ShowMessage(	Dev/ATLAS.OFD/Source/UI/UI.OFD/OFDM076p0.cs:139
選取的幣別已存在。	ShowMessage(	Dev/ATLAS.OFD/Source/UI/UI.OFD/OFDM076p0.cs:355
請先輸入基金代碼。	ShowMessage(	Dev/ATLAS.OFD/Source/UI/UI.OFD/OFDM076p0.cs:425
{…} 為必填欄位	AddError(	Dev/ATLAS.OFD/Source/UI/UI.OFD/OFDM081A.cs:132
ACH匯費不可設定為0	AddError(	Dev/ATLAS.OFD/Source/UI/UI.OFD/OFDM081A.cs:192
開始買回日期 不可小於 成立日期	AddError(	Dev/ATLAS.OFD/Source/UI/UI.OFD/OFDM081A.cs:201
發行日期 不可小於 成立日期	AddError(	Dev/ATLAS.OFD/Source/UI/UI.OFD/OFDM081A.cs:206
NAV起算日期 不可小於 成立日期	AddError(	Dev/ATLAS.OFD/Source/UI/UI.OFD/OFDM081A.cs:210
短線交易開始日期 不可小於 成立日期	AddError(	Dev/ATLAS.OFD/Source/UI/UI.OFD/OFDM081A.cs:215
集保上線日期 不可小於 成立日期	AddError(	Dev/ATLAS.OFD/Source/UI/UI.OFD/OFDM081A.cs:220
基金開始扣款日期 不可小於 成立日期	AddError(	Dev/ATLAS.OFD/Source/UI/UI.OFD/OFDM081A.cs:225
成立日期 不可小於 募集期開始繳款日	AddError(	Dev/ATLAS.OFD/Source/UI/UI.OFD/OFDM081A.cs:229
非合格特定人數 為必填欄位	AddError(	Dev/ATLAS.OFD/Source/UI/UI.OFD/OFDM081A.cs:243
{…} 已存在	AddError(	Dev/ATLAS.OFD/Source/UI/UI.OFD/OFDM081A.cs:290
定買之最低買回金額不可設定為0	AddError(	Dev/ATLAS.OFD/Source/UI/UI.OFD/OFDM081A.cs:296
「計息種類」欄位為收益分配基金專用，是否繼續執行？	變數指派 =	Dev/ATLAS.OFD/Source/UI/UI.OFD/OFDM081A.cs:302
匯費-金額支付方式(公司)-自行 台幣固定金額必須輸入	AddError(	Dev/ATLAS.OFD/Source/UI/UI.OFD/OFDM081A.cs:318
匯費-金額支付方式(公司)-他行 台幣固定金額必須輸入	AddError(	Dev/ATLAS.OFD/Source/UI/UI.OFD/OFDM081A.cs:323
需建入CDSC-後收到期年限	AddError(	Dev/ATLAS.OFD/Source/UI/UI.OFD/OFDM081A.cs:329
收益分配方式「{…}」僅限私募基金使用	AddError(	Dev/ATLAS.OFD/Source/UI/UI.OFD/OFDM081A.cs:335
聯絡人種類已有設定主要聯絡窗口資料，不可重覆	AddError(	Dev/ATLAS.OFD/Source/UI/UI.OFD/OFDM081A.cs:1599
'生效日期'不得修改	AddError(	Dev/ATLAS.OFD/Source/UI/UI.OFD/OFDM081A.cs:1732
'生效日期'重覆	AddError(	Dev/ATLAS.OFD/Source/UI/UI.OFD/OFDM081A.cs:1740
請先輸入 成立日期	AddError(	Dev/ATLAS.OFD/Source/UI/UI.OFD/OFDM081A.cs:1846
生效日期 不可小於 成立日期	AddError(	Dev/ATLAS.OFD/Source/UI/UI.OFD/OFDM081A.cs:1856
明細資料 必須輸入	AddError(	Dev/ATLAS.OFD/Source/UI/UI.OFD/OFDM081A.cs:1863
請先輸入 生效日期	AddError(	Dev/ATLAS.OFD/Source/UI/UI.OFD/OFDM081A.cs:2076
生效日期 不可小於 成立日期	AddError(	Dev/ATLAS.OFD/Source/UI/UI.OFD/OFDM081A.cs:2083
基金代碼 為必填欄位	AddError(	Dev/ATLAS.OFD/Source/UI/UI.OFD/OFDM081A.cs:2814
From基金 與 基金代碼 不可相同	AddError(	Dev/ATLAS.OFD/Source/UI/UI.OFD/OFDM081Ap0.cs:49
基金代碼 已存在	AddError(	Dev/ATLAS.OFD/Source/UI/UI.OFD/OFDM081Ap0.cs:65
複製成功	ShowMessage(	Dev/ATLAS.OFD/Source/UI/UI.OFD/OFDM081Ap0.cs:93
入款帳號種類為 退款 僅可輸入一筆!!	AddError(	Dev/ATLAS.OFD/Source/UI/UI.OFD/OFDM081Ap1.cs:160
資料已重複!!	AddError(	Dev/ATLAS.OFD/Source/UI/UI.OFD/OFDM081Ap1.cs:171
入帳帳號 不可資料重複!!	AddError(	Dev/ATLAS.OFD/Source/UI/UI.OFD/OFDM081Ap1.cs:182
入款銀行 資料格式錯誤	AddError(	Dev/ATLAS.OFD/Source/UI/UI.OFD/OFDM081Ap1.cs:189
ISIN代碼+計價幣別已有資料存在，請重新輸入ISIN代碼!	AddError(	Dev/ATLAS.OFD/Source/UI/UI.OFD/OFDM081B.cs:82
基金每單位面額必須輸入!	AddError(	Dev/ATLAS.OFD/Source/UI/UI.OFD/OFDM081B.cs:94
基金每單位面額必須大於0!	AddError(	Dev/ATLAS.OFD/Source/UI/UI.OFD/OFDM081B.cs:100
為傘型架構時, 傘型架構名稱必須輸入!	AddError(	Dev/ATLAS.OFD/Source/UI/UI.OFD/OFDM081B.cs:114
公開說明書代碼必須輸入!	AddError(	Dev/ATLAS.OFD/Source/UI/UI.OFD/OFDM081B.cs:121
公開說明書檔案名稱必須輸入!	AddError(	Dev/ATLAS.OFD/Source/UI/UI.OFD/OFDM081B.cs:125
公開說明書檔案存放位置必須輸入!	AddError(	Dev/ATLAS.OFD/Source/UI/UI.OFD/OFDM081B.cs:129
手續費收取方式為1:前收時, 內含手續費計算方式必須輸入!	AddError(	Dev/ATLAS.OFD/Source/UI/UI.OFD/OFDM081B.cs:140
手續費收取方式不為1:前收時, 內含手續費計算方式不可輸入!	AddError(	Dev/ATLAS.OFD/Source/UI/UI.OFD/OFDM081B.cs:145
最小配現金額輸入錯誤, 必須輸入!	AddError(	Dev/ATLAS.OFD/Source/UI/UI.OFD/OFDM081B.cs:155
承作綜合帳戶時, 集保綜合帳戶手續費幣別必須輸入!	AddError(	Dev/ATLAS.OFD/Source/UI/UI.OFD/OFDM081B.cs:164
定期定額註記為 0:不可作定期定額申購, 可交易項目:定期定額申購, 不可打勾!	AddError(	Dev/ATLAS.OFD/Source/UI/UI.OFD/OFDM081B.cs:175
定期定額註記為 1:可作定期定額申購, 可交易項目:定期定額申購, 必須打勾!	AddError(	Dev/ATLAS.OFD/Source/UI/UI.OFD/OFDM081B.cs:182
定期定額最低扣款金額(原幣)必須輸入!	AddError(	Dev/ATLAS.OFD/Source/UI/UI.OFD/OFDM081B.cs:186
定期定額最低扣款金額(台幣)必須輸入!	AddError(	Dev/ATLAS.OFD/Source/UI/UI.OFD/OFDM081B.cs:190
定期定額倍數單位金額(原幣)必須輸入!	AddError(	Dev/ATLAS.OFD/Source/UI/UI.OFD/OFDM081B.cs:194
定期定額倍數單位金額(台幣)必須輸入!	AddError(	Dev/ATLAS.OFD/Source/UI/UI.OFD/OFDM081B.cs:198
基金贖回方式以單位數贖回時, 最低贖回單位數必須輸入!	AddError(	Dev/ATLAS.OFD/Source/UI/UI.OFD/OFDM081B.cs:206
基金贖回方式以金額贖回時, 最低贖回金額必須輸入!	AddError(	Dev/ATLAS.OFD/Source/UI/UI.OFD/OFDM081B.cs:213
基金贖回方式以金額贖回時, 預估NAV基準日必須輸入!	AddError(	Dev/ATLAS.OFD/Source/UI/UI.OFD/OFDM081B.cs:217
基金贖回方式皆可時, 最低贖回單位數必須輸入!	AddError(	Dev/ATLAS.OFD/Source/UI/UI.OFD/OFDM081B.cs:224
基金贖回方式皆可時, 最低贖回金額必須輸入!	AddError(	Dev/ATLAS.OFD/Source/UI/UI.OFD/OFDM081B.cs:228
基金贖回方式皆可時, 預估NAV基準日必須輸入!	AddError(	Dev/ATLAS.OFD/Source/UI/UI.OFD/OFDM081B.cs:232
基金贖回方式以折扣率計算預估NAV時, 折扣率必須輸入!	AddError(	Dev/ATLAS.OFD/Source/UI/UI.OFD/OFDM081B.cs:242
基金贖回方式以折扣率計算預估NAV時, 折扣率必須大於 0!	AddError(	Dev/ATLAS.OFD/Source/UI/UI.OFD/OFDM081B.cs:246
基金贖回方式以金額贖回時, 折扣值必須輸入!	AddError(	Dev/ATLAS.OFD/Source/UI/UI.OFD/OFDM081B.cs:254
日計息結餘基準日, 必須輸入!	AddError(	Dev/ATLAS.OFD/Source/UI/UI.OFD/OFDM081B.cs:262
息值NAV, 必須輸入!	AddError(	Dev/ATLAS.OFD/Source/UI/UI.OFD/OFDM081B.cs:269
收款銀行SWIFT代碼至少輸入八碼!	AddError(	Dev/ATLAS.OFD/Source/UI/UI.OFD/OFDM081B.cs:279
中間銀行SWIFT代碼至少輸入八碼!	AddError(	Dev/ATLAS.OFD/Source/UI/UI.OFD/OFDM081B.cs:284
此基金為綜合帳戶交易時集保基金類股代碼必須輸入!	AddError(	Dev/ATLAS.OFD/Source/UI/UI.OFD/OFDM081B.cs:294
此集保基金類股代碼已存在於其他基金中!	AddError(	Dev/ATLAS.OFD/Source/UI/UI.OFD/OFDM081B.cs:304
最高手續費率/最低手續費率/固定手續費, 至少三選一輸入不可全空白!	AddError(	Dev/ATLAS.OFD/Source/UI/UI.OFD/OFDM081B.cs:314
若輸入固定手續費,則最低(高)手續費不可輸入!	AddError(	Dev/ATLAS.OFD/Source/UI/UI.OFD/OFDM081B.cs:320
最低手續費率不可大於最高手續費率!	AddError(	Dev/ATLAS.OFD/Source/UI/UI.OFD/OFDM081B.cs:327
最高經理費率/最低經理費率/固定經理費, 至少三選一輸入不可全空白!	AddError(	Dev/ATLAS.OFD/Source/UI/UI.OFD/OFDM081B.cs:335
若輸入固定經理費,則最低(高)經理費不可輸入!	AddError(	Dev/ATLAS.OFD/Source/UI/UI.OFD/OFDM081B.cs:341
最低經理費率不可大於最高經理費率!	AddError(	Dev/ATLAS.OFD/Source/UI/UI.OFD/OFDM081B.cs:348
最高保管費率/最低保管費率/固定保管費, 至少三選一輸入不可全空白!	AddError(	Dev/ATLAS.OFD/Source/UI/UI.OFD/OFDM081B.cs:356
若輸入固定保管費,則最低(高)保管費不可輸入!	AddError(	Dev/ATLAS.OFD/Source/UI/UI.OFD/OFDM081B.cs:362
最低保管費率不可大於最高保管費率!	AddError(	Dev/ATLAS.OFD/Source/UI/UI.OFD/OFDM081B.cs:369
申購截止時間(台灣)必須輸入!	AddError(	Dev/ATLAS.OFD/Source/UI/UI.OFD/OFDM081B.cs:382
贖回截止時間(台灣)必須輸入!	AddError(	Dev/ATLAS.OFD/Source/UI/UI.OFD/OFDM081B.cs:388
財報公開月份必須輸入!	AddError(	Dev/ATLAS.OFD/Source/UI/UI.OFD/OFDM081B.cs:394
生效日期{…} 的經理費率 為必填欄位	AddError(	Dev/ATLAS.OFD/Source/UI/UI.OFD/OFDM081B.cs:411
生效日期 不可小於成立日期{…}	AddError(	Dev/ATLAS.OFD/Source/UI/UI.OFD/OFDM081B.cs:416
生效日期{…} 的經理費率 為必填欄位	AddError(	Dev/ATLAS.OFD/Source/UI/UI.OFD/OFDM081B.cs:431
生效日期 不可小於成立日期{…}	AddError(	Dev/ATLAS.OFD/Source/UI/UI.OFD/OFDM081B.cs:436
是否要覆蓋 申購收款銀行資料?	MessageBox.Show(	Dev/ATLAS.OFD/Source/UI/UI.OFD/OFDM081B.cs:1467
請先輸入 成立日期	AddError(	Dev/ATLAS.OFD/Source/UI/UI.OFD/OFDM081B.cs:1786
生效日期 不可小於 成立日期	AddError(	Dev/ATLAS.OFD/Source/UI/UI.OFD/OFDM081B.cs:1796
請先輸入 生效日期	AddError(	Dev/ATLAS.OFD/Source/UI/UI.OFD/OFDM081B.cs:1902
生效日期 不可小於 成立日期	AddError(	Dev/ATLAS.OFD/Source/UI/UI.OFD/OFDM081B.cs:1909
請先輸入 成立日期	AddError(	Dev/ATLAS.OFD/Source/UI/UI.OFD/OFDM081B.cs:2015
生效日期 不可小於 成立日期	AddError(	Dev/ATLAS.OFD/Source/UI/UI.OFD/OFDM081B.cs:2025
請先輸入 生效日期	AddError(	Dev/ATLAS.OFD/Source/UI/UI.OFD/OFDM081B.cs:2134
生效日期 不可小於 成立日期	AddError(	Dev/ATLAS.OFD/Source/UI/UI.OFD/OFDM081B.cs:2141
{…} 為必填欄位	AddError(	Dev/ATLAS.OFD/Source/UI/UI.OFD/OFDM084.cs:171
明細資料 必須輸入	AddError(	Dev/ATLAS.OFD/Source/UI/UI.OFD/OFDM084.cs:175
幣別代碼必須輸入	AddError(	Dev/ATLAS.OFD/Source/UI/UI.OFD/OFDM084.cs:268
幣別代碼必須輸入	AddError(	Dev/ATLAS.OFD/Source/UI/UI.OFD/OFDM084.cs:285
{…} 為必填欄位	AddError(	Dev/ATLAS.OFD/Source/UI/UI.OFD/OFDM084B.cs:179
明細資料 必須輸入	AddError(	Dev/ATLAS.OFD/Source/UI/UI.OFD/OFDM084B.cs:183
幣別代碼必須輸入	AddError(	Dev/ATLAS.OFD/Source/UI/UI.OFD/OFDM084B.cs:271
明細資料 為必填欄位	AddError(	Dev/ATLAS.OFD/Source/UI/UI.OFD/OFDM085A.cs:147
轉入基金代碼 不可重複	ShowMessage(	Dev/ATLAS.OFD/Source/UI/UI.OFD/OFDM085A.cs:373
請傳入Grid中點選的該筆資料，不可為Null	ShowMessage(	Dev/ATLAS.OFD/Source/UI/UI.OFD/OFDM085Ap0.cs:449
轉出基金與轉入基金的計價幣別不相同，請重新挑選	AddError(	Dev/ATLAS.OFD/Source/UI/UI.OFD/OFDM085Ap0.cs:465
轉入基金代碼不可重複	AddError(	Dev/ATLAS.OFD/Source/UI/UI.OFD/OFDM085Ap0.cs:469
非後收級別基金不可轉入後收級別基金，請重新挑選	AddError(	Dev/ATLAS.OFD/Source/UI/UI.OFD/OFDM085Ap0.cs:491
轉入基金專戶名稱必須輸入	AddError(	Dev/ATLAS.OFD/Source/UI/UI.OFD/OFDM085Ap0.cs:498
轉入基金專戶存款類別必須輸入	AddError(	Dev/ATLAS.OFD/Source/UI/UI.OFD/OFDM085Ap0.cs:501
轉入基金專戶帳號必須輸入	AddError(	Dev/ATLAS.OFD/Source/UI/UI.OFD/OFDM085Ap0.cs:504
匯費付款碼必須輸入	AddError(	Dev/ATLAS.OFD/Source/UI/UI.OFD/OFDM085Ap0.cs:507
書面－轉換手續費折數 或　固定手續費率　 請二擇一輸入	AddError(	Dev/ATLAS.OFD/Source/UI/UI.OFD/OFDM085Ap0.cs:515
電子交易－轉換手續費折數 或　固定手續費率　 請二擇一輸入	AddError(	Dev/ATLAS.OFD/Source/UI/UI.OFD/OFDM085Ap0.cs:522
書面－轉換手續費折數 或　固定手續費率　 請二擇一輸入	AddError(	Dev/ATLAS.OFD/Source/UI/UI.OFD/OFDM085Ap0.cs:529
電子交易－轉換手續費折數 或　固定手續費率　 請二擇一輸入	AddError(	Dev/ATLAS.OFD/Source/UI/UI.OFD/OFDM085Ap0.cs:536
轉換手續費折數－電子交易與轉換固定手續費率－電子交易只能擇一輸入	AddError(	Dev/ATLAS.OFD/Source/UI/UI.OFD/OFDM085Ap0.cs:542
轉換手續費折數－書面 必須小於等於100	AddError(	Dev/ATLAS.OFD/Source/UI/UI.OFD/OFDM085Ap0.cs:547
轉換固定手續費率－書面 必須小於等於100	AddError(	Dev/ATLAS.OFD/Source/UI/UI.OFD/OFDM085Ap0.cs:555
轉換手續費折數－電子交易 必須小於等於100	AddError(	Dev/ATLAS.OFD/Source/UI/UI.OFD/OFDM085Ap0.cs:563
轉換固定手續費率－電子交易 必須小於等於100	AddError(	Dev/ATLAS.OFD/Source/UI/UI.OFD/OFDM085Ap0.cs:571
再申購專戶名稱必須輸入	AddError(	Dev/ATLAS.OFD/Source/UI/UI.OFD/OFDM085Ap0.cs:587
再申購專戶存款類別必須輸入	AddError(	Dev/ATLAS.OFD/Source/UI/UI.OFD/OFDM085Ap0.cs:590
再申購專戶帳號必須輸入	AddError(	Dev/ATLAS.OFD/Source/UI/UI.OFD/OFDM085Ap0.cs:593
再申購匯費-金額支付方式(公司) －自行 台幣固定金額必須輸入	AddError(	Dev/ATLAS.OFD/Source/UI/UI.OFD/OFDM085Ap0.cs:605
再申購匯費-金額支付方式(公司) －他行 台幣固定金額必須輸入	AddError(	Dev/ATLAS.OFD/Source/UI/UI.OFD/OFDM085Ap0.cs:609
外幣轉申購匯費-金額支付方式(公司)－自行 台幣固定金額必須輸入	AddError(	Dev/ATLAS.OFD/Source/UI/UI.OFD/OFDM085Ap0.cs:618
外幣轉申購匯費-金額支付方式(公司)－他行 台幣固定金額必須輸入	AddError(	Dev/ATLAS.OFD/Source/UI/UI.OFD/OFDM085Ap0.cs:622
明細資料必須輸入	AddError(	Dev/ATLAS.OFD/Source/UI/UI.OFD/OFDM085B.cs:118
'轉入基金代碼'資料重複!!	ShowMessage(	Dev/ATLAS.OFD/Source/UI/UI.OFD/OFDM085B.cs:247
轉出基金代碼不可與轉入基金代碼相同	AddError(	Dev/ATLAS.OFD/Source/UI/UI.OFD/OFDM085B.cs:283
請傳入Grid中點選的該筆資料，不可為Null	ShowMessage(	Dev/ATLAS.OFD/Source/UI/UI.OFD/OFDM085Bp0.cs:89
轉出基金代碼不可與轉入基金代碼相同	AddError(	Dev/ATLAS.OFD/Source/UI/UI.OFD/OFDM085Bp0.cs:116
明細資料必須輸入	AddError(	Dev/ATLAS.OFD/Source/UI/UI.OFD/OFDM086.cs:118
'配股基金代碼'資料重複!!	ShowMessage(	Dev/ATLAS.OFD/Source/UI/UI.OFD/OFDM086.cs:218
轉出基金代碼不可與配股基金代碼相同	AddError(	Dev/ATLAS.OFD/Source/UI/UI.OFD/OFDM086.cs:254
請傳入Grid中點選的該筆資料，不可為Null	ShowMessage(	Dev/ATLAS.OFD/Source/UI/UI.OFD/OFDM086p0.cs:85
停止交易日期(起)必須輸入	AddError(	Dev/ATLAS.OFD/Source/UI/UI.OFD/OFDM087.cs:153
停止交易日期(迄)必須輸入	AddError(	Dev/ATLAS.OFD/Source/UI/UI.OFD/OFDM087.cs:158
暫停起始日期不可大於暫停終止日期	AddError(	Dev/ATLAS.OFD/Source/UI/UI.OFD/OFDM087.cs:229
境外基金不可選擇, 轉申購及定額選項!	AddError(	Dev/ATLAS.OFD/Source/UI/UI.OFD/OFDM087.cs:240
暫停起迄日期 不可小於 基金開始買回日	AddError(	Dev/ATLAS.OFD/Source/UI/UI.OFD/OFDM087.cs:283
暫停起迄日期 不可小於 基金成立日	AddError(	Dev/ATLAS.OFD/Source/UI/UI.OFD/OFDM087.cs:289
基金基本資料檔 未設定	AddError(	Dev/ATLAS.OFD/Source/UI/UI.OFD/OFDM087.cs:293
備註說明一旦修改,將無法回復。請確定是否修改備註說明內容。	變數指派 =	Dev/ATLAS.OFD/Source/UI/UI.OFD/OFDM088.cs:226
須符合日期格式	AddError(	Dev/ATLAS.OFD/Source/UI/UI.OFD/OFDM088.cs:362
新增年度行事曆成功!	ShowMessage(	Dev/ATLAS.OFD/Source/UI/UI.OFD/OFDM088p0.cs:70
'年度'必須輸入	AddError(	Dev/ATLAS.OFD/Source/UI/UI.OFD/OFDM088p0.cs:208
'基金代碼'必須輸入	AddError(	Dev/ATLAS.OFD/Source/UI/UI.OFD/OFDM088p0.cs:213
新增年度行事曆成功!	ShowMessage(	Dev/ATLAS.OFD/Source/UI/UI.OFD/OFDM088p0.cs:249
新增年度行事曆失敗!	ShowMessage(	Dev/ATLAS.OFD/Source/UI/UI.OFD/OFDM088p0.cs:260
來源及目的的基金代碼與行事曆類別不可皆相同	AddError(	Dev/ATLAS.OFD/Source/UI/UI.OFD/OFDM088p1.cs:49
年度（西元）輸入邏輯異常	AddError(	Dev/ATLAS.OFD/Source/UI/UI.OFD/OFDM088p1.cs:54
月份 輸入邏輯異常	AddError(	Dev/ATLAS.OFD/Source/UI/UI.OFD/OFDM088p1.cs:61
複製行事曆成功!	ShowMessage(	Dev/ATLAS.OFD/Source/UI/UI.OFD/OFDM088p1.cs:88
複製來源行事曆尚未建立： {…}	ShowMessage(	Dev/ATLAS.OFD/Source/UI/UI.OFD/OFDM088p1.cs:113
'年度'必須輸入	AddError(	Dev/ATLAS.OFD/Source/UI/UI.OFD/OFDM088p1.cs:262
'來源基金'必須輸入	AddError(	Dev/ATLAS.OFD/Source/UI/UI.OFD/OFDM088p1.cs:269
'目的基金'必須輸入	AddError(	Dev/ATLAS.OFD/Source/UI/UI.OFD/OFDM088p1.cs:275
複製來源之'基金代碼','行事曆種類'不可與複製目的之'基金代碼','行事曆種類'相同，請檢查	變數指派 =	Dev/ATLAS.OFD/Source/UI/UI.OFD/OFDM088p1.cs:289
複製行事曆成功!	ShowMessage(	Dev/ATLAS.OFD/Source/UI/UI.OFD/OFDM088p1.cs:350
複製行事曆失敗!	ShowMessage(	Dev/ATLAS.OFD/Source/UI/UI.OFD/OFDM088p1.cs:361
設定放假日成功!	ShowMessage(	Dev/ATLAS.OFD/Source/UI/UI.OFD/OFDM088p2.cs:91
設定放假日失敗： {…}	ShowMessage(	Dev/ATLAS.OFD/Source/UI/UI.OFD/OFDM088p2.cs:108
'基金公司'必須輸入	AddError(	Dev/ATLAS.OFD/Source/UI/UI.OFD/OFDM088p2.cs:231
'放假日'必須輸入	AddError(	Dev/ATLAS.OFD/Source/UI/UI.OFD/OFDM088p2.cs:236
設定放假日成功!	ShowMessage(	Dev/ATLAS.OFD/Source/UI/UI.OFD/OFDM088p2.cs:280
設定放假日失敗!	ShowMessage(	Dev/ATLAS.OFD/Source/UI/UI.OFD/OFDM088p2.cs:291
明細資料 必須輸入	AddError(	Dev/ATLAS.OFD/Source/UI/UI.OFD/OFDM091.cs:63
明細資料 輸入有誤	AddError(	Dev/ATLAS.OFD/Source/UI/UI.OFD/OFDM091.cs:67
{…} 為必填欄位	AddError(	Dev/ATLAS.OFD/Source/UI/UI.OFD/OFDM091.cs:74
遞延手續費率 必須小於100	AddError(	Dev/ATLAS.OFD/Source/UI/UI.OFD/OFDM091.cs:78
起算日 不可大於 終止日	AddError(	Dev/ATLAS.OFD/Source/UI/UI.OFD/OFDM091.cs:81
起算日 必須大於0	AddError(	Dev/ATLAS.OFD/Source/UI/UI.OFD/OFDM091.cs:86
終止日 必須大於0	AddError(	Dev/ATLAS.OFD/Source/UI/UI.OFD/OFDM091.cs:88
基金代碼 為必填	AddError(	Dev/ATLAS.OFD/Source/UI/UI.OFD/OFDM091.cs:92
停止交易日期(起)必須輸入	AddError(	Dev/ATLAS.OFD/Source/UI/UI.OFD/OFDM114.cs:129
停止交易日期(迄)必須輸入	AddError(	Dev/ATLAS.OFD/Source/UI/UI.OFD/OFDM114.cs:134
請記得查詢設定之停止交易日期間是否已有歷史交易資料	ShowMessage(	Dev/ATLAS.OFD/Source/UI/UI.OFD/OFDM114.cs:162
請記得查詢設定之停止交易日期間是否已有歷史交易資料	ShowMessage(	Dev/ATLAS.OFD/Source/UI/UI.OFD/OFDM114.cs:209
'停止交易日期(起)'必需小於等於'停止交易日期(迄)'!!	AddError(	Dev/ATLAS.OFD/Source/UI/UI.OFD/OFDM114.cs:295
列管日期(起)不可小於系統日期，是否繼續？	變數指派 =	Dev/ATLAS.OFD/Source/UI/UI.OFD/OFDM115A.cs:156
列管日期(迄)不可小於系統日期，是否繼續？	變數指派 =	Dev/ATLAS.OFD/Source/UI/UI.OFD/OFDM115A.cs:174
列管日期(起)不可小於系統日期，是否繼續？	變數指派 =	Dev/ATLAS.OFD/Source/UI/UI.OFD/OFDM115A.cs:238
列管日期(迄)不可小於系統日期，是否繼續？	變數指派 =	Dev/ATLAS.OFD/Source/UI/UI.OFD/OFDM115A.cs:256
{…} 為必填欄位	AddError(	Dev/ATLAS.OFD/Source/UI/UI.OFD/OFDM115A.cs:595
明細資料 必須輸入	AddError(	Dev/ATLAS.OFD/Source/UI/UI.OFD/OFDM115A.cs:598
列管日期(起) 不可大於 列管日期(迄)	AddError(	Dev/ATLAS.OFD/Source/UI/UI.OFD/OFDM115A.cs:601
此戶為既有受益人，不可做開戶列管	AddError(	Dev/ATLAS.OFD/Source/UI/UI.OFD/OFDM115A.cs:614
客戶統編、戶號、輸入日期起迄 三者選一 為必填欄位	AddError(	Dev/ATLAS.OFD/Source/UI/UI.OFD/OFDM122A.cs:154
輸入日期(起)(迄) 必須皆(不)填寫	AddError(	Dev/ATLAS.OFD/Source/UI/UI.OFD/OFDM122A.cs:162
輸入日期(起) 不可大於 收件日期(迄)	AddError(	Dev/ATLAS.OFD/Source/UI/UI.OFD/OFDM122A.cs:164
新增時 受益人ID、戶號 必填擇一填寫。	AddError(	Dev/ATLAS.OFD/Source/UI/UI.OFD/OFDM123.cs:139
尚未設定'版本編號'	AddError(	Dev/ATLAS.OFD/Source/UI/UI.OFD/OFDM123.cs:146
問卷書號、填寫日期、受益人ID、戶號 必填擇一填寫	AddError(	Dev/ATLAS.OFD/Source/UI/UI.OFD/OFDM123.cs:573
新增時 受益人ID、戶號 必填擇一填寫。	AddError(	Dev/ATLAS.OFD/Source/UI/UI.OFD/OFDM123.cs:592
終止日期不可小於生效日期	AddError(	Dev/ATLAS.OFD/Source/UI/UI.OFD/OFDM123.cs:602
尚未進行'問卷維護'作業	AddError(	Dev/ATLAS.OFD/Source/UI/UI.OFD/OFDM123.cs:609
刪除後，受益人已無有效的KYC 資料，請確認是否仍要刪除？	變數指派 =	Dev/ATLAS.OFD/Source/UI/UI.OFD/OFDM123.cs:658
客戶統編、戶號、輸入日期起迄 三者選一 為必填欄位	AddError(	Dev/ATLAS.OFD/Source/UI/UI.OFD/OFDM123A.cs:150
輸入日期(起)(迄) 必須皆(不)填寫	AddError(	Dev/ATLAS.OFD/Source/UI/UI.OFD/OFDM123A.cs:158
輸入日期(起) 不可大於 收件日期(迄)	AddError(	Dev/ATLAS.OFD/Source/UI/UI.OFD/OFDM123A.cs:160
請先選擇受益人類別	ShowMessage(	Dev/ATLAS.OFD/Source/UI/UI.OFD/OFDM123A.cs:295
此受益人不為自然人，請確認	ShowMessage(	Dev/ATLAS.OFD/Source/UI/UI.OFD/OFDM123A.cs:303
請先選擇受益人類別	ShowMessage(	Dev/ATLAS.OFD/Source/UI/UI.OFD/OFDM123A.cs:347
此統一編號不為法人，請確認	ShowMessage(	Dev/ATLAS.OFD/Source/UI/UI.OFD/OFDM123A.cs:355
後台無法選擇線上來源！	AddError(	Dev/ATLAS.OFD/Source/UI/UI.OFD/OFDM123A.cs:411
實質受益人為持股25%以上，「實質受益人」為必填！	AddError(	Dev/ATLAS.OFD/Source/UI/UI.OFD/OFDM123A.cs:474
運用之投資工具請至少選擇一項！	AddError(	Dev/ATLAS.OFD/Source/UI/UI.OFD/OFDM123A.cs:490
投資資金來源請至少選擇一項！	AddError(	Dev/ATLAS.OFD/Source/UI/UI.OFD/OFDM123A.cs:500
投資資金來源(其它)為必填！	AddError(	Dev/ATLAS.OFD/Source/UI/UI.OFD/OFDM123A.cs:508
擔任職務請至少選擇一項！	AddError(	Dev/ATLAS.OFD/Source/UI/UI.OFD/OFDM123A.cs:523
擔任職務(其它)為必填！	AddError(	Dev/ATLAS.OFD/Source/UI/UI.OFD/OFDM123A.cs:531
投資理財資訊來源請至少選擇一項！	AddError(	Dev/ATLAS.OFD/Source/UI/UI.OFD/OFDM123A.cs:551
投資理財資訊來源(其它)為必填！	AddError(	Dev/ATLAS.OFD/Source/UI/UI.OFD/OFDM123A.cs:559
職業類別不為家管、學生、學齡前及無業者時，任職機構 為必填欄位	AddError(	Dev/ATLAS.OFD/Source/UI/UI.OFD/OFDM123A.cs:567
您是否有所列情形請至少選擇一項！	AddError(	Dev/ATLAS.OFD/Source/UI/UI.OFD/OFDM123A.cs:574
何者價值隨市場漲跌而波動請至少選擇一項！	AddError(	Dev/ATLAS.OFD/Source/UI/UI.OFD/OFDM123A.cs:578
教育程度為國中以下者，您的所列情形[{…}] 為必填欄位	AddError(	Dev/ATLAS.OFD/Source/UI/UI.OFD/OFDM123A.cs:583
重大傷病證明者，您的所列情形[{…}] 為必填欄位	AddError(	Dev/ATLAS.OFD/Source/UI/UI.OFD/OFDM123A.cs:588
年滿65歲高齡金融消費者，生活自理狀態 為必填欄位	AddError(	Dev/ATLAS.OFD/Source/UI/UI.OFD/OFDM123A.cs:598
年滿65歲高齡金融消費者，您的財務狀況 為必填欄位	AddError(	Dev/ATLAS.OFD/Source/UI/UI.OFD/OFDM123A.cs:602
年滿65歲高齡金融消費者，您的理財知識與基金投資情境 為必填欄位	AddError(	Dev/ATLAS.OFD/Source/UI/UI.OFD/OFDM123A.cs:606
年滿65歲高齡金融消費者，您的所列情形[{…}] 為必填欄位	AddError(	Dev/ATLAS.OFD/Source/UI/UI.OFD/OFDM123A.cs:610
年齡層輸入有誤，請確認！	ShowMessage(	Dev/ATLAS.OFD/Source/UI/UI.OFD/OFDM123A.cs:659
投資人符合弱勢群體條件，須提供自主申購聲明書！	AddError(	Dev/ATLAS.OFD/Source/UI/UI.OFD/OFDM123A.cs:683
投資人符合弱勢群體條件，須提供自主申購聲明書！	AddError(	Dev/ATLAS.OFD/Source/UI/UI.OFD/OFDM123A.cs:706
投資人符合弱勢群體條件，須提供自主申購聲明書！	AddError(	Dev/ATLAS.OFD/Source/UI/UI.OFD/OFDM123A.cs:724
運用之投資工具請至少選擇一項！	AddError(	Dev/ATLAS.OFD/Source/UI/UI.OFD/OFDM123A.cs:741
投資資金來源請至少選擇一項！	AddError(	Dev/ATLAS.OFD/Source/UI/UI.OFD/OFDM123A.cs:751
投資資金來源(其它)為必填！	AddError(	Dev/ATLAS.OFD/Source/UI/UI.OFD/OFDM123A.cs:759
投資理財資訊來源請至少選擇一項！	AddError(	Dev/ATLAS.OFD/Source/UI/UI.OFD/OFDM123A.cs:779
投資理財資訊來源(其它)為必填！	AddError(	Dev/ATLAS.OFD/Source/UI/UI.OFD/OFDM123A.cs:787
法人之實質受益人聲明與股份或資本超過百分之二十五之股東不符，請確認！	AddError(	Dev/ATLAS.OFD/Source/UI/UI.OFD/OFDM123A.cs:801
法人之實質受益人聲明與股份或資本超過百分之二十五之股東不符，請確認！	AddError(	Dev/ATLAS.OFD/Source/UI/UI.OFD/OFDM123A.cs:806
主要營業項目為貿易時，主要貿易國家 為必填欄位	AddError(	Dev/ATLAS.OFD/Source/UI/UI.OFD/OFDM123A.cs:814
同意系統計算風險類型結果,承受風險類型(個人改)必須空白！	AddError(	Dev/ATLAS.OFD/Source/UI/UI.OFD/OFDM123A.cs:824
不同意系統計算風險類型結果,承受風險類型(個人改)必須輸入！	AddError(	Dev/ATLAS.OFD/Source/UI/UI.OFD/OFDM123A.cs:830
不同意系統計算風險類型結果,承受風險類型(個人改)不得上修！	AddError(	Dev/ATLAS.OFD/Source/UI/UI.OFD/OFDM123A.cs:848
職業類別為學齡前/學生/家管/待業/無業時，投資資金來源的產生方式 為必填欄位	AddError(	Dev/ATLAS.OFD/Source/UI/UI.OFD/OFDM123A.cs:864
職業類別為進出口貿易時，主要貿易國家 為必填欄位	AddError(	Dev/ATLAS.OFD/Source/UI/UI.OFD/OFDM123A.cs:870
版號只可以選擇 V7或V8	AddError(	Dev/ATLAS.OFD/Source/UI/UI.OFD/OFDM123A.cs:880
有親見客戶填寫KYC為必填！	AddError(	Dev/ATLAS.OFD/Source/UI/UI.OFD/OFDM123A.cs:2162
職業類別(其它)為必填！	AddError(	Dev/ATLAS.OFD/Source/UI/UI.OFD/OFDM123A.cs:2168
有親見客戶填寫KYC為必填！	AddError(	Dev/ATLAS.OFD/Source/UI/UI.OFD/OFDM123A.cs:2177
法人之實質受益人聲明(法人) 一定要勾選一項！	AddError(	Dev/ATLAS.OFD/Source/UI/UI.OFD/OFDM123A.cs:2182
法人之實質受益人聲明(對於營運具有控制權之最終自然人身分)三個選項一定要勾選一項！	AddError(	Dev/ATLAS.OFD/Source/UI/UI.OFD/OFDM123A.cs:2188
法人之實質受益人聲明(對於營運具有控制權之最終自然人身分)之自然人姓名為必填！	AddError(	Dev/ATLAS.OFD/Source/UI/UI.OFD/OFDM123A.cs:2192
本人是否為現任或曾任國內外政府或國際組織之重要政治性職務人士, 為必填！	AddError(	Dev/ATLAS.OFD/Source/UI/UI.OFD/OFDM123A.cs:2219
本人是否為現任或曾任國內外政府或國際組織之重要政治性職務人士, 若勾選是, 曾任職單位及職銜為必填！	AddError(	Dev/ATLAS.OFD/Source/UI/UI.OFD/OFDM123A.cs:2226
本人之家庭成員及有密切關係之人是否為現任或曾任國內外政府或國際組織之重要政治性職務人士, 為必填！	AddError(	Dev/ATLAS.OFD/Source/UI/UI.OFD/OFDM123A.cs:2231
本人之家庭成員及有密切關係之人是否為現任或曾任國內外政府或國際組織之重要政治性職務人士, 若勾選是, 關係、現/曾任職單位及職銜為必填！	AddError(	Dev/ATLAS.OFD/Source/UI/UI.OFD/OFDM123A.cs:2240
是否經由本公司以外之他人推介開戶, 為必填！	AddError(	Dev/ATLAS.OFD/Source/UI/UI.OFD/OFDM123A.cs:2245
是否經由本公司以外之他人推介開戶, 若勾選是, 介紹人姓名及國籍為必填！	AddError(	Dev/ATLAS.OFD/Source/UI/UI.OFD/OFDM123A.cs:2252
是否為跨區開戶, 為必填！	AddError(	Dev/ATLAS.OFD/Source/UI/UI.OFD/OFDM123A.cs:2257
是否為跨區開戶請至少選擇一項！	AddError(	Dev/ATLAS.OFD/Source/UI/UI.OFD/OFDM123A.cs:2266
是否為跨區開戶勾選其他未輸入！	AddError(	Dev/ATLAS.OFD/Source/UI/UI.OFD/OFDM123A.cs:2274
是否經由本公司以外之他人推介開戶, 為必填！	AddError(	Dev/ATLAS.OFD/Source/UI/UI.OFD/OFDM123A.cs:2286
是否經由本公司以外之他人推介開戶, 若勾選是, 介紹人姓名及國籍為必填！	AddError(	Dev/ATLAS.OFD/Source/UI/UI.OFD/OFDM123A.cs:2293
是否為跨區開戶, 為必填！	AddError(	Dev/ATLAS.OFD/Source/UI/UI.OFD/OFDM123A.cs:2298
是否為跨區開戶請至少選擇一項！	AddError(	Dev/ATLAS.OFD/Source/UI/UI.OFD/OFDM123A.cs:2307
是否為跨區開戶勾選其他未輸入！	AddError(	Dev/ATLAS.OFD/Source/UI/UI.OFD/OFDM123A.cs:2315
年齡層有誤，請確認	ShowMessage(	Dev/ATLAS.OFD/Source/UI/UI.OFD/OFDM123A.cs:2535
請傳入欲處理的該筆資料！	ShowMessage(	Dev/ATLAS.OFD/Source/UI/UI.OFD/OFDM123Ap0.cs:42
中/英文姓名 必須擇一輸入	AddError(	Dev/ATLAS.OFD/Source/UI/UI.OFD/OFDM123Ap0.cs:103
實質受益人是否為現任或曾任國內外政府或國際組織之重要政治性職務人士, 為必填！	AddError(	Dev/ATLAS.OFD/Source/UI/UI.OFD/OFDM123Ap0.cs:108
實質受益人是否為現任或曾任國內外政府或國際組織之重要政治性職務人士, 若勾選是, 曾任職單位及職銜為必填！	AddError(	Dev/ATLAS.OFD/Source/UI/UI.OFD/OFDM123Ap0.cs:114
{…}，不可為空白。	AddError(	Dev/ATLAS.OFD/Source/UI/UI.OFD/OFDM123p0.cs:676
{…}，只准許單選。	AddError(	Dev/ATLAS.OFD/Source/UI/UI.OFD/OFDM123p0.cs:684
{…}，有勾選'其他'項目，文字輸入則不可空白。	AddError(	Dev/ATLAS.OFD/Source/UI/UI.OFD/OFDM123p0.cs:692
{…}，輸入的答案與勾選的項目不符。	AddError(	Dev/ATLAS.OFD/Source/UI/UI.OFD/OFDM123p0.cs:719
明細資料 必須輸入	AddError(	Dev/ATLAS.OFD/Source/UI/UI.OFD/OFDM125A.cs:65
明細資料 輸入有誤	AddError(	Dev/ATLAS.OFD/Source/UI/UI.OFD/OFDM125A.cs:69
{…} 為必填欄位	AddError(	Dev/ATLAS.OFD/Source/UI/UI.OFD/OFDM125A.cs:76
最近更新日期(起)(迄) 必須皆(不)填寫	AddError(	Dev/ATLAS.OFD/Source/UI/UI.OFD/OFDM125A.cs:149
最近更新日期(起) 不可大於 最近更新日期(迄)	AddError(	Dev/ATLAS.OFD/Source/UI/UI.OFD/OFDM125A.cs:151
請傳入欲處理的該筆資料！	ShowMessage(	Dev/ATLAS.OFD/Source/UI/UI.OFD/OFDM125Ap0.cs:42
中文姓名, 為必填！	AddError(	Dev/ATLAS.OFD/Source/UI/UI.OFD/OFDM125Ap0.cs:105
職務別, 為必填！	AddError(	Dev/ATLAS.OFD/Source/UI/UI.OFD/OFDM125Ap0.cs:109
有效日期(起) 不可大於 有效日期(迄)	AddError(	Dev/ATLAS.OFD/Source/UI/UI.OFD/OFDM126.cs:57
有效日期(起)不可大於有效日期(迄)	AddError(	Dev/ATLAS.OFD/Source/UI/UI.OFD/OFDM126.cs:166
公告金額必須大於0	AddError(	Dev/ATLAS.OFD/Source/UI/UI.OFD/OFDM127.cs:204
公告金額必須大於0	AddError(	Dev/ATLAS.OFD/Source/UI/UI.OFD/OFDM127.cs:208
必須先輸入受益人資料才可輸入公告金額!	AddError(	Dev/ATLAS.OFD/Source/UI/UI.OFD/OFDM128.cs:155
此基金之計價幣別與中心幣別不同,不可選取!	AddError(	Dev/ATLAS.OFD/Source/UI/UI.OFD/OFDM128.cs:304
交易起始日期不可小於等於公告日期:{0}	AddError(	Dev/ATLAS.OFD/Source/UI/UI.OFD/OFDM128.cs:366
交易金額不可大於等於公告金額，請重新輸入交易起始日期	AddError(	Dev/ATLAS.OFD/Source/UI/UI.OFD/OFDM128.cs:373
交易金額 不可為0	AddError(	Dev/ATLAS.OFD/Source/UI/UI.OFD/OFDM128.cs:377
交易金額 不可為0	AddError(	Dev/ATLAS.OFD/Source/UI/UI.OFD/OFDM128.cs:380
交易起始日期之後無此受益人交易資料	AddError(	Dev/ATLAS.OFD/Source/UI/UI.OFD/OFDM128.cs:406
轉換手續費拆帳比限制區間為0~100	AddError(	Dev/ATLAS.OFD/Source/UI/UI.OFD/OFDM129.cs:369
轉換固定手續費率限制區間為0~100	AddError(	Dev/ATLAS.OFD/Source/UI/UI.OFD/OFDM129.cs:376
不檢核牌告費率起迄日期(起)不可大於不檢核牌告費率起迄日期(迄)	AddError(	Dev/ATLAS.OFD/Source/UI/UI.OFD/OFDM129.cs:384
不檢核牌告費率起迄日期(起) 為必填欄位	AddError(	Dev/ATLAS.OFD/Source/UI/UI.OFD/OFDM129.cs:393
不檢核牌告費率起迄日期(迄) 為必填欄位	AddError(	Dev/ATLAS.OFD/Source/UI/UI.OFD/OFDM129.cs:397
From受益人 與 受益人 不可相同	AddError(	Dev/ATLAS.OFD/Source/UI/UI.OFD/OFDM129p0.cs:45
受益人 基金代碼 已存在	AddError(	Dev/ATLAS.OFD/Source/UI/UI.OFD/OFDM129p0.cs:61
複製成功	ShowMessage(	Dev/ATLAS.OFD/Source/UI/UI.OFD/OFDM129p0.cs:87
明細資料 必須輸入	AddError(	Dev/ATLAS.OFD/Source/UI/UI.OFD/OFDM133.cs:57
{…} 為必填欄位	AddError(	Dev/ATLAS.OFD/Source/UI/UI.OFD/OFDM133.cs:64
被歸戶戶號 不可與主要窗口戶號相同	AddError(	Dev/ATLAS.OFD/Source/UI/UI.OFD/OFDM133.cs:67
主歸戶戶號 已設定歸屬	AddError(	Dev/ATLAS.OFD/Source/UI/UI.OFD/OFDM133.cs:79
被歸戶戶號 已設定歸屬	AddError(	Dev/ATLAS.OFD/Source/UI/UI.OFD/OFDM133.cs:84
不可刪除資料！如果要取消代理人，請填上終止日	AddError(	Dev/ATLAS.OFD/Source/UI/UI.OFD/OFDM135.cs:40
代理人統一編號與姓名 為必填	AddError(	Dev/ATLAS.OFD/Source/UI/UI.OFD/OFDM135.cs:45
最近更新日期(起)(迄) 必須皆(不)填寫	AddError(	Dev/ATLAS.OFD/Source/UI/UI.OFD/OFDM135.cs:137
最近更新日期(起) 不可大於 最近更新日期(迄)	AddError(	Dev/ATLAS.OFD/Source/UI/UI.OFD/OFDM135.cs:139
請至少勾選一筆員工資料	AddError(	Dev/ATLAS.OFD/Source/UI/UI.OFD/OFDM151.cs:155
請至少勾選一筆基金資料	AddError(	Dev/ATLAS.OFD/Source/UI/UI.OFD/OFDM151.cs:170
終止日期不可小於生效日期	AddError(	Dev/ATLAS.OFD/Source/UI/UI.OFD/OFDM154.cs:124
{…} 為必填欄位	AddError(	Dev/ATLAS.OFD/Source/UI/UI.OFD/OFDM155.cs:225
轉入基金代碼 不可與轉出基金代碼相同	AddError(	Dev/ATLAS.OFD/Source/UI/UI.OFD/OFDM155.cs:228
明細資料 必須輸入	AddError(	Dev/ATLAS.OFD/Source/UI/UI.OFD/OFDM155.cs:234
至少必須輸入一筆金額	AddError(	Dev/ATLAS.OFD/Source/UI/UI.OFD/OFDM156.cs:212
明細資料必須輸入！！	AddError(	Dev/ATLAS.OFD/Source/UI/UI.OFD/OFDM156.cs:218
基金代碼已有選取。	ShowMessage(	Dev/ATLAS.OFD/Source/UI/UI.OFD/OFDM156.cs:299
有效日期(起) 不可大於 有效日期(迄)	AddError(	Dev/ATLAS.OFD/Source/UI/UI.OFD/OFDM157.cs:58
有效日期(起)不可大於有效日期(迄)	AddError(	Dev/ATLAS.OFD/Source/UI/UI.OFD/OFDM157.cs:145
該基金已有”定期買回計算作業(OFDB161)”執行記錄，是否繼續執行？	變數指派 =	Dev/ATLAS.OFD/Source/UI/UI.OFD/OFDM161.cs:121
該基金已有”定期買回計算作業(OFDB161)”執行記錄，是否繼續執行？	變數指派 =	Dev/ATLAS.OFD/Source/UI/UI.OFD/OFDM161.cs:151
指定執行日期至少需勾選一筆資料	AddError(	Dev/ATLAS.OFD/Source/UI/UI.OFD/OFDM161.cs:201
執行週期 必須大於0	AddError(	Dev/ATLAS.OFD/Source/UI/UI.OFD/OFDM161.cs:206
執行迄日 不可小於首次執行日期	AddError(	Dev/ATLAS.OFD/Source/UI/UI.OFD/OFDM161.cs:211
執行迄日 不可大於2099/12/31	AddError(	Dev/ATLAS.OFD/Source/UI/UI.OFD/OFDM161.cs:216
買回率(%)不可為 0	AddError(	Dev/ATLAS.OFD/Source/UI/UI.OFD/OFDM164.cs:86
買回次數(頻率)不可為 0	AddError(	Dev/ATLAS.OFD/Source/UI/UI.OFD/OFDM164.cs:90
該基金設定的買回率適用期間，不可相互重疊。	AddError(	Dev/ATLAS.OFD/Source/UI/UI.OFD/OFDM164.cs:102
買回率(%)不可為 0	AddError(	Dev/ATLAS.OFD/Source/UI/UI.OFD/OFDM164.cs:124
買回次數(頻率)不可為 0	AddError(	Dev/ATLAS.OFD/Source/UI/UI.OFD/OFDM164.cs:128
該基金設定的買回率適用期間，不可相互重疊。	AddError(	Dev/ATLAS.OFD/Source/UI/UI.OFD/OFDM164.cs:140
'適用期間(起)'必須小於'適用期間(迄)'	AddError(	Dev/ATLAS.OFD/Source/UI/UI.OFD/OFDM164.cs:179
明細資料必須輸入	AddError(	Dev/ATLAS.OFD/Source/UI/UI.OFD/OFDM191.cs:45
申購日期(起) 必須小於等於 申購日期(迄)	AddError(	Dev/ATLAS.OFD/Source/UI/UI.OFD/OFDM191.cs:50
選取的基金不適用此 幣別代碼	AddError(	Dev/ATLAS.OFD/Source/UI/UI.OFD/OFDM191.cs:57
申購日期(起) 必需小於等於 申購日期(迄)	AddError(	Dev/ATLAS.OFD/Source/UI/UI.OFD/OFDM191.cs:136
'第{0}列申購手續費率(%)'與'固定申購手續費'必須擇一輸入	AddError(	Dev/ATLAS.OFD/Source/UI/UI.OFD/OFDM192.cs:128
年度(起),年度(迄)必須輸入	AddError(	Dev/ATLAS.OFD/Source/UI/UI.OFD/OFDM192.cs:134
明細資料必須輸入	AddError(	Dev/ATLAS.OFD/Source/UI/UI.OFD/OFDM192.cs:139
'年度(起)''年度(迄)'必須輸入	AddError(	Dev/ATLAS.OFD/Source/UI/UI.OFD/OFDM192.cs:223
'年度(起)''年度(迄)'重覆	AddError(	Dev/ATLAS.OFD/Source/UI/UI.OFD/OFDM192.cs:261
明細資料必須輸入	AddError(	Dev/ATLAS.OFD/Source/UI/UI.OFD/OFDM193.cs:47
申購日期(起) 必須小於等於 申購日期(迄)	AddError(	Dev/ATLAS.OFD/Source/UI/UI.OFD/OFDM193.cs:52
選取的基金不適用此 幣別代碼	AddError(	Dev/ATLAS.OFD/Source/UI/UI.OFD/OFDM193.cs:59
手續費率需符合逐年遞減原則，請檢查手續費率!!	AddError(	Dev/ATLAS.OFD/Source/UI/UI.OFD/OFDM193.cs:74
申購日期(起) 必需小於等於 申購日期(迄)	AddError(	Dev/ATLAS.OFD/Source/UI/UI.OFD/OFDM193.cs:188
明細資料必須輸入	AddError(	Dev/ATLAS.OFD/Source/UI/UI.OFD/OFDM194.cs:49
'申購日期(起)'必需小於等於'申購日期(迄)'	AddError(	Dev/ATLAS.OFD/Source/UI/UI.OFD/OFDM194.cs:54
選取的基金不適用此 幣別代碼	AddError(	Dev/ATLAS.OFD/Source/UI/UI.OFD/OFDM194.cs:61
手續費率需符合逐年遞減原則，請檢查手續費率!!	AddError(	Dev/ATLAS.OFD/Source/UI/UI.OFD/OFDM194.cs:72
'申購日期(起)'必需小於等於'申購日期(迄)'	AddError(	Dev/ATLAS.OFD/Source/UI/UI.OFD/OFDM194.cs:190
同一基金+幣別+受益人，只可設定一種費率種類!!	AddError(	Dev/ATLAS.OFD/Source/UI/UI.OFD/OFDM194.cs:344
同一基金+幣別+受益人，只可設定一種費率種類!!	AddError(	Dev/ATLAS.OFD/Source/UI/UI.OFD/OFDM194.cs:424
同一基金+幣別+受益人，只可設定一種費率種類!!	AddError(	Dev/ATLAS.OFD/Source/UI/UI.OFD/OFDM194.cs:579
同一基金+幣別+受益人，只可設定一種費率種類!!	AddError(	Dev/ATLAS.OFD/Source/UI/UI.OFD/OFDM194.cs:608
同一基金+幣別+受益人，只可設定一種費率種類!!	AddError(	Dev/ATLAS.OFD/Source/UI/UI.OFD/OFDM194.cs:640
明細資料必須輸入	AddError(	Dev/ATLAS.OFD/Source/UI/UI.OFD/OFDM194B.cs:49
'申購日期(起)'必需小於等於'申購日期(迄)'	AddError(	Dev/ATLAS.OFD/Source/UI/UI.OFD/OFDM194B.cs:54
選取的基金不適用此 幣別代碼	AddError(	Dev/ATLAS.OFD/Source/UI/UI.OFD/OFDM194B.cs:61
'申購日期(起)'必需小於等於'申購日期(迄)'	AddError(	Dev/ATLAS.OFD/Source/UI/UI.OFD/OFDM194B.cs:186
同一基金+幣別+受益人，只可設定一種費率種類!!	AddError(	Dev/ATLAS.OFD/Source/UI/UI.OFD/OFDM194B.cs:273
同一基金+幣別+受益人，只可設定一種費率種類!!	AddError(	Dev/ATLAS.OFD/Source/UI/UI.OFD/OFDM194B.cs:354
同一基金+幣別+受益人，只可設定一種費率種類!!	AddError(	Dev/ATLAS.OFD/Source/UI/UI.OFD/OFDM194B.cs:472
同一基金+幣別+受益人，只可設定一種費率種類!!	AddError(	Dev/ATLAS.OFD/Source/UI/UI.OFD/OFDM194B.cs:501
同一基金+幣別+受益人，只可設定一種費率種類!!	AddError(	Dev/ATLAS.OFD/Source/UI/UI.OFD/OFDM194B.cs:522
戶號與複製戶號不可相同	AddError(	Dev/ATLAS.OFD/Source/UI/UI.OFD/OFDM194p0.cs:50
，是否覆蓋？(Y/N)	變數指派 =	Dev/ATLAS.OFD/Source/UI/UI.OFD/OFDM194p0.cs:112
複製成功!	ShowMessage(	Dev/ATLAS.OFD/Source/UI/UI.OFD/OFDM194p0.cs:128
複製來源尚未建立!	ShowMessage(	Dev/ATLAS.OFD/Source/UI/UI.OFD/OFDM194p0.cs:139
申請日期 為必填欄位	AddError(	Dev/ATLAS.OFD/Source/UI/UI.OFD/OFDM195.cs:120
統一編號英文字母不可為小寫	AddError(	Dev/ATLAS.OFD/Source/UI/UI.OFD/OFDM195.cs:341
「身份證號」或「統一編號」輸入資料不對，若要修改，請按下確定	ShowMessage(	Dev/ATLAS.OFD/Source/UI/UI.OFD/OFDM195.cs:356
「統一編號」輸入資料不對，若要修改，請按下確定	ShowMessage(	Dev/ATLAS.OFD/Source/UI/UI.OFD/OFDM195.cs:366
「身份證號」輸入資料不對，若要修改，請按下確定	ShowMessage(	Dev/ATLAS.OFD/Source/UI/UI.OFD/OFDM195.cs:377
明細資料必須輸入	AddError(	Dev/ATLAS.OFD/Source/UI/UI.OFD/OFDM196.cs:64
'申購日期(起)'必需小於等於'申購日期(迄)'	AddError(	Dev/ATLAS.OFD/Source/UI/UI.OFD/OFDM196.cs:100
單筆申購手續費率 必須大於0	AddError(	Dev/ATLAS.OFD/Source/UI/UI.OFD/OFDM196.cs:104
定期定額手續費率 必須大於0	AddError(	Dev/ATLAS.OFD/Source/UI/UI.OFD/OFDM196.cs:107
轉申購手續費率 必須大於0	AddError(	Dev/ATLAS.OFD/Source/UI/UI.OFD/OFDM196.cs:113
手續費率需符合逐年遞減原則，請檢查手續費率!!	AddError(	Dev/ATLAS.OFD/Source/UI/UI.OFD/OFDM196.cs:124
選取的基金不適用此 幣別代碼	AddError(	Dev/ATLAS.OFD/Source/UI/UI.OFD/OFDM196.cs:130
'申購日期(起)'必需小於等於'申購日期(迄)'	AddError(	Dev/ATLAS.OFD/Source/UI/UI.OFD/OFDM196.cs:263
統一編號格式有誤	AddError(	Dev/ATLAS.OFD/Source/UI/UI.OFD/OFDM197.cs:61
統一編號格式有誤	AddError(	Dev/ATLAS.OFD/Source/UI/UI.OFD/OFDM197.cs:67
統一編號格式有誤	AddError(	Dev/ATLAS.OFD/Source/UI/UI.OFD/OFDM197.cs:74
歸屬日期 不可輸入1900/01/01	AddError(	Dev/ATLAS.OFD/Source/UI/UI.OFD/OFDM197.cs:196
歸屬日期 不可輸入1900/01/01	AddError(	Dev/ATLAS.OFD/Source/UI/UI.OFD/OFDM197.cs:234
{…} 為必填欄位	ShowMessage(	Dev/ATLAS.OFD/Source/UI/UI.OFD/OFDM197p0.cs:58
{…} 為必填欄位	ShowMessage(	Dev/ATLAS.OFD/Source/UI/UI.OFD/OFDM197p0.cs:64
至少要有一筆資料	ShowMessage(	Dev/ATLAS.OFD/Source/UI/UI.OFD/OFDM197p0.cs:70
複製成功	ShowMessage(	Dev/ATLAS.OFD/Source/UI/UI.OFD/OFDM197p0.cs:91
戶號 不可重覆，請修正後重新上傳	ShowMessage(	Dev/ATLAS.OFD/Source/UI/UI.OFD/OFDM197p0.cs:126
明細資料必須輸入	AddError(	Dev/ATLAS.OFD/Source/UI/UI.OFD/OFDM198.cs:49
'申購日期(起)'必需小於等於'申購日期(迄)'	AddError(	Dev/ATLAS.OFD/Source/UI/UI.OFD/OFDM198.cs:54
'申購日期(起)'必需小於等於'申購日期(迄)'	AddError(	Dev/ATLAS.OFD/Source/UI/UI.OFD/OFDM198.cs:186
同一基金+幣別+受益人，只可設定一種費率種類!!	AddError(	Dev/ATLAS.OFD/Source/UI/UI.OFD/OFDM198.cs:273
同一基金+幣別+受益人，只可設定一種費率種類!!	AddError(	Dev/ATLAS.OFD/Source/UI/UI.OFD/OFDM198.cs:329
同一基金+幣別+受益人，只可設定一種費率種類!!	AddError(	Dev/ATLAS.OFD/Source/UI/UI.OFD/OFDM198.cs:447
同一基金+幣別+受益人，只可設定一種費率種類!!	AddError(	Dev/ATLAS.OFD/Source/UI/UI.OFD/OFDM198.cs:475
同一基金+優惠專案代碼+受益人，只可設定一種費率種類!!	AddError(	Dev/ATLAS.OFD/Source/UI/UI.OFD/OFDM198.cs:507
'{…}'必須輸入	AddError(	Dev/ATLAS.OFD/Source/UI/UI.OFD/OFDM199.cs:223
'活動日期時間(起)'必需小於'活動日期時間(迄)'	AddError(	Dev/ATLAS.OFD/Source/UI/UI.OFD/OFDM199.cs:228
'定時定額 活動優惠日期(起)'必須大於等於'活動日期(起)'	AddError(	Dev/ATLAS.OFD/Source/UI/UI.OFD/OFDM199.cs:247
'定時定額 活動優惠日期(迄)'必須大於等於'活動日期(迄)'	AddError(	Dev/ATLAS.OFD/Source/UI/UI.OFD/OFDM199.cs:252
基金資料 必須輸入	AddError(	Dev/ATLAS.OFD/Source/UI/UI.OFD/OFDM199.cs:259
定時定額資料 必須輸入	AddError(	Dev/ATLAS.OFD/Source/UI/UI.OFD/OFDM199.cs:262
通路資料 必須輸入	AddError(	Dev/ATLAS.OFD/Source/UI/UI.OFD/OFDM199.cs:268
通路代碼 為必填欄位	AddError(	Dev/ATLAS.OFD/Source/UI/UI.OFD/OFDM199.cs:271
身分群組資料 必須輸入	AddError(	Dev/ATLAS.OFD/Source/UI/UI.OFD/OFDM199.cs:277
群組代碼 不可為空白	AddError(	Dev/ATLAS.OFD/Source/UI/UI.OFD/OFDM199.cs:280
身分群組資料 重覆	AddError(	Dev/ATLAS.OFD/Source/UI/UI.OFD/OFDM199.cs:286
銷售機構資料 必須輸入	AddError(	Dev/ATLAS.OFD/Source/UI/UI.OFD/OFDM199.cs:292
銷售機構代碼 為必填欄位	AddError(	Dev/ATLAS.OFD/Source/UI/UI.OFD/OFDM199.cs:295
產品資料 必須輸入	AddError(	Dev/ATLAS.OFD/Source/UI/UI.OFD/OFDM199.cs:301
產品代碼 為必填欄位	AddError(	Dev/ATLAS.OFD/Source/UI/UI.OFD/OFDM199.cs:304
轉申購之活動範圍不適用書面	AddError(	Dev/ATLAS.OFD/Source/UI/UI.OFD/OFDM199.cs:310
轉申購之申購基金手續費率只能設定固定費率	AddError(	Dev/ATLAS.OFD/Source/UI/UI.OFD/OFDM199.cs:320
銷售機構代碼重覆	AddError(	Dev/ATLAS.OFD/Source/UI/UI.OFD/OFDM199.cs:865
通路代碼重覆	AddError(	Dev/ATLAS.OFD/Source/UI/UI.OFD/OFDM199.cs:946
群組代碼重覆	AddError(	Dev/ATLAS.OFD/Source/UI/UI.OFD/OFDM199.cs:985
產品代碼重覆	AddError(	Dev/ATLAS.OFD/Source/UI/UI.OFD/OFDM199.cs:1041
輸入的網址已達欄位上限，請確認資料是否完整未被截掉!!	MessageBox.Show(	Dev/ATLAS.OFD/Source/UI/UI.OFD/OFDM199.cs:1435
明細資料 必須輸入	AddError(	Dev/ATLAS.OFD/Source/UI/UI.OFD/OFDM199p0.cs:111
手續費率需符合逐年遞減原則，請檢查手續費率!!	AddError(	Dev/ATLAS.OFD/Source/UI/UI.OFD/OFDM199p0.cs:119
基金代碼、幣別代碼 重覆	AddError(	Dev/ATLAS.OFD/Source/UI/UI.OFD/OFDM199p0.cs:125
請傳入Grid中點選的該筆資料，不可為Null	ShowMessage(	Dev/ATLAS.OFD/Source/UI/UI.OFD/OFDM199p0.cs:294
'申購金額(起)''申購金額(起)'必須輸入	AddError(	Dev/ATLAS.OFD/Source/UI/UI.OFD/OFDM199p0.cs:349
'申購金額(起)''申購金額(迄)'重覆	AddError(	Dev/ATLAS.OFD/Source/UI/UI.OFD/OFDM199p0.cs:390
'申購金額(起)''申購金額(迄)'重覆	AddError(	Dev/ATLAS.OFD/Source/UI/UI.OFD/OFDM199p0E.cs:148
'申購金額(起)''申購金額(起)'必須輸入	AddError(	Dev/ATLAS.OFD/Source/UI/UI.OFD/OFDM199p0E.cs:170
明細資料 必須輸入	AddError(	Dev/ATLAS.OFD/Source/UI/UI.OFD/OFDM199p0E.cs:243
至少勾選一筆基金代碼	AddError(	Dev/ATLAS.OFD/Source/UI/UI.OFD/OFDM199p0E.cs:257
({…}){…} {…}	AddError(	Dev/ATLAS.OFD/Source/UI/UI.OFD/OFDM199p0E.cs:279
部分基金已有設定資料，請確認仍要執行（確認／取消）	ShowMessage(	Dev/ATLAS.OFD/Source/UI/UI.OFD/OFDM199p0E.cs:303
優惠月數 不得為0	AddError(	Dev/ATLAS.OFD/Source/UI/UI.OFD/OFDM199p1.cs:105
優惠次數 不得為0	AddError(	Dev/ATLAS.OFD/Source/UI/UI.OFD/OFDM199p1.cs:107
折扣金額 不得為0	AddError(	Dev/ATLAS.OFD/Source/UI/UI.OFD/OFDM199p1.cs:109
優惠折數 必須小於100	AddError(	Dev/ATLAS.OFD/Source/UI/UI.OFD/OFDM199p1.cs:111
優惠固定費率 必須小於100	AddError(	Dev/ATLAS.OFD/Source/UI/UI.OFD/OFDM199p1.cs:113
優惠日期(起) 必須大於等於 活動日期(起)	AddError(	Dev/ATLAS.OFD/Source/UI/UI.OFD/OFDM199p1.cs:122
優惠日期(迄) 必須大於等於 活動日期(迄)	AddError(	Dev/ATLAS.OFD/Source/UI/UI.OFD/OFDM199p1.cs:127
優惠日期(起) 必須小於 優惠日期(迄)	AddError(	Dev/ATLAS.OFD/Source/UI/UI.OFD/OFDM199p1.cs:137
明細資料 必須輸入	AddError(	Dev/ATLAS.OFD/Source/UI/UI.OFD/OFDM199p1.cs:142
手續費率需符合逐年遞減原則，請檢查手續費率!!	AddError(	Dev/ATLAS.OFD/Source/UI/UI.OFD/OFDM199p1.cs:150
基金代碼、幣別代碼 重覆	AddError(	Dev/ATLAS.OFD/Source/UI/UI.OFD/OFDM199p1.cs:155
優惠日期(起)(迄) 必須同時(不)輸入	AddError(	Dev/ATLAS.OFD/Source/UI/UI.OFD/OFDM199p1.cs:163
{…},{…},{…} 三者擇一輸入!	AddError(	Dev/ATLAS.OFD/Source/UI/UI.OFD/OFDM199p1.cs:170
{…},{…},{…} 三者擇一輸入!	AddError(	Dev/ATLAS.OFD/Source/UI/UI.OFD/OFDM199p1.cs:179
'優惠日期','優惠月數','優惠次數'三者須擇一輸入!	AddError(	Dev/ATLAS.OFD/Source/UI/UI.OFD/OFDM199p1.cs:184
'優惠日期','優惠月數','優惠次數'只可擇一輸入!	AddError(	Dev/ATLAS.OFD/Source/UI/UI.OFD/OFDM199p1.cs:188
'優惠日期','優惠月數','優惠次數'只可擇一輸入!	AddError(	Dev/ATLAS.OFD/Source/UI/UI.OFD/OFDM199p1.cs:192
'優惠日期','優惠月數','優惠次數'只可擇一輸入!	AddError(	Dev/ATLAS.OFD/Source/UI/UI.OFD/OFDM199p1.cs:196
'優惠日期','優惠月數','優惠次數'只可擇一輸入!	AddError(	Dev/ATLAS.OFD/Source/UI/UI.OFD/OFDM199p1.cs:200
'手續費折扣率','折扣金額'兩者須擇一輸入!	AddError(	Dev/ATLAS.OFD/Source/UI/UI.OFD/OFDM199p1.cs:205
'手續費折扣率','折扣金額'只可擇一輸入!	AddError(	Dev/ATLAS.OFD/Source/UI/UI.OFD/OFDM199p1.cs:210
請傳入Grid中點選的該筆資料，不可為Null	ShowMessage(	Dev/ATLAS.OFD/Source/UI/UI.OFD/OFDM199p1.cs:401
'申購金額(起)''申購金額(迄)'重覆	AddError(	Dev/ATLAS.OFD/Source/UI/UI.OFD/OFDM199p1.cs:808
'申購金額(起)''申購金額(起)'必須輸入	AddError(	Dev/ATLAS.OFD/Source/UI/UI.OFD/OFDM199p1.cs:846
優惠月數 不得為0	AddError(	Dev/ATLAS.OFD/Source/UI/UI.OFD/OFDM199p1E.cs:263
優惠次數 不得為0	AddError(	Dev/ATLAS.OFD/Source/UI/UI.OFD/OFDM199p1E.cs:265
折扣金額 不得為0	AddError(	Dev/ATLAS.OFD/Source/UI/UI.OFD/OFDM199p1E.cs:267
優惠折數 必須小於100	AddError(	Dev/ATLAS.OFD/Source/UI/UI.OFD/OFDM199p1E.cs:269
優惠固定費率 必須小於100	AddError(	Dev/ATLAS.OFD/Source/UI/UI.OFD/OFDM199p1E.cs:271
優惠日期(起) 必須大於等於 活動日期(起)	AddError(	Dev/ATLAS.OFD/Source/UI/UI.OFD/OFDM199p1E.cs:280
優惠日期(迄) 必須大於等於 活動日期(迄)	AddError(	Dev/ATLAS.OFD/Source/UI/UI.OFD/OFDM199p1E.cs:285
優惠日期(起) 必須小於 優惠日期(迄)	AddError(	Dev/ATLAS.OFD/Source/UI/UI.OFD/OFDM199p1E.cs:294
至少勾選一筆基金代碼	AddError(	Dev/ATLAS.OFD/Source/UI/UI.OFD/OFDM199p1E.cs:307
部分基金已有設定資料，請確認仍要執行（確認／取消）	ShowMessage(	Dev/ATLAS.OFD/Source/UI/UI.OFD/OFDM199p1E.cs:329
基金代碼、幣別代碼 重覆	AddError(	Dev/ATLAS.OFD/Source/UI/UI.OFD/OFDM199p2.cs:67
同一優惠券活動，不同基金設定不同優惠折數時，將使網頁優惠券查詢重覆呈現，請確定是否設定(Y/N)？	ShowMessage(	Dev/ATLAS.OFD/Source/UI/UI.OFD/OFDM199p2.cs:215
至少勾選一筆基金代碼	AddError(	Dev/ATLAS.OFD/Source/UI/UI.OFD/OFDM199p2E.cs:60
基金 [{…}] {…}	AddError(	Dev/ATLAS.OFD/Source/UI/UI.OFD/OFDM199p2E.cs:88
部分基金已有設定資料，請確認仍要執行（確認／取消）	ShowMessage(	Dev/ATLAS.OFD/Source/UI/UI.OFD/OFDM199p2E.cs:183
同一優惠券活動，不同基金設定不同優惠折數時，將使網頁優惠券查詢重覆呈現，請確定是否設定(Y/N)？	ShowMessage(	Dev/ATLAS.OFD/Source/UI/UI.OFD/OFDM199p2E.cs:187
同一優惠券活動，不同基金設定不同優惠折數時，將使網頁優惠券查詢重覆呈現，請確定是否設定(Y/N)？	ShowMessage(	Dev/ATLAS.OFD/Source/UI/UI.OFD/OFDM199p2E.cs:205
來源基金代碼 與 目的基金代碼 不可相同	AddError(	Dev/ATLAS.OFD/Source/UI/UI.OFD/OFDM199p3.cs:125
目的基金不可做定期定額	AddError(	Dev/ATLAS.OFD/Source/UI/UI.OFD/OFDM199p3.cs:179
至少須勾選一筆促銷活動代碼	AddError(	Dev/ATLAS.OFD/Source/UI/UI.OFD/OFDM199p3.cs:214
{…} 為必填欄位	AddError(	Dev/ATLAS.OFD/Source/UI/UI.OFD/OFDM204.cs:47
明細資料 必須輸入	AddError(	Dev/ATLAS.OFD/Source/UI/UI.OFD/OFDM204.cs:51
'單筆可用次數' 或 '定額可用次數' 必須大於0	AddError(	Dev/ATLAS.OFD/Source/UI/UI.OFD/OFDM204.cs:54
'單筆已用次數' 不可大於 '單筆可用次數'	AddError(	Dev/ATLAS.OFD/Source/UI/UI.OFD/OFDM206.cs:41
'定額已用次數' 不可大於 '定額可用次數'	AddError(	Dev/ATLAS.OFD/Source/UI/UI.OFD/OFDM206.cs:43
請先至EC優惠活動設定檔(OFDM204)進行設定	ShowMessage(	Dev/ATLAS.OFD/Source/UI/UI.OFD/OFDM206.cs:153
已有使用記錄，是否刪除(Y/N)？	ShowMessage(	Dev/ATLAS.OFD/Source/UI/UI.OFD/OFDM206.cs:216
至少要有一筆資料	ShowMessage(	Dev/ATLAS.OFD/Source/UI/UI.OFD/OFDM206p0.cs:56
'優惠活動'為必填欄位	ShowMessage(	Dev/ATLAS.OFD/Source/UI/UI.OFD/OFDM206p0.cs:61
複製成功	ShowMessage(	Dev/ATLAS.OFD/Source/UI/UI.OFD/OFDM206p0.cs:75
戶號(數字)欄位格式不正確，請修正後重新上傳	MessageBox.Show(	Dev/ATLAS.OFD/Source/UI/UI.OFD/OFDM206p0.cs:110
戶號不可重覆，請修正後重新上傳	ShowMessage(	Dev/ATLAS.OFD/Source/UI/UI.OFD/OFDM206p0.cs:120
'優惠活動'為必填欄位	ShowMessage(	Dev/ATLAS.OFD/Source/UI/UI.OFD/OFDM206p1.cs:52
複製成功	ShowMessage(	Dev/ATLAS.OFD/Source/UI/UI.OFD/OFDM206p1.cs:65
{…} 為必填欄位	AddError(	Dev/ATLAS.OFD/Source/UI/UI.OFD/OFDM213.cs:51
明細資料 必須輸入	AddError(	Dev/ATLAS.OFD/Source/UI/UI.OFD/OFDM213.cs:55
基金代碼 與 複製基金 不可相同	AddError(	Dev/ATLAS.OFD/Source/UI/UI.OFD/OFDM213p0.cs:48
複製成功	ShowMessage(	Dev/ATLAS.OFD/Source/UI/UI.OFD/OFDM213p0.cs:81
{…} 為必填欄位	AddError(	Dev/ATLAS.OFD/Source/UI/UI.OFD/OFDM214.cs:44
明細資料 必須輸入	AddError(	Dev/ATLAS.OFD/Source/UI/UI.OFD/OFDM214.cs:48
From 戶號與To 戶號不可相同	AddError(	Dev/ATLAS.OFD/Source/UI/UI.OFD/OFDM214p0.cs:59
檢核失敗，請檢查	AddError(	Dev/ATLAS.OFD/Source/UI/UI.OFD/OFDM214p0.cs:65
From 戶號 不存在，請重新選擇	AddError(	Dev/ATLAS.OFD/Source/UI/UI.OFD/OFDM214p0.cs:67
檢核失敗，請檢查	AddError(	Dev/ATLAS.OFD/Source/UI/UI.OFD/OFDM214p0.cs:70
To 戶號 已存在，請重新選擇	AddError(	Dev/ATLAS.OFD/Source/UI/UI.OFD/OFDM214p0.cs:72
複製成功	ShowMessage(	Dev/ATLAS.OFD/Source/UI/UI.OFD/OFDM214p0.cs:109
複製成功	ShowMessage(	Dev/ATLAS.OFD/Source/UI/UI.OFD/OFDM214p1.cs:68
From 基金代碼與To 基金代碼不可相同	AddError(	Dev/ATLAS.OFD/Source/UI/UI.OFD/OFDM214p1.cs:124
檢核失敗，請檢查	AddError(	Dev/ATLAS.OFD/Source/UI/UI.OFD/OFDM214p1.cs:130
From 基金代碼 不存在，請重新選擇	AddError(	Dev/ATLAS.OFD/Source/UI/UI.OFD/OFDM214p1.cs:132
檢核失敗，請檢查	AddError(	Dev/ATLAS.OFD/Source/UI/UI.OFD/OFDM214p1.cs:135
To 基金代碼 已存在，請重新選擇	AddError(	Dev/ATLAS.OFD/Source/UI/UI.OFD/OFDM214p1.cs:137
{…} 為必填欄位	AddError(	Dev/ATLAS.OFD/Source/UI/UI.OFD/OFDM215.cs:40
明細資料 必須輸入!	AddError(	Dev/ATLAS.OFD/Source/UI/UI.OFD/OFDM215.cs:44
From 戶號與To 戶號不可相同	AddError(	Dev/ATLAS.OFD/Source/UI/UI.OFD/OFDM215p0.cs:54
檢核失敗，請檢查	AddError(	Dev/ATLAS.OFD/Source/UI/UI.OFD/OFDM215p0.cs:60
From 戶號 不存在，請重新選擇	AddError(	Dev/ATLAS.OFD/Source/UI/UI.OFD/OFDM215p0.cs:62
檢核失敗，請檢查	AddError(	Dev/ATLAS.OFD/Source/UI/UI.OFD/OFDM215p0.cs:65
To 戶號 已存在，請重新選擇	AddError(	Dev/ATLAS.OFD/Source/UI/UI.OFD/OFDM215p0.cs:67
複製成功	ShowMessage(	Dev/ATLAS.OFD/Source/UI/UI.OFD/OFDM215p0.cs:102
複製成功	ShowMessage(	Dev/ATLAS.OFD/Source/UI/UI.OFD/OFDM215p1.cs:68
From 基金代碼與To 基金代碼不可相同	AddError(	Dev/ATLAS.OFD/Source/UI/UI.OFD/OFDM215p1.cs:90
檢核失敗，請檢查	AddError(	Dev/ATLAS.OFD/Source/UI/UI.OFD/OFDM215p1.cs:96
From 基金代碼 不存在，請重新選擇	AddError(	Dev/ATLAS.OFD/Source/UI/UI.OFD/OFDM215p1.cs:98
檢核失敗，請檢查	AddError(	Dev/ATLAS.OFD/Source/UI/UI.OFD/OFDM215p1.cs:101
To 基金代碼 已存在，請重新選擇	AddError(	Dev/ATLAS.OFD/Source/UI/UI.OFD/OFDM215p1.cs:103
銷售總手續費 不得小於 銷售機構手續費	AddError(	Dev/ATLAS.OFD/Source/UI/UI.OFD/OFDM220.cs:200
申購區間(起)(迄) 必須皆(不)填寫	AddError(	Dev/ATLAS.OFD/Source/UI/UI.OFD/OFDM220.cs:216
申購區間(起) 不可大於 申購區間(迄)	AddError(	Dev/ATLAS.OFD/Source/UI/UI.OFD/OFDM220.cs:221
手續費分攤有誤，是否新增？	變數指派 =	Dev/ATLAS.OFD/Source/UI/UI.OFD/OFDM220.cs:238
{…}，不可{…}	AddError(	Dev/ATLAS.OFD/Source/UI/UI.OFD/OFDM220.cs:384
此銷售機構 {…} 不檢核基金彙總，是否仍要輸入	ShowMessage(	Dev/ATLAS.OFD/Source/UI/UI.OFD/OFDM220.cs:771
此 受益人 為註銷戶不可執行交易	變數指派 =	Dev/ATLAS.OFD/Source/UI/UI.OFD/OFDM221A.cs:670
此 受益人 為註銷戶不可執行交易	變數指派 =	Dev/ATLAS.OFD/Source/UI/UI.OFD/OFDM221A.cs:689
明細資料的 申購日期 不可小於 收件日期	AddError(	Dev/ATLAS.OFD/Source/UI/UI.OFD/OFDM221A.cs:753
此銷售機構 必須輸入 推薦人	AddError(	Dev/ATLAS.OFD/Source/UI/UI.OFD/OFDM221A.cs:772
此 推薦人 不存在該 銷售機構 {…}，請檢查	AddError(	Dev/ATLAS.OFD/Source/UI/UI.OFD/OFDM221A.cs:777
有挑選 通路區分碼 時，通路代碼 必須輸入!	AddError(	Dev/ATLAS.OFD/Source/UI/UI.OFD/OFDM221A.cs:787
收件日期 不為公司營業日	AddError(	Dev/ATLAS.OFD/Source/UI/UI.OFD/OFDM221A.cs:819
付款方式為 代扣款，扣款行 必須輸入!	AddError(	Dev/ATLAS.OFD/Source/UI/UI.OFD/OFDM221A.cs:827
付款方式為 代扣款，扣款帳號 必須輸入!	AddError(	Dev/ATLAS.OFD/Source/UI/UI.OFD/OFDM221A.cs:829
扣款方式 為必填欄位	AddError(	Dev/ATLAS.OFD/Source/UI/UI.OFD/OFDM221A.cs:831
匯款類別 為必填欄位	AddError(	Dev/ATLAS.OFD/Source/UI/UI.OFD/OFDM221A.cs:839
明細資料 必須輸入	AddError(	Dev/ATLAS.OFD/Source/UI/UI.OFD/OFDM221A.cs:846
申購日{1}申購序號{2}{0}	AddError(	Dev/ATLAS.OFD/Source/UI/UI.OFD/OFDM221A.cs:880
申購日{1}{0}	AddError(	Dev/ATLAS.OFD/Source/UI/UI.OFD/OFDM221A.cs:913
{0}基金 {1}滙款比對已關帳， 不可再執行“要匯款比對”之資料建檔!	AddError(	Dev/ATLAS.OFD/Source/UI/UI.OFD/OFDM221A.cs:953
申購日期 [{…}] 無有效傳真委扣同意書資料	AddError(	Dev/ATLAS.OFD/Source/UI/UI.OFD/OFDM221A.cs:1011
申購日期 [{…}] 無有效扣款帳號	AddError(	Dev/ATLAS.OFD/Source/UI/UI.OFD/OFDM221A.cs:1016
交易方式不可為線上交易	AddError(	Dev/ATLAS.OFD/Source/UI/UI.OFD/OFDM221A.cs:1028
員工代碼歸屬的銷售機構與預設值不相符,是否繼續?	變數指派 =	Dev/ATLAS.OFD/Source/UI/UI.OFD/OFDM221A.cs:1070
{…}1 | 此受益人「不得主動推薦高風險基金」 | 此受益人『僅限申購保守型基金(RR1~RR2)』	ShowMessage(	Dev/ATLAS.OFD/Source/UI/UI.OFD/OFDM221A.cs:1132
基金[{…}]申購金額 已超過基金銷售額度，是否繼續？	變數指派 =	Dev/ATLAS.OFD/Source/UI/UI.OFD/OFDM221A.cs:1322
將清除所有明細資料，是否繼續？	ShowMessage(	Dev/ATLAS.OFD/Source/UI/UI.OFD/OFDM221A.cs:1350
查無此客戶的印鑑資料	ShowMessage(	Dev/ATLAS.OFD/Source/UI/UI.OFD/OFDM221A.cs:1429
收件日期(起)(迄) 必須皆(不)填寫	AddError(	Dev/ATLAS.OFD/Source/UI/UI.OFD/OFDM221A.cs:1849
收件日期(起) 不可大於 收件日期(迄)	AddError(	Dev/ATLAS.OFD/Source/UI/UI.OFD/OFDM221A.cs:1851
申購日期(起)(迄) 必須皆(不)填寫	AddError(	Dev/ATLAS.OFD/Source/UI/UI.OFD/OFDM221A.cs:1854
申購日期(起) 不可大於 申購日期(迄)	AddError(	Dev/ATLAS.OFD/Source/UI/UI.OFD/OFDM221A.cs:1856
申購書號, 收件日期, 客戶統編, 戶號 必須擇一填寫	AddError(	Dev/ATLAS.OFD/Source/UI/UI.OFD/OFDM221A.cs:1861
此為 TDCC 指託平台下單資料，請確認仍要執行修改？	變數指派 =	Dev/ATLAS.OFD/Source/UI/UI.OFD/OFDM221A.cs:1980
此為 TDCC 指託平台下單資料，不可刪除。請執行基金集保指託下單資料刪除作業(OFDB757)	變數指派 =	Dev/ATLAS.OFD/Source/UI/UI.OFD/OFDM221A.cs:2025
已有比對流水號資料，不可刪除	ShowMessage(	Dev/ATLAS.OFD/Source/UI/UI.OFD/OFDM221A.cs:2044
已有資料做傳真委扣交易截止設定，不可刪除	ShowMessage(	Dev/ATLAS.OFD/Source/UI/UI.OFD/OFDM221A.cs:2050
已有作廢資料，不可刪除	ShowMessage(	Dev/ATLAS.OFD/Source/UI/UI.OFD/OFDM221A.cs:2056
已結轉資料，不可刪除	ShowMessage(	Dev/ATLAS.OFD/Source/UI/UI.OFD/OFDM221A.cs:2062
明細資料已執行過匯款比對，不可刪除	ShowMessage(	Dev/ATLAS.OFD/Source/UI/UI.OFD/OFDM221A.cs:2069
已有比對流水號，不可刪除	ShowMessage(	Dev/ATLAS.OFD/Source/UI/UI.OFD/OFDM221A.cs:2084
已做傳真委扣交易截止設定，不可刪除	ShowMessage(	Dev/ATLAS.OFD/Source/UI/UI.OFD/OFDM221A.cs:2090
已作廢資料，不可刪除	ShowMessage(	Dev/ATLAS.OFD/Source/UI/UI.OFD/OFDM221A.cs:2096
已結轉資料，不可刪除	ShowMessage(	Dev/ATLAS.OFD/Source/UI/UI.OFD/OFDM221A.cs:2102
明細資料已執行過匯款比對，不可刪除	ShowMessage(	Dev/ATLAS.OFD/Source/UI/UI.OFD/OFDM221A.cs:2109
申購只可輸入一筆基金明細資料。	AddError(	Dev/ATLAS.OFD/Source/UI/UI.OFD/OFDM221A.cs:2171
此 受益人 為註銷戶不可執行交易	ShowMessage(	Dev/ATLAS.OFD/Source/UI/UI.OFD/OFDM221A.cs:2483
此員工代碼無相對應之銷售機構	ShowMessage(	Dev/ATLAS.OFD/Source/UI/UI.OFD/OFDM221A.cs:2635
受益人 為員工或員工關係人，需透過EC執行下單作業。請確認已取得書面核淮。是否建檔？	變數指派 =	Dev/ATLAS.OFD/Source/UI/UI.OFD/OFDM221A.cs:2779
請先輸入收件日期!	ShowMessage(	Dev/ATLAS.OFD/Source/UI/UI.OFD/OFDM221A.cs:2842
查無該基金代碼	AddError(	Dev/ATLAS.OFD/Source/UI/UI.OFD/OFDM221Ap0.cs:166
申購基金為【高收益基金】，必須勾選【風險確認】後才能進行申購作業	AddError(	Dev/ATLAS.OFD/Source/UI/UI.OFD/OFDM221Ap0.cs:176
此基金未設定基金淨值營業日	AddError(	Dev/ATLAS.OFD/Source/UI/UI.OFD/OFDM221Ap0.cs:190
申購日期 必須大於該基金最大已結帳之控制日期 {…}	AddError(	Dev/ATLAS.OFD/Source/UI/UI.OFD/OFDM221Ap0.cs:212
申購日期 不可小於收件日期	AddError(	Dev/ATLAS.OFD/Source/UI/UI.OFD/OFDM221Ap0.cs:216
手續費率 不可小於基金最低手續費率 {0:0.00}	AddError(	Dev/ATLAS.OFD/Source/UI/UI.OFD/OFDM221Ap0.cs:235
手續費率 不可大於 牌告手續費率 {0:0.00}	AddError(	Dev/ATLAS.OFD/Source/UI/UI.OFD/OFDM221Ap0.cs:269
自訂銷售手續費率尚未設定(OFDM193)	AddError(	Dev/ATLAS.OFD/Source/UI/UI.OFD/OFDM221Ap0.cs:274
檢核手續費發生Error	AddError(	Dev/ATLAS.OFD/Source/UI/UI.OFD/OFDM221Ap0.cs:280
後收型手續費率需符合逐年遞減原則，請檢查手續費率!!	AddError(	Dev/ATLAS.OFD/Source/UI/UI.OFD/OFDM221Ap0.cs:292
申購金額 必須大於0	AddError(	Dev/ATLAS.OFD/Source/UI/UI.OFD/OFDM221Ap0.cs:303
銷售總金額 必須大於0	AddError(	Dev/ATLAS.OFD/Source/UI/UI.OFD/OFDM221Ap0.cs:307
銷售總金額 必須等於現金總金額 + 支票總金額 + 匯款總金額	AddError(	Dev/ATLAS.OFD/Source/UI/UI.OFD/OFDM221Ap0.cs:324
{…} 格式有誤	AddError(	Dev/ATLAS.OFD/Source/UI/UI.OFD/OFDM221Ap0.cs:330
支票總金額 與 明細加總不符	AddError(	Dev/ATLAS.OFD/Source/UI/UI.OFD/OFDM221Ap0.cs:349
匯款總金額 與 明細加總不符	AddError(	Dev/ATLAS.OFD/Source/UI/UI.OFD/OFDM221Ap0.cs:353
此促銷活動不能在這筆申購明細執行，請重新檢查促銷活動	AddError(	Dev/ATLAS.OFD/Source/UI/UI.OFD/OFDM221Ap0.cs:366
請先設定淨值行事曆	ShowMessage(	Dev/ATLAS.OFD/Source/UI/UI.OFD/OFDM221Ap0.cs:954
申購日期 不可小於 開戶日期	AddError(	Dev/ATLAS.OFD/Source/UI/UI.OFD/OFDM221Ap0.cs:1474
需建入客戶明細帳號	AddError(	Dev/ATLAS.OFD/Source/UI/UI.OFD/OFDM221Ap0.cs:1484
明細-渣打的客戶明細帳號長度必須為24碼	AddError(	Dev/ATLAS.OFD/Source/UI/UI.OFD/OFDM221Ap0.cs:1504
銷售總金額必須為 {0:#,##0}	AddError(	Dev/ATLAS.OFD/Source/UI/UI.OFD/OFDM221Ap0.cs:1604
申購金額小於基金最低申購金額 {0:#,##0}, 是否仍要新增？	ShowMsg(	Dev/ATLAS.OFD/Source/UI/UI.OFD/OFDM221Ap0.cs:1656
申購金額不符合遞增累進金額 {0:#,##0}, 是否仍要新增？	ShowMsg(	Dev/ATLAS.OFD/Source/UI/UI.OFD/OFDM221Ap0.cs:1674
此受益人本日已有相同之申購資料, 是否仍要新增？	ShowMsg(	Dev/ATLAS.OFD/Source/UI/UI.OFD/OFDM221Ap0.cs:1703
申購金額 大於等於 大額申購金額{0:#,##0}，是否繼續？	ShowMsg(	Dev/ATLAS.OFD/Source/UI/UI.OFD/OFDM221Ap0.cs:1714
該客戶為優惠關係人，是否仍要輸入促銷活動代碼？	變數指派 =	Dev/ATLAS.OFD/Source/UI/UI.OFD/OFDM221Ap0.cs:1725
KYC風險屬性與申購基金風險屬性不吻合，無法申購!	ShowMessage(	Dev/ATLAS.OFD/Source/UI/UI.OFD/OFDM221Ap0.cs:2005
未填附自主申購聲明書，無法申購!	ShowMessage(	Dev/ATLAS.OFD/Source/UI/UI.OFD/OFDM221Ap0.cs:2018
KYC風險屬性與申購基金風險屬性不吻合，無法申購!	ShowMessage(	Dev/ATLAS.OFD/Source/UI/UI.OFD/OFDM221Ap0.cs:2032
請先設定相關行事曆	ShowMessage(	Dev/ATLAS.OFD/Source/UI/UI.OFD/OFDM221Ap0.cs:2091
該基金不開放傳真委扣申購	AddError(	Dev/ATLAS.OFD/Source/UI/UI.OFD/OFDM221Ap0.cs:2129
該客戶為優惠關係人，是否仍要輸入促銷活動代碼？	ShowMessage(	Dev/ATLAS.OFD/Source/UI/UI.OFD/OFDM221Ap0.cs:2308
申購日期已超過促銷活動的促銷時間	ShowMessage(	Dev/ATLAS.OFD/Source/UI/UI.OFD/OFDM221Ap0.cs:2660
支票號碼 為必填欄位	AddError(	Dev/ATLAS.OFD/Source/UI/UI.OFD/OFDM221Ap3.cs:71
支票金額 必須大於 0	AddError(	Dev/ATLAS.OFD/Source/UI/UI.OFD/OFDM221Ap3.cs:73
支票總金額 與 明細加總不符	AddError(	Dev/ATLAS.OFD/Source/UI/UI.OFD/OFDM221Ap3.cs:86
支票兌換日期 不可大於申購日	AddError(	Dev/ATLAS.OFD/Source/UI/UI.OFD/OFDM221Ap3.cs:92
支票號碼 不可重覆	AddError(	Dev/ATLAS.OFD/Source/UI/UI.OFD/OFDM221Ap3.cs:105
支票號碼必須輸入!	AddError(	Dev/ATLAS.OFD/Source/UI/UI.OFD/OFDM221Ap3.cs:120
支票金額必須大輸入!	AddError(	Dev/ATLAS.OFD/Source/UI/UI.OFD/OFDM221Ap3.cs:126
支票金額必須大於 0!	AddError(	Dev/ATLAS.OFD/Source/UI/UI.OFD/OFDM221Ap3.cs:130
支票兌現日期不可小於 {0}!	AddError(	Dev/ATLAS.OFD/Source/UI/UI.OFD/OFDM221Ap3.cs:138
支票號碼 必須輸入!	AddError(	Dev/ATLAS.OFD/Source/UI/UI.OFD/OFDM221Ap3.cs:446
支票金額 必須輸入!	AddError(	Dev/ATLAS.OFD/Source/UI/UI.OFD/OFDM221Ap3.cs:455
支票金額 必須大於 0!	AddError(	Dev/ATLAS.OFD/Source/UI/UI.OFD/OFDM221Ap3.cs:459
支票號碼 不可重覆	ShowMessage(	Dev/ATLAS.OFD/Source/UI/UI.OFD/OFDM221Ap3.cs:526
匯款銀行 為必填欄位	AddError(	Dev/ATLAS.OFD/Source/UI/UI.OFD/OFDM221Ap4.cs:71
匯款金額 必須大於 0	AddError(	Dev/ATLAS.OFD/Source/UI/UI.OFD/OFDM221Ap4.cs:73
匯款銀行 不可重覆。	AddError(	Dev/ATLAS.OFD/Source/UI/UI.OFD/OFDM221Ap4.cs:84
匯款總金額 與 明細加總不符	AddError(	Dev/ATLAS.OFD/Source/UI/UI.OFD/OFDM221Ap4.cs:99
匯款銀行必須輸入!	AddError(	Dev/ATLAS.OFD/Source/UI/UI.OFD/OFDM221Ap4.cs:124
匯款金額必須大於 0!	AddError(	Dev/ATLAS.OFD/Source/UI/UI.OFD/OFDM221Ap4.cs:133
匯款銀行必須輸入!	AddError(	Dev/ATLAS.OFD/Source/UI/UI.OFD/OFDM221Ap4.cs:149
匯款金額必須大輸入!	AddError(	Dev/ATLAS.OFD/Source/UI/UI.OFD/OFDM221Ap4.cs:155
匯款金額必須大於 0!	AddError(	Dev/ATLAS.OFD/Source/UI/UI.OFD/OFDM221Ap4.cs:159
後收級別基金，不可於此功能做維護	AddError(	Dev/ATLAS.OFD/Source/UI/UI.OFD/OFDM221B.cs:860
此 受益人 為註銷戶不可執行交易	變數指派 =	Dev/ATLAS.OFD/Source/UI/UI.OFD/OFDM221B.cs:871
此 受益人 為註銷戶不可執行交易	變數指派 =	Dev/ATLAS.OFD/Source/UI/UI.OFD/OFDM221B.cs:890
此銷售機構 必須輸入 推薦人	AddError(	Dev/ATLAS.OFD/Source/UI/UI.OFD/OFDM221B.cs:976
此 推薦人 不存在該 銷售機構 {…}，請檢查	AddError(	Dev/ATLAS.OFD/Source/UI/UI.OFD/OFDM221B.cs:981
有挑選 通路區分碼 時，通路代碼 必須輸入!	AddError(	Dev/ATLAS.OFD/Source/UI/UI.OFD/OFDM221B.cs:991
收件日期 不為公司營業日	AddError(	Dev/ATLAS.OFD/Source/UI/UI.OFD/OFDM221B.cs:1023
付款方式為 代扣款，扣款行 必須輸入!	AddError(	Dev/ATLAS.OFD/Source/UI/UI.OFD/OFDM221B.cs:1031
付款方式為 代扣款，扣款帳號 必須輸入!	AddError(	Dev/ATLAS.OFD/Source/UI/UI.OFD/OFDM221B.cs:1033
扣款方式 為必填欄位	AddError(	Dev/ATLAS.OFD/Source/UI/UI.OFD/OFDM221B.cs:1035
匯款類別 為必填欄位	AddError(	Dev/ATLAS.OFD/Source/UI/UI.OFD/OFDM221B.cs:1043
申購日{1}申購資料 {0}	AddError(	Dev/ATLAS.OFD/Source/UI/UI.OFD/OFDM221B.cs:1078
申購日{1}{0}	AddError(	Dev/ATLAS.OFD/Source/UI/UI.OFD/OFDM221B.cs:1106
交易方式不可為線上交易	AddError(	Dev/ATLAS.OFD/Source/UI/UI.OFD/OFDM221B.cs:1221
{…}1 | 此受益人「不得主動推薦高風險基金」 | 此受益人『僅限申購保守型基金(RR1~RR2)』	ShowMessage(	Dev/ATLAS.OFD/Source/UI/UI.OFD/OFDM221B.cs:1306
基金[{…}]申購金額 已超過基金銷售額度，是否繼續？	變數指派 =	Dev/ATLAS.OFD/Source/UI/UI.OFD/OFDM221B.cs:1476
員工代碼歸屬的銷售機構與預設值不相符,是否繼續?	變數指派 =	Dev/ATLAS.OFD/Source/UI/UI.OFD/OFDM221B.cs:1499
將清除所有基金相關資料，是否繼續？	ShowMessage(	Dev/ATLAS.OFD/Source/UI/UI.OFD/OFDM221B.cs:1532
查無此客戶的印鑑資料	ShowMessage(	Dev/ATLAS.OFD/Source/UI/UI.OFD/OFDM221B.cs:1617
收件日期(起)(迄) 必須皆(不)填寫	AddError(	Dev/ATLAS.OFD/Source/UI/UI.OFD/OFDM221B.cs:2088
收件日期(起) 不可大於 收件日期(迄)	AddError(	Dev/ATLAS.OFD/Source/UI/UI.OFD/OFDM221B.cs:2090
申購日期(起)(迄) 必須皆(不)填寫	AddError(	Dev/ATLAS.OFD/Source/UI/UI.OFD/OFDM221B.cs:2093
申購日期(起) 不可大於 申購日期(迄)	AddError(	Dev/ATLAS.OFD/Source/UI/UI.OFD/OFDM221B.cs:2095
申購書號, 收件日期, 客戶統編, 戶號 必須擇一填寫	AddError(	Dev/ATLAS.OFD/Source/UI/UI.OFD/OFDM221B.cs:2100
此為 TDCC 指託平台下單資料，請確認仍要執行修改？	變數指派 =	Dev/ATLAS.OFD/Source/UI/UI.OFD/OFDM221B.cs:2217
此為 TDCC 指託平台下單資料，不可刪除。請執行基金集保指託下單資料刪除作業(OFDB757)	變數指派 =	Dev/ATLAS.OFD/Source/UI/UI.OFD/OFDM221B.cs:2263
已有比對流水號資料，不可刪除	ShowMessage(	Dev/ATLAS.OFD/Source/UI/UI.OFD/OFDM221B.cs:2282
已有資料做傳真委扣交易截止設定，不可刪除	ShowMessage(	Dev/ATLAS.OFD/Source/UI/UI.OFD/OFDM221B.cs:2288
已有作廢資料，不可刪除	ShowMessage(	Dev/ATLAS.OFD/Source/UI/UI.OFD/OFDM221B.cs:2294
已結轉資料，不可刪除	ShowMessage(	Dev/ATLAS.OFD/Source/UI/UI.OFD/OFDM221B.cs:2300
明細資料已執行過匯款比對，不可刪除	ShowMessage(	Dev/ATLAS.OFD/Source/UI/UI.OFD/OFDM221B.cs:2307
後收級別基金，不可於此功能做維護	ShowMessage(	Dev/ATLAS.OFD/Source/UI/UI.OFD/OFDM221B.cs:2315
已有比對流水號，不可刪除	ShowMessage(	Dev/ATLAS.OFD/Source/UI/UI.OFD/OFDM221B.cs:2330
已做傳真委扣交易截止設定，不可刪除	ShowMessage(	Dev/ATLAS.OFD/Source/UI/UI.OFD/OFDM221B.cs:2336
已作廢資料，不可刪除	ShowMessage(	Dev/ATLAS.OFD/Source/UI/UI.OFD/OFDM221B.cs:2342
已結轉資料，不可刪除	ShowMessage(	Dev/ATLAS.OFD/Source/UI/UI.OFD/OFDM221B.cs:2348
明細資料已執行過匯款比對，不可刪除	ShowMessage(	Dev/ATLAS.OFD/Source/UI/UI.OFD/OFDM221B.cs:2355
申購只可輸入一筆基金明細資料。	AddError(	Dev/ATLAS.OFD/Source/UI/UI.OFD/OFDM221B.cs:2417
此 受益人 為註銷戶不可執行交易	ShowMessage(	Dev/ATLAS.OFD/Source/UI/UI.OFD/OFDM221B.cs:2689
此員工代碼無相對應之銷售機構	ShowMessage(	Dev/ATLAS.OFD/Source/UI/UI.OFD/OFDM221B.cs:2855
受益人 為員工或員工關係人，需透過EC執行下單作業。請確認已取得書面核淮。是否建檔？	變數指派 =	Dev/ATLAS.OFD/Source/UI/UI.OFD/OFDM221B.cs:3008
請先輸入收件日期!	ShowMessage(	Dev/ATLAS.OFD/Source/UI/UI.OFD/OFDM221B.cs:3072
申購日期已超過促銷活動的促銷時間	ShowMessage(	Dev/ATLAS.OFD/Source/UI/UI.OFD/OFDM221B.cs:3428
請先輸入戶號或受益人ID!	ShowMessage(	Dev/ATLAS.OFD/Source/UI/UI.OFD/OFDM221B.cs:3704
請先輸入銷售機構!	ShowMessage(	Dev/ATLAS.OFD/Source/UI/UI.OFD/OFDM221B.cs:3711
KYC風險屬性與申購基金風險屬性不吻合，無法申購!	ShowMessage(	Dev/ATLAS.OFD/Source/UI/UI.OFD/OFDM221B.cs:3740
未填附自主申購聲明書，無法申購!	ShowMessage(	Dev/ATLAS.OFD/Source/UI/UI.OFD/OFDM221B.cs:3753
KYC風險屬性與申購基金風險屬性不吻合，無法申購!	ShowMessage(	Dev/ATLAS.OFD/Source/UI/UI.OFD/OFDM221B.cs:3767
請先設定相關行事曆	ShowMessage(	Dev/ATLAS.OFD/Source/UI/UI.OFD/OFDM221B.cs:3793
該基金不開放傳真委扣申購	AddError(	Dev/ATLAS.OFD/Source/UI/UI.OFD/OFDM221B.cs:3815
該客戶為優惠關係人，是否仍要輸入促銷活動代碼？	ShowMessage(	Dev/ATLAS.OFD/Source/UI/UI.OFD/OFDM221B.cs:3981
申購序號：1  {…}	ByPassAddMessage(	Dev/ATLAS.OFD/Source/UI/UI.OFD/OFDM221B.cs:4719
請先設定淨值行事曆	ShowMessage(	Dev/ATLAS.OFD/Source/UI/UI.OFD/OFDM221B.cs:4771
查無該基金代碼	AddError(	Dev/ATLAS.OFD/Source/UI/UI.OFD/OFDM221B.cs:4819
申購基金為【高收益基金】，必須勾選【風險確認】後才能進行申購作業	AddError(	Dev/ATLAS.OFD/Source/UI/UI.OFD/OFDM221B.cs:4829
此基金未設定基金淨值營業日	AddError(	Dev/ATLAS.OFD/Source/UI/UI.OFD/OFDM221B.cs:4846
申購日期 必須大於該基金最大已結帳之控制日期 {…}	AddError(	Dev/ATLAS.OFD/Source/UI/UI.OFD/OFDM221B.cs:4868
申購日期 不可小於收件日期	AddError(	Dev/ATLAS.OFD/Source/UI/UI.OFD/OFDM221B.cs:4872
手續費率 不可小於基金最低手續費率 {0:0.00}	AddError(	Dev/ATLAS.OFD/Source/UI/UI.OFD/OFDM221B.cs:4891
手續費率 不可大於 牌告手續費率 {0:0.00}	AddError(	Dev/ATLAS.OFD/Source/UI/UI.OFD/OFDM221B.cs:4925
自訂銷售手續費率尚未設定(OFDM193)	AddError(	Dev/ATLAS.OFD/Source/UI/UI.OFD/OFDM221B.cs:4930
檢核手續費發生Error	AddError(	Dev/ATLAS.OFD/Source/UI/UI.OFD/OFDM221B.cs:4936
後收型手續費率需符合逐年遞減原則，請檢查手續費率!!	AddError(	Dev/ATLAS.OFD/Source/UI/UI.OFD/OFDM221B.cs:4948
申購金額 必須大於0	AddError(	Dev/ATLAS.OFD/Source/UI/UI.OFD/OFDM221B.cs:4959
銷售總金額 必須大於0	AddError(	Dev/ATLAS.OFD/Source/UI/UI.OFD/OFDM221B.cs:4963
銷售總金額 必須等於現金總金額 + 支票總金額 + 匯款總金額	AddError(	Dev/ATLAS.OFD/Source/UI/UI.OFD/OFDM221B.cs:4972
支票總金額 與 明細加總不符	AddError(	Dev/ATLAS.OFD/Source/UI/UI.OFD/OFDM221B.cs:4993
匯款總金額 與 明細加總不符	AddError(	Dev/ATLAS.OFD/Source/UI/UI.OFD/OFDM221B.cs:4997
此促銷活動不能在這筆申購執行，請重新檢查促銷活動	AddError(	Dev/ATLAS.OFD/Source/UI/UI.OFD/OFDM221B.cs:5010
申購金額 大於等於 大額申購金額{0:#,##0}，是否繼續？	ShowMsg(	Dev/ATLAS.OFD/Source/UI/UI.OFD/OFDM221B.cs:5104
該客戶為優惠關係人，是否仍要輸入促銷活動代碼？	變數指派 =	Dev/ATLAS.OFD/Source/UI/UI.OFD/OFDM221B.cs:5115
明細資料 必須輸入	AddError(	Dev/ATLAS.OFD/Source/UI/UI.OFD/OFDM231A.cs:178
付款資料或轉換資料 {0}有一筆是餘額資料	AddError(	Dev/ATLAS.OFD/Source/UI/UI.OFD/OFDM231A.cs:183
受益人買回中單位數有變動，請重新輸入!	ShowMessage(	Dev/ATLAS.OFD/Source/UI/UI.OFD/OFDM231A.cs:197
買回單位數 不等於 可買回單位數, 不可勾選 全贖	AddError(	Dev/ATLAS.OFD/Source/UI/UI.OFD/OFDM231A.cs:204
無銷帳資料	AddError(	Dev/ATLAS.OFD/Source/UI/UI.OFD/OFDM231A.cs:211
買回單位數 必須等於銷帳資料的買回單位數加總{…}	AddError(	Dev/ATLAS.OFD/Source/UI/UI.OFD/OFDM231A.cs:214
由買回金額所推算的買回單位數 必須大於等於實體憑證資料的買回單位數總和 {…}	AddError(	Dev/ATLAS.OFD/Source/UI/UI.OFD/OFDM231A.cs:227
買回單位數 必須大於等於實體憑證資料的買回單位數總和 {…}	AddError(	Dev/ATLAS.OFD/Source/UI/UI.OFD/OFDM231A.cs:229
實體憑證資料的買回單位數總和 {…}不可大於憑證單位數	AddError(	Dev/ATLAS.OFD/Source/UI/UI.OFD/OFDM231A.cs:235
定額付款金額, 轉申購總價金(包含所有費用)總和 {…} 必須小於 預估買回總價金{…}	AddError(	Dev/ATLAS.OFD/Source/UI/UI.OFD/OFDM231A.cs:274
買回金額  {…}必須等於 定額付款金額與定額轉入金額總和{…}	AddError(	Dev/ATLAS.OFD/Source/UI/UI.OFD/OFDM231A.cs:286
買回總價金  {…}必須等於 定額付款金額, 轉申購總價金(包含郵匯手續費)總和{…}	AddError(	Dev/ATLAS.OFD/Source/UI/UI.OFD/OFDM231A.cs:295
買回餘額 {…}不足支付短線交易費	AddError(	Dev/ATLAS.OFD/Source/UI/UI.OFD/OFDM231A.cs:305
買回餘額 {…}不足支付短線交易費	AddError(	Dev/ATLAS.OFD/Source/UI/UI.OFD/OFDM231A.cs:315
短線交易單位數 不可大於 買回單位數	AddError(	Dev/ATLAS.OFD/Source/UI/UI.OFD/OFDM231A.cs:324
請跟銀行進行核對確認短線交易單位數，是否仍繼續？	變數指派 =	Dev/ATLAS.OFD/Source/UI/UI.OFD/OFDM231A.cs:366
短線交易單位數已變更，請確認	ShowMessage(	Dev/ATLAS.OFD/Source/UI/UI.OFD/OFDM231A.cs:382
設定人工控管被更改，短線交易單位數已變更，請確認	ShowMessage(	Dev/ATLAS.OFD/Source/UI/UI.OFD/OFDM231A.cs:398
短線交易單位數已變更，請確認	ShowMessage(	Dev/ATLAS.OFD/Source/UI/UI.OFD/OFDM231A.cs:415
該筆買回違反短線交易/買回費用，是否仍繼續？	變數指派 =	Dev/ATLAS.OFD/Source/UI/UI.OFD/OFDM231A.cs:429
實際付款金額會小於客戶指定買回金額，請確定已取得客戶同意，是否繼續？	變數指派 =	Dev/ATLAS.OFD/Source/UI/UI.OFD/OFDM231A.cs:435
餘額轉申購金額 小於 最低轉申購金額 {…}，是否繼續？	變數指派 =	Dev/ATLAS.OFD/Source/UI/UI.OFD/OFDM231A.cs:477
此筆交易有短線費用, 但指定餘額帳戶之轉申購基金被設為不收取短線費用, 請查明	AddError(	Dev/ATLAS.OFD/Source/UI/UI.OFD/OFDM231A.cs:504
此筆交易為人工控管短線, 但轉申購基金被設為不收取短線費用, 請查明	AddError(	Dev/ATLAS.OFD/Source/UI/UI.OFD/OFDM231A.cs:529
基金[{…}]申購金額 已超過基金銷售額度，是否繼續？	變數指派 =	Dev/ATLAS.OFD/Source/UI/UI.OFD/OFDM231A.cs:574
當付款與轉換資料為多筆時，餘額付款資料不可為 先行付款	AddError(	Dev/ATLAS.OFD/Source/UI/UI.OFD/OFDM231A.cs:589
先行付款之買回總價金 不可小於 {…}	AddError(	Dev/ATLAS.OFD/Source/UI/UI.OFD/OFDM231A.cs:598
買回金額{…} 大於等於 大額買回金額，是否繼續？	變數指派 =	Dev/ATLAS.OFD/Source/UI/UI.OFD/OFDM231A.cs:612
若買回沖銷單位數包含憑證，則應於憑證欄位輸入買回單位數，是否仍繼續？	變數指派 =	Dev/ATLAS.OFD/Source/UI/UI.OFD/OFDM231A.cs:634
該筆買回含168循環投資交易，是否仍繼續？	變數指派 =	Dev/ATLAS.OFD/Source/UI/UI.OFD/OFDM231A.cs:661
該筆買回含退休管家交易，是否仍繼續？	變數指派 =	Dev/ATLAS.OFD/Source/UI/UI.OFD/OFDM231A.cs:673
尚有在途資料未轉入，是否繼續？	變數指派 =	Dev/ATLAS.OFD/Source/UI/UI.OFD/OFDM231A.cs:704
尚有有效定額資料，是否繼續？	變數指派 =	Dev/ATLAS.OFD/Source/UI/UI.OFD/OFDM231A.cs:716
受益人通知書寄送方式不為郵寄，是否繼續？	變數指派 =	Dev/ATLAS.OFD/Source/UI/UI.OFD/OFDM231A.cs:742
交易方式不可為線上交易	AddError(	Dev/ATLAS.OFD/Source/UI/UI.OFD/OFDM231A.cs:775
此筆買回為集保轉入，是否繼續？	變數指派 =	Dev/ATLAS.OFD/Source/UI/UI.OFD/OFDM231A.cs:783
員工代碼歸屬的銷售機構與預設值不相符,是否繼續?	變數指派 =	Dev/ATLAS.OFD/Source/UI/UI.OFD/OFDM231A.cs:793
轉申購之員工代碼或銷售機構和贖回不同，是否繼續？	變數指派 =	Dev/ATLAS.OFD/Source/UI/UI.OFD/OFDM231A.cs:814
詢問	MessageBox.Show(	Dev/ATLAS.OFD/Source/UI/UI.OFD/OFDM231A.cs:826
此筆CDSC後收型基金尚未期滿，不接受轉申購	AddError(	Dev/ATLAS.OFD/Source/UI/UI.OFD/OFDM231A.cs:852
CDSC免收遞延手續費日期有誤	AddError(	Dev/ATLAS.OFD/Source/UI/UI.OFD/OFDM231A.cs:857
「轉入客戶帳號」已存在	AddError(	Dev/ATLAS.OFD/Source/UI/UI.OFD/OFDM231A.cs:863
僅接受「全部轉換」不允許部份轉換	AddError(	Dev/ATLAS.OFD/Source/UI/UI.OFD/OFDM231A.cs:869
不允許同時轉換及付款	AddError(	Dev/ATLAS.OFD/Source/UI/UI.OFD/OFDM231A.cs:876
僅接受轉換一檔基金	AddError(	Dev/ATLAS.OFD/Source/UI/UI.OFD/OFDM231A.cs:882
此受益人無可買回單位數	AddError(	Dev/ATLAS.OFD/Source/UI/UI.OFD/OFDM231A.cs:905
買回金額不可為 0	AddError(	Dev/ATLAS.OFD/Source/UI/UI.OFD/OFDM231A.cs:912
買回單位數不可為 0	AddError(	Dev/ATLAS.OFD/Source/UI/UI.OFD/OFDM231A.cs:920
需建入客戶明細帳號	AddError(	Dev/ATLAS.OFD/Source/UI/UI.OFD/OFDM231A.cs:929
買回單位數 等於 可買回單位數時, 全贖 必勾選	AddError(	Dev/ATLAS.OFD/Source/UI/UI.OFD/OFDM231A.cs:949
此買回日 無淨值資料	AddError(	Dev/ATLAS.OFD/Source/UI/UI.OFD/OFDM231A.cs:959
{…} 不為營業日	AddError(	Dev/ATLAS.OFD/Source/UI/UI.OFD/OFDM231A.cs:1034
買回日期 不可小於該基金開始買回日期或該基金尚未開放買回	AddError(	Dev/ATLAS.OFD/Source/UI/UI.OFD/OFDM231A.cs:1050
買回日期 必須大於該基金最新結帳買回日期 {…}	AddError(	Dev/ATLAS.OFD/Source/UI/UI.OFD/OFDM231A.cs:1058
買回日期 不可小於 收件日期	AddError(	Dev/ATLAS.OFD/Source/UI/UI.OFD/OFDM231A.cs:1064
由買回金額所推算的買回單位數 不可大於 可買回單位數	AddError(	Dev/ATLAS.OFD/Source/UI/UI.OFD/OFDM231A.cs:1080
買回單位數 不可大於 可買回單位數	AddError(	Dev/ATLAS.OFD/Source/UI/UI.OFD/OFDM231A.cs:1082
買回金額不可小於最低買回金額 {…}	變數指派 =	Dev/ATLAS.OFD/Source/UI/UI.OFD/OFDM231A.cs:1119
買回單位數不可小於最低買回單位數 {…}	變數指派 =	Dev/ATLAS.OFD/Source/UI/UI.OFD/OFDM231A.cs:1144
請確認買回憑證正本已回及領取回執已回	ShowMessage(	Dev/ATLAS.OFD/Source/UI/UI.OFD/OFDM231A.cs:1327
{…}1 | 此受益人「不得主動推薦高風險基金」 | 此受益人『僅限申購保守型基金(RR1~RR2)』	ShowMessage(	Dev/ATLAS.OFD/Source/UI/UI.OFD/OFDM231A.cs:1379
短線交易費率 尚未設定	ShowMessage(	Dev/ATLAS.OFD/Source/UI/UI.OFD/OFDM231A.cs:1607
將清除所有明細資料，是否繼續？	ShowMessage(	Dev/ATLAS.OFD/Source/UI/UI.OFD/OFDM231A.cs:2037
該戶無此「客戶明細帳號」可銷帳	ShowMessage(	Dev/ATLAS.OFD/Source/UI/UI.OFD/OFDM231A.cs:2240
該基金無庫存單位數可買回	ShowMessage(	Dev/ATLAS.OFD/Source/UI/UI.OFD/OFDM231A.cs:2307
買回日期(起)(迄) 必須皆(不)填寫	AddError(	Dev/ATLAS.OFD/Source/UI/UI.OFD/OFDM231A.cs:2926
買回日期(起) 不可大於 買回日期(迄)	AddError(	Dev/ATLAS.OFD/Source/UI/UI.OFD/OFDM231A.cs:2928
買回書號, 買回日期, 受益人ID, 戶號 必須擇一填寫	AddError(	Dev/ATLAS.OFD/Source/UI/UI.OFD/OFDM231A.cs:2932
此為 TDCC 指託平台下單資料，不可刪除。請執行基金集保指託下單資料刪除作業(OFDB757)	變數指派 =	Dev/ATLAS.OFD/Source/UI/UI.OFD/OFDM231A.cs:3009
此為 TDCC 指託平台下單資料，不可刪除。請執行基金集保指託下單資料刪除作業(OFDB757)	變數指派 =	Dev/ATLAS.OFD/Source/UI/UI.OFD/OFDM231A.cs:3037
此受益人本日已有相同之買回資料，是否繼續？	變數指派 =	Dev/ATLAS.OFD/Source/UI/UI.OFD/OFDM231A.cs:3073
此受益人為註銷戶不可執行交易	ShowMessage(	Dev/ATLAS.OFD/Source/UI/UI.OFD/OFDM231A.cs:3350
員工代碼已調整，是否需要自動同步更新轉申購明細中之相同欄位?	ShowMessage(	Dev/ATLAS.OFD/Source/UI/UI.OFD/OFDM231A.cs:3635
已將轉申購之員工代碼同步修改	MessageBox.Show(	Dev/ATLAS.OFD/Source/UI/UI.OFD/OFDM231A.cs:3647
銷售機構已調整，是否需要自動同步更新轉申購明細中之相同欄位?	ShowMessage(	Dev/ATLAS.OFD/Source/UI/UI.OFD/OFDM231A.cs:3657
已將轉申購之銷售機構同步修改	ShowMessage(	Dev/ATLAS.OFD/Source/UI/UI.OFD/OFDM231A.cs:3670
此員工代碼無相對應之銷售機構	ShowMessage(	Dev/ATLAS.OFD/Source/UI/UI.OFD/OFDM231A.cs:3704
受益人為員工或員工關係人，需透過EC執行下單作業。請確認已取得書面核淮。是否建檔？	變數指派 =	Dev/ATLAS.OFD/Source/UI/UI.OFD/OFDM231A.cs:3720
請先設定相關行事曆	ShowMessage(	Dev/ATLAS.OFD/Source/UI/UI.OFD/OFDM231A.cs:3870
請先設定付款行事曆	ShowMessage(	Dev/ATLAS.OFD/Source/UI/UI.OFD/OFDM231A.cs:3954
請先設定淨值行事曆	ShowMessage(	Dev/ATLAS.OFD/Source/UI/UI.OFD/OFDM231A.cs:3961
交易方式不可為線上交易	ShowMessage(	Dev/ATLAS.OFD/Source/UI/UI.OFD/OFDM231A.cs:4015
匯入銀行 為必填欄位	AddError(	Dev/ATLAS.OFD/Source/UI/UI.OFD/OFDM231A.cs:4745
匯入帳號 為必填欄位	AddError(	Dev/ATLAS.OFD/Source/UI/UI.OFD/OFDM231A.cs:4747
郵寄地址 為必填欄位	AddError(	Dev/ATLAS.OFD/Source/UI/UI.OFD/OFDM231A.cs:4749
外幣計價基金不可使用臨時帳號!	AddError(	Dev/ATLAS.OFD/Source/UI/UI.OFD/OFDM231A.cs:4756
郵匯費設定為內含時, 定額付款金額 必須 大於 郵匯費	AddError(	Dev/ATLAS.OFD/Source/UI/UI.OFD/OFDM231A.cs:4764
帳號為無授權，是否繼續？	變數指派 =	Dev/ATLAS.OFD/Source/UI/UI.OFD/OFDM231A.cs:4774
買回序號：{…}  {…}	ByPassAddMessage(	Dev/ATLAS.OFD/Source/UI/UI.OFD/OFDM231A.cs:4779
交易方式為傳真交易且郵寄地址非通訊或戶籍地址，是否繼續？	變數指派 =	Dev/ATLAS.OFD/Source/UI/UI.OFD/OFDM231A.cs:4787
買回序號：{…}  {…}	ByPassAddMessage(	Dev/ATLAS.OFD/Source/UI/UI.OFD/OFDM231A.cs:4791
定額付款金額與轉申購金額總和(包含總郵匯費) 已超過 買回金額	AddError(	Dev/ATLAS.OFD/Source/UI/UI.OFD/OFDM231A.cs:4828
定額付款金額與轉申購金額總和(包含總郵匯費) 已超過 買回金額	AddError(	Dev/ATLAS.OFD/Source/UI/UI.OFD/OFDM231A.cs:4895
定額付款金額與轉申購金額總和(包含總郵匯費) 已超過 買回金額	AddError(	Dev/ATLAS.OFD/Source/UI/UI.OFD/OFDM231A.cs:5169
查無此客戶的印鑑資料	ShowMessage(	Dev/ATLAS.OFD/Source/UI/UI.OFD/OFDM231A.cs:5426
請先輸入收件日期!	ShowMessage(	Dev/ATLAS.OFD/Source/UI/UI.OFD/OFDM231A.cs:5548
定額付款金額 不可為 0	AddError(	Dev/ATLAS.OFD/Source/UI/UI.OFD/OFDM231Ap0.cs:126
郵匯費設定為內含時, 定額付款金額 必須 大於 郵匯費	AddError(	Dev/ATLAS.OFD/Source/UI/UI.OFD/OFDM231Ap0.cs:137
交易方式為傳真交易且帳號為無授權，是否繼續？	變數指派 =	Dev/ATLAS.OFD/Source/UI/UI.OFD/OFDM231Ap0.cs:634
買回序號：{…}  {…}	ByPassAddMessage(	Dev/ATLAS.OFD/Source/UI/UI.OFD/OFDM231Ap0.cs:639
交易方式為傳真交易且郵寄地址非通訊或戶籍地址，是否繼續？	變數指派 =	Dev/ATLAS.OFD/Source/UI/UI.OFD/OFDM231Ap0.cs:671
買回序號：{…}  {…}	ByPassAddMessage(	Dev/ATLAS.OFD/Source/UI/UI.OFD/OFDM231Ap0.cs:675
{…} 為必填欄位	AddError(	Dev/ATLAS.OFD/Source/UI/UI.OFD/OFDM231Ap1.cs:204
申購金額與手續費加總必須等於 申購總金額	AddError(	Dev/ATLAS.OFD/Source/UI/UI.OFD/OFDM231Ap1.cs:213
{…} 格式有誤	AddError(	Dev/ATLAS.OFD/Source/UI/UI.OFD/OFDM231Ap1.cs:220
{…} 必須不可為 0	AddError(	Dev/ATLAS.OFD/Source/UI/UI.OFD/OFDM231Ap1.cs:227
{…} 不可大於 申購金額	AddError(	Dev/ATLAS.OFD/Source/UI/UI.OFD/OFDM231Ap1.cs:236
該基金為高收益基金，受益人必須要先有風險預告書	AddError(	Dev/ATLAS.OFD/Source/UI/UI.OFD/OFDM231Ap1.cs:255
後收型手續費率需符合逐年遞減原則，請檢查手續費率!!	AddError(	Dev/ATLAS.OFD/Source/UI/UI.OFD/OFDM231Ap1.cs:271
轉申購序號：{…}  {…}	ByPassAddMessage(	Dev/ATLAS.OFD/Source/UI/UI.OFD/OFDM231Ap1.cs:338
申購金額 不可小於 最低轉申購金額 {…}，是否繼續？	變數指派 =	Dev/ATLAS.OFD/Source/UI/UI.OFD/OFDM231Ap1.cs:377
轉申購序號：{…}  {…}	ByPassAddMessage(	Dev/ATLAS.OFD/Source/UI/UI.OFD/OFDM231Ap1.cs:385
手續費 不可小於 最低手續費率 {…}	AddError(	Dev/ATLAS.OFD/Source/UI/UI.OFD/OFDM231Ap1.cs:399
手續費率 不可大於 牌告手續費率{…}	AddError(	Dev/ATLAS.OFD/Source/UI/UI.OFD/OFDM231Ap1.cs:434
自訂銷售手續費率尚未設定(OFDM193)	AddError(	Dev/ATLAS.OFD/Source/UI/UI.OFD/OFDM231Ap1.cs:438
申購金額 已超過該銷售機構的銷售額度上限 {…}	ShowMessage(	Dev/ATLAS.OFD/Source/UI/UI.OFD/OFDM231Ap1.cs:459
轉申購序號：{…}  {…}	ByPassAddMessage(	Dev/ATLAS.OFD/Source/UI/UI.OFD/OFDM231Ap1.cs:465
此推薦人不存在該通路代碼{…}，請檢查	AddError(	Dev/ATLAS.OFD/Source/UI/UI.OFD/OFDM231Ap1.cs:489
此銷售機構 必須輸入 推薦人	AddError(	Dev/ATLAS.OFD/Source/UI/UI.OFD/OFDM231Ap1.cs:509
郵匯費設定為內含時, 定額轉入金額 必須大於 匯費	AddError(	Dev/ATLAS.OFD/Source/UI/UI.OFD/OFDM231Ap1.cs:524
轉申購金額 大於等於 大額申購金額，是否繼續？	變數指派 =	Dev/ATLAS.OFD/Source/UI/UI.OFD/OFDM231Ap1.cs:528
轉申購序號：{…}  {…}	ByPassAddMessage(	Dev/ATLAS.OFD/Source/UI/UI.OFD/OFDM231Ap1.cs:533
轉申購序號：{…}  {…}	ByPassAddMessage(	Dev/ATLAS.OFD/Source/UI/UI.OFD/OFDM231Ap1.cs:573
轉申購序號：{…}  {…}	ByPassAddMessage(	Dev/ATLAS.OFD/Source/UI/UI.OFD/OFDM231Ap1.cs:588
轉申購序號：{…}  {…}	ByPassAddMessage(	Dev/ATLAS.OFD/Source/UI/UI.OFD/OFDM231Ap1.cs:601
系統未存在有效KYC，是否繼續？	變數指派 =	Dev/ATLAS.OFD/Source/UI/UI.OFD/OFDM231Ap1.cs:1479
未填附自主申購聲明書，無法申購!	ShowMessage(	Dev/ATLAS.OFD/Source/UI/UI.OFD/OFDM231Ap1.cs:1488
轉申購序號：{…}  {…}	ByPassAddMessage(	Dev/ATLAS.OFD/Source/UI/UI.OFD/OFDM231Ap1.cs:1496
轉申購序號：{…}  {…}	ByPassAddMessage(	Dev/ATLAS.OFD/Source/UI/UI.OFD/OFDM231Ap1.cs:1501
KYC風險屬性與申購基金風險屬性不吻合！	變數指派 =	Dev/ATLAS.OFD/Source/UI/UI.OFD/OFDM231Ap1.cs:1516
未填附自主申購聲明書，無法申購!	ShowMessage(	Dev/ATLAS.OFD/Source/UI/UI.OFD/OFDM231Ap1.cs:1528
KYC風險屬性與申購基金風險屬性不吻合，不可交易!	ShowMessage(	Dev/ATLAS.OFD/Source/UI/UI.OFD/OFDM231Ap1.cs:1544
未填附自主申購聲明書，無法申購!	ShowMessage(	Dev/ATLAS.OFD/Source/UI/UI.OFD/OFDM231Ap1.cs:1556
轉申購序號：{…}  {…}	ByPassAddMessage(	Dev/ATLAS.OFD/Source/UI/UI.OFD/OFDM231Ap1.cs:2247
轉申購序號：{…}  {…}	ByPassAddMessage(	Dev/ATLAS.OFD/Source/UI/UI.OFD/OFDM231Ap1.cs:2264
實體憑證資料的贖回單位數 不可大於 可贖回單位數	AddError(	Dev/ATLAS.OFD/Source/UI/UI.OFD/OFDM231Ap2.cs:73
贖回單位數不為0 時, 餘額重開憑證 為必填欄位	AddError(	Dev/ATLAS.OFD/Source/UI/UI.OFD/OFDM231Ap2.cs:75
贖回單位數不為0 時, 餘額重開憑證需為憑證贖回餘額不再作憑證	AddError(	Dev/ATLAS.OFD/Source/UI/UI.OFD/OFDM231Ap2.cs:77
實體憑證資料的贖回單位數加總 不可大於 總贖回單位數 {…}	AddError(	Dev/ATLAS.OFD/Source/UI/UI.OFD/OFDM231Ap2.cs:79
單筆申購資料的贖回單位數 不可大於 可贖回單位數	AddError(	Dev/ATLAS.OFD/Source/UI/UI.OFD/OFDM231Ap2.cs:85
小額資料的贖回單位數 不可大於 可贖回單位數	AddError(	Dev/ATLAS.OFD/Source/UI/UI.OFD/OFDM231Ap2.cs:88
單筆申購資料與小額資料的贖回單位數加總 必須等於 總贖回單位數 {…}	AddError(	Dev/ATLAS.OFD/Source/UI/UI.OFD/OFDM231Ap2.cs:91
檢核餘額重開憑證失敗	ShowMessage(	Dev/ATLAS.OFD/Source/UI/UI.OFD/OFDM231Ap2.cs:162
憑證號碼{…} 的餘額重開憑證與之前沖銷的憑證資料不符	AddError(	Dev/ATLAS.OFD/Source/UI/UI.OFD/OFDM231Ap2.cs:166
暫不付款已通知保管銀行, 不可再新增缺件資料	AddError(	Dev/ATLAS.OFD/Source/UI/UI.OFD/OFDM231Ap3.cs:76
(金額買回)總金額 為必填欄位	AddError(	Dev/ATLAS.OFD/Source/UI/UI.OFD/OFDM232.cs:184
(單位數買回)總單位數 為必填欄位	AddError(	Dev/ATLAS.OFD/Source/UI/UI.OFD/OFDM232.cs:188
(單位數買回)總單位數 與 (金額買回)總金額 至少擇一輸入	AddError(	Dev/ATLAS.OFD/Source/UI/UI.OFD/OFDM232.cs:192
買回區間(起)(迄) 必須皆(不)填寫	AddError(	Dev/ATLAS.OFD/Source/UI/UI.OFD/OFDM232.cs:236
買回區間(起) 不可大於 買回區間(迄)	AddError(	Dev/ATLAS.OFD/Source/UI/UI.OFD/OFDM232.cs:241
{…}，不可{…}	AddError(	Dev/ATLAS.OFD/Source/UI/UI.OFD/OFDM232.cs:480
短線交易費率 尚未設定	ShowMessage(	Dev/ATLAS.OFD/Source/UI/UI.OFD/OFDM232.cs:527
此買回機構不檢核基金彙總，是否仍要輸入	ShowMessage(	Dev/ATLAS.OFD/Source/UI/UI.OFD/OFDM232.cs:595
明細資料 必須輸入	AddError(	Dev/ATLAS.OFD/Source/UI/UI.OFD/OFDM233.cs:77
明細資料 輸入有誤	AddError(	Dev/ATLAS.OFD/Source/UI/UI.OFD/OFDM233.cs:81
, 上限金額	變數指派 =	Dev/ATLAS.OFD/Source/UI/UI.OFD/OFDM233.cs:88
, 下限金額	變數指派 =	Dev/ATLAS.OFD/Source/UI/UI.OFD/OFDM233.cs:90
{…} 為必填欄位	AddError(	Dev/ATLAS.OFD/Source/UI/UI.OFD/OFDM233.cs:92
下限金額 不可大於 上限金額	AddError(	Dev/ATLAS.OFD/Source/UI/UI.OFD/OFDM233.cs:96
短線交易費率 必須小於100	AddError(	Dev/ATLAS.OFD/Source/UI/UI.OFD/OFDM233.cs:99
起算日 不可大於 終日止	AddError(	Dev/ATLAS.OFD/Source/UI/UI.OFD/OFDM233.cs:102
『買回金額』：買回金額(買回NAV日淨值 * 短線交易單位數，四捨五入至整數位) ＊ 短線交易費率。{…}『買回淨值』：買回NAV日淨值 ＊ 短線交易單位數 ＊ 短線交易費率，四捨五入至整數位。	ShowMessage(	Dev/ATLAS.OFD/Source/UI/UI.OFD/OFDM233.cs:521
{…} 不為營業日	AddError(	Dev/ATLAS.OFD/Source/UI/UI.OFD/OFDM242.cs:110
明細至少需輸入一筆資料	AddError(	Dev/ATLAS.OFD/Source/UI/UI.OFD/OFDM242.cs:116
基金{…}匯入帳號  必須輸入	AddError(	Dev/ATLAS.OFD/Source/UI/UI.OFD/OFDM242.cs:132
收件日期、贖回日期、受益人ID、受益人戶號、投資組合、贖回書號、契約書號 必須擇一輸入	AddError(	Dev/ATLAS.OFD/Source/UI/UI.OFD/OFDM242.cs:158
收件日期(起)(迄) 必須皆(不)填寫	AddError(	Dev/ATLAS.OFD/Source/UI/UI.OFD/OFDM242.cs:164
收件日期(起) 不可大於 收件日期(迄)	AddError(	Dev/ATLAS.OFD/Source/UI/UI.OFD/OFDM242.cs:169
贖回日期(起)(迄) 必須皆(不)填寫	AddError(	Dev/ATLAS.OFD/Source/UI/UI.OFD/OFDM242.cs:173
贖回日期(起) 不可大於 贖回日期(迄)	AddError(	Dev/ATLAS.OFD/Source/UI/UI.OFD/OFDM242.cs:178
受益人仍有缺件資料，不可贖回	ShowMessage(	Dev/ATLAS.OFD/Source/UI/UI.OFD/OFDM242.cs:502
受益人{0} {3}~{4} 已因「列管原因：{1}」，被列管禁止贖回基金[{2}] !	ShowMessage(	Dev/ATLAS.OFD/Source/UI/UI.OFD/OFDM242.cs:509
基金[{0}]停止贖回！請查OFDM114受益人停止申贖設定檔。	ShowMessage(	Dev/ATLAS.OFD/Source/UI/UI.OFD/OFDM242.cs:516
基金[{0}]暫停贖回！請查OFDM087基金暫停申贖日期設定檔。	ShowMessage(	Dev/ATLAS.OFD/Source/UI/UI.OFD/OFDM242.cs:523
無可贖回單位數	ShowMessage(	Dev/ATLAS.OFD/Source/UI/UI.OFD/OFDM242.cs:537
受益人為員工或員工關係人，需透過EC執行下單作業。請確認已取得書面核淮。是否建檔？	變數指派 =	Dev/ATLAS.OFD/Source/UI/UI.OFD/OFDM242.cs:547
贖回日期[{0}] 已執行 基金{1} 過帳，無法再新增資料。	ShowMessage(	Dev/ATLAS.OFD/Source/UI/UI.OFD/OFDM242.cs:604
基金{…}已過帳，不可刪除	ShowMessage(	Dev/ATLAS.OFD/Source/UI/UI.OFD/OFDM242.cs:621
{…} 不為營業日	AddError(	Dev/ATLAS.OFD/Source/UI/UI.OFD/OFDM242.cs:655
配單金額不得為0!	AddError(	Dev/ATLAS.OFD/Source/UI/UI.OFD/OFDM243A.cs:123
資料格式為明細時，檔名規則必須輸入	AddError(	Dev/ATLAS.OFD/Source/UI/UI.OFD/OFDM264.cs:232
自訂檔名編立方式：請至少輸入一筆資料	AddError(	Dev/ATLAS.OFD/Source/UI/UI.OFD/OFDM264.cs:237
自訂檔名編立方式：第{0}筆的序號必須輸入	AddError(	Dev/ATLAS.OFD/Source/UI/UI.OFD/OFDM264.cs:245
自訂檔名編立方式：第{0}筆的資料形式必須輸入	AddError(	Dev/ATLAS.OFD/Source/UI/UI.OFD/OFDM264.cs:252
自訂檔名編立方式：因檔名規則為固定檔名，第{0}筆的資料形式不得為年編/月編/日編	AddError(	Dev/ATLAS.OFD/Source/UI/UI.OFD/OFDM264.cs:261
自訂檔名編立方式：第{0}筆的基準日期必須輸入	AddError(	Dev/ATLAS.OFD/Source/UI/UI.OFD/OFDM264.cs:268
自訂檔名編立方式：第{0}筆的資料內容必須輸入	AddError(	Dev/ATLAS.OFD/Source/UI/UI.OFD/OFDM264.cs:276
自訂檔名編立方式：批號的資料形式只能有一筆	AddError(	Dev/ATLAS.OFD/Source/UI/UI.OFD/OFDM264.cs:283
自訂檔名編立方式：第{0}筆的資料形式輸入錯誤	AddError(	Dev/ATLAS.OFD/Source/UI/UI.OFD/OFDM264.cs:299
自訂檔名編立方式：第{0}筆的資料內容長度必須<=10 (一個中文字的長度為2)	AddError(	Dev/ATLAS.OFD/Source/UI/UI.OFD/OFDM264.cs:306
下載格式設定資料：請至少輸入一筆資料	AddError(	Dev/ATLAS.OFD/Source/UI/UI.OFD/OFDM264.cs:316
下載格式設定資料：第{0}筆的序號必須輸入	AddError(	Dev/ATLAS.OFD/Source/UI/UI.OFD/OFDM264.cs:322
下載格式設定資料：第{0}筆的欄位名稱必須輸入	AddError(	Dev/ATLAS.OFD/Source/UI/UI.OFD/OFDM264.cs:327
下載格式設定資料：第{0}筆的欄位型態必須輸入	AddError(	Dev/ATLAS.OFD/Source/UI/UI.OFD/OFDM264.cs:332
下載格式設定資料：資料格式不為首筆或尾筆，第{0}筆的欄位型態不可為設定為加總	AddError(	Dev/ATLAS.OFD/Source/UI/UI.OFD/OFDM264.cs:338
下載格式設定資料：第{0}筆的長度必須大於零	AddError(	Dev/ATLAS.OFD/Source/UI/UI.OFD/OFDM264.cs:346
下載格式設定資料：第{0}筆的對齊方式必須輸入	AddError(	Dev/ATLAS.OFD/Source/UI/UI.OFD/OFDM264.cs:351
下載格式設定資料：第{0}筆的長度必須為6,7,8,10	AddError(	Dev/ATLAS.OFD/Source/UI/UI.OFD/OFDM264.cs:373
下載格式設定資料：第{0}筆的小數位數必須大於等於零	AddError(	Dev/ATLAS.OFD/Source/UI/UI.OFD/OFDM264.cs:384
下載格式設定資料：第{0}筆的小數補位字元必須輸入	AddError(	Dev/ATLAS.OFD/Source/UI/UI.OFD/OFDM264.cs:390
下載格式設定資料：第{0}筆的固定文字內容長度與設定的不符([固定文字]都以'半型字'計)	AddError(	Dev/ATLAS.OFD/Source/UI/UI.OFD/OFDM264.cs:404
請輸入檔案代號	AddError(	Dev/ATLAS.OFD/Source/UI/UI.OFD/OFDM264.cs:734
是否要清空資料重新轉入？	ShowMessage(	Dev/ATLAS.OFD/Source/UI/UI.OFD/OFDM264p0.cs:188
語法錯誤： {…}	ShowMessage(	Dev/ATLAS.OFD/Source/UI/UI.OFD/OFDM264p0.cs:201
取得資料內容不得包含 [{…}] 字串。	AddError(	Dev/ATLAS.OFD/Source/UI/UI.OFD/OFDM264p0.cs:269
取得資料內容必須包含 [{0}] 欄位。	AddError(	Dev/ATLAS.OFD/Source/UI/UI.OFD/OFDM264p0.cs:288
取得資料內容必須包含參數 [{0}]。	AddError(	Dev/ATLAS.OFD/Source/UI/UI.OFD/OFDM264p0.cs:308
取得資料內容必須包含參數 [{0}]。	AddError(	Dev/ATLAS.OFD/Source/UI/UI.OFD/OFDM264p0.cs:328
取得資料內容必須包含參數 [{0}]。	AddError(	Dev/ATLAS.OFD/Source/UI/UI.OFD/OFDM264p0.cs:345
處理完成日期 為必填欄位	AddError(	Dev/ATLAS.OFD/Source/UI/UI.OFD/OFDM270.cs:48
處理完成日期 不可小於 退郵日期	AddError(	Dev/ATLAS.OFD/Source/UI/UI.OFD/OFDM270.cs:53
永久失聯日期 為必填欄位	AddError(	Dev/ATLAS.OFD/Source/UI/UI.OFD/OFDM270.cs:59
請自行檢查此受益人是否仍為「退郵戶」，並自行調整。	ShowMessage(	Dev/ATLAS.OFD/Source/UI/UI.OFD/OFDM270.cs:317
受益人非退郵戶，不可設定為永久失聯戶	ShowMessage(	Dev/ATLAS.OFD/Source/UI/UI.OFD/OFDM270.cs:464
至少須註記一筆資料	AddError(	Dev/ATLAS.OFD/Source/UI/UI.OFD/OFDM271.cs:79
到件日期 格式不符	AddError(	Dev/ATLAS.OFD/Source/UI/UI.OFD/OFDM271.cs:92
到件日期 必須為公司的營業日	AddError(	Dev/ATLAS.OFD/Source/UI/UI.OFD/OFDM271.cs:115
到件日期 必須大於等於 缺件日期	AddError(	Dev/ATLAS.OFD/Source/UI/UI.OFD/OFDM271.cs:121
明細資料 必須輸入	AddError(	Dev/ATLAS.OFD/Source/UI/UI.OFD/OFDM281.cs:58
分配基準日 必須大於等於 最後過戶日期	AddError(	Dev/ATLAS.OFD/Source/UI/UI.OFD/OFDM281.cs:66
權值扣除日 必須大於 分配基準日	AddError(	Dev/ATLAS.OFD/Source/UI/UI.OFD/OFDM281.cs:82
發放日期 必須大於 分配基準日	AddError(	Dev/ATLAS.OFD/Source/UI/UI.OFD/OFDM281.cs:90
再申購日期 必須大於等於 發放日期	AddError(	Dev/ATLAS.OFD/Source/UI/UI.OFD/OFDM281.cs:97
年度 輸入格式錯誤	AddError(	Dev/ATLAS.OFD/Source/UI/UI.OFD/OFDM281.cs:111
配息基準 必須大於0	AddError(	Dev/ATLAS.OFD/Source/UI/UI.OFD/OFDM281.cs:117
此基金之分配基準日已存在，是否繼續?	變數指派 =	Dev/ATLAS.OFD/Source/UI/UI.OFD/OFDM281.cs:133
已產生配息資料，不得修改	ShowMessage(	Dev/ATLAS.OFD/Source/UI/UI.OFD/OFDM281.cs:401
已產生配息資料，不得刪除	ShowMessage(	Dev/ATLAS.OFD/Source/UI/UI.OFD/OFDM281.cs:778
請傳入Grid中點選的該筆資料，不可為Null	ShowMessage(	Dev/ATLAS.OFD/Source/UI/UI.OFD/OFDM281p0.cs:104
配息來源代碼 不可重覆	AddError(	Dev/ATLAS.OFD/Source/UI/UI.OFD/OFDM281p0.cs:176
明細資料 必須輸入	AddError(	Dev/ATLAS.OFD/Source/UI/UI.OFD/OFDM281p0.cs:186
受益人扣繳類別 不可重複	AddError(	Dev/ATLAS.OFD/Source/UI/UI.OFD/OFDM281p0.cs:283
受益人扣繳類別 為必填欄位	AddError(	Dev/ATLAS.OFD/Source/UI/UI.OFD/OFDM281p0.cs:288
可扣抵稅率(%) 必須大於等於0	AddError(	Dev/ATLAS.OFD/Source/UI/UI.OFD/OFDM281p0.cs:296
可扣抵稅率(%) 必須小於等於100	AddError(	Dev/ATLAS.OFD/Source/UI/UI.OFD/OFDM281p0.cs:300
可扣抵稅率(%) 為必填欄位	AddError(	Dev/ATLAS.OFD/Source/UI/UI.OFD/OFDM281p0.cs:305
受益人扣繳類別 不可重複	AddError(	Dev/ATLAS.OFD/Source/UI/UI.OFD/OFDM281p0.cs:349
受益人扣繳類別 為必填欄位	AddError(	Dev/ATLAS.OFD/Source/UI/UI.OFD/OFDM281p0.cs:359
郵遞區號 為必填欄位	AddError(	Dev/ATLAS.OFD/Source/UI/UI.OFD/OFDM284p0.cs:117
地址 為必填欄位	AddError(	Dev/ATLAS.OFD/Source/UI/UI.OFD/OFDM284p0.cs:122
基金代碼 不可資料重複!!	AddError(	Dev/ATLAS.OFD/Source/UI/UI.OFD/OFDM284p0.cs:134
無符合條件的資料!	ShowMessage(	Dev/ATLAS.OFD/Source/UI/UI.OFD/OFDM284p1.cs:87
明細資料 必須輸入	AddError(	Dev/ATLAS.OFD/Source/UI/UI.OFD/OFDM285.cs:38
銀行代碼 不可重複	AddError(	Dev/ATLAS.OFD/Source/UI/UI.OFD/OFDM285p0.cs:68
複製成功!	ShowMessage(	Dev/ATLAS.OFD/Source/UI/UI.OFD/OFDM285p1.cs:79
複製來源尚未建立：{…}	AddError(	Dev/ATLAS.OFD/Source/UI/UI.OFD/OFDM285p1.cs:106
來源基金代碼 必須輸入	AddError(	Dev/ATLAS.OFD/Source/UI/UI.OFD/OFDM285p1.cs:119
目的基金代碼 必須輸入	AddError(	Dev/ATLAS.OFD/Source/UI/UI.OFD/OFDM285p1.cs:124
{…} 為必填欄位	AddError(	Dev/ATLAS.OFD/Source/UI/UI.OFD/OFDM286.cs:276
申請日期 不可大於 終止日期	AddError(	Dev/ATLAS.OFD/Source/UI/UI.OFD/OFDM286.cs:279
明細資料 必須輸入	AddError(	Dev/ATLAS.OFD/Source/UI/UI.OFD/OFDM286.cs:284
同一基金僅可有一筆生效中資料	AddError(	Dev/ATLAS.OFD/Source/UI/UI.OFD/OFDM286.cs:307
同一基金僅可有一筆生效中資料	AddError(	Dev/ATLAS.OFD/Source/UI/UI.OFD/OFDM286.cs:328
年度+期別、分配基準日、受益人ID、戶號，必須擇一輸入	AddError(	Dev/ATLAS.OFD/Source/UI/UI.OFD/OFDM287.cs:128
'變更前淨值日期' 為必填欄位	AddError(	Dev/ATLAS.OFD/Source/UI/UI.OFD/OFDM297.cs:148
'變更後淨值日期' 為必填欄位	AddError(	Dev/ATLAS.OFD/Source/UI/UI.OFD/OFDM297.cs:150
'變更前淨值日期' 不可大於等於 '變更後淨值日期'	AddError(	Dev/ATLAS.OFD/Source/UI/UI.OFD/OFDM297.cs:153
至少勾選一筆基金代碼	AddError(	Dev/ATLAS.OFD/Source/UI/UI.OFD/OFDM297.cs:157
匯率必須大於0	AddError(	Dev/ATLAS.OFD/Source/UI/UI.OFD/OFDM300.cs:151
兌換入幣別代碼不得與兌換出幣別代碼相同	AddError(	Dev/ATLAS.OFD/Source/UI/UI.OFD/OFDM301.cs:148
匯率必大於0	AddError(	Dev/ATLAS.OFD/Source/UI/UI.OFD/OFDM301.cs:155
明細資料 必須輸入	AddError(	Dev/ATLAS.OFD/Source/UI/UI.OFD/OFDM302.cs:41
{…} 不為基金[{…}] 之營業日	AddError(	Dev/ATLAS.OFD/Source/UI/UI.OFD/OFDM302.cs:57
所挑選的基金代碼[{0}] 不為該基金公司[{1}] 所屬的基金	AddError(	Dev/ATLAS.OFD/Source/UI/UI.OFD/OFDM302.cs:64
基金代碼[{0}]尚未成立	AddError(	Dev/ATLAS.OFD/Source/UI/UI.OFD/OFDM302.cs:72
淨值日期不可小於基金代碼[{0}]的成立日期	AddError(	Dev/ATLAS.OFD/Source/UI/UI.OFD/OFDM302.cs:80
淨值日期(起) 不可大於 淨值日期(迄)	AddError(	Dev/ATLAS.OFD/Source/UI/UI.OFD/OFDM302.cs:220
刪除資料中有已鎖定淨值資料，無法刪除，請檢查	ShowMessage(	Dev/ATLAS.OFD/Source/UI/UI.OFD/OFDM302.cs:267
刪除資料中有已鎖定淨值資料，無法刪除，請檢查	ShowMessage(	Dev/ATLAS.OFD/Source/UI/UI.OFD/OFDM302.cs:356
請傳入欲處理的該筆資料！	ShowMessage(	Dev/ATLAS.OFD/Source/UI/UI.OFD/OFDM302p0.cs:48
'{…}'必須輸入	AddError(	Dev/ATLAS.OFD/Source/UI/UI.OFD/OFDM302p0.cs:124
{…} 不為此基金之營業日	AddError(	Dev/ATLAS.OFD/Source/UI/UI.OFD/OFDM302p0.cs:137
基金代碼 重覆	AddError(	Dev/ATLAS.OFD/Source/UI/UI.OFD/OFDM302p0.cs:146
此基金尚未成立	AddError(	Dev/ATLAS.OFD/Source/UI/UI.OFD/OFDM302p0.cs:155
淨值日期 不可小於 該基金成立日期	AddError(	Dev/ATLAS.OFD/Source/UI/UI.OFD/OFDM302p0.cs:162
總控管額度需大於零	AddError(	Dev/ATLAS.OFD/Source/UI/UI.OFD/OFDM321.cs:135
明細資料必須輸入	AddError(	Dev/ATLAS.OFD/Source/UI/UI.OFD/OFDM321.cs:140
各銷售機構/通路額度，加總需等於控管總額度	AddError(	Dev/ATLAS.OFD/Source/UI/UI.OFD/OFDM321.cs:157
控管日期(起)必須小於等於控管日期(迄)	AddError(	Dev/ATLAS.OFD/Source/UI/UI.OFD/OFDM321.cs:163
請傳入Grid中點選的該筆資料，不可為Null	ShowMessage(	Dev/ATLAS.OFD/Source/UI/UI.OFD/OFDM321p0.cs:84
公司部門必須輸入	AddError(	Dev/ATLAS.OFD/Source/UI/UI.OFD/OFDM321p0.cs:102
通路區分碼必須輸入	AddError(	Dev/ATLAS.OFD/Source/UI/UI.OFD/OFDM321p0.cs:108
通路代碼必須輸入	AddError(	Dev/ATLAS.OFD/Source/UI/UI.OFD/OFDM321p0.cs:114
額度金額必須大於零	AddError(	Dev/ATLAS.OFD/Source/UI/UI.OFD/OFDM321p0.cs:119
若無選擇指定客訴處理部門,請輸入'客訴處理內容'	AddError(	Dev/ATLAS.OFD/Source/UI/UI.OFD/OFDM331.cs:287
若'客訴對象'為'受益人',戶號為必輸	AddError(	Dev/ATLAS.OFD/Source/UI/UI.OFD/OFDM331.cs:293
若'客訴對象'為'受益人',統一編號為必輸	AddError(	Dev/ATLAS.OFD/Source/UI/UI.OFD/OFDM331.cs:298
若'客訴對象'為'潛在客戶',潛在客戶序號為必輸	AddError(	Dev/ATLAS.OFD/Source/UI/UI.OFD/OFDM331.cs:305
若'客訴對象'為'通路推薦人',推薦人代碼為必輸	AddError(	Dev/ATLAS.OFD/Source/UI/UI.OFD/OFDM331.cs:312
若'客訴對象'為'通路推薦人',通路區分碼為必輸	AddError(	Dev/ATLAS.OFD/Source/UI/UI.OFD/OFDM331.cs:317
若'客訴對象'為'通路推薦人',通路代碼為必輸	AddError(	Dev/ATLAS.OFD/Source/UI/UI.OFD/OFDM331.cs:322
至少須勾選一筆退件項目	AddError(	Dev/ATLAS.OFD/Source/UI/UI.OFD/OFDM337.cs:83
退件日期不可為空白	AddError(	Dev/ATLAS.OFD/Source/UI/UI.OFD/OFDM337.cs:93
年度為必填	AddError(	Dev/ATLAS.OFD/Source/UI/UI.OFD/OFDM369.cs:80
月份為必填	AddError(	Dev/ATLAS.OFD/Source/UI/UI.OFD/OFDM369.cs:83
無資料，不可匯入！	MessageBox.Show(	Dev/ATLAS.OFD/Source/UI/UI.OFD/OFDM369p0.cs:85
匯入成功	ShowMessage(	Dev/ATLAS.OFD/Source/UI/UI.OFD/OFDM369p0.cs:123
找不到分頁名稱：{…}	MessageBox.Show(	Dev/ATLAS.OFD/Source/UI/UI.OFD/OFDM369p0.cs:205
找不到欄位：{…}	MessageBox.Show(	Dev/ATLAS.OFD/Source/UI/UI.OFD/OFDM369p0.cs:229
找不到欄位：{…}	MessageBox.Show(	Dev/ATLAS.OFD/Source/UI/UI.OFD/OFDM369p0.cs:254
無法取得{…}的金額	MessageBox.Show(	Dev/ATLAS.OFD/Source/UI/UI.OFD/OFDM369p0.cs:272
{…} 為必填欄位	AddError(	Dev/ATLAS.OFD/Source/UI/UI.OFD/OFDM371.cs:57
部門主管 不能為明細資料的業務人員	AddError(	Dev/ATLAS.OFD/Source/UI/UI.OFD/OFDM371.cs:60
區域主管 不能為明細資料的業務人員	AddError(	Dev/ATLAS.OFD/Source/UI/UI.OFD/OFDM371.cs:63
明細資料 必須輸入	AddError(	Dev/ATLAS.OFD/Source/UI/UI.OFD/OFDM371.cs:67
資料已被其他使用者異動，請重新查詢後再按修改鍵	ShowMessage(	Dev/ATLAS.OFD/Source/UI/UI.OFD/OFDM371.cs:441
歸屬日期不可為1900/1/1!	AddError(	Dev/ATLAS.OFD/Source/UI/UI.OFD/OFDM374.cs:181
資料庫沒有回傳結果	ShowMessage(	Dev/ATLAS.OFD/Source/UI/UI.OFD/OFDM375.cs:106
執行成功。	ShowMessage(	Dev/ATLAS.OFD/Source/UI/UI.OFD/OFDM375.cs:118
(轉入) 業務員代碼 不可與 (轉出) 業務員代碼 相同	AddError(	Dev/ATLAS.OFD/Source/UI/UI.OFD/OFDM375.cs:143
至少選取一筆受益人資料!	AddError(	Dev/ATLAS.OFD/Source/UI/UI.OFD/OFDM375.cs:264
資料庫沒有回傳結果	ShowMessage(	Dev/ATLAS.OFD/Source/UI/UI.OFD/OFDM377.cs:97
執行成功。	ShowMessage(	Dev/ATLAS.OFD/Source/UI/UI.OFD/OFDM377.cs:109
(轉入) 業務員代碼 不可與 (轉出) 業務員代碼 相同	AddError(	Dev/ATLAS.OFD/Source/UI/UI.OFD/OFDM377.cs:130
預計拜訪日期有輸入，則拜訪方式必須輸入	AddError(	Dev/ATLAS.OFD/Source/UI/UI.OFD/OFDM382.cs:112
實際拜訪日期有輸入，則拜訪方式必須輸入	AddError(	Dev/ATLAS.OFD/Source/UI/UI.OFD/OFDM382.cs:119
預計拜訪日期或實際拜訪日期必須則一輸入	AddError(	Dev/ATLAS.OFD/Source/UI/UI.OFD/OFDM382.cs:124
EMAIL格式有誤	AddError(	Dev/ATLAS.OFD/Source/UI/UI.OFD/OFDM383.cs:141
統一編號格式有誤	AddError(	Dev/ATLAS.OFD/Source/UI/UI.OFD/OFDM385.cs:130
統一編號格式有誤	AddError(	Dev/ATLAS.OFD/Source/UI/UI.OFD/OFDM385.cs:136
統一編號格式有誤	AddError(	Dev/ATLAS.OFD/Source/UI/UI.OFD/OFDM385.cs:143
EMAIL-A格式有誤	AddError(	Dev/ATLAS.OFD/Source/UI/UI.OFD/OFDM385.cs:151
EMAIL-B格式有誤	AddError(	Dev/ATLAS.OFD/Source/UI/UI.OFD/OFDM385.cs:158
明細資料 必須輸入	AddError(	Dev/ATLAS.OFD/Source/UI/UI.OFD/OFDM391.cs:53
明細資料 輸入有誤	AddError(	Dev/ATLAS.OFD/Source/UI/UI.OFD/OFDM391.cs:57
淨收入(起) 不可大於 淨收入(迄)	AddError(	Dev/ATLAS.OFD/Source/UI/UI.OFD/OFDM391.cs:62
淨收入(起) 必須大於0	AddError(	Dev/ATLAS.OFD/Source/UI/UI.OFD/OFDM391.cs:64
淨收入(迄) 必須大於0	AddError(	Dev/ATLAS.OFD/Source/UI/UI.OFD/OFDM391.cs:66
獎金提撥比率加總必須為100	AddError(	Dev/ATLAS.OFD/Source/UI/UI.OFD/OFDM392.cs:127
KPI參數資料(季) 必須輸入	AddError(	Dev/ATLAS.OFD/Source/UI/UI.OFD/OFDM392.cs:133
KPI參數資料(季) 輸入有誤	AddError(	Dev/ATLAS.OFD/Source/UI/UI.OFD/OFDM392.cs:137
KPI參數資料(年) 必須輸入	AddError(	Dev/ATLAS.OFD/Source/UI/UI.OFD/OFDM392.cs:142
KPI參數資料(年) 輸入有誤	AddError(	Dev/ATLAS.OFD/Source/UI/UI.OFD/OFDM392.cs:146
KPI參數資料(季) KPI參數名稱必須輸入	AddError(	Dev/ATLAS.OFD/Source/UI/UI.OFD/OFDM392.cs:159
KPI參數資料(季) 佔百分比加總必須為100	AddError(	Dev/ATLAS.OFD/Source/UI/UI.OFD/OFDM392.cs:166
KPI參數資料(年) KPI參數名稱必須輸入	AddError(	Dev/ATLAS.OFD/Source/UI/UI.OFD/OFDM392.cs:177
KPI參數資料(年) 佔百分比加總必須為100	AddError(	Dev/ATLAS.OFD/Source/UI/UI.OFD/OFDM392.cs:184
明細資料 必須輸入	AddError(	Dev/ATLAS.OFD/Source/UI/UI.OFD/OFDM395.cs:66
明細資料 輸入有誤	AddError(	Dev/ATLAS.OFD/Source/UI/UI.OFD/OFDM395.cs:70
分配人數 必須大於0	AddError(	Dev/ATLAS.OFD/Source/UI/UI.OFD/OFDM395.cs:75
職務名稱 必須輸入	AddError(	Dev/ATLAS.OFD/Source/UI/UI.OFD/OFDM395.cs:85
分配獎金比率 百分比加總必須為100	AddError(	Dev/ATLAS.OFD/Source/UI/UI.OFD/OFDM395.cs:92
明細資料 必須輸入	AddError(	Dev/ATLAS.OFD/Source/UI/UI.OFD/OFDM399.cs:65
明細資料 輸入有誤	AddError(	Dev/ATLAS.OFD/Source/UI/UI.OFD/OFDM399.cs:69
毛銷售 本季KPI實際達成數 必須大於0	AddError(	Dev/ATLAS.OFD/Source/UI/UI.OFD/OFDM399.cs:74
質化目標 本季KPI實際達成數 必須為0	AddError(	Dev/ATLAS.OFD/Source/UI/UI.OFD/OFDM399.cs:76
系統異常，請通知IT	ShowMessage(	Dev/ATLAS.OFD/Source/UI/UI.OFD/OFDM399.cs:224
戶號不能為-1	AddError(	Dev/ATLAS.OFD/Source/UI/UI.OFD/OFDM430.cs:154
明細資料 必須輸入	AddError(	Dev/ATLAS.OFD/Source/UI/UI.OFD/OFDM430.cs:164
{…} 已存在群組，不得重複設定!	AddError(	Dev/ATLAS.OFD/Source/UI/UI.OFD/OFDM430.cs:219
明細資料 必須輸入	AddError(	Dev/ATLAS.OFD/Source/UI/UI.OFD/OFDM431.cs:146
明細資料必須輸入	AddError(	Dev/ATLAS.OFD/Source/UI/UI.OFD/OFDM431bb.cs:178
基金代碼 不可為空白	AddError(	Dev/ATLAS.OFD/Source/UI/UI.OFD/OFDM431bb.cs:184
{…} 基金已存在於其他基金群組中，不可重覆設定	AddError(	Dev/ATLAS.OFD/Source/UI/UI.OFD/OFDM431bb.cs:196
'基金代碼'必須輸入	AddError(	Dev/ATLAS.OFD/Source/UI/UI.OFD/OFDM431bb.cs:272
服務費率不得大於100!!	MessageBox.Show(	Dev/ATLAS.OFD/Source/UI/UI.OFD/OFDM432.cs:265
明細資料必須輸入	AddError(	Dev/ATLAS.OFD/Source/UI/UI.OFD/OFDM432.cs:323
經理費率 必須介於0～100	AddError(	Dev/ATLAS.OFD/Source/UI/UI.OFD/OFDM432.cs:332
此筆「銷售機構代碼＋基金群組代碼」資料已存在，不可重覆設定	AddError(	Dev/ATLAS.OFD/Source/UI/UI.OFD/OFDM432.cs:349
將刪除明細資料，請確認仍要執行（確認／取消）	變數指派 =	Dev/ATLAS.OFD/Source/UI/UI.OFD/OFDM432.cs:425
請先選擇銷售機構區別碼	ShowMessage(	Dev/ATLAS.OFD/Source/UI/UI.OFD/OFDM432.cs:490
請先選擇銷售機構區別碼	ShowMessage(	Dev/ATLAS.OFD/Source/UI/UI.OFD/OFDM432.cs:503
明細資料必須輸入	AddError(	Dev/ATLAS.OFD/Source/UI/UI.OFD/OFDM433.cs:187
基金代碼 不可為空白	AddError(	Dev/ATLAS.OFD/Source/UI/UI.OFD/OFDM433.cs:193
此筆「基金群組代碼」資料已存在，不可重覆設定	AddError(	Dev/ATLAS.OFD/Source/UI/UI.OFD/OFDM433.cs:203
'基金代碼'必須輸入	AddError(	Dev/ATLAS.OFD/Source/UI/UI.OFD/OFDM433.cs:285
服務費率不得大於100!!	MessageBox.Show(	Dev/ATLAS.OFD/Source/UI/UI.OFD/OFDM434.cs:255
明細資料必須輸入	AddError(	Dev/ATLAS.OFD/Source/UI/UI.OFD/OFDM434.cs:313
經理費率 必須介於0～100	AddError(	Dev/ATLAS.OFD/Source/UI/UI.OFD/OFDM434.cs:322
此筆「受益人群組代碼＋基金群組代碼+契約生效日期+契約終止日期」資料已存在或日期區間，不可重覆設定	AddError(	Dev/ATLAS.OFD/Source/UI/UI.OFD/OFDM434.cs:338
將刪除明細資料，請確認仍要執行（確認／取消）	變數指派 =	Dev/ATLAS.OFD/Source/UI/UI.OFD/OFDM434.cs:408
明細資料必須輸入	AddError(	Dev/ATLAS.OFD/Source/UI/UI.OFD/OFDM435.cs:130
此筆「銷售機構代碼」資料已存在，不可重覆設定	AddError(	Dev/ATLAS.OFD/Source/UI/UI.OFD/OFDM435.cs:140
請先選擇銷售機構區別碼	ShowMessage(	Dev/ATLAS.OFD/Source/UI/UI.OFD/OFDM435.cs:433
請先選擇銷售機構區別碼	ShowMessage(	Dev/ATLAS.OFD/Source/UI/UI.OFD/OFDM435.cs:446
明細資料必須輸入	AddError(	Dev/ATLAS.OFD/Source/UI/UI.OFD/OFDM436.cs:124
明細資料「銷售機構代碼」必須輸入	AddError(	Dev/ATLAS.OFD/Source/UI/UI.OFD/OFDM436.cs:131
此筆「受益人代碼」資料已存在，不可重覆設定	AddError(	Dev/ATLAS.OFD/Source/UI/UI.OFD/OFDM436.cs:141
請先選擇銷售機構區別碼	ShowMessage(	Dev/ATLAS.OFD/Source/UI/UI.OFD/OFDM436.cs:312
戶號重覆	AddError(	Dev/ATLAS.OFD/Source/UI/UI.OFD/OFDM450.cs:353
戶號重覆	AddError(	Dev/ATLAS.OFD/Source/UI/UI.OFD/OFDM450.cs:439
基金群組不可為空白	AddError(	Dev/ATLAS.OFD/Source/UI/UI.OFD/OFDM450.cs:524
基金群組重覆	AddError(	Dev/ATLAS.OFD/Source/UI/UI.OFD/OFDM450.cs:534
基金重覆	AddError(	Dev/ATLAS.OFD/Source/UI/UI.OFD/OFDM450.cs:632
計算基金 必須輸入	AddError(	Dev/ATLAS.OFD/Source/UI/UI.OFD/OFDM450.cs:876
計算群組 必須輸入	AddError(	Dev/ATLAS.OFD/Source/UI/UI.OFD/OFDM450.cs:879
費率設定 必須輸入	AddError(	Dev/ATLAS.OFD/Source/UI/UI.OFD/OFDM450.cs:882
計算戶號 必須輸入	AddError(	Dev/ATLAS.OFD/Source/UI/UI.OFD/OFDM450.cs:885
排除戶號 必須輸入	AddError(	Dev/ATLAS.OFD/Source/UI/UI.OFD/OFDM450.cs:888
起始日期必須小於等於終止日期	AddError(	Dev/ATLAS.OFD/Source/UI/UI.OFD/OFDM450.cs:893
{…}基金計算起始日期不可早於起始日期	AddError(	Dev/ATLAS.OFD/Source/UI/UI.OFD/OFDM450.cs:900
{…}基金計算終止日期不可晚於終止日期	AddError(	Dev/ATLAS.OFD/Source/UI/UI.OFD/OFDM450.cs:906
同一銷售機構 計算戶號、計算基金 資料不可重覆!	變數指派 =	Dev/ATLAS.OFD/Source/UI/UI.OFD/OFDM450.cs:925
不同銷售機構 計算戶號、計算基金 資料不可重覆!	變數指派 =	Dev/ATLAS.OFD/Source/UI/UI.OFD/OFDM450.cs:933
計算戶號 帳戶歸屬銷售機構與設定銷售機構不一致!	變數指派 =	Dev/ATLAS.OFD/Source/UI/UI.OFD/OFDM450.cs:947
已有同一銷售機構資料, 是否仍要存檔?	變數指派 =	Dev/ATLAS.OFD/Source/UI/UI.OFD/OFDM450.cs:1066
起始日期(起)(迄) 必須皆(不)填寫	AddError(	Dev/ATLAS.OFD/Source/UI/UI.OFD/OFDM450.cs:1144
戶號重覆	AddError(	Dev/ATLAS.OFD/Source/UI/UI.OFD/OFDM454.cs:270
戶號重覆	AddError(	Dev/ATLAS.OFD/Source/UI/UI.OFD/OFDM454.cs:354
基金群組重覆	AddError(	Dev/ATLAS.OFD/Source/UI/UI.OFD/OFDM454.cs:438
基金重覆	AddError(	Dev/ATLAS.OFD/Source/UI/UI.OFD/OFDM454.cs:532
交易類型 必須輸入	AddError(	Dev/ATLAS.OFD/Source/UI/UI.OFD/OFDM454.cs:658
計算基金 必須輸入	AddError(	Dev/ATLAS.OFD/Source/UI/UI.OFD/OFDM454.cs:664
計算群組 必須輸入	AddError(	Dev/ATLAS.OFD/Source/UI/UI.OFD/OFDM454.cs:667
計算戶號 必須輸入	AddError(	Dev/ATLAS.OFD/Source/UI/UI.OFD/OFDM454.cs:670
排除戶號 必須輸入	AddError(	Dev/ATLAS.OFD/Source/UI/UI.OFD/OFDM454.cs:673
契約起始日期必須小於等於契約終止日期	AddError(	Dev/ATLAS.OFD/Source/UI/UI.OFD/OFDM454.cs:678
申購起始日期必須小於等於申購終止日期	AddError(	Dev/ATLAS.OFD/Source/UI/UI.OFD/OFDM454.cs:684
{…}基金計算起始日期不可早於起始日期	AddError(	Dev/ATLAS.OFD/Source/UI/UI.OFD/OFDM454.cs:691
{…}基金計算終止日期不可晚於終止日期	AddError(	Dev/ATLAS.OFD/Source/UI/UI.OFD/OFDM454.cs:697
同一銷售機構 計算戶號、排除戶號、計算基金、基金群組 資料不可重覆!	變數指派 =	Dev/ATLAS.OFD/Source/UI/UI.OFD/OFDM454.cs:711
不同銷售機構 計算戶號、排除戶號、計算基金、基金群組 資料不可重覆!	變數指派 =	Dev/ATLAS.OFD/Source/UI/UI.OFD/OFDM454.cs:719
計算戶號 帳戶歸屬銷售機構與設定銷售機構不一致!	變數指派 =	Dev/ATLAS.OFD/Source/UI/UI.OFD/OFDM454.cs:728
已有同一銷售機構資料, 是否仍要存檔?	變數指派 =	Dev/ATLAS.OFD/Source/UI/UI.OFD/OFDM454.cs:854
申購起始日期(起)(迄) 必須皆(不)填寫	AddError(	Dev/ATLAS.OFD/Source/UI/UI.OFD/OFDM454.cs:959
契約起始日期(起)(迄) 必須皆(不)填寫	AddError(	Dev/ATLAS.OFD/Source/UI/UI.OFD/OFDM454.cs:961
戶號重覆	AddError(	Dev/ATLAS.OFD/Source/UI/UI.OFD/OFDM456.cs:265
戶號重覆	AddError(	Dev/ATLAS.OFD/Source/UI/UI.OFD/OFDM456.cs:349
基金群組重覆	AddError(	Dev/ATLAS.OFD/Source/UI/UI.OFD/OFDM456.cs:433
基金重覆	AddError(	Dev/ATLAS.OFD/Source/UI/UI.OFD/OFDM456.cs:527
計算基金 必須輸入	AddError(	Dev/ATLAS.OFD/Source/UI/UI.OFD/OFDM456.cs:644
計算群組 必須輸入	AddError(	Dev/ATLAS.OFD/Source/UI/UI.OFD/OFDM456.cs:647
計算戶號 必須輸入	AddError(	Dev/ATLAS.OFD/Source/UI/UI.OFD/OFDM456.cs:650
排除戶號 必須輸入	AddError(	Dev/ATLAS.OFD/Source/UI/UI.OFD/OFDM456.cs:653
起始日期必須小於等於終止日期	AddError(	Dev/ATLAS.OFD/Source/UI/UI.OFD/OFDM456.cs:658
{…}基金計算起始日期不可早於起始日期	AddError(	Dev/ATLAS.OFD/Source/UI/UI.OFD/OFDM456.cs:665
{…}基金計算終止日期不可晚於終止日期	AddError(	Dev/ATLAS.OFD/Source/UI/UI.OFD/OFDM456.cs:671
同一銷售機構 計算戶號、排除戶號、計算基金、基金群組 資料不可重覆!	變數指派 =	Dev/ATLAS.OFD/Source/UI/UI.OFD/OFDM456.cs:685
不同銷售機構 計算戶號、排除戶號、計算基金、基金群組 資料不可重覆!	變數指派 =	Dev/ATLAS.OFD/Source/UI/UI.OFD/OFDM456.cs:693
計算戶號 帳戶歸屬銷售機構與設定銷售機構不一致!	變數指派 =	Dev/ATLAS.OFD/Source/UI/UI.OFD/OFDM456.cs:702
已有同一銷售機構資料, 是否仍要存檔?	變數指派 =	Dev/ATLAS.OFD/Source/UI/UI.OFD/OFDM456.cs:801
起始日期(起)(迄) 必須皆(不)填寫	AddError(	Dev/ATLAS.OFD/Source/UI/UI.OFD/OFDM456.cs:877
明細資料必須輸入	AddError(	Dev/ATLAS.OFD/Source/UI/UI.OFD/OFDM458.cs:185
基金代碼 不可為空白	AddError(	Dev/ATLAS.OFD/Source/UI/UI.OFD/OFDM458.cs:192
'基金代碼'必須輸入	AddError(	Dev/ATLAS.OFD/Source/UI/UI.OFD/OFDM458.cs:260
"發放日期"必須大於 清算基準日 及 系統日	AddError(	Dev/ATLAS.OFD/Source/UI/UI.OFD/OFDM481A.cs:277
該基金尚未執行＂基金清算基準日作業(OFDB481A)＂不可新增	AddError(	Dev/ATLAS.OFD/Source/UI/UI.OFD/OFDM481A.cs:296
已產生清算分配資料，不得修改／刪除	AddError(	Dev/ATLAS.OFD/Source/UI/UI.OFD/OFDM481A.cs:308
基金代碼 為必填欄位	AddError(	Dev/ATLAS.OFD/Source/UI/UI.OFD/OFDM482A.cs:39
期別、實際付款日期、受益人ID 及戶號須擇一輸入	AddError(	Dev/ATLAS.OFD/Source/UI/UI.OFD/OFDM482A.cs:53
買入匯率必大於0	AddError(	Dev/ATLAS.OFD/Source/UI/UI.OFD/OFDM531.cs:151
賣出匯率必大於0	AddError(	Dev/ATLAS.OFD/Source/UI/UI.OFD/OFDM531.cs:159
中價匯率必大於0	AddError(	Dev/ATLAS.OFD/Source/UI/UI.OFD/OFDM531.cs:167
日期必需輸入!	AddError(	Dev/ATLAS.OFD/Source/UI/UI.OFD/OFDM531.cs:210
匯率欄位格式不正確！	ShowMessage(	Dev/ATLAS.OFD/Source/UI/UI.OFD/OFDM531.cs:258
匯率欄位格式不正確，請修正後重新上傳！	ShowMessage(	Dev/ATLAS.OFD/Source/UI/UI.OFD/OFDM531.cs:271
上傳成功!!	ShowMessage(	Dev/ATLAS.OFD/Source/UI/UI.OFD/OFDM531.cs:297
不可變更專案狀態為 {0}	ShowMessage(	Dev/ATLAS.OFD/Source/UI/UI.OFD/OFDM540.cs:245
【一般客戶】，只可選擇一個投票狀況	AddError(	Dev/ATLAS.OFD/Source/UI/UI.OFD/OFDM541.cs:98
投票單位數不吻合，請重新輸入	AddError(	Dev/ATLAS.OFD/Source/UI/UI.OFD/OFDM541.cs:100
投票單位數不吻合，請重新輸入	AddError(	Dev/ATLAS.OFD/Source/UI/UI.OFD/OFDM541.cs:105
專案代碼 為必填欄位!	AddError(	Dev/ATLAS.OFD/Source/UI/UI.OFD/OFDM541.cs:134
【一般客戶】，只可選擇一個投票狀況	AddError(	Dev/ATLAS.OFD/Source/UI/UI.OFD/OFDM542.cs:98
投票單位數不吻合，請重新輸入	AddError(	Dev/ATLAS.OFD/Source/UI/UI.OFD/OFDM542.cs:100
投票單位數不吻合，請重新輸入	AddError(	Dev/ATLAS.OFD/Source/UI/UI.OFD/OFDM542.cs:105
專案代碼 為必填欄位!	AddError(	Dev/ATLAS.OFD/Source/UI/UI.OFD/OFDM542.cs:131
專案代碼 為必填欄位!	AddError(	Dev/ATLAS.OFD/Source/UI/UI.OFD/OFDM543.cs:72
可達成目標比率 不得為0!	AddError(	Dev/ATLAS.OFD/Source/UI/UI.OFD/OFDM543.cs:119
受益人ID,戶號,扣款行,扣款帳號,核印進度,核印完成日 必須擇一填寫	AddError(	Dev/ATLAS.OFD/Source/UI/UI.OFD/OFDM562.cs:248
參數識別碼 為必填欄位	AddError(	Dev/ATLAS.OFD/Source/UI/UI.OFD/OFDM700.cs:47
參數值 為必填欄位	AddError(	Dev/ATLAS.OFD/Source/UI/UI.OFD/OFDM700.cs:49
參數識別碼 重覆，請檢查	AddError(	Dev/ATLAS.OFD/Source/UI/UI.OFD/OFDM700.cs:54
明細資料 必須輸入	AddError(	Dev/ATLAS.OFD/Source/UI/UI.OFD/OFDM700.cs:58
查無預設參數檔	ShowMessage(	Dev/ATLAS.OFD/Source/UI/UI.OFD/OFDM700.cs:149
至少需勾選一筆資料	AddError(	Dev/ATLAS.OFD/Source/UI/UI.OFD/OFDM710.cs:241
批次識別碼, 扣款行, 扣款帳號, 扣款人ID 核印方式, 回覆日期 必須擇一填寫	AddError(	Dev/ATLAS.OFD/Source/UI/UI.OFD/OFDM714.cs:103
此受益憑證已列印發行簽證單，不可重新列印	AddError(	Dev/ATLAS.OFD/Source/UI/UI.OFD/OFDM721.cs:96
此受益憑證已列印發行簽證單，不可重新列印	AddError(	Dev/ATLAS.OFD/Source/UI/UI.OFD/OFDM721.cs:140
此流水號作廢原因不可使用，請選擇代碼為06/人工註銷為流水號作廢原因	ShowMessage(	Dev/ATLAS.OFD/Source/UI/UI.OFD/OFDM721.cs:158
執行後將會作廢原受益憑證紙張流水號，是否要確認？	ShowMessage(	Dev/ATLAS.OFD/Source/UI/UI.OFD/OFDM721.cs:165
流水號作廢原因必須輸入	AddError(	Dev/ATLAS.OFD/Source/UI/UI.OFD/OFDM721.cs:234
此筆資料之後的選取資料將會重新配號，是否確認？	ShowMessage(	Dev/ATLAS.OFD/Source/UI/UI.OFD/OFDM722.cs:238
本基金紙張流水號已用盡，但仍有憑證尚待配號，請執行空白憑證流水號輸入作業(CODM016)，新增紙張流水號資料	AddError(	Dev/ATLAS.OFD/Source/UI/UI.OFD/OFDM722.cs:273
至少須選取一筆資料	ShowMessage(	Dev/ATLAS.OFD/Source/UI/UI.OFD/OFDM722.cs:287
紙張流水號欄位不可為空白	AddError(	Dev/ATLAS.OFD/Source/UI/UI.OFD/OFDM722.cs:307
此筆資料之後的選取資料將會重新配號，是否確認？	ShowMessage(	Dev/ATLAS.OFD/Source/UI/UI.OFD/OFDM722.cs:313
本基金紙張流水號已用盡，但仍有憑證尚待配號，請執行空白憑證流水號輸入作業(CODM016)，新增紙張流水號資料	AddError(	Dev/ATLAS.OFD/Source/UI/UI.OFD/OFDM722.cs:374
本基金紙張流水號已用盡，但仍有憑證尚待配號，請執行空白憑證流水號輸入作業(CODM016)，新增紙張流水號資料	AddError(	Dev/ATLAS.OFD/Source/UI/UI.OFD/OFDM722.cs:389
此筆資料必須勾選	AddError(	Dev/ATLAS.OFD/Source/UI/UI.OFD/OFDM722.cs:404
至少須選取一筆資料	AddError(	Dev/ATLAS.OFD/Source/UI/UI.OFD/OFDM722.cs:412
紙張流水號的值不可為空白!	AddError(	Dev/ATLAS.OFD/Source/UI/UI.OFD/OFDM722.cs:454
請選擇未使用過的流水號，請再重新輸入	AddError(	Dev/ATLAS.OFD/Source/UI/UI.OFD/OFDM722.cs:468
紙張流水號有重複，請檢查	AddError(	Dev/ATLAS.OFD/Source/UI/UI.OFD/OFDM722.cs:489
至少須選取一筆資料	ShowMessage(	Dev/ATLAS.OFD/Source/UI/UI.OFD/OFDM722.cs:500
紙張流水號有重複，請檢查	AddError(	Dev/ATLAS.OFD/Source/UI/UI.OFD/OFDM722.cs:514
此流水號已被使用，請重新輸入	AddError(	Dev/ATLAS.OFD/Source/UI/UI.OFD/OFDM722.cs:564
執行功能必填	AddError(	Dev/ATLAS.OFD/Source/UI/UI.OFD/OFDM723.cs:48
至少須註記一筆資料	AddError(	Dev/ATLAS.OFD/Source/UI/UI.OFD/OFDM723.cs:56
無符合查詢條件的資料	ShowMessage(	Dev/ATLAS.OFD/Source/UI/UI.OFD/OFDM723.cs:351
執行功能必填	AddError(	Dev/ATLAS.OFD/Source/UI/UI.OFD/OFDM724.cs:43
憑證種類必填	AddError(	Dev/ATLAS.OFD/Source/UI/UI.OFD/OFDM724.cs:48
請先選擇基金代碼	AddError(	Dev/ATLAS.OFD/Source/UI/UI.OFD/OFDM724.cs:253
執行功能 為必填欄位	AddError(	Dev/ATLAS.OFD/Source/UI/UI.OFD/OFDM725.cs:97
執行功能為[領取]時，受益人ID 或 戶號須擇一輸入	AddError(	Dev/ATLAS.OFD/Source/UI/UI.OFD/OFDM725.cs:103
執行功能為[領取]時，領取方式 為必填欄位	AddError(	Dev/ATLAS.OFD/Source/UI/UI.OFD/OFDM725.cs:107
執行功能為[取消領取]時，受益人ID 或 戶號須擇一輸入	AddError(	Dev/ATLAS.OFD/Source/UI/UI.OFD/OFDM725.cs:114
執行功能為[列印簽收單]時，領取方式 為必填欄位	AddError(	Dev/ATLAS.OFD/Source/UI/UI.OFD/OFDM725.cs:121
至少須註記一筆資料	AddError(	Dev/ATLAS.OFD/Source/UI/UI.OFD/OFDM725.cs:141
憑證領取方式 為必填欄位	AddError(	Dev/ATLAS.OFD/Source/UI/UI.OFD/OFDM725.cs:146
代領人 為必填欄位	AddError(	Dev/ATLAS.OFD/Source/UI/UI.OFD/OFDM725.cs:148
EMAIL 格式有誤，請檢查	AddError(	Dev/ATLAS.OFD/Source/UI/UI.OFD/OFDM731.cs:133
請傳入Grid中點選的該筆資料，不可為Null	ShowMessage(	Dev/ATLAS.OFD/Source/UI/UI.OFD/OFDM731p0.cs:97
聯絡人EMAIL格式有誤，請檢查	AddError(	Dev/ATLAS.OFD/Source/UI/UI.OFD/OFDM731p0.cs:117
{…}，是否繼續新增？(Y/N)	ShowMessage(	Dev/ATLAS.OFD/Source/UI/UI.OFD/OFDM731p1.cs:58
新增資料成功!	ShowMessage(	Dev/ATLAS.OFD/Source/UI/UI.OFD/OFDM731p1.cs:64
新增資料成功!	ShowMessage(	Dev/ATLAS.OFD/Source/UI/UI.OFD/OFDM731p1.cs:82
請先關閉要上傳之檔案再進行上傳動作！	ShowMessage(	Dev/ATLAS.OFD/Source/UI/UI.OFD/OFDM731p1.cs:122
匯入檔案格式不符，請重新檢查。	ShowMessage(	Dev/ATLAS.OFD/Source/UI/UI.OFD/OFDM731p1.cs:176
匯入檔案格式不符，請重新檢查。	ShowMessage(	Dev/ATLAS.OFD/Source/UI/UI.OFD/OFDM731p1.cs:183
匯入檔案格式不符，請重新檢查。	ShowMessage(	Dev/ATLAS.OFD/Source/UI/UI.OFD/OFDM731p1.cs:193
匯入檔案格式不符，請重新檢查。	ShowMessage(	Dev/ATLAS.OFD/Source/UI/UI.OFD/OFDM731p1.cs:199
匯入檔案格式不符，請重新檢查。	ShowMessage(	Dev/ATLAS.OFD/Source/UI/UI.OFD/OFDM731p1.cs:212
匯入檔案格式不符，請重新檢查。	ShowMessage(	Dev/ATLAS.OFD/Source/UI/UI.OFD/OFDM731p1.cs:220
匯入檔案格式不符，請重新檢查。	ShowMessage(	Dev/ATLAS.OFD/Source/UI/UI.OFD/OFDM731p1.cs:232
匯入檔案格式不符，請重新檢查。	ShowMessage(	Dev/ATLAS.OFD/Source/UI/UI.OFD/OFDM731p1.cs:242
匯入檔案格式不符，請重新檢查。	ShowMessage(	Dev/ATLAS.OFD/Source/UI/UI.OFD/OFDM731p1.cs:248
匯入檔案格式不符，請重新檢查。	ShowMessage(	Dev/ATLAS.OFD/Source/UI/UI.OFD/OFDM731p1.cs:260
匯入檔案格式不符，請重新檢查。	ShowMessage(	Dev/ATLAS.OFD/Source/UI/UI.OFD/OFDM731p1.cs:268
匯入檔案格式不符，請重新檢查。	ShowMessage(	Dev/ATLAS.OFD/Source/UI/UI.OFD/OFDM731p1.cs:283
匯入檔案格式不符，請重新檢查。	ShowMessage(	Dev/ATLAS.OFD/Source/UI/UI.OFD/OFDM731p1.cs:289
匯入檔案格式不符，請重新檢查。	ShowMessage(	Dev/ATLAS.OFD/Source/UI/UI.OFD/OFDM731p1.cs:303
匯入檔案格式不符，請重新檢查。	ShowMessage(	Dev/ATLAS.OFD/Source/UI/UI.OFD/OFDM731p1.cs:311
匯入檔案格式不符，請重新檢查。	ShowMessage(	Dev/ATLAS.OFD/Source/UI/UI.OFD/OFDM731p1.cs:323
匯入檔案格式不符，請重新檢查。	ShowMessage(	Dev/ATLAS.OFD/Source/UI/UI.OFD/OFDM731p1.cs:337
匯入檔案格式不符，請重新檢查。	ShowMessage(	Dev/ATLAS.OFD/Source/UI/UI.OFD/OFDM731p1.cs:345
匯入檔案格式不符，請重新檢查。	ShowMessage(	Dev/ATLAS.OFD/Source/UI/UI.OFD/OFDM731p1.cs:356
匯入檔案格式不符，請重新檢查。	ShowMessage(	Dev/ATLAS.OFD/Source/UI/UI.OFD/OFDM731p1.cs:365
請匯入Excel檔案	AddError(	Dev/ATLAS.OFD/Source/UI/UI.OFD/OFDM731p1.cs:478
請先檢查檔案是否存在	AddError(	Dev/ATLAS.OFD/Source/UI/UI.OFD/OFDM731p1.cs:485
【適用於自然人】與【適用於法人】至少要勾選一項	AddError(	Dev/ATLAS.OFD/Source/UI/UI.OFD/OFDM741.cs:423
{…} 為必填欄位	AddError(	Dev/ATLAS.OFD/Source/UI/UI.OFD/OFDM741.cs:429
明細資料 必須輸入	AddError(	Dev/ATLAS.OFD/Source/UI/UI.OFD/OFDM741.cs:433
【適用於境內基金】、【適用於OMNIBUS】與【適用於境外基金】至少要勾選一項	AddError(	Dev/ATLAS.OFD/Source/UI/UI.OFD/OFDM742.cs:47
{0}不可小於{1}	AddError(	Dev/ATLAS.OFD/Source/UI/UI.OFD/OFDM742.cs:52
明細資料 必須輸入	AddError(	Dev/ATLAS.OFD/Source/UI/UI.OFD/OFDM742.cs:56
問題出題順序 為必填欄位	AddError(	Dev/ATLAS.OFD/Source/UI/UI.OFD/OFDM742.cs:63
答案選項順序 不得重複	AddError(	Dev/ATLAS.OFD/Source/UI/UI.OFD/OFDM742.cs:76
銷售機構區別碼 必須輸入	AddError(	Dev/ATLAS.OFD/Source/UI/UI.OFD/OFDM742.cs:436
銷售機構代碼 必須輸入	AddError(	Dev/ATLAS.OFD/Source/UI/UI.OFD/OFDM742.cs:439
改變【受益人類別】或【銷售機構代碼】會自動清空明細資料！	ShowMessage(	Dev/ATLAS.OFD/Source/UI/UI.OFD/OFDM742.cs:518
改變【受益人類別】或【銷售機構代碼】會自動清空明細資料！	ShowMessage(	Dev/ATLAS.OFD/Source/UI/UI.OFD/OFDM742.cs:529
改變【受益人類別】或【銷售機構代碼】會自動清空明細資料！	ShowMessage(	Dev/ATLAS.OFD/Source/UI/UI.OFD/OFDM742.cs:540
至少須勾選一項	AddError(	Dev/ATLAS.OFD/Source/UI/UI.OFD/OFDM742p0.cs:91
執行後會覆蓋所有【問題明細資料】，確定執行？(Y/N)	ShowMessage(	Dev/ATLAS.OFD/Source/UI/UI.OFD/OFDM742p0.cs:105
{…} 為必填欄位	AddError(	Dev/ATLAS.OFD/Source/UI/UI.OFD/OFDM743.cs:275
分數上限 不可小於 分數下限	AddError(	Dev/ATLAS.OFD/Source/UI/UI.OFD/OFDM743.cs:281
分數上下限 不可重疊	AddError(	Dev/ATLAS.OFD/Source/UI/UI.OFD/OFDM743.cs:293
分數上下限 不可重疊	AddError(	Dev/ATLAS.OFD/Source/UI/UI.OFD/OFDM743.cs:298
明細資料 必須輸入	AddError(	Dev/ATLAS.OFD/Source/UI/UI.OFD/OFDM743.cs:308
戶號已存在 請檢查	AddError(	Dev/ATLAS.OFD/Source/UI/UI.OFD/OFDM751.cs:217
集保機構統編已存在 請檢查	AddError(	Dev/ATLAS.OFD/Source/UI/UI.OFD/OFDM751.cs:226
申報年月(起)(迄)為必填欄位	AddError(	Dev/ATLAS.OFD/Source/UI/UI.OFD/OFDM871.cs:118
申報年月(起)不可大於申報年月(迄)	AddError(	Dev/ATLAS.OFD/Source/UI/UI.OFD/OFDM871.cs:127
申報年月(起)(迄)為必填欄位	AddError(	Dev/ATLAS.OFD/Source/UI/UI.OFD/OFDM872.cs:111
申報年月(起)不可大於申報年月(迄)	AddError(	Dev/ATLAS.OFD/Source/UI/UI.OFD/OFDM872.cs:120
已存在有效資料,須先終止!	AddError(	Dev/ATLAS.OFD/Source/UI/UI.OFD/OFDM907.cs:102
'最近更新日期(起)'必需小於'最近更新日期(迄)'	AddError(	Dev/ATLAS.OFD/Source/UI/UI.OFD/OFDM907.cs:144
最近更新日期(起)(迄) 必須皆(不)填寫	AddError(	Dev/ATLAS.OFD/Source/UI/UI.OFD/OFDM907.cs:178
最近更新日期(起) 不可大於 最近更新日期(迄)	AddError(	Dev/ATLAS.OFD/Source/UI/UI.OFD/OFDM907.cs:180
至少要有一筆資料	MessageBox.Show(	Dev/ATLAS.OFD/Source/UI/UI.OFD/OFDM907p0.cs:57
複製成功	ShowMessage(	Dev/ATLAS.OFD/Source/UI/UI.OFD/OFDM907p0.cs:63
戶號(數字)欄位格式不正確，請修正後重新上傳	MessageBox.Show(	Dev/ATLAS.OFD/Source/UI/UI.OFD/OFDM907p0.cs:97
投資人風險等級(H/M/L)欄位格式不正確，請修正後重新上傳	MessageBox.Show(	Dev/ATLAS.OFD/Source/UI/UI.OFD/OFDM907p0.cs:108
最近更新日期(起)yyyy/MM/dd欄位格式不正確，請修正後重新上傳	MessageBox.Show(	Dev/ATLAS.OFD/Source/UI/UI.OFD/OFDM907p0.cs:119
最近更新日期(迄)yyyy/MM/dd欄位格式不正確，請修正後重新上傳	MessageBox.Show(	Dev/ATLAS.OFD/Source/UI/UI.OFD/OFDM907p0.cs:129
最近更新日期(迄)不為9998/12/31，請修正後重新上傳	MessageBox.Show(	Dev/ATLAS.OFD/Source/UI/UI.OFD/OFDM907p0.cs:135
戶號+最近更新日期(起)不可重覆，請修正後重新上傳	MessageBox.Show(	Dev/ATLAS.OFD/Source/UI/UI.OFD/OFDM907p0.cs:145
{…} 該批資料不會匯入	MessageBox.Show(	Dev/ATLAS.OFD/Source/UI/UI.OFD/OFDM907p0.cs:159
{…} 該批資料不會匯入	MessageBox.Show(	Dev/ATLAS.OFD/Source/UI/UI.OFD/OFDM907p0.cs:173
{…} 該批資料不會匯入	MessageBox.Show(	Dev/ATLAS.OFD/Source/UI/UI.OFD/OFDM907p0.cs:187
最近更新日期(起)(迄) 必須皆(不)填寫	AddError(	Dev/ATLAS.OFD/Source/UI/UI.OFD/OFDM913A.cs:337
最近更新日期(起) 不可大於 最近更新日期(迄)	AddError(	Dev/ATLAS.OFD/Source/UI/UI.OFD/OFDM913A.cs:339
至少要有一筆資料	MessageBox.Show(	Dev/ATLAS.OFD/Source/UI/UI.OFD/OFDM913Ap0.cs:55
複製成功	ShowMessage(	Dev/ATLAS.OFD/Source/UI/UI.OFD/OFDM913Ap0.cs:61
戶號(數字)欄位格式不正確，請修正後重新上傳	MessageBox.Show(	Dev/ATLAS.OFD/Source/UI/UI.OFD/OFDM913Ap0.cs:97
員工編號欄位不可空白，請修正後重新上傳	MessageBox.Show(	Dev/ATLAS.OFD/Source/UI/UI.OFD/OFDM913Ap0.cs:106
戶號不可重覆，請修正後重新上傳	MessageBox.Show(	Dev/ATLAS.OFD/Source/UI/UI.OFD/OFDM913Ap0.cs:125
{…}除上述資料外，其餘資料將會匯入	MessageBox.Show(	Dev/ATLAS.OFD/Source/UI/UI.OFD/OFDM913Ap0.cs:169
明細資料 必須輸入	AddError(	Dev/ATLAS.OFD/Source/UI/UI.OFD/OFDM931A.cs:72
明細資料 輸入有誤	AddError(	Dev/ATLAS.OFD/Source/UI/UI.OFD/OFDM931A.cs:76
請輸入HR調整原因	AddError(	Dev/ATLAS.OFD/Source/UI/UI.OFD/OFDM931A.cs:81
未到職員工不可調整金額	AddError(	Dev/ATLAS.OFD/Source/UI/UI.OFD/OFDM931A.cs:84
執行成功	ShowMessage(	Dev/ATLAS.OFD/Source/UI/UI.OFD/OFDM931A.cs:317
查無資料	ShowMessage(	Dev/ATLAS.OFD/Source/UI/UI.OFD/OFDM931A.cs:322
商業邏輯異常!	ShowMessage(	Dev/ATLAS.OFD/Source/UI/UI.OFD/OFDM931A.cs:328
請輸入年份	AddError(	Dev/ATLAS.OFD/Source/UI/UI.OFD/OFDM931A.cs:382
下載Excel檔的功能 需要輸入"轉出路徑"。	AddError(	Dev/ATLAS.OFD/Source/UI/UI.OFD/OFDM931A.cs:386
轉出路徑不存在!	AddError(	Dev/ATLAS.OFD/Source/UI/UI.OFD/OFDM931A.cs:390
明細資料 必須輸入	AddError(	Dev/ATLAS.OFD/Source/UI/UI.OFD/OFDM931B.cs:74
明細資料 輸入有誤	AddError(	Dev/ATLAS.OFD/Source/UI/UI.OFD/OFDM931B.cs:78
請輸入單位主管調整原因	AddError(	Dev/ATLAS.OFD/Source/UI/UI.OFD/OFDM931B.cs:83
未到職員工不可調整金額	AddError(	Dev/ATLAS.OFD/Source/UI/UI.OFD/OFDM931B.cs:86
執行成功	ShowMessage(	Dev/ATLAS.OFD/Source/UI/UI.OFD/OFDM931B.cs:319
查無資料	ShowMessage(	Dev/ATLAS.OFD/Source/UI/UI.OFD/OFDM931B.cs:324
商業邏輯異常!	ShowMessage(	Dev/ATLAS.OFD/Source/UI/UI.OFD/OFDM931B.cs:330
請輸入年份	AddError(	Dev/ATLAS.OFD/Source/UI/UI.OFD/OFDM931B.cs:385
下載Excel檔的功能 需要輸入"轉出路徑"。	AddError(	Dev/ATLAS.OFD/Source/UI/UI.OFD/OFDM931B.cs:389
轉出路徑不存在!	AddError(	Dev/ATLAS.OFD/Source/UI/UI.OFD/OFDM931B.cs:393
執行LDAP更新失敗，請檢查	AddResultRow(	Dev/ATLAS.OFDB/Source/Control/Control.OFDB/OFDB003_Ctl.cs:113
執行LDAP更新失敗，請檢查	AddResultRow(	Dev/ATLAS.OFDB/Source/Control/Control.OFDB/OFDB003_Ctl.cs:179
無規定	變數指派 =	Dev/ATLAS.OFDB/Source/Control/Control.OFDB/OFDB008_Ctl.cs:289
已執行過定期買回計算作業	AddResultRow(	Dev/ATLAS.OFDB/Source/Control/Control.OFDB/OFDB161_Ctl.cs:60
請選擇贖回日期	AddResultRow(	Dev/ATLAS.OFDB/Source/Control/Control.OFDB/OFDB328_Ctl.cs:197
The method or operation is not implemented.	throw new Exception(	Dev/ATLAS.OFDB/Source/Control/Control.OFDB/OFDB706_Ctl.cs:28
請先設定加密程式路徑	AddResultRow(	Dev/ATLAS.OFDB/Source/Control/Control.OFDB/OFDB732_Ctl.cs:87
請先安裝加密程式	AddResultRow(	Dev/ATLAS.OFDB/Source/Control/Control.OFDB/OFDB732_Ctl.cs:92
請先設定加密程式路徑	AddResultRow(	Dev/ATLAS.OFDB/Source/Control/Control.OFDB/OFDB733_Ctl.cs:49
請先安裝加密程式	AddResultRow(	Dev/ATLAS.OFDB/Source/Control/Control.OFDB/OFDB733_Ctl.cs:54
執行成功	AddResultRow(	Dev/ATLAS.OFDB/Source/PO/PO.OFDB/OFDB001_PO.cs:60
執行失敗，請檢查	AddResultRow(	Dev/ATLAS.OFDB/Source/PO/PO.OFDB/OFDB001_PO.cs:66
執行失敗，請檢查	AddResultRow(	Dev/ATLAS.OFDB/Source/PO/PO.OFDB/OFDB001_PO.cs:75
無結餘資料	AddResultRow(	Dev/ATLAS.OFDB/Source/PO/PO.OFDB/OFDB001_PO.cs:210
查無可執行之資料	AddResultRow(	Dev/ATLAS.OFDB/Source/PO/PO.OFDB/OFDB003_PO.cs:102
執行失敗!	AddResultRow(	Dev/ATLAS.OFDB/Source/PO/PO.OFDB/OFDB003_PO.cs:112
執行成功，共變更{…}筆受益人資料	AddResultRow(	Dev/ATLAS.OFDB/Source/PO/PO.OFDB/OFDB003_PO.cs:123
尚有 {…} 筆資料未覆核，是否繼續	AddResultRow(	Dev/ATLAS.OFDB/Source/PO/PO.OFDB/OFDB003_PO.cs:334
設定檔無資料	AddResultRow(	Dev/ATLAS.OFDB/Source/PO/PO.OFDB/OFDB003_PO.cs:376
執行失敗，請檢查{…}	AddResultRow(	Dev/ATLAS.OFDB/Source/PO/PO.OFDB/OFDB003_PO.cs:388
查無資料	AddResultRow(	Dev/ATLAS.OFDB/Source/PO/PO.OFDB/OFDB003_PO.cs:420
執行失敗，請檢查{…}	AddResultRow(	Dev/ATLAS.OFDB/Source/PO/PO.OFDB/OFDB003_PO.cs:432
本基金[{…}]於 (OFDM038)基金群組設定作業 已有資料	AddResultRow(	Dev/ATLAS.OFDB/Source/PO/PO.OFDB/OFDB004_PO.cs:119
本基金[{…}]於 (OFDM070)銷售機構承銷基金設定作業 已有資料	AddResultRow(	Dev/ATLAS.OFDB/Source/PO/PO.OFDB/OFDB004_PO.cs:131
本基金[{…}]於 (OFDM074)代扣款行基本資料維護作業 已有資料	AddResultRow(	Dev/ATLAS.OFDB/Source/PO/PO.OFDB/OFDB004_PO.cs:143
本基金[{…}]於 (OFDM076)代理行基金資料維護作業 已有資料	AddResultRow(	Dev/ATLAS.OFDB/Source/PO/PO.OFDB/OFDB004_PO.cs:155
本基金[{…}]於 (OFDM085A)境內基金轉換設定維護作業 已有資料	AddResultRow(	Dev/ATLAS.OFDB/Source/PO/PO.OFDB/OFDB004_PO.cs:170
本基金[{…}]於 (OFDM129)特定受益人申贖限制維護作業 已有資料	AddResultRow(	Dev/ATLAS.OFDB/Source/PO/PO.OFDB/OFDB004_PO.cs:182
本基金[{…}]於 (OFDM193)自訂銷售手續費設定維護作業 已有資料	AddResultRow(	Dev/ATLAS.OFDB/Source/PO/PO.OFDB/OFDB004_PO.cs:194
本基金[{…}]於 (OFDM194)特定受益人銷售手續費優惠設定維護作業 已有資料	AddResultRow(	Dev/ATLAS.OFDB/Source/PO/PO.OFDB/OFDB004_PO.cs:206
本基金[{…}]於 (OFDM196)關係人銷售手續費優惠設定維護作業 已有資料	AddResultRow(	Dev/ATLAS.OFDB/Source/PO/PO.OFDB/OFDB004_PO.cs:218
本基金[{…}]於 (OFDM213)贖回匯款不收匯費銀行設定作業 已有資料	AddResultRow(	Dev/ATLAS.OFDB/Source/PO/PO.OFDB/OFDB004_PO.cs:230
本基金[{…}]於 (OFDM214)特定受益人贖回匯費設定作業 已有資料	AddResultRow(	Dev/ATLAS.OFDB/Source/PO/PO.OFDB/OFDB004_PO.cs:242
本基金[{…}]於 (OFDM215)特定受益人不收短線交易費設定作業 已有資料	AddResultRow(	Dev/ATLAS.OFDB/Source/PO/PO.OFDB/OFDB004_PO.cs:254
本基金[{…}]於 (OFDM233)檢核短線交易費設定 已有資料	AddResultRow(	Dev/ATLAS.OFDB/Source/PO/PO.OFDB/OFDB004_PO.cs:266
來源基金尚未覆核	AddResultRow(	Dev/ATLAS.OFDB/Source/PO/PO.OFDB/OFDB004_PO.cs:330
複製基金尚未覆核	AddResultRow(	Dev/ATLAS.OFDB/Source/PO/PO.OFDB/OFDB004_PO.cs:332
新增	AddResultRow(	Dev/ATLAS.OFDB/Source/PO/PO.OFDB/OFDB004_PO.cs:720
執行失敗，請檢查{…}	AddResultRow(	Dev/ATLAS.OFDB/Source/PO/PO.OFDB/OFDB004_PO.cs:727
查無可執行之資料	AddResultRow(	Dev/ATLAS.OFDB/Source/PO/PO.OFDB/OFDB005_PO.cs:57
執行成功	AddResultRow(	Dev/ATLAS.OFDB/Source/PO/PO.OFDB/OFDB005_PO.cs:67
執行失敗，請檢查	AddResultRow(	Dev/ATLAS.OFDB/Source/PO/PO.OFDB/OFDB005_PO.cs:84
查無資料	AddResultRow(	Dev/ATLAS.OFDB/Source/PO/PO.OFDB/OFDB005_PO.cs:121
執行失敗，請檢查{…}	AddResultRow(	Dev/ATLAS.OFDB/Source/PO/PO.OFDB/OFDB005_PO.cs:133
設定檔無資料	AddResultRow(	Dev/ATLAS.OFDB/Source/PO/PO.OFDB/OFDB005_PO.cs:186
執行失敗，請檢查{…}	AddResultRow(	Dev/ATLAS.OFDB/Source/PO/PO.OFDB/OFDB005_PO.cs:198
查無資料	AddResultRow(	Dev/ATLAS.OFDB/Source/PO/PO.OFDB/OFDB007_PO.cs:114
查無資料	AddResultRow(	Dev/ATLAS.OFDB/Source/PO/PO.OFDB/OFDB008_PO.cs:294
執行錯誤	AddResultRow(	Dev/ATLAS.OFDB/Source/PO/PO.OFDB/OFDB008_PO.cs:341
執行成功	AddResultRow(	Dev/ATLAS.OFDB/Source/PO/PO.OFDB/OFDB011_PO.cs:108
執行失敗，請檢查	AddResultRow(	Dev/ATLAS.OFDB/Source/PO/PO.OFDB/OFDB011_PO.cs:116
執行失敗，請檢查	AddResultRow(	Dev/ATLAS.OFDB/Source/PO/PO.OFDB/OFDB011_PO.cs:128
執行失敗，請檢查	AddResultRow(	Dev/ATLAS.OFDB/Source/PO/PO.OFDB/OFDB011_PO.cs:613
查無資料	AddResultRow(	Dev/ATLAS.OFDB/Source/PO/PO.OFDB/OFDB019A_PO.cs:462
查詢成功，查詢筆數：{0}筆	AddResultRow(	Dev/ATLAS.OFDB/Source/PO/PO.OFDB/OFDB019A_PO.cs:466
查無資料	AddResultRow(	Dev/ATLAS.OFDB/Source/PO/PO.OFDB/OFDB019B_PO.cs:475
查詢成功，查詢筆數：{0}筆	AddResultRow(	Dev/ATLAS.OFDB/Source/PO/PO.OFDB/OFDB019B_PO.cs:479
執行失敗，請檢查	AddResultRow(	Dev/ATLAS.OFDB/Source/PO/PO.OFDB/OFDB040_PO.cs:128
無可執行之資料	AddResultRow(	Dev/ATLAS.OFDB/Source/PO/PO.OFDB/OFDB161_PO.cs:80
執行成功	AddResultRow(	Dev/ATLAS.OFDB/Source/PO/PO.OFDB/OFDB161_PO.cs:84
設定檔無資料	AddResultRow(	Dev/ATLAS.OFDB/Source/PO/PO.OFDB/OFDB161_PO.cs:133
執行失敗，請檢查{…}	AddResultRow(	Dev/ATLAS.OFDB/Source/PO/PO.OFDB/OFDB161_PO.cs:145
執行失敗，請檢查{…}	AddResultRow(	Dev/ATLAS.OFDB/Source/PO/PO.OFDB/OFDB161_PO.cs:236
已執行過定期買回計算作業!	AddResultRow(	Dev/ATLAS.OFDB/Source/PO/PO.OFDB/OFDB161_PO.cs:272
執行失敗，請檢查{…}	AddResultRow(	Dev/ATLAS.OFDB/Source/PO/PO.OFDB/OFDB161_PO.cs:282
資料上載完畢！ 上傳資料總筆數：{0} 上傳成功筆數：{1} 上傳失敗筆數：{2}	AddResultRow(	Dev/ATLAS.OFDB/Source/PO/PO.OFDB/OFDB221_PO.cs:135
執行失敗，請檢查	AddResultRow(	Dev/ATLAS.OFDB/Source/PO/PO.OFDB/OFDB221_PO.cs:141
執行失敗，請檢查	AddResultRow(	Dev/ATLAS.OFDB/Source/PO/PO.OFDB/OFDB221_PO.cs:149
執行失敗，請檢查	AddResultRow(	Dev/ATLAS.OFDB/Source/PO/PO.OFDB/OFDB221_PO.cs:157
執行成功	AddResultRow(	Dev/ATLAS.OFDB/Source/PO/PO.OFDB/OFDB222_PO.cs:179
執行失敗，請檢查	AddResultRow(	Dev/ATLAS.OFDB/Source/PO/PO.OFDB/OFDB222_PO.cs:185
執行失敗，請檢查	AddResultRow(	Dev/ATLAS.OFDB/Source/PO/PO.OFDB/OFDB222_PO.cs:193
本日交易資料已過帳，不可取消關帳	變數指派 =	Dev/ATLAS.OFDB/Source/PO/PO.OFDB/OFDB222_PO.cs:358
本日交易資料已結轉，不可取消關帳	變數指派 =	Dev/ATLAS.OFDB/Source/PO/PO.OFDB/OFDB222_PO.cs:362
本日交易資料已結轉，不可取消關帳	變數指派 =	Dev/ATLAS.OFDB/Source/PO/PO.OFDB/OFDB222_PO.cs:366
交易資料中有未覆核資料，不可關帳	變數指派 =	Dev/ATLAS.OFDB/Source/PO/PO.OFDB/OFDB222_PO.cs:377
查無資料	AddResultRow(	Dev/ATLAS.OFDB/Source/PO/PO.OFDB/OFDB222_PO.cs:396
查詢失敗	AddResultRow(	Dev/ATLAS.OFDB/Source/PO/PO.OFDB/OFDB222_PO.cs:402
交易資料中有未覆核資料，不可關帳	AddResultRow(	Dev/ATLAS.OFDB/Source/PO/PO.OFDB/OFDB222_PO.cs:457
檢查失敗	AddResultRow(	Dev/ATLAS.OFDB/Source/PO/PO.OFDB/OFDB222_PO.cs:467
查無資料	AddResultRow(	Dev/ATLAS.OFDB/Source/PO/PO.OFDB/OFDB223_PO.cs:88
查詢失敗	AddResultRow(	Dev/ATLAS.OFDB/Source/PO/PO.OFDB/OFDB223_PO.cs:94
執行失敗，請檢查	AddResultRow(	Dev/ATLAS.OFDB/Source/PO/PO.OFDB/OFDB223_PO.cs:159
匯款日期區間內有已完成匯款比對關帳資料,不可再執行匯入	AddResultRow(	Dev/ATLAS.OFDB/Source/PO/PO.OFDB/OFDB236_PO.cs:91
已有比對成功或作廢的資料，不可執行刪除	AddResultRow(	Dev/ATLAS.OFDB/Source/PO/PO.OFDB/OFDB236_PO.cs:160
匯入資料筆數：{…}筆；金額：{…}	AddResultRow(	Dev/ATLAS.OFDB/Source/PO/PO.OFDB/OFDB236_PO.cs:401
資料未做變更	AddResultRow(	Dev/ATLAS.OFDB/Source/PO/PO.OFDB/OFDB236_PO.cs:406
無資料可做刪除	AddResultRow(	Dev/ATLAS.OFDB/Source/PO/PO.OFDB/OFDB236_PO.cs:428
檢核失敗，請檢查	AddResultRow(	Dev/ATLAS.OFDB/Source/PO/PO.OFDB/OFDB236_PO.cs:526
比對成功-申購明細 {0} 筆；匯款明細 {1} 筆。	AddResultRow(	Dev/ATLAS.OFDB/Source/PO/PO.OFDB/OFDB237_PO.cs:1145
無可自動比對的資料，請執行人工比對。	AddResultRow(	Dev/ATLAS.OFDB/Source/PO/PO.OFDB/OFDB237_PO.cs:1159
無可比對匯款資料。	AddResultRow(	Dev/ATLAS.OFDB/Source/PO/PO.OFDB/OFDB237_PO.cs:1173
無可比對交易資料。	AddResultRow(	Dev/ATLAS.OFDB/Source/PO/PO.OFDB/OFDB237_PO.cs:1187
無資料被比對	AddResultRow(	Dev/ATLAS.OFDB/Source/PO/PO.OFDB/OFDB238_PO.cs:600
無資料被比對	AddResultRow(	Dev/ATLAS.OFDB/Source/PO/PO.OFDB/OFDB238_PO.cs:850
取得說明範本失敗，請檢查	AddResultRow(	Dev/ATLAS.OFDB/Source/PO/PO.OFDB/OFDB238_PO.cs:1502
{…} | 無任何資料被擇選 | 更新資料失敗	AddResultRow(	Dev/ATLAS.OFDB/Source/PO/PO.OFDB/OFDB239_PO.cs:85
{…} | 無任何資料被選擇 | 更新資料失敗	AddResultRow(	Dev/ATLAS.OFDB/Source/PO/PO.OFDB/OFDB240_PO.cs:117
{…} | 無任何資料被擇選 | 更新資料失敗	AddResultRow(	Dev/ATLAS.OFDB/Source/PO/PO.OFDB/OFDB240_PO.cs:185
{…} | 無任何資料被擇選 | 更新資料失敗	AddResultRow(	Dev/ATLAS.OFDB/Source/PO/PO.OFDB/OFDB241_PO.cs:85
執行錯誤	AddResultRow(	Dev/ATLAS.OFDB/Source/PO/PO.OFDB/OFDB284_PO.cs:66
查無資料	AddResultRow(	Dev/ATLAS.OFDB/Source/PO/PO.OFDB/OFDB290_PO.cs:69
申購資料中有未覆核資料(僅指傳真委扣資料)，不可關帳	AddResultRow(	Dev/ATLAS.OFDB/Source/PO/PO.OFDB/OFDB301_PO.cs:193
已產生扣款檔案或已作扣款結果更新，不可取消關帳	AddResultRow(	Dev/ATLAS.OFDB/Source/PO/PO.OFDB/OFDB301_PO.cs:203
執行成功	AddResultRow(	Dev/ATLAS.OFDB/Source/PO/PO.OFDB/OFDB301_PO.cs:602
執行失敗，請檢查	AddResultRow(	Dev/ATLAS.OFDB/Source/PO/PO.OFDB/OFDB301_PO.cs:608
執行失敗，請檢查	AddResultRow(	Dev/ATLAS.OFDB/Source/PO/PO.OFDB/OFDB301_PO.cs:616
查無資料	AddResultRow(	Dev/ATLAS.OFDB/Source/PO/PO.OFDB/OFDB301_PO.cs:769
查詢失敗	AddResultRow(	Dev/ATLAS.OFDB/Source/PO/PO.OFDB/OFDB301_PO.cs:775
申購資料中有未覆核資料(僅指傳真委扣資料)，不可關帳	變數指派 =	Dev/ATLAS.OFDB/Source/PO/PO.OFDB/OFDB301_PO.cs:912
已有扣款行回覆扣款結果，不可{…}關帳	變數指派 =	Dev/ATLAS.OFDB/Source/PO/PO.OFDB/OFDB301_PO.cs:943
[01] 2010/10/10 申購資料已過帳，不可{…}關帳	變數指派 =	Dev/ATLAS.OFDB/Source/PO/PO.OFDB/OFDB301_PO.cs:967
本日申購資料已結轉，不可{…}關帳	變數指派 =	Dev/ATLAS.OFDB/Source/PO/PO.OFDB/OFDB301_PO.cs:971
本日申購資料已過帳，不可取消關帳	變數指派 =	Dev/ATLAS.OFDB/Source/PO/PO.OFDB/OFDB301_PO.cs:1003
本日申購資料已結轉，不可取消關帳	變數指派 =	Dev/ATLAS.OFDB/Source/PO/PO.OFDB/OFDB301_PO.cs:1007
基金 [{…}] {…}申購資料已結轉，不可取消關帳{…}	變數指派 =	Dev/ATLAS.OFDB/Source/PO/PO.OFDB/OFDB301_PO.cs:1142
基金 [{…}] {…}申購資料已過帳，不可取消關帳{…}	變數指派 =	Dev/ATLAS.OFDB/Source/PO/PO.OFDB/OFDB301_PO.cs:1146
執行成功	AddResultRow(	Dev/ATLAS.OFDB/Source/PO/PO.OFDB/OFDB303_PO.cs:196
執行失敗，請檢查 :	AddResultRow(	Dev/ATLAS.OFDB/Source/PO/PO.OFDB/OFDB303_PO.cs:210
執行成功，但申購彙總明細與申購交易明細資料不符，請確認。	AddResultRow(	Dev/ATLAS.OFDB/Source/PO/PO.OFDB/OFDB304_PO.cs:108
執行失敗，請檢查	AddResultRow(	Dev/ATLAS.OFDB/Source/PO/PO.OFDB/OFDB304_PO.cs:129
{0}基金的傳真委扣資料尚未關帳，是否執行單位數計算	AddResultRow(	Dev/ATLAS.OFDB/Source/PO/PO.OFDB/OFDB304_PO.cs:547
{0}基金仍有扣款資料未確認，是否執行單位數計算	AddResultRow(	Dev/ATLAS.OFDB/Source/PO/PO.OFDB/OFDB304_PO.cs:551
{0}基金尚有電子交易資料未轉入，是否執行單位數計算	AddResultRow(	Dev/ATLAS.OFDB/Source/PO/PO.OFDB/OFDB304_PO.cs:555
執行檢核過程中發生異常，請檢查	AddResultRow(	Dev/ATLAS.OFDB/Source/PO/PO.OFDB/OFDB304_PO.cs:562
無符合資料可執行計算	AddResultRow(	Dev/ATLAS.OFDB/Source/PO/PO.OFDB/OFDB305_PO.cs:78
結轉完成，請列印法人公告警示表	AddResultRow(	Dev/ATLAS.OFDB/Source/PO/PO.OFDB/OFDB305_PO.cs:113
執行失敗，請檢查	AddResultRow(	Dev/ATLAS.OFDB/Source/PO/PO.OFDB/OFDB305_PO.cs:131
執行失敗，請檢查	AddResultRow(	Dev/ATLAS.OFDB/Source/PO/PO.OFDB/OFDB306_PO.cs:100
取得說明範本失敗，請檢查	AddResultRow(	Dev/ATLAS.OFDB/Source/PO/PO.OFDB/OFDB306_PO.cs:135
查無資料	AddResultRow(	Dev/ATLAS.OFDB/Source/PO/PO.OFDB/OFDB307_PO.cs:149
查詢失敗	AddResultRow(	Dev/ATLAS.OFDB/Source/PO/PO.OFDB/OFDB307_PO.cs:155
無符合資料可執行計算	AddResultRow(	Dev/ATLAS.OFDB/Source/PO/PO.OFDB/OFDB307_PO.cs:213
執行失敗，請檢查	AddResultRow(	Dev/ATLAS.OFDB/Source/PO/PO.OFDB/OFDB307_PO.cs:241
已執行《基金申購銀行匯款關帳作業(OFDB239)》不可變更申購日期！	AddResultRow(	Dev/ATLAS.OFDB/Source/PO/PO.OFDB/OFDB307_PO.cs:291
執行檢核過程中發生異常，請檢查	AddResultRow(	Dev/ATLAS.OFDB/Source/PO/PO.OFDB/OFDB307_PO.cs:298
查詢失敗	AddResultRow(	Dev/ATLAS.OFDB/Source/PO/PO.OFDB/OFDB310_PO.cs:377
無相關授權帳號資料	AddResultRow(	Dev/ATLAS.OFDB/Source/PO/PO.OFDB/OFDB310_PO.cs:455
該扣款帳號尚未生效	AddResultRow(	Dev/ATLAS.OFDB/Source/PO/PO.OFDB/OFDB310_PO.cs:460
該扣款帳號已終止	AddResultRow(	Dev/ATLAS.OFDB/Source/PO/PO.OFDB/OFDB310_PO.cs:466
檢核失敗，請檢查	AddResultRow(	Dev/ATLAS.OFDB/Source/PO/PO.OFDB/OFDB310_PO.cs:484
檢核失敗，請檢查	AddResultRow(	Dev/ATLAS.OFDB/Source/PO/PO.OFDB/OFDB310_PO.cs:551
該受益人無”有效配息帳號”，是否繼續執行？	AddResultRow(	Dev/ATLAS.OFDB/Source/PO/PO.OFDB/OFDB310_PO.cs:634
檢核失敗，請檢查	AddResultRow(	Dev/ATLAS.OFDB/Source/PO/PO.OFDB/OFDB310_PO.cs:647
必須為有效的配息帳號	AddResultRow(	Dev/ATLAS.OFDB/Source/PO/PO.OFDB/OFDB310_PO.cs:698
檢核失敗，請檢查	AddResultRow(	Dev/ATLAS.OFDB/Source/PO/PO.OFDB/OFDB310_PO.cs:711
新增傳真委扣控制檔失敗	throw new ApplicationException(	Dev/ATLAS.OFDB/Source/PO/PO.OFDB/OFDB310_PO.cs:837
更新OFD306A失敗	throw new ApplicationException(	Dev/ATLAS.OFDB/Source/PO/PO.OFDB/OFDB310_PO.cs:872
檢核失敗，請檢查	AddResultRow(	Dev/ATLAS.OFDB/Source/PO/PO.OFDB/OFDB310_PO.cs:1266
檢核失敗，請檢查	AddResultRow(	Dev/ATLAS.OFDB/Source/PO/PO.OFDB/OFDB310_PO.cs:1304
檢核失敗，請檢查	AddResultRow(	Dev/ATLAS.OFDB/Source/PO/PO.OFDB/OFDB310_PO.cs:1362
該受益人為外國人，是否繼續執行？	AddResultRow(	Dev/ATLAS.OFDB/Source/PO/PO.OFDB/OFDB310_PO.cs:1407
檢核失敗，請檢查	AddResultRow(	Dev/ATLAS.OFDB/Source/PO/PO.OFDB/OFDB310_PO.cs:1418
檢核失敗，請檢查	AddResultRow(	Dev/ATLAS.OFDB/Source/PO/PO.OFDB/OFDB310_PO.cs:1454
查無資料	AddResultRow(	Dev/ATLAS.OFDB/Source/PO/PO.OFDB/OFDB311_PO.cs:192
執行成功	AddResultRow(	Dev/ATLAS.OFDB/Source/PO/PO.OFDB/OFDB311_PO.cs:267
執行失敗，請檢查	AddResultRow(	Dev/ATLAS.OFDB/Source/PO/PO.OFDB/OFDB311_PO.cs:284
執行成功，但贖回彙總明細與贖回交易明細資料不符，請確認。	AddResultRow(	Dev/ATLAS.OFDB/Source/PO/PO.OFDB/OFDB321_PO.cs:115
執行失敗，請檢查	AddResultRow(	Dev/ATLAS.OFDB/Source/PO/PO.OFDB/OFDB321_PO.cs:136
{0}基金尚有電子交易資料未轉入，是否執行贖回價金計算	AddResultRow(	Dev/ATLAS.OFDB/Source/PO/PO.OFDB/OFDB321_PO.cs:412
執行檢核過程中發生異常，請檢查	AddResultRow(	Dev/ATLAS.OFDB/Source/PO/PO.OFDB/OFDB321_PO.cs:419
執行成功，但買回彙總明細與買回交易明細資料不符，請確認。	AddResultRow(	Dev/ATLAS.OFDB/Source/PO/PO.OFDB/OFDB322_PO.cs:123
執行失敗，請檢查	AddResultRow(	Dev/ATLAS.OFDB/Source/PO/PO.OFDB/OFDB322_PO.cs:144
{0}基金尚有電子交易資料未轉入，是否執行買回價金計算	AddResultRow(	Dev/ATLAS.OFDB/Source/PO/PO.OFDB/OFDB322_PO.cs:419
執行檢核過程中發生異常，請檢查	AddResultRow(	Dev/ATLAS.OFDB/Source/PO/PO.OFDB/OFDB322_PO.cs:426
無符合資料可執行計算	AddResultRow(	Dev/ATLAS.OFDB/Source/PO/PO.OFDB/OFDB323_PO.cs:80
結轉完成，請列印法人公告警示表	AddResultRow(	Dev/ATLAS.OFDB/Source/PO/PO.OFDB/OFDB323_PO.cs:118
執行失敗，請檢查: {…}	AddResultRow(	Dev/ATLAS.OFDB/Source/PO/PO.OFDB/OFDB323_PO.cs:136
執行失敗，請檢查	AddResultRow(	Dev/ATLAS.OFDB/Source/PO/PO.OFDB/OFDB324_PO.cs:99
取得說明範本失敗，請檢查	AddResultRow(	Dev/ATLAS.OFDB/Source/PO/PO.OFDB/OFDB324_PO.cs:132
檢核基金行事曆有誤	AddResultRow(	Dev/ATLAS.OFDB/Source/PO/PO.OFDB/OFDB326_PO.cs:205
查詢失敗。( {…} )	AddResultRow(	Dev/ATLAS.OFDB/Source/PO/PO.OFDB/OFDB328_PO.cs:80
查無資料	AddResultRow(	Dev/ATLAS.OFDB/Source/PO/PO.OFDB/OFDB328_PO.cs:181
查詢失敗。( {…} )	AddResultRow(	Dev/ATLAS.OFDB/Source/PO/PO.OFDB/OFDB328_PO.cs:259
查詢失敗。( {…} )	AddResultRow(	Dev/ATLAS.OFDB/Source/PO/PO.OFDB/OFDB328_PO.cs:392
查詢失敗。( {…} )	AddResultRow(	Dev/ATLAS.OFDB/Source/PO/PO.OFDB/OFDB328_PO.cs:509
[{…}] 的SQL語法不存在。	AddResultRow(	Dev/ATLAS.OFDB/Source/PO/PO.OFDB/OFDB328_PO.cs:667
取得資料內容沒有SELECT陳述式。	AddResultRow(	Dev/ATLAS.OFDB/Source/PO/PO.OFDB/OFDB328_PO.cs:676
[{0}] 的SQL語法錯誤。{1}	AddResultRow(	Dev/ATLAS.OFDB/Source/PO/PO.OFDB/OFDB328_PO.cs:707
[{…}] 查無欄位設定資料。	AddResultRow(	Dev/ATLAS.OFDB/Source/PO/PO.OFDB/OFDB328_PO.cs:773
[{…}] 的SQL語法不存在。	AddResultRow(	Dev/ATLAS.OFDB/Source/PO/PO.OFDB/OFDB328_PO.cs:799
[{…}] 的SQL語法不存在。	AddResultRow(	Dev/ATLAS.OFDB/Source/PO/PO.OFDB/OFDB328_PO.cs:808
取得資料內容沒有SELECT陳述式。	AddResultRow(	Dev/ATLAS.OFDB/Source/PO/PO.OFDB/OFDB328_PO.cs:821
取得資料內容必須包含 [{0}] 欄位。	AddResultRow(	Dev/ATLAS.OFDB/Source/PO/PO.OFDB/OFDB328_PO.cs:832
取得資料內容必須包含參數 [{0}]。	AddResultRow(	Dev/ATLAS.OFDB/Source/PO/PO.OFDB/OFDB328_PO.cs:853
磁片格式 [{…}]  查無基金 [{…}] 贖回資料。	AddResultRow(	Dev/ATLAS.OFDB/Source/PO/PO.OFDB/OFDB328_PO.cs:900
[{0}] 的SQL語法錯誤。{1}	AddResultRow(	Dev/ATLAS.OFDB/Source/PO/PO.OFDB/OFDB328_PO.cs:906
贖回資料下載格式設定的[是否分割筆數]已勾選, 但在郵匯費基本資料檔中查無資料	AddResultRow(	Dev/ATLAS.OFDB/Source/PO/PO.OFDB/OFDB328_PO.cs:936
[{…}] 的SQL語法不存在。	AddResultRow(	Dev/ATLAS.OFDB/Source/PO/PO.OFDB/OFDB328_PO.cs:1060
取得資料內容沒有SELECT陳述式。	AddResultRow(	Dev/ATLAS.OFDB/Source/PO/PO.OFDB/OFDB328_PO.cs:1068
[{0}] 的SQL語法錯誤。{1}	AddResultRow(	Dev/ATLAS.OFDB/Source/PO/PO.OFDB/OFDB328_PO.cs:1097
查詢失敗。( {…} )	AddResultRow(	Dev/ATLAS.OFDB/Source/PO/PO.OFDB/OFDB328_PO.cs:1228
執行失敗! 基金贖回退匯紀錄檔無資料可取消	AddResultRow(	Dev/ATLAS.OFDB/Source/PO/PO.OFDB/OFDB329_PO.cs:382
更新OFD306A失敗	throw new ApplicationException(	Dev/ATLAS.OFDB/Source/PO/PO.OFDB/OFDB331_PO.cs:618
執行失敗，請檢查	AddResultRow(	Dev/ATLAS.OFDB/Source/PO/PO.OFDB/OFDB431_PO.cs:151
執行失敗，請檢查	AddResultRow(	Dev/ATLAS.OFDB/Source/PO/PO.OFDB/OFDB431_PO.cs:218
執行失敗，請檢查	AddResultRow(	Dev/ATLAS.OFDB/Source/PO/PO.OFDB/OFDB433_PO.cs:156
執行失敗，請檢查	AddResultRow(	Dev/ATLAS.OFDB/Source/PO/PO.OFDB/OFDB433_PO.cs:222
執行失敗，請檢查{…}	AddResultRow(	Dev/ATLAS.OFDB/Source/PO/PO.OFDB/OFDB459_PO.cs:288
該基金清算基準日資料已產生，請勿重覆執行	AddResultRow(	Dev/ATLAS.OFDB/Source/PO/PO.OFDB/OFDB481A_PO.cs:186
基金清算基準日尚未完成「申購／贖回／定額」日結轉作業!	AddResultRow(	Dev/ATLAS.OFDB/Source/PO/PO.OFDB/OFDB481A_PO.cs:233
該清算分配資料已產生，請執行'重新產生清算資料'功能或'刪除清算資料'功能	AddResultRow(	Dev/ATLAS.OFDB/Source/PO/PO.OFDB/OFDB486A_PO.cs:200
前期基金清算分配資料尚未確認，不可產生下期基金清算分配資料。	AddResultRow(	Dev/ATLAS.OFDB/Source/PO/PO.OFDB/OFDB486A_PO.cs:224
該基金清算分配資料已確認(OFDB487A)，不得再﹝產生／重新產生／刪除］資料	AddResultRow(	Dev/ATLAS.OFDB/Source/PO/PO.OFDB/OFDB486A_PO.cs:248
該清算資料尚未產生，請執行'基金清算分配資料產生作業'功能	AddResultRow(	Dev/ATLAS.OFDB/Source/PO/PO.OFDB/OFDB486A_PO.cs:271
基金清算基準日尚未完成「申購／贖回／定額」日結轉作業，不得產生基金清算分配資料	AddResultRow(	Dev/ATLAS.OFDB/Source/PO/PO.OFDB/OFDB486A_PO.cs:327
尚未產生基金清算資料，請先至「基金清算明細資料產生作業(OFDB486A)」執行產生清算資料作業後，才可執行確認功能	AddResultRow(	Dev/ATLAS.OFDB/Source/PO/PO.OFDB/OFDB487A_PO.cs:191
基金清算資料已完成［確認］	AddResultRow(	Dev/ATLAS.OFDB/Source/PO/PO.OFDB/OFDB487A_PO.cs:214
尚未產生基金清算資料，不可執行回復功能	AddResultRow(	Dev/ATLAS.OFDB/Source/PO/PO.OFDB/OFDB487A_PO.cs:238
基金清算資料尚未執行［確認］程式，不可執行回復功能	AddResultRow(	Dev/ATLAS.OFDB/Source/PO/PO.OFDB/OFDB487A_PO.cs:261
執行成功	AddResultRow(	Dev/ATLAS.OFDB/Source/PO/PO.OFDB/OFDB540_PO.cs:87
執行失敗，請檢查 : {…}	AddResultRow(	Dev/ATLAS.OFDB/Source/PO/PO.OFDB/OFDB540_PO.cs:101
執行失敗	AddResultRow(	Dev/ATLAS.OFDB/Source/PO/PO.OFDB/OFDB560_PO.cs:104
執行失敗	AddResultRow(	Dev/ATLAS.OFDB/Source/PO/PO.OFDB/OFDB560_PO.cs:146
執行失敗，請檢查	AddResultRow(	Dev/ATLAS.OFDB/Source/PO/PO.OFDB/OFDB560_PO.cs:159
查無資料	AddResultRow(	Dev/ATLAS.OFDB/Source/PO/PO.OFDB/OFDB562_PO.cs:98
目前資料正在上傳給集保公司，不可作集保確認，請稍後重試	AddResultRow(	Dev/ATLAS.OFDB/Source/PO/PO.OFDB/OFDB562_PO.cs:303
查無資料	AddResultRow(	Dev/ATLAS.OFDB/Source/PO/PO.OFDB/OFDB563_PO.cs:224
查無資料	AddResultRow(	Dev/ATLAS.OFDB/Source/PO/PO.OFDB/OFDB564_PO.cs:138
(客戶資料檔)無檔案匯出{…}	AddResultRow(	Dev/ATLAS.OFDB/Source/PO/PO.OFDB/OFDB565_PO.cs:107
(客戶指定外幣帳戶檔)無檔案匯出{…}	AddResultRow(	Dev/ATLAS.OFDB/Source/PO/PO.OFDB/OFDB565_PO.cs:152
(客戶扣款帳戶檔)無檔案匯出{…}	AddResultRow(	Dev/ATLAS.OFDB/Source/PO/PO.OFDB/OFDB565_PO.cs:203
執行失敗，請檢查{…}	AddResultRow(	Dev/ATLAS.OFDB/Source/PO/PO.OFDB/OFDB565_PO.cs:241
匯入成功	AddResultRow(	Dev/ATLAS.OFDB/Source/PO/PO.OFDB/OFDB570_PO.cs:112
無資料	AddResultRow(	Dev/ATLAS.OFDB/Source/PO/PO.OFDB/OFDB570_PO.cs:114
匯入失敗，請檢查匯入檔案	AddResultRow(	Dev/ATLAS.OFDB/Source/PO/PO.OFDB/OFDB570_PO.cs:122
執行成功	AddResultRow(	Dev/ATLAS.OFDB/Source/PO/PO.OFDB/OFDB580_PO.cs:98
執行失敗，請檢查 : {…}	AddResultRow(	Dev/ATLAS.OFDB/Source/PO/PO.OFDB/OFDB580_PO.cs:112
查無資料	AddResultRow(	Dev/ATLAS.OFDB/Source/PO/PO.OFDB/OFDB701_PO.cs:120
執行失敗，請檢查	AddResultRow(	Dev/ATLAS.OFDB/Source/PO/PO.OFDB/OFDB701_PO.cs:131
查無資料	AddResultRow(	Dev/ATLAS.OFDB/Source/PO/PO.OFDB/OFDB701_PO.cs:397
執行失敗，請檢查	AddResultRow(	Dev/ATLAS.OFDB/Source/PO/PO.OFDB/OFDB701_PO.cs:407
查無資料	AddResultRow(	Dev/ATLAS.OFDB/Source/PO/PO.OFDB/OFDB701_PO.cs:469
執行失敗，請檢查	AddResultRow(	Dev/ATLAS.OFDB/Source/PO/PO.OFDB/OFDB701_PO.cs:480
查無資料	AddResultRow(	Dev/ATLAS.OFDB/Source/PO/PO.OFDB/OFDB701_PO.cs:731
執行失敗，請檢查	AddResultRow(	Dev/ATLAS.OFDB/Source/PO/PO.OFDB/OFDB701_PO.cs:742
無檔案匯出	AddResultRow(	Dev/ATLAS.OFDB/Source/PO/PO.OFDB/OFDB701_PO.cs:1062
執行成功，送件批號：{0} 送核筆數： {1} 筆	AddResultRow(	Dev/ATLAS.OFDB/Source/PO/PO.OFDB/OFDB701_PO.cs:1077
執行成功，送件批號：{0} 送核筆數： {1} 筆	AddResultRow(	Dev/ATLAS.OFDB/Source/PO/PO.OFDB/OFDB701_PO.cs:1152
執行失敗，請檢查{…}	AddResultRow(	Dev/ATLAS.OFDB/Source/PO/PO.OFDB/OFDB701_PO.cs:1169
扣款行：{0}，扣款帳號：{1}，申請書來源：{2}之資料尚未覆核	AddResultRow(	Dev/ATLAS.OFDB/Source/PO/PO.OFDB/OFDB701_PO.cs:1300
執行失敗，請檢查	AddResultRow(	Dev/ATLAS.OFDB/Source/PO/PO.OFDB/OFDB701_PO.cs:1313
執行失敗，請檢查{…}	AddResultRow(	Dev/ATLAS.OFDB/Source/PO/PO.OFDB/OFDB701_PO.cs:1402
查無資料可列印	AddResultRow(	Dev/ATLAS.OFDB/Source/PO/PO.OFDB/OFDB701_PO.cs:1481
執行失敗，請檢查	AddResultRow(	Dev/ATLAS.OFDB/Source/PO/PO.OFDB/OFDB701_PO.cs:1490
查無資料	AddResultRow(	Dev/ATLAS.OFDB/Source/PO/PO.OFDB/OFDB702_PO.cs:823
執行失敗，請檢查	AddResultRow(	Dev/ATLAS.OFDB/Source/PO/PO.OFDB/OFDB702_PO.cs:834
查無資料	AddResultRow(	Dev/ATLAS.OFDB/Source/PO/PO.OFDB/OFDB702_PO.cs:896
執行失敗，請檢查	AddResultRow(	Dev/ATLAS.OFDB/Source/PO/PO.OFDB/OFDB702_PO.cs:907
執行失敗，請檢查{…}	AddResultRow(	Dev/ATLAS.OFDB/Source/PO/PO.OFDB/OFDB702_PO.cs:2299
執行失敗，請檢查{…}	AddResultRow(	Dev/ATLAS.OFDB/Source/PO/PO.OFDB/OFDB702_PO.cs:2382
查無資料	AddResultRow(	Dev/ATLAS.OFDB/Source/PO/PO.OFDB/OFDB703_PO.cs:493
執行失敗，請檢查	AddResultRow(	Dev/ATLAS.OFDB/Source/PO/PO.OFDB/OFDB703_PO.cs:503
查無資料	AddResultRow(	Dev/ATLAS.OFDB/Source/PO/PO.OFDB/OFDB703_PO.cs:561
執行失敗，請檢查	AddResultRow(	Dev/ATLAS.OFDB/Source/PO/PO.OFDB/OFDB703_PO.cs:572
查無資料	AddResultRow(	Dev/ATLAS.OFDB/Source/PO/PO.OFDB/OFDB703_PO.cs:857
執行失敗，請檢查	AddResultRow(	Dev/ATLAS.OFDB/Source/PO/PO.OFDB/OFDB703_PO.cs:868
無檔案匯出	AddResultRow(	Dev/ATLAS.OFDB/Source/PO/PO.OFDB/OFDB703_PO.cs:1218
執行成功，送件批號：{0}；扣款筆數： {1} 筆；扣款金額： {2}	AddResultRow(	Dev/ATLAS.OFDB/Source/PO/PO.OFDB/OFDB703_PO.cs:1241
業務別：【{1}】；扣款方式：【{0}】已執行過送件	AddResultRow(	Dev/ATLAS.OFDB/Source/PO/PO.OFDB/OFDB703_PO.cs:1265
無扣款資料	AddResultRow(	Dev/ATLAS.OFDB/Source/PO/PO.OFDB/OFDB703_PO.cs:1270
執行失敗，請檢查{…}	AddResultRow(	Dev/ATLAS.OFDB/Source/PO/PO.OFDB/OFDB703_PO.cs:1298
傳真委扣資料尚未關帳，不可執行扣款送件，請先執行『傳真委扣－交易截止設定作業(OFDB301)』	AddResultRow(	Dev/ATLAS.OFDB/Source/PO/PO.OFDB/OFDB703_PO.cs:1583
查詢失敗	AddResultRow(	Dev/ATLAS.OFDB/Source/PO/PO.OFDB/OFDB703_PO.cs:1590
查無資料可列印	AddResultRow(	Dev/ATLAS.OFDB/Source/PO/PO.OFDB/OFDB703_PO.cs:1632
執行失敗，請檢查	AddResultRow(	Dev/ATLAS.OFDB/Source/PO/PO.OFDB/OFDB703_PO.cs:1640
查無資料	AddResultRow(	Dev/ATLAS.OFDB/Source/PO/PO.OFDB/OFDB705_PO.cs:240
執行失敗，請檢查	AddResultRow(	Dev/ATLAS.OFDB/Source/PO/PO.OFDB/OFDB705_PO.cs:250
執行失敗，請檢查{…}	AddResultRow(	Dev/ATLAS.OFDB/Source/PO/PO.OFDB/OFDB705_PO.cs:586
執行成功	AddResultRow(	Dev/ATLAS.OFDB/Source/PO/PO.OFDB/OFDB715_PO.cs:93
無更新資料，請檢查	AddResultRow(	Dev/ATLAS.OFDB/Source/PO/PO.OFDB/OFDB715_PO.cs:99
執行失敗，請檢查	AddResultRow(	Dev/ATLAS.OFDB/Source/PO/PO.OFDB/OFDB715_PO.cs:114
集保上線日不可小於{0}基金最大憑證日期	AddResultRow(	Dev/ATLAS.OFDB/Source/PO/PO.OFDB/OFDB715_PO.cs:165
執行檢核過程中發生異常，請檢查	AddResultRow(	Dev/ATLAS.OFDB/Source/PO/PO.OFDB/OFDB715_PO.cs:172
{0}基金尚未過帳	AddResultRow(	Dev/ATLAS.OFDB/Source/PO/PO.OFDB/OFDB715_PO.cs:222
執行檢核過程中發生異常，請檢查	AddResultRow(	Dev/ATLAS.OFDB/Source/PO/PO.OFDB/OFDB715_PO.cs:229
查無資料	AddResultRow(	Dev/ATLAS.OFDB/Source/PO/PO.OFDB/OFDB716_PO.cs:92
查詢失敗,請檢查	AddResultRow(	Dev/ATLAS.OFDB/Source/PO/PO.OFDB/OFDB716_PO.cs:111
SIN無檔案匯出{…}	AddResultRow(	Dev/ATLAS.OFDB/Source/PO/PO.OFDB/OFDB716_PO.cs:185
BOK無檔案匯出{…}	AddResultRow(	Dev/ATLAS.OFDB/Source/PO/PO.OFDB/OFDB716_PO.cs:233
699S無檔案匯出{…}	AddResultRow(	Dev/ATLAS.OFDB/Source/PO/PO.OFDB/OFDB716_PO.cs:283
執行失敗，請檢查{…}	AddResultRow(	Dev/ATLAS.OFDB/Source/PO/PO.OFDB/OFDB716_PO.cs:318
FUY無檔案匯出{…}	AddResultRow(	Dev/ATLAS.OFDB/Source/PO/PO.OFDB/OFDB717_PO.cs:356
FUS2無檔案匯出{…}	AddResultRow(	Dev/ATLAS.OFDB/Source/PO/PO.OFDB/OFDB717_PO.cs:410
STF673S無檔案匯出{…}	AddResultRow(	Dev/ATLAS.OFDB/Source/PO/PO.OFDB/OFDB717_PO.cs:470
執行失敗，請檢查{…}	AddResultRow(	Dev/ATLAS.OFDB/Source/PO/PO.OFDB/OFDB717_PO.cs:525
基金 [{0}] 上次上傳結餘基準日有異動，請重新查詢再執行	AddResultRow(	Dev/ATLAS.OFDB/Source/PO/PO.OFDB/OFDB718_PO.cs:86
執行失敗，請檢查{…}	AddResultRow(	Dev/ATLAS.OFDB/Source/PO/PO.OFDB/OFDB719_PO.cs:240
受益憑證代號 {0} 於 [{1}] 已有收檔資料， 請刪除資料後再執行收檔	AddResultRow(	Dev/ATLAS.OFDB/Source/PO/PO.OFDB/OFDB719_PO.cs:286
執行失敗，請檢查{…}	AddResultRow(	Dev/ATLAS.OFDB/Source/PO/PO.OFDB/OFDB719_PO.cs:296
基金 {0} 於 [{1}] 尚未結帳	AddResultRow(	Dev/ATLAS.OFDB/Source/PO/PO.OFDB/OFDB719_PO.cs:336
執行失敗，請檢查{…}	AddResultRow(	Dev/ATLAS.OFDB/Source/PO/PO.OFDB/OFDB719_PO.cs:346
無資料可刪除	AddResultRow(	Dev/ATLAS.OFDB/Source/PO/PO.OFDB/OFDB720_PO.cs:75
FUS2無檔案匯出{…}	AddResultRow(	Dev/ATLAS.OFDB/Source/PO/PO.OFDB/OFDB722_PO.cs:376
執行失敗，請檢查{…}	AddResultRow(	Dev/ATLAS.OFDB/Source/PO/PO.OFDB/OFDB722_PO.cs:495
無法產生暫存檔,伺服器端檔案無存取權限，請檢查	AddResultRow(	Dev/ATLAS.OFDB/Source/PO/PO.OFDB/OFDB731_PO.cs:105
無可刪除之資料	AddResultRow(	Dev/ATLAS.OFDB/Source/PO/PO.OFDB/OFDB731_PO.cs:469
新增失敗，請檢查	AddResultRow(	Dev/ATLAS.OFDB/Source/PO/PO.OFDB/OFDB731_PO.cs:477
匯入失敗，請檢查	AddResultRow(	Dev/ATLAS.OFDB/Source/PO/PO.OFDB/OFDB731_PO.cs:815
查無資料	AddResultRow(	Dev/ATLAS.OFDB/Source/PO/PO.OFDB/OFDB732_PO.cs:79
查詢失敗。( {…} )	AddResultRow(	Dev/ATLAS.OFDB/Source/PO/PO.OFDB/OFDB732_PO.cs:85
查無資料	AddResultRow(	Dev/ATLAS.OFDB/Source/PO/PO.OFDB/OFDB732_PO.cs:209
查詢失敗。( {…} )	AddResultRow(	Dev/ATLAS.OFDB/Source/PO/PO.OFDB/OFDB732_PO.cs:216
執行失敗，請檢查	AddResultRow(	Dev/ATLAS.OFDB/Source/PO/PO.OFDB/OFDB732_PO.cs:331
資料已存在OFD734	AddResultRow(	Dev/ATLAS.OFDB/Source/PO/PO.OFDB/OFDB732_PO.cs:387
無符合的資料	AddResultRow(	Dev/ATLAS.OFDB/Source/PO/PO.OFDB/OFDB733_PO.cs:93
執行失敗，請檢查	AddResultRow(	Dev/ATLAS.OFDB/Source/PO/PO.OFDB/OFDB733_PO.cs:101
執行失敗	AddResultRow(	Dev/ATLAS.OFDB/Source/PO/PO.OFDB/OFDB733_PO.cs:180
執行失敗	AddResultRow(	Dev/ATLAS.OFDB/Source/PO/PO.OFDB/OFDB733_PO.cs:266
執行失敗	AddResultRow(	Dev/ATLAS.OFDB/Source/PO/PO.OFDB/OFDB733_PO.cs:318
執行失敗	AddResultRow(	Dev/ATLAS.OFDB/Source/PO/PO.OFDB/OFDB733_PO.cs:332
查無資料	AddResultRow(	Dev/ATLAS.OFDB/Source/PO/PO.OFDB/OFDB734_PO.cs:175
查詢失敗。( {…} )	AddResultRow(	Dev/ATLAS.OFDB/Source/PO/PO.OFDB/OFDB734_PO.cs:181
執行失敗。( {…} )	AddResultRow(	Dev/ATLAS.OFDB/Source/PO/PO.OFDB/OFDB734_PO.cs:240
執行錯誤	AddResultRow(	Dev/ATLAS.OFDB/Source/PO/PO.OFDB/OFDB734_PO.cs:323
執行錯誤	AddResultRow(	Dev/ATLAS.OFDB/Source/PO/PO.OFDB/OFDB734_PO.cs:369
執行失敗，請檢查	AddResultRow(	Dev/ATLAS.OFDB/Source/PO/PO.OFDB/OFDB734_PO.cs:387
查詢失敗( {…} )	AddResultRow(	Dev/ATLAS.OFDB/Source/PO/PO.OFDB/OFDB734_PO.cs:424
新增ORDP01_DTL失敗	AddResultRow(	Dev/ATLAS.OFDB/Source/PO/PO.OFDB/OFDB752_PO.cs:683
無檔案匯出{…}	AddResultRow(	Dev/ATLAS.OFDB/Source/PO/PO.OFDB/OFDB752_PO.cs:722
執行失敗，請檢查{…}	AddResultRow(	Dev/ATLAS.OFDB/Source/PO/PO.OFDB/OFDB752_PO.cs:752
無檔案匯出{…}	AddResultRow(	Dev/ATLAS.OFDB/Source/PO/PO.OFDB/OFDB753_PO.cs:170
執行失敗，請檢查{…}	AddResultRow(	Dev/ATLAS.OFDB/Source/PO/PO.OFDB/OFDB753_PO.cs:197
無檔案匯出{…}	AddResultRow(	Dev/ATLAS.OFDB/Source/PO/PO.OFDB/OFDB755_PO.cs:222
執行失敗，請檢查{…}	AddResultRow(	Dev/ATLAS.OFDB/Source/PO/PO.OFDB/OFDB755_PO.cs:249
無檔案匯出{…}	AddResultRow(	Dev/ATLAS.OFDB/Source/PO/PO.OFDB/OFDB756_PO.cs:158
執行失敗，請檢查{…}	AddResultRow(	Dev/ATLAS.OFDB/Source/PO/PO.OFDB/OFDB756_PO.cs:185
已有交易資料完成日結轉作業，不可刪除	AddResultRow(	Dev/ATLAS.OFDB/Source/PO/PO.OFDB/OFDB757_PO.cs:96
執行成功	AddResultRow(	Dev/ATLAS.OFDB/Source/PO/PO.OFDB/OFDB757_PO.cs:160
執行失敗，請檢查	AddResultRow(	Dev/ATLAS.OFDB/Source/PO/PO.OFDB/OFDB757_PO.cs:173
執行失敗	AddResultRow(	Dev/ATLAS.OFDB/Source/PO/PO.OFDB/OFDB871_PO.cs:367
執行失敗，請檢查{…}	AddResultRow(	Dev/ATLAS.OFDB/Source/PO/PO.OFDB/OFDB871_PO.cs:380
執行成功	AddResultRow(	Dev/ATLAS.OFDB/Source/PO/PO.OFDB/OFDB913_PO.cs:122
執行失敗，請檢查	AddResultRow(	Dev/ATLAS.OFDB/Source/PO/PO.OFDB/OFDB913_PO.cs:128
執行失敗，請檢查	AddResultRow(	Dev/ATLAS.OFDB/Source/PO/PO.OFDB/OFDB913_PO.cs:137
查無資料	AddResultRow(	Dev/ATLAS.OFDB/Source/PO/PO.OFDB/OFDB913_PO.cs:313
執行失敗，請檢查	AddResultRow(	Dev/ATLAS.OFDB/Source/PO/PO.OFDB/OFDB913_PO.cs:324
已計算完成，確定要刪除後重新計算嗎？	AddResultRow(	Dev/ATLAS.OFDB/Source/PO/PO.OFDB/OFDB921_PO.cs:134
本次總額憑證日期 不可小於等於 上次總額憑證日期	AddError(	Dev/ATLAS.OFDB/Source/UI/UI.OFDB/OFDB001.cs:61
此基金尚未成立，不可製作大憑證	AddError(	Dev/ATLAS.OFDB/Source/UI/UI.OFDB/OFDB001.cs:69
本次總額憑證日期 不可小於 該基金成立日期	AddError(	Dev/ATLAS.OFDB/Source/UI/UI.OFDB/OFDB001.cs:73
本次總額憑證日期 必須為該基金的營業日	AddError(	Dev/ATLAS.OFDB/Source/UI/UI.OFDB/OFDB001.cs:83
{…} 此基金尚未過帳，不可產生總額憑證	AddError(	Dev/ATLAS.OFDB/Source/UI/UI.OFDB/OFDB001.cs:102
上次憑證未送簽，不可產生	AddError(	Dev/ATLAS.OFDB/Source/UI/UI.OFDB/OFDB001.cs:109
本次總額憑證日期 不可大於等於 集保無實體上線日期	AddError(	Dev/ATLAS.OFDB/Source/UI/UI.OFDB/OFDB001.cs:136
此憑證已送簽，不可刪除	AddError(	Dev/ATLAS.OFDB/Source/UI/UI.OFDB/OFDB001.cs:150
至少需要一筆資料	AddError(	Dev/ATLAS.OFDB/Source/UI/UI.OFDB/OFDB002.cs:97
變更生效日期 不可大於 系統日	AddError(	Dev/ATLAS.OFDB/Source/UI/UI.OFDB/OFDB003.cs:39
From基金 和 To基金 相同	AddError(	Dev/ATLAS.OFDB/Source/UI/UI.OFDB/OFDB004.cs:41
複製的基金其計價幣別必須相同	AddError(	Dev/ATLAS.OFDB/Source/UI/UI.OFDB/OFDB004.cs:50
申請日期 為必填欄位	AddError(	Dev/ATLAS.OFDB/Source/UI/UI.OFDB/OFDB005.cs:61
匯入的資料欄位格式不正確，請檢查	ShowMessage(	Dev/ATLAS.OFDB/Source/UI/UI.OFDB/OFDB007.cs:148
第{…}筆 戶號資料格式有誤，請檢查	AddError(	Dev/ATLAS.OFDB/Source/UI/UI.OFDB/OFDB007.cs:164
第{…}筆 姓名資料格式有誤，請檢查	AddError(	Dev/ATLAS.OFDB/Source/UI/UI.OFDB/OFDB007.cs:169
第{…}筆 地址資料格式有誤，請檢查	AddError(	Dev/ATLAS.OFDB/Source/UI/UI.OFDB/OFDB007.cs:173
匯入的檔案格式不正確，請檢查	ShowMessage(	Dev/ATLAS.OFDB/Source/UI/UI.OFDB/OFDB007.cs:223
{…}CM0004	ShowMessage(	Dev/ATLAS.OFDB/Source/UI/UI.OFDB/OFDB007.cs:296
戶號 必須同時輸入(不輸入)	AddError(	Dev/ATLAS.OFDB/Source/UI/UI.OFDB/OFDB007.cs:371
戶號(起) 不可大於 戶號(迄)	AddError(	Dev/ATLAS.OFDB/Source/UI/UI.OFDB/OFDB007.cs:379
開戶日期 必須同時輸入(不輸入)	AddError(	Dev/ATLAS.OFDB/Source/UI/UI.OFDB/OFDB007.cs:386
開戶日期(起) 不可大於 開戶日期(迄)	AddError(	Dev/ATLAS.OFDB/Source/UI/UI.OFDB/OFDB007.cs:394
請至少選擇一種申報檔案	AddError(	Dev/ATLAS.OFDB/Source/UI/UI.OFDB/OFDB008.cs:114
轉出路徑無效，請檢查	AddError(	Dev/ATLAS.OFDB/Source/UI/UI.OFDB/OFDB008.cs:167
檔案 [{0}] 已被其他程式開啟或設定唯讀	AddError(	Dev/ATLAS.OFDB/Source/UI/UI.OFDB/OFDB008.cs:238
檔案 [{0}] 已被其他程式開啟或設定唯讀	AddError(	Dev/ATLAS.OFDB/Source/UI/UI.OFDB/OFDB008.cs:288
檔案 [{0}] 已被其他程式開啟或設定唯讀	AddError(	Dev/ATLAS.OFDB/Source/UI/UI.OFDB/OFDB008.cs:314
檔案 [{0}] 已被其他程式開啟或設定唯讀	AddError(	Dev/ATLAS.OFDB/Source/UI/UI.OFDB/OFDB008.cs:340
檔案 [{0}] 已被其他程式開啟或設定唯讀	AddError(	Dev/ATLAS.OFDB/Source/UI/UI.OFDB/OFDB008.cs:367
檔案 [{0}] 已被其他程式開啟或設定唯讀	AddError(	Dev/ATLAS.OFDB/Source/UI/UI.OFDB/OFDB008.cs:400
檔案 [{0}] 已被其他程式開啟或設定唯讀	AddError(	Dev/ATLAS.OFDB/Source/UI/UI.OFDB/OFDB008.cs:421
檔案 [{0}] 已被其他程式開啟或設定唯讀	AddError(	Dev/ATLAS.OFDB/Source/UI/UI.OFDB/OFDB008.cs:451
檔案 [{0}] 已被其他程式開啟或設定唯讀	AddError(	Dev/ATLAS.OFDB/Source/UI/UI.OFDB/OFDB008.cs:499
檔案 [{0}] 已被其他程式開啟或設定唯讀	AddError(	Dev/ATLAS.OFDB/Source/UI/UI.OFDB/OFDB008.cs:529
執行成功。	MessageBox.Show(	Dev/ATLAS.OFDB/Source/UI/UI.OFDB/OFDB008.cs:536
至少需勾選一筆明細資料!	AddError(	Dev/ATLAS.OFDB/Source/UI/UI.OFDB/OFDB011.cs:73
{…}CM0004	ShowMessage(	Dev/ATLAS.OFDB/Source/UI/UI.OFDB/OFDB011.cs:278
若為'重印','列印批號'必須輸入!	AddError(	Dev/ATLAS.OFDB/Source/UI/UI.OFDB/OFDB011.cs:334
若為'地址條列印','資料索取日期(起)'必須輸入!	AddError(	Dev/ATLAS.OFDB/Source/UI/UI.OFDB/OFDB011.cs:339
若為'地址條列印','資料索取日期(迄)'必須輸入!	AddError(	Dev/ATLAS.OFDB/Source/UI/UI.OFDB/OFDB011.cs:344
資料索取日期(起) 不可大於 資料索取日期(迄)	AddError(	Dev/ATLAS.OFDB/Source/UI/UI.OFDB/OFDB011.cs:351
[申報年度]不可大於系統年度	AddError(	Dev/ATLAS.OFDB/Source/UI/UI.OFDB/OFDB019A.cs:138
[申報年度]請輸入4位數西元年	AddError(	Dev/ATLAS.OFDB/Source/UI/UI.OFDB/OFDB019A.cs:143
[申報年度]開頭，不可輸入0	AddError(	Dev/ATLAS.OFDB/Source/UI/UI.OFDB/OFDB019A.cs:149
[訊息類型]不可空白	AddError(	Dev/ATLAS.OFDB/Source/UI/UI.OFDB/OFDB019A.cs:160
{…}年申報資料已存在，不可重複產出	AddError(	Dev/ATLAS.OFDB/Source/UI/UI.OFDB/OFDB019A.cs:214
[訊息編號]不可空白	AddError(	Dev/ATLAS.OFDB/Source/UI/UI.OFDB/OFDB019A.cs:224
[訊息類型]選擇 CRS702(刪除已申報資訊)，[原訊息編號]不可空白	AddError(	Dev/ATLAS.OFDB/Source/UI/UI.OFDB/OFDB019A.cs:229
{…}年尚無已申報資料，不可執行刪除	AddError(	Dev/ATLAS.OFDB/Source/UI/UI.OFDB/OFDB019A.cs:251
已有刪除已申報資料之資料，不可重複新增!!	AddError(	Dev/ATLAS.OFDB/Source/UI/UI.OFDB/OFDB019A.cs:269
[訊息編號]不可空白	AddError(	Dev/ATLAS.OFDB/Source/UI/UI.OFDB/OFDB019A.cs:281
{…}年尚無產出申報資料，不可執行刪除	AddError(	Dev/ATLAS.OFDB/Source/UI/UI.OFDB/OFDB019A.cs:292
請輸入[申報年度]，否則無法帶出[原訊息編號]	AddError(	Dev/ATLAS.OFDB/Source/UI/UI.OFDB/OFDB019A.cs:438
無資料可產生XML檔案!	ShowMessage(	Dev/ATLAS.OFDB/Source/UI/UI.OFDB/OFDB019B.cs:739
檔案產生不正確，請檢查	ShowMessage(	Dev/ATLAS.OFDB/Source/UI/UI.OFDB/OFDB019B.cs:1048
[申報年度]不可大於系統年度	AddError(	Dev/ATLAS.OFDB/Source/UI/UI.OFDB/OFDB019B.cs:1075
[申報年度]請輸入4位數西元年	AddError(	Dev/ATLAS.OFDB/Source/UI/UI.OFDB/OFDB019B.cs:1080
[申報年度]開頭，不可輸入0	AddError(	Dev/ATLAS.OFDB/Source/UI/UI.OFDB/OFDB019B.cs:1086
請選取存檔路徑!!!	AddError(	Dev/ATLAS.OFDB/Source/UI/UI.OFDB/OFDB019B.cs:1099
目錄 [{…}] 不存在!!	AddError(	Dev/ATLAS.OFDB/Source/UI/UI.OFDB/OFDB019B.cs:1106
[訊息編號]不可空白	AddError(	Dev/ATLAS.OFDB/Source/UI/UI.OFDB/OFDB019B.cs:1112
[存檔路徑]不可空白	AddError(	Dev/ATLAS.OFDB/Source/UI/UI.OFDB/OFDB019B.cs:1117
{…}年尚無產出申報資料，不可執行下載	AddError(	Dev/ATLAS.OFDB/Source/UI/UI.OFDB/OFDB019B.cs:1130
[訊息編號]不可空白	AddError(	Dev/ATLAS.OFDB/Source/UI/UI.OFDB/OFDB019B.cs:1142
{…}年尚無下載xml檔案，不可執行刪除	AddError(	Dev/ATLAS.OFDB/Source/UI/UI.OFDB/OFDB019B.cs:1154
請輸入[申報年度]，否則無法帶出[原訊息編號]	AddError(	Dev/ATLAS.OFDB/Source/UI/UI.OFDB/OFDB019B.cs:1302
至少勾選一筆基金代碼	AddError(	Dev/ATLAS.OFDB/Source/UI/UI.OFDB/OFDB040.cs:87
基金已經是{0}狀態，不可執行	AddError(	Dev/ATLAS.OFDB/Source/UI/UI.OFDB/OFDB040.cs:95
資料庫沒有回傳結果	MessageBox.Show(	Dev/ATLAS.OFDB/Source/UI/UI.OFDB/OFDB041.cs:106
執行成功。	MessageBox.Show(	Dev/ATLAS.OFDB/Source/UI/UI.OFDB/OFDB041.cs:117
至少須勾選一筆資料	AddError(	Dev/ATLAS.OFDB/Source/UI/UI.OFDB/OFDB041.cs:365
檢查基金代碼為 :{…} 定期定額及債轉定檢核有誤，請檢查!!	ShowMessage(	Dev/ATLAS.OFDB/Source/UI/UI.OFDB/OFDB050.cs:135
檢查基金代碼為 :{…} 結餘單位數有誤，請檢查!!	ShowMessage(	Dev/ATLAS.OFDB/Source/UI/UI.OFDB/OFDB050.cs:161
查無該基金資料!!	ShowMessage(	Dev/ATLAS.OFDB/Source/UI/UI.OFDB/OFDB050.cs:205
消滅基金不得與續存基金為同一基金!!	ShowMessage(	Dev/ATLAS.OFDB/Source/UI/UI.OFDB/OFDB050.cs:217
查無該基金資料	ShowMessage(	Dev/ATLAS.OFDB/Source/UI/UI.OFDB/OFDB050.cs:233
執行日期只可輸入＂系統日”或＂小於等於系統日!	AddError(	Dev/ATLAS.OFDB/Source/UI/UI.OFDB/OFDB161.cs:69
執行日期非系統日，請確認要繼續執行?	ShowMessage(	Dev/ATLAS.OFDB/Source/UI/UI.OFDB/OFDB161.cs:76
檔案不存在！	AddError(	Dev/ATLAS.OFDB/Source/UI/UI.OFDB/OFDB221.cs:61
檔案 [{0}] 已被其他程式開啟或設定唯讀	ShowMessage(	Dev/ATLAS.OFDB/Source/UI/UI.OFDB/OFDB221.cs:193
至少勾選一筆基金代碼	AddError(	Dev/ATLAS.OFDB/Source/UI/UI.OFDB/OFDB222.cs:183
匯入銷售機構檔案路徑 為必填欄位	AddError(	Dev/ATLAS.OFDB/Source/UI/UI.OFDB/OFDB223.cs:63
CSV格式錯誤，請修正後再嘗試匯入！	ShowMessage(	Dev/ATLAS.OFDB/Source/UI/UI.OFDB/OFDB223.cs:85
檔案開啟中，請先關閉後，再嘗試匯入！	ShowMessage(	Dev/ATLAS.OFDB/Source/UI/UI.OFDB/OFDB223.cs:101
匯款日期(起)不可大於匯款日期(迄)	AddError(	Dev/ATLAS.OFDB/Source/UI/UI.OFDB/OFDB236.cs:270
匯款日期(起) 為必填欄位	AddError(	Dev/ATLAS.OFDB/Source/UI/UI.OFDB/OFDB236.cs:277
匯款日期(迄) 為必填欄位	AddError(	Dev/ATLAS.OFDB/Source/UI/UI.OFDB/OFDB236.cs:281
檔案路徑 為必填欄位	AddError(	Dev/ATLAS.OFDB/Source/UI/UI.OFDB/OFDB236.cs:286
檔案名稱 為必填欄位	AddError(	Dev/ATLAS.OFDB/Source/UI/UI.OFDB/OFDB236.cs:290
上傳日期(起)不可大於上傳日期(迄)	AddError(	Dev/ATLAS.OFDB/Source/UI/UI.OFDB/OFDB236.cs:298
上傳日期(起) 為必填欄位	AddError(	Dev/ATLAS.OFDB/Source/UI/UI.OFDB/OFDB236.cs:305
上傳日期(迄) 為必填欄位	AddError(	Dev/ATLAS.OFDB/Source/UI/UI.OFDB/OFDB236.cs:309
無任何資料可轉入!	AddError(	Dev/ATLAS.OFDB/Source/UI/UI.OFDB/OFDB236.cs:348
資料長度錯誤	變數指派 =	Dev/ATLAS.OFDB/Source/UI/UI.OFDB/OFDB236.cs:358
第{…}列 {…}	AddError(	Dev/ATLAS.OFDB/Source/UI/UI.OFDB/OFDB236.cs:359
第{…}列 帳號{…} 不為基金{…}的申購入款帳號，請檢查	AddError(	Dev/ATLAS.OFDB/Source/UI/UI.OFDB/OFDB236.cs:369
第{…}列 檔案內匯款日期超出於匯款日期起迄區間	AddError(	Dev/ATLAS.OFDB/Source/UI/UI.OFDB/OFDB236.cs:399
交易日期	變數指派 =	Dev/ATLAS.OFDB/Source/UI/UI.OFDB/OFDB236.cs:406
金額	變數指派 =	Dev/ATLAS.OFDB/Source/UI/UI.OFDB/OFDB236.cs:416
餘額	變數指派 =	Dev/ATLAS.OFDB/Source/UI/UI.OFDB/OFDB236.cs:426
第{…}列 {…}格式錯誤	AddError(	Dev/ATLAS.OFDB/Source/UI/UI.OFDB/OFDB236.cs:430
要匯入的資料中有重覆資料，仍要繼續執行？(提醒：繼續執行僅將新增的資料匯入)	ShowMessage(	Dev/ATLAS.OFDB/Source/UI/UI.OFDB/OFDB236.cs:483
匯款日期區間內有已完成匯款比對關帳資料，不可再執行匯入	ShowMessage(	Dev/ATLAS.OFDB/Source/UI/UI.OFDB/OFDB236.cs:497
已有比對成功或作廢的資料，不可執行刪除	ShowMessage(	Dev/ATLAS.OFDB/Source/UI/UI.OFDB/OFDB236.cs:509
申購日期(起) 不可大於 申購日期(迄)	AddError(	Dev/ATLAS.OFDB/Source/UI/UI.OFDB/OFDB237.cs:162
有無法辨識ID， 需人工比對	ShowMessage(	Dev/ATLAS.OFDB/Source/UI/UI.OFDB/OFDB237.cs:200
申購日期(起)不可大於申購日期(迄)	AddError(	Dev/ATLAS.OFDB/Source/UI/UI.OFDB/OFDB238.cs:82
匯款日期(起)不可大於匯款日期(迄)	AddError(	Dev/ATLAS.OFDB/Source/UI/UI.OFDB/OFDB238.cs:87
此日期匯款比對已完成。	ShowMessage(	Dev/ATLAS.OFDB/Source/UI/UI.OFDB/OFDB238.cs:484
至少勾選一筆申購明細	AddError(	Dev/ATLAS.OFDB/Source/UI/UI.OFDB/OFDB238.cs:687
至少勾選一筆匯款明細	AddError(	Dev/ATLAS.OFDB/Source/UI/UI.OFDB/OFDB238.cs:691
點選此處設定篩選條件	變數指派 =	Dev/ATLAS.OFDB/Source/UI/UI.OFDB/OFDB238p0.cs:113
點選此處設定篩選條件	變數指派 =	Dev/ATLAS.OFDB/Source/UI/UI.OFDB/OFDB238p0.cs:184
點選此處設定篩選條件	變數指派 =	Dev/ATLAS.OFDB/Source/UI/UI.OFDB/OFDB238p0.cs:255
點選此處設定篩選條件	變數指派 =	Dev/ATLAS.OFDB/Source/UI/UI.OFDB/OFDB238p0.cs:303
匯款日期必須小於等於申購日期，請檢查。	ShowMessage(	Dev/ATLAS.OFDB/Source/UI/UI.OFDB/OFDB238p0.cs:412
比對失敗！	ShowMessage(	Dev/ATLAS.OFDB/Source/UI/UI.OFDB/OFDB238p0.cs:464
比對完成，匯款批號為：{…}。	ShowMessage(	Dev/ATLAS.OFDB/Source/UI/UI.OFDB/OFDB238p0.cs:476
申購總金額與匯款總金額不符，請檢查。	ShowMessage(	Dev/ATLAS.OFDB/Source/UI/UI.OFDB/OFDB238p0.cs:480
申購及匯款明細資料至少需挑選一筆！	ShowMessage(	Dev/ATLAS.OFDB/Source/UI/UI.OFDB/OFDB238p0.cs:486
申購及匯款明細資料至少需挑選一筆！	ShowMessage(	Dev/ATLAS.OFDB/Source/UI/UI.OFDB/OFDB238p0.cs:490
回復比對成功。	ShowMessage(	Dev/ATLAS.OFDB/Source/UI/UI.OFDB/OFDB238p0.cs:543
至少需挑選一筆回復資料！	ShowMessage(	Dev/ATLAS.OFDB/Source/UI/UI.OFDB/OFDB238p0.cs:546
至少需挑選一筆回復資料！	ShowMessage(	Dev/ATLAS.OFDB/Source/UI/UI.OFDB/OFDB238p0.cs:549
點選此處設定篩選條件	變數指派 =	Dev/ATLAS.OFDB/Source/UI/UI.OFDB/OFDB238p1.cs:138
點選此處設定篩選條件	變數指派 =	Dev/ATLAS.OFDB/Source/UI/UI.OFDB/OFDB238p1.cs:217
比對回復總金額不符	ShowMessage(	Dev/ATLAS.OFDB/Source/UI/UI.OFDB/OFDB238p1.cs:282
回復比對成功。	ShowMessage(	Dev/ATLAS.OFDB/Source/UI/UI.OFDB/OFDB238p1.cs:325
無符合查詢條件的資料	ShowMessage(	Dev/ATLAS.OFDB/Source/UI/UI.OFDB/OFDB238p1.cs:330
至少需挑選一筆回復資料！	ShowMessage(	Dev/ATLAS.OFDB/Source/UI/UI.OFDB/OFDB238p1.cs:334
至少需挑選一筆回復資料！	ShowMessage(	Dev/ATLAS.OFDB/Source/UI/UI.OFDB/OFDB238p1.cs:337
跳號原因必須輸入!	ShowMessage(	Dev/ATLAS.OFDB/Source/UI/UI.OFDB/OFDB238p2.cs:43
比對備註說明為必填欄位!	ShowMessage(	Dev/ATLAS.OFDB/Source/UI/UI.OFDB/OFDB238p4.cs:61
至少勾選一筆資料!	AddError(	Dev/ATLAS.OFDB/Source/UI/UI.OFDB/OFDB239.cs:93
尚有 未比對完成的申購資料,不可關帳!	AddError(	Dev/ATLAS.OFDB/Source/UI/UI.OFDB/OFDB239.cs:115
匯款日期(起) 不可大於 匯款日期(迄)	AddError(	Dev/ATLAS.OFDB/Source/UI/UI.OFDB/OFDB240.cs:54
匯款日期(起)(迄) 必須同時(不)輸入	AddError(	Dev/ATLAS.OFDB/Source/UI/UI.OFDB/OFDB240.cs:58
作廢日期(起) 不可大於 作廢日期(迄)	AddError(	Dev/ATLAS.OFDB/Source/UI/UI.OFDB/OFDB240.cs:64
作廢日期(起)(迄) 必須同時(不)輸入	AddError(	Dev/ATLAS.OFDB/Source/UI/UI.OFDB/OFDB240.cs:68
申購日期(起) 不可大於 申購日期(迄)	AddError(	Dev/ATLAS.OFDB/Source/UI/UI.OFDB/OFDB240.cs:75
申購日期(起)(迄) 必須同時(不)輸入	AddError(	Dev/ATLAS.OFDB/Source/UI/UI.OFDB/OFDB240.cs:79
作廢日期(起) 不可大於 作廢日期(迄)	AddError(	Dev/ATLAS.OFDB/Source/UI/UI.OFDB/OFDB240.cs:85
作廢日期(起)(迄) 必須同時(不)輸入	AddError(	Dev/ATLAS.OFDB/Source/UI/UI.OFDB/OFDB240.cs:90
作廢原因 為必填欄位	AddError(	Dev/ATLAS.OFDB/Source/UI/UI.OFDB/OFDB240.cs:106
作廢原因 為必填欄位	AddError(	Dev/ATLAS.OFDB/Source/UI/UI.OFDB/OFDB240.cs:120
基金代碼不可以為空值.	MessageBox.Show(	Dev/ATLAS.OFDB/Source/UI/UI.OFDB/OFDB240.cs:299
基金代碼不可以為空值.	MessageBox.Show(	Dev/ATLAS.OFDB/Source/UI/UI.OFDB/OFDB240.cs:341
無資料可以列印.	MessageBox.Show(	Dev/ATLAS.OFDB/Source/UI/UI.OFDB/OFDB240.cs:447
匯款日期(起) 不可大於 匯款日期(迄)	AddError(	Dev/ATLAS.OFDB/Source/UI/UI.OFDB/OFDB242.cs:52
匯款日期(起)(迄) 必須同時(不)輸入	AddError(	Dev/ATLAS.OFDB/Source/UI/UI.OFDB/OFDB242.cs:56
通知日期(起) 不可大於 通知日期(迄)	AddError(	Dev/ATLAS.OFDB/Source/UI/UI.OFDB/OFDB242.cs:62
通知日期(起)(迄) 必須同時(不)輸入	AddError(	Dev/ATLAS.OFDB/Source/UI/UI.OFDB/OFDB242.cs:66
至少勾選一筆轉移款項資料！	AddError(	Dev/ATLAS.OFDB/Source/UI/UI.OFDB/OFDB242.cs:74
尚有轉移款項資料未填，請填寫後再執行！	AddError(	Dev/ATLAS.OFDB/Source/UI/UI.OFDB/OFDB242.cs:83
「身份證號」或「統一編號」輸入資料不對，若要修改，請按下確定	變數指派 =	Dev/ATLAS.OFDB/Source/UI/UI.OFDB/OFDB242.cs:280
{…}CM0004	ShowMessage(	Dev/ATLAS.OFDB/Source/UI/UI.OFDB/OFDB242.cs:350
通知日期須大於等於系統日期	AddError(	Dev/ATLAS.OFDB/Source/UI/UI.OFDB/OFDB242p0.cs:41
請確定要執行回復功能？	ShowMessage(	Dev/ATLAS.OFDB/Source/UI/UI.OFDB/OFDB284.cs:85
執行功能 為必填欄位	AddError(	Dev/ATLAS.OFDB/Source/UI/UI.OFDB/OFDB284.cs:153
至少要勾選一筆檔案資料	AddError(	Dev/ATLAS.OFDB/Source/UI/UI.OFDB/OFDB285.cs:112
執行成功。	ShowMessage(	Dev/ATLAS.OFDB/Source/UI/UI.OFDB/OFDB285.cs:373
此基金無保管銀行設定	AddError(	Dev/ATLAS.OFDB/Source/UI/UI.OFDB/OFDB285.cs:510
路徑不存在	AddError(	Dev/ATLAS.OFDB/Source/UI/UI.OFDB/OFDB285.cs:558
至少需勾選一筆明細資料!	AddError(	Dev/ATLAS.OFDB/Source/UI/UI.OFDB/OFDB286.cs:104
退匯原因必須輸入	AddError(	Dev/ATLAS.OFDB/Source/UI/UI.OFDB/OFDB286.cs:113
退匯日期必須輸入	AddError(	Dev/ATLAS.OFDB/Source/UI/UI.OFDB/OFDB286.cs:127
受益人：{…} 退匯日期不可小於發放日期	ShowMessage(	Dev/ATLAS.OFDB/Source/UI/UI.OFDB/OFDB286.cs:154
受益人：{…} 退匯日期不可小於上次重匯日期	ShowMessage(	Dev/ATLAS.OFDB/Source/UI/UI.OFDB/OFDB286.cs:160
{…}CM0004	ShowMessage(	Dev/ATLAS.OFDB/Source/UI/UI.OFDB/OFDB287.cs:100
基準日期(起) 不可大於 基準日期(迄)	AddError(	Dev/ATLAS.OFDB/Source/UI/UI.OFDB/OFDB287.cs:165
基準日期(起)(迄) 必須皆(不)填寫	AddError(	Dev/ATLAS.OFDB/Source/UI/UI.OFDB/OFDB287.cs:170
基準日期(起) 為必填欄位	AddError(	Dev/ATLAS.OFDB/Source/UI/UI.OFDB/OFDB287.cs:182
基準日期(迄) 為必填欄位	AddError(	Dev/ATLAS.OFDB/Source/UI/UI.OFDB/OFDB287.cs:186
實際付款日 為必填欄位	AddError(	Dev/ATLAS.OFDB/Source/UI/UI.OFDB/OFDB287.cs:193
實際付款日 必須大於等於系統日	AddError(	Dev/ATLAS.OFDB/Source/UI/UI.OFDB/OFDB287.cs:199
至少勾選一筆明細資料！	AddError(	Dev/ATLAS.OFDB/Source/UI/UI.OFDB/OFDB287.cs:218
'匯款銀行'必須輸入！	AddError(	Dev/ATLAS.OFDB/Source/UI/UI.OFDB/OFDB287.cs:241
'匯款帳號'必須輸入！	AddError(	Dev/ATLAS.OFDB/Source/UI/UI.OFDB/OFDB287.cs:247
'上次應付款金額'必須大於0！	AddError(	Dev/ATLAS.OFDB/Source/UI/UI.OFDB/OFDB287.cs:253
重匯日期(起) 不可大於 重匯日期(迄)	AddError(	Dev/ATLAS.OFDB/Source/UI/UI.OFDB/OFDB287.cs:264
受益人：{…} 實際付款日期不可小於退匯日期	ShowMessage(	Dev/ATLAS.OFDB/Source/UI/UI.OFDB/OFDB287.cs:562
受益人：{…} 重匯日期不可小於退匯日期	ShowMessage(	Dev/ATLAS.OFDB/Source/UI/UI.OFDB/OFDB287.cs:568
本次［公司支付］之［重匯匯費 - 公司］為 0，請確認是否執行？	ShowMessage(	Dev/ATLAS.OFDB/Source/UI/UI.OFDB/OFDB287.cs:583
本次［保管銀行支付］之［重匯匯費 - 保管銀行］為 0，請確認是否執行？	ShowMessage(	Dev/ATLAS.OFDB/Source/UI/UI.OFDB/OFDB287.cs:591
本次［受益人支付］之［重匯匯費］為 0，請確認是否執行？	ShowMessage(	Dev/ATLAS.OFDB/Source/UI/UI.OFDB/OFDB287.cs:600
戶號：{…} 匯費超過該級距金額的設定值	ShowMessage(	Dev/ATLAS.OFDB/Source/UI/UI.OFDB/OFDB287.cs:634
戶號：{…}重匯帳號不可為暫停付款之帳號。	ShowMessage(	Dev/ATLAS.OFDB/Source/UI/UI.OFDB/OFDB287.cs:658
'上次應付款金額'不可小於'重匯匯費'！	AddError(	Dev/ATLAS.OFDB/Source/UI/UI.OFDB/OFDB287.cs:888
'上次應付款金額'不可小於'重匯匯費'！	AddError(	Dev/ATLAS.OFDB/Source/UI/UI.OFDB/OFDB287.cs:897
至少須勾選一筆 基金明細資料	AddError(	Dev/ATLAS.OFDB/Source/UI/UI.OFDB/OFDB289.cs:80
尚有配息資料未確認，不可執行	ShowMessage(	Dev/ATLAS.OFDB/Source/UI/UI.OFDB/OFDB289.cs:136
檔案 已被其他程式開啟或設定唯讀	AddError(	Dev/ATLAS.OFDB/Source/UI/UI.OFDB/OFDB290.cs:145
執行成功。	MessageBox.Show(	Dev/ATLAS.OFDB/Source/UI/UI.OFDB/OFDB290.cs:148
至少勾選一筆基金代碼	AddError(	Dev/ATLAS.OFDB/Source/UI/UI.OFDB/OFDB301.cs:111
尚未四點，確定要提前關帳(關帳後不可再新增傳真委扣的申購單)？	MessageBox.Show(	Dev/ATLAS.OFDB/Source/UI/UI.OFDB/OFDB301.cs:131
扣款失敗的 失敗代碼 為必填欄位	AddError(	Dev/ATLAS.OFDB/Source/UI/UI.OFDB/OFDB302.cs:245
失敗原因 為必填欄位	AddError(	Dev/ATLAS.OFDB/Source/UI/UI.OFDB/OFDB302.cs:342
至少須註記一筆明細資料	AddError(	Dev/ATLAS.OFDB/Source/UI/UI.OFDB/OFDB303.cs:173
至少勾選一筆基金代碼	AddError(	Dev/ATLAS.OFDB/Source/UI/UI.OFDB/OFDB304.cs:52
基金代碼 [{0}] {1}	AddError(	Dev/ATLAS.OFDB/Source/UI/UI.OFDB/OFDB304.cs:71
{…}CM0004	ShowMessage(	Dev/ATLAS.OFDB/Source/UI/UI.OFDB/OFDB304.cs:257
無符合查詢條件的資料	ShowMessage(	Dev/ATLAS.OFDB/Source/UI/UI.OFDB/OFDB304.cs:362
至少勾選一筆基金代碼	AddError(	Dev/ATLAS.OFDB/Source/UI/UI.OFDB/OFDB305.cs:58
基金代碼 [{0}] {1}	AddError(	Dev/ATLAS.OFDB/Source/UI/UI.OFDB/OFDB305.cs:73
無符合查詢條件的資料	ShowMessage(	Dev/ATLAS.OFDB/Source/UI/UI.OFDB/OFDB305.cs:170
該基金帳未平，請至OFD001A(基金結餘單位數查核表)確認！	ShowMessage(	Dev/ATLAS.OFDB/Source/UI/UI.OFDB/OFDB305.cs:309
無符合資料可執行計算	AddResultRow(	Dev/ATLAS.OFDB/Source/UI/UI.OFDB/OFDB305_PO.cs:78
結轉完成，請列印法人公告警示表	AddResultRow(	Dev/ATLAS.OFDB/Source/UI/UI.OFDB/OFDB305_PO.cs:113
執行失敗，請檢查	AddResultRow(	Dev/ATLAS.OFDB/Source/UI/UI.OFDB/OFDB305_PO.cs:131
申購日期不正確，請檢查	AddError(	Dev/ATLAS.OFDB/Source/UI/UI.OFDB/OFDB306.cs:35
淨值日期不正確，請檢查	AddError(	Dev/ATLAS.OFDB/Source/UI/UI.OFDB/OFDB306.cs:37
查無此基金相關結帳資料	ShowMessage(	Dev/ATLAS.OFDB/Source/UI/UI.OFDB/OFDB306.cs:104
淨值尚未產生，不可執行結轉回復	AddError(	Dev/ATLAS.OFDB/Source/UI/UI.OFDB/OFDB306.cs:130
至少勾選一筆資料!	AddError(	Dev/ATLAS.OFDB/Source/UI/UI.OFDB/OFDB307.cs:129
申購書號與申購日期必須擇一輸入	AddError(	Dev/ATLAS.OFDB/Source/UI/UI.OFDB/OFDB307.cs:233
若輸入 申購書號，則(起)為必填欄位	AddError(	Dev/ATLAS.OFDB/Source/UI/UI.OFDB/OFDB307.cs:240
若輸入 申購書號，則(迄)為必填欄位	AddError(	Dev/ATLAS.OFDB/Source/UI/UI.OFDB/OFDB307.cs:243
申購書號(起、迄)請皆輸入13碼	AddError(	Dev/ATLAS.OFDB/Source/UI/UI.OFDB/OFDB307.cs:250
申購書號(起) 不可大於 申購書號(迄)	AddError(	Dev/ATLAS.OFDB/Source/UI/UI.OFDB/OFDB307.cs:255
申購日期(起) 不可大於 交易日期(迄)	AddError(	Dev/ATLAS.OFDB/Source/UI/UI.OFDB/OFDB307.cs:262
若輸入 申購日期，則(起)為必填欄位	AddError(	Dev/ATLAS.OFDB/Source/UI/UI.OFDB/OFDB307.cs:268
若輸入 申購日期 ,則(迄)為必填欄位	AddError(	Dev/ATLAS.OFDB/Source/UI/UI.OFDB/OFDB307.cs:272
請先設定淨值行事曆!	AddError(	Dev/ATLAS.OFDB/Source/UI/UI.OFDB/OFDB307.cs:291
此銷售機構 必須輸入 推薦人	AddError(	Dev/ATLAS.OFDB/Source/UI/UI.OFDB/OFDB310.cs:392
此 推薦人 不存在該 銷售機構 {…}，請檢查	AddError(	Dev/ATLAS.OFDB/Source/UI/UI.OFDB/OFDB310.cs:397
有挑選 通路區分碼 時，通路代碼 必須輸入!	AddError(	Dev/ATLAS.OFDB/Source/UI/UI.OFDB/OFDB310.cs:407
手續費率需符合逐年遞減原則，請檢查手續費率!!	AddError(	Dev/ATLAS.OFDB/Source/UI/UI.OFDB/OFDB310.cs:427
查無此客戶的印鑑資料	ShowMessage(	Dev/ATLAS.OFDB/Source/UI/UI.OFDB/OFDB310.cs:486
收件日期(起)(迄) 必須皆(不)填寫	AddError(	Dev/ATLAS.OFDB/Source/UI/UI.OFDB/OFDB310.cs:778
收件日期(起) 不可大於 收件日期(迄)	AddError(	Dev/ATLAS.OFDB/Source/UI/UI.OFDB/OFDB310.cs:780
申購書號, 收件日期, 受益人ID, 戶號 必須擇一填寫	AddError(	Dev/ATLAS.OFDB/Source/UI/UI.OFDB/OFDB310.cs:784
已有比對流水號資料，不可刪除	ShowMessage(	Dev/ATLAS.OFDB/Source/UI/UI.OFDB/OFDB310.cs:855
已有資料做傳真委扣交易截止設定，不可刪除	ShowMessage(	Dev/ATLAS.OFDB/Source/UI/UI.OFDB/OFDB310.cs:861
已有作廢資料，不可刪除	ShowMessage(	Dev/ATLAS.OFDB/Source/UI/UI.OFDB/OFDB310.cs:867
已結轉資料，不可刪除	ShowMessage(	Dev/ATLAS.OFDB/Source/UI/UI.OFDB/OFDB310.cs:873
明細資料已執行過匯款比對，不可刪除	ShowMessage(	Dev/ATLAS.OFDB/Source/UI/UI.OFDB/OFDB310.cs:880
已有比對流水號，不可刪除	ShowMessage(	Dev/ATLAS.OFDB/Source/UI/UI.OFDB/OFDB310.cs:895
已做傳真委扣交易截止設定，不可刪除	ShowMessage(	Dev/ATLAS.OFDB/Source/UI/UI.OFDB/OFDB310.cs:901
已作廢資料，不可刪除	ShowMessage(	Dev/ATLAS.OFDB/Source/UI/UI.OFDB/OFDB310.cs:907
已結轉資料，不可刪除	ShowMessage(	Dev/ATLAS.OFDB/Source/UI/UI.OFDB/OFDB310.cs:913
明細資料已執行過匯款比對，不可刪除	ShowMessage(	Dev/ATLAS.OFDB/Source/UI/UI.OFDB/OFDB310.cs:920
申購日期(起)(迄) 必須同時(不)輸入	AddError(	Dev/ATLAS.OFDB/Source/UI/UI.OFDB/OFDB311.cs:87
申購日期(起)不可大於申購日期(迄)	AddError(	Dev/ATLAS.OFDB/Source/UI/UI.OFDB/OFDB311.cs:89
至少勾選一筆申購書號	AddError(	Dev/ATLAS.OFDB/Source/UI/UI.OFDB/OFDB311.cs:111
轉入戶號不得為空白	AddError(	Dev/ATLAS.OFDB/Source/UI/UI.OFDB/OFDB311.cs:116
轉出戶號 和 轉入戶號 相同	AddError(	Dev/ATLAS.OFDB/Source/UI/UI.OFDB/OFDB311.cs:121
至少勾選一筆基金代碼	AddError(	Dev/ATLAS.OFDB/Source/UI/UI.OFDB/OFDB321.cs:52
基金代碼 [{0}] {1}	AddError(	Dev/ATLAS.OFDB/Source/UI/UI.OFDB/OFDB321.cs:70
{…}CM0004	ShowMessage(	Dev/ATLAS.OFDB/Source/UI/UI.OFDB/OFDB321.cs:228
無符合查詢條件的資料	ShowMessage(	Dev/ATLAS.OFDB/Source/UI/UI.OFDB/OFDB321.cs:387
至少勾選一筆基金代碼	AddError(	Dev/ATLAS.OFDB/Source/UI/UI.OFDB/OFDB322.cs:55
基金代碼 [{0}] {1}	AddError(	Dev/ATLAS.OFDB/Source/UI/UI.OFDB/OFDB322.cs:73
{…}CM0004	ShowMessage(	Dev/ATLAS.OFDB/Source/UI/UI.OFDB/OFDB322.cs:262
無符合查詢條件的資料	ShowMessage(	Dev/ATLAS.OFDB/Source/UI/UI.OFDB/OFDB322.cs:377
至少勾選一筆基金代碼	AddError(	Dev/ATLAS.OFDB/Source/UI/UI.OFDB/OFDB323.cs:56
基金代碼 [{0}] {1}	AddError(	Dev/ATLAS.OFDB/Source/UI/UI.OFDB/OFDB323.cs:71
無符合查詢條件的資料	ShowMessage(	Dev/ATLAS.OFDB/Source/UI/UI.OFDB/OFDB323.cs:136
無符合資料可執行計算	AddResultRow(	Dev/ATLAS.OFDB/Source/UI/UI.OFDB/OFDB323_PO.cs:80
結轉完成，請列印法人公告警示表	AddResultRow(	Dev/ATLAS.OFDB/Source/UI/UI.OFDB/OFDB323_PO.cs:118
執行失敗，請檢查	AddResultRow(	Dev/ATLAS.OFDB/Source/UI/UI.OFDB/OFDB323_PO.cs:135
買回日期不正確，請檢查	AddError(	Dev/ATLAS.OFDB/Source/UI/UI.OFDB/OFDB324.cs:107
淨值日期不正確，請檢查	AddError(	Dev/ATLAS.OFDB/Source/UI/UI.OFDB/OFDB324.cs:109
查無此基金相關結帳資料	ShowMessage(	Dev/ATLAS.OFDB/Source/UI/UI.OFDB/OFDB324.cs:145
淨值尚未產生，不可執行結轉回復	AddError(	Dev/ATLAS.OFDB/Source/UI/UI.OFDB/OFDB324.cs:167
尚未變更資料	AddError(	Dev/ATLAS.OFDB/Source/UI/UI.OFDB/OFDB325.cs:51
暫停付款必須填寫原因	AddError(	Dev/ATLAS.OFDB/Source/UI/UI.OFDB/OFDB325.cs:58
贖回日期(起)必須小於等於(迄)	AddError(	Dev/ATLAS.OFDB/Source/UI/UI.OFDB/OFDB325.cs:64
原因不得為 贖回交易缺件系統自動暫停	ShowMessage(	Dev/ATLAS.OFDB/Source/UI/UI.OFDB/OFDB325.cs:316
不能輸入不存在原因說明的原因代碼	AddError(	Dev/ATLAS.OFDB/Source/UI/UI.OFDB/OFDB325.cs:329
至少須註記一筆資料	AddError(	Dev/ATLAS.OFDB/Source/UI/UI.OFDB/OFDB326.cs:55
補件日期 必須大於等於 贖回日期	AddError(	Dev/ATLAS.OFDB/Source/UI/UI.OFDB/OFDB326.cs:63
補件日期 必須為公司的營業日	AddError(	Dev/ATLAS.OFDB/Source/UI/UI.OFDB/OFDB326.cs:76
實際付款日期 必須大於等於 原付款日期	AddError(	Dev/ATLAS.OFDB/Source/UI/UI.OFDB/OFDB326.cs:82
通知日期 必須大於等於 贖回日期	AddError(	Dev/ATLAS.OFDB/Source/UI/UI.OFDB/OFDB326.cs:87
實際付款日 必須大於等於 通知日期	AddError(	Dev/ATLAS.OFDB/Source/UI/UI.OFDB/OFDB326.cs:89
實際付款日 必須大於等於 補件日期	AddError(	Dev/ATLAS.OFDB/Source/UI/UI.OFDB/OFDB326.cs:91
通知日期 必須大於等於 補件日期	AddError(	Dev/ATLAS.OFDB/Source/UI/UI.OFDB/OFDB326.cs:93
補件日期 必須為公司的營業日	AddError(	Dev/ATLAS.OFDB/Source/UI/UI.OFDB/OFDB326.cs:116
通知日期 必須為公司的營業日	AddError(	Dev/ATLAS.OFDB/Source/UI/UI.OFDB/OFDB326.cs:118
贖回日期(起) 不可大於 贖回日期(迄)	AddError(	Dev/ATLAS.OFDB/Source/UI/UI.OFDB/OFDB326.cs:127
實際付款日：{…}不為付款營業日	AddError(	Dev/ATLAS.OFDB/Source/UI/UI.OFDB/OFDB326.cs:148
尚未變更資料	AddError(	Dev/ATLAS.OFDB/Source/UI/UI.OFDB/OFDB327.cs:61
買回日期 與 付款日期 請擇一輸入	AddError(	Dev/ATLAS.OFDB/Source/UI/UI.OFDB/OFDB328.cs:74
付款批次(起) 為必填欄位	AddError(	Dev/ATLAS.OFDB/Source/UI/UI.OFDB/OFDB328.cs:79
付款批次(迄) 為必填欄位	AddError(	Dev/ATLAS.OFDB/Source/UI/UI.OFDB/OFDB328.cs:83
付款批號(起) 不可為0	AddError(	Dev/ATLAS.OFDB/Source/UI/UI.OFDB/OFDB328.cs:87
付款批號(迄) 不可為0	AddError(	Dev/ATLAS.OFDB/Source/UI/UI.OFDB/OFDB328.cs:91
付款批次(起) 不可大於付款批次(迄)	AddError(	Dev/ATLAS.OFDB/Source/UI/UI.OFDB/OFDB328.cs:101
您選擇多個付款批次, 但檔名規則並無設定批號以產生不同檔案, 是否讓後產生的批次資料覆蓋先產生的批次資料?	ShowMessage(	Dev/ATLAS.OFDB/Source/UI/UI.OFDB/OFDB328.cs:116
檔名規則並無設定批號以產生不同檔案	AddError(	Dev/ATLAS.OFDB/Source/UI/UI.OFDB/OFDB328.cs:118
至少要勾選一筆檔案資料	AddError(	Dev/ATLAS.OFDB/Source/UI/UI.OFDB/OFDB328.cs:126
執行成功。	ShowMessage(	Dev/ATLAS.OFDB/Source/UI/UI.OFDB/OFDB328.cs:389
CM0004	ShowMessage(	Dev/ATLAS.OFDB/Source/UI/UI.OFDB/OFDB328.cs:458
此基金無保管銀行設定	AddError(	Dev/ATLAS.OFDB/Source/UI/UI.OFDB/OFDB328.cs:527
路徑不存在	AddError(	Dev/ATLAS.OFDB/Source/UI/UI.OFDB/OFDB328.cs:587
至少需勾選一筆明細資料!	AddError(	Dev/ATLAS.OFDB/Source/UI/UI.OFDB/OFDB329.cs:163
基金代碼、買回日期起迄、買回書號起迄 擇一必輸	AddError(	Dev/ATLAS.OFDB/Source/UI/UI.OFDB/OFDB329.cs:204
買回日期(迄) 必須輸入	AddError(	Dev/ATLAS.OFDB/Source/UI/UI.OFDB/OFDB329.cs:208
買回日期(起) 必須輸入	AddError(	Dev/ATLAS.OFDB/Source/UI/UI.OFDB/OFDB329.cs:210
買回日期(起) 不可大於 買回日期(迄)	AddError(	Dev/ATLAS.OFDB/Source/UI/UI.OFDB/OFDB329.cs:214
買回書號(迄) 必須輸入	AddError(	Dev/ATLAS.OFDB/Source/UI/UI.OFDB/OFDB329.cs:218
買回書號(起) 必須輸入	AddError(	Dev/ATLAS.OFDB/Source/UI/UI.OFDB/OFDB329.cs:220
買回書號(起) 不可大於 買回書號(迄)	AddError(	Dev/ATLAS.OFDB/Source/UI/UI.OFDB/OFDB329.cs:224
[原因] 為必填欄位!	AddError(	Dev/ATLAS.OFDB/Source/UI/UI.OFDB/OFDB329.cs:234
[銀行通知日期] 為必填欄位!	AddError(	Dev/ATLAS.OFDB/Source/UI/UI.OFDB/OFDB329.cs:238
[銀行通知時間] 為必填欄位!	AddError(	Dev/ATLAS.OFDB/Source/UI/UI.OFDB/OFDB329.cs:242
退匯原因不得為 買回交易缺件系統自動暫停	ShowMessage(	Dev/ATLAS.OFDB/Source/UI/UI.OFDB/OFDB329.cs:334
本次「公司支付」之「重匯匯費－公司」為 0，請確認是否執行？	ShowMessage(	Dev/ATLAS.OFDB/Source/UI/UI.OFDB/OFDB330.cs:149
買回書號: {…}'重匯匯費－公司'不得大於{…}!	AddError(	Dev/ATLAS.OFDB/Source/UI/UI.OFDB/OFDB330.cs:156
本次「保管銀行支付」之「重匯匯費－保管銀行」為 0，請確認是否執行？	ShowMessage(	Dev/ATLAS.OFDB/Source/UI/UI.OFDB/OFDB330.cs:160
買回書號: {…}'重匯匯費－保管銀行'不得大於{…}!	AddError(	Dev/ATLAS.OFDB/Source/UI/UI.OFDB/OFDB330.cs:167
本次「受益人支付」之「重匯匯費」為 0，請確認是否執行？	ShowMessage(	Dev/ATLAS.OFDB/Source/UI/UI.OFDB/OFDB330.cs:171
買回書號: {…}'重匯匯費'不得大於{…}!	AddError(	Dev/ATLAS.OFDB/Source/UI/UI.OFDB/OFDB330.cs:178
基金代碼、買回日期起迄{1}{0}、買回書號起迄 擇一必輸	AddError(	Dev/ATLAS.OFDB/Source/UI/UI.OFDB/OFDB330.cs:303
買回日期(迄) 必須輸入	AddError(	Dev/ATLAS.OFDB/Source/UI/UI.OFDB/OFDB330.cs:309
買回日期(起) 必須輸入	AddError(	Dev/ATLAS.OFDB/Source/UI/UI.OFDB/OFDB330.cs:311
買回日期(起) 不可大於 買回日期(迄)	AddError(	Dev/ATLAS.OFDB/Source/UI/UI.OFDB/OFDB330.cs:315
重匯日期(迄) 必須輸入	AddError(	Dev/ATLAS.OFDB/Source/UI/UI.OFDB/OFDB330.cs:319
重匯日期(起) 必須輸入	AddError(	Dev/ATLAS.OFDB/Source/UI/UI.OFDB/OFDB330.cs:321
重匯日期(起) 不可大於 重匯日期(迄)	AddError(	Dev/ATLAS.OFDB/Source/UI/UI.OFDB/OFDB330.cs:325
買回書號(迄) 必須輸入	AddError(	Dev/ATLAS.OFDB/Source/UI/UI.OFDB/OFDB330.cs:329
買回書號(起) 必須輸入	AddError(	Dev/ATLAS.OFDB/Source/UI/UI.OFDB/OFDB330.cs:331
買回書號(起) 不可大於 買回書號(迄)	AddError(	Dev/ATLAS.OFDB/Source/UI/UI.OFDB/OFDB330.cs:335
至少勾選一筆明細資料！	AddError(	Dev/ATLAS.OFDB/Source/UI/UI.OFDB/OFDB330.cs:343
買回書號: {…} 之'匯款銀行' 為必填欄位！	AddError(	Dev/ATLAS.OFDB/Source/UI/UI.OFDB/OFDB330.cs:354
買回書號: {…} 之'匯款帳號' 為必填欄位！	AddError(	Dev/ATLAS.OFDB/Source/UI/UI.OFDB/OFDB330.cs:357
買回書號: {…} 之'本次應付款金額'必須大於0！	AddError(	Dev/ATLAS.OFDB/Source/UI/UI.OFDB/OFDB330.cs:360
買回書號: {…} 之'重匯日期' 為必填欄位！	AddError(	Dev/ATLAS.OFDB/Source/UI/UI.OFDB/OFDB330.cs:363
買回書號: {…} 之'重匯日期'不可小於'退匯日期'！	AddError(	Dev/ATLAS.OFDB/Source/UI/UI.OFDB/OFDB330.cs:365
買回書號: {…} 之'實際付款日' 為必填欄位！	AddError(	Dev/ATLAS.OFDB/Source/UI/UI.OFDB/OFDB330.cs:368
買回書號: {…} 之'實際付款日'不可小於'重匯日期'！	AddError(	Dev/ATLAS.OFDB/Source/UI/UI.OFDB/OFDB330.cs:370
'原始應付款金額'不可小於'退匯費'！	AddError(	Dev/ATLAS.OFDB/Source/UI/UI.OFDB/OFDB330.cs:606
{…}CM0004	ShowMessage(	Dev/ATLAS.OFDB/Source/UI/UI.OFDB/OFDB330.cs:841
'退匯費'不可大於'原始應付款金額'	AddError(	Dev/ATLAS.OFDB/Source/UI/UI.OFDB/OFDB330p0.cs:57
'退郵費'不可大於'原始應付款金額'	AddError(	Dev/ATLAS.OFDB/Source/UI/UI.OFDB/OFDB330p0.cs:75
'原始應付款金額'必須大於0！	AddError(	Dev/ATLAS.OFDB/Source/UI/UI.OFDB/OFDB330p0.cs:216
'退匯費'必須大於0！	AddError(	Dev/ATLAS.OFDB/Source/UI/UI.OFDB/OFDB330p0.cs:226
'退郵費'必須大於0！	AddError(	Dev/ATLAS.OFDB/Source/UI/UI.OFDB/OFDB330p0.cs:233
'退匯費'不得大於{…}!	AddError(	Dev/ATLAS.OFDB/Source/UI/UI.OFDB/OFDB330p0.cs:239
'通知日期'不可小於系統日！	AddError(	Dev/ATLAS.OFDB/Source/UI/UI.OFDB/OFDB330p0.cs:503
買回日期(起)(迄) 必須皆(不)填寫	AddError(	Dev/ATLAS.OFDB/Source/UI/UI.OFDB/OFDB331.cs:509
買回日期(起) 不可大於 買回日期(迄)	AddError(	Dev/ATLAS.OFDB/Source/UI/UI.OFDB/OFDB331.cs:511
買回書號, 買回日期, 受益人ID, 戶號 必須擇一填寫	AddError(	Dev/ATLAS.OFDB/Source/UI/UI.OFDB/OFDB331.cs:515
受益人通知書寄送方式不為郵寄，是否繼續？	變數指派 =	Dev/ATLAS.OFDB/Source/UI/UI.OFDB/OFDB331.cs:1142
後收型手續費率需符合逐年遞減原則，請檢查手續費率!!	AddError(	Dev/ATLAS.OFDB/Source/UI/UI.OFDB/OFDB331p0.cs:292
查無資料。	ShowMessage(	Dev/ATLAS.OFDB/Source/UI/UI.OFDB/OFDB431.cs:169
請先選擇銷售機構區別碼	ShowMessage(	Dev/ATLAS.OFDB/Source/UI/UI.OFDB/OFDB431.cs:225
至少須勾選一筆資料	AddError(	Dev/ATLAS.OFDB/Source/UI/UI.OFDB/OFDB431.cs:302
執行功能 為必填欄位	AddError(	Dev/ATLAS.OFDB/Source/UI/UI.OFDB/OFDB432.cs:127
尚未設定銷售服務費率資料，請先執行『通路銷售服務費率設定作業』	ShowMessage(	Dev/ATLAS.OFDB/Source/UI/UI.OFDB/OFDB432.cs:137
銷售服務費率資料尚未鎖定，請先執行『通路銷售服務費率鎖定作業』	ShowMessage(	Dev/ATLAS.OFDB/Source/UI/UI.OFDB/OFDB432.cs:144
計算年月：{0:yyyy/MM}已產生銷售服務費資料!	ShowMessage(	Dev/ATLAS.OFDB/Source/UI/UI.OFDB/OFDB432.cs:151
計算年月：{0:yyyy/MM}尚未產生銷售服務費資料，故無法刪除!	ShowMessage(	Dev/ATLAS.OFDB/Source/UI/UI.OFDB/OFDB432.cs:163
查無資料。	ShowMessage(	Dev/ATLAS.OFDB/Source/UI/UI.OFDB/OFDB433.cs:162
至少須勾選一筆資料	AddError(	Dev/ATLAS.OFDB/Source/UI/UI.OFDB/OFDB433.cs:257
執行功能 為必填欄位	AddError(	Dev/ATLAS.OFDB/Source/UI/UI.OFDB/OFDB434.cs:101
尚未設定銷售服務費率資料，請先執行『受益人銷售服務費率設定作業』	ShowMessage(	Dev/ATLAS.OFDB/Source/UI/UI.OFDB/OFDB434.cs:112
銷售服務費率資料尚未鎖定，請先執行『受益人銷售服務費率鎖定作業』	ShowMessage(	Dev/ATLAS.OFDB/Source/UI/UI.OFDB/OFDB434.cs:119
計算年月：{0:yyyy/MM}已產生銷售服務費資料!	ShowMessage(	Dev/ATLAS.OFDB/Source/UI/UI.OFDB/OFDB434.cs:126
計算年月：{0:yyyy/MM}尚未產生銷售服務費資料，故無法刪除!	ShowMessage(	Dev/ATLAS.OFDB/Source/UI/UI.OFDB/OFDB434.cs:139
所挑選的檔案格式有誤！	ShowMessage(	Dev/ATLAS.OFDB/Source/UI/UI.OFDB/OFDB459.cs:72
所挑選的檔案格式有誤！	ShowMessage(	Dev/ATLAS.OFDB/Source/UI/UI.OFDB/OFDB459.cs:99
所挑選的檔案尚未有資料！	ShowMessage(	Dev/ATLAS.OFDB/Source/UI/UI.OFDB/OFDB459.cs:118
檔案開啟中，請先關閉後，再嘗試匯入！	ShowMessage(	Dev/ATLAS.OFDB/Source/UI/UI.OFDB/OFDB459.cs:127
該基金未設定清算基準日 請至(OFDM081A)設定	AddError(	Dev/ATLAS.OFDB/Source/UI/UI.OFDB/OFDB481A.cs:106
消滅基金於	變數指派 =	Dev/ATLAS.OFDB/Source/UI/UI.OFDB/OFDB485.cs:77
定期定額異動資料	變數指派 =	Dev/ATLAS.OFDB/Source/UI/UI.OFDB/OFDB485.cs:80
債轉定定異動資料	變數指派 =	Dev/ATLAS.OFDB/Source/UI/UI.OFDB/OFDB485.cs:85
仍有尚未覆核資料，是否執行?	變數指派 =	Dev/ATLAS.OFDB/Source/UI/UI.OFDB/OFDB485.cs:89
合併基準日必須為消滅基金的最後且已結帳的日期，請檢查!!	AddError(	Dev/ATLAS.OFDB/Source/UI/UI.OFDB/OFDB485.cs:149
合併基準日必須為存續基金的最後且已結帳的日期，請檢查!!	AddError(	Dev/ATLAS.OFDB/Source/UI/UI.OFDB/OFDB485.cs:154
消滅基金於合併基準日後，仍有申購交易存在，請檢查!!	AddError(	Dev/ATLAS.OFDB/Source/UI/UI.OFDB/OFDB485.cs:163
消滅基金於合併基準日後，仍有贖回交易存在，請檢查!!	AddError(	Dev/ATLAS.OFDB/Source/UI/UI.OFDB/OFDB485.cs:165
消滅基金於合併基準日後，仍有定時定額的扣款資料存在，請檢查!!	AddError(	Dev/ATLAS.OFDB/Source/UI/UI.OFDB/OFDB485.cs:167
消滅基金於檢查交易資料時有誤，請檢查!!	AddError(	Dev/ATLAS.OFDB/Source/UI/UI.OFDB/OFDB485.cs:171
受益人消滅基金的申購剩餘總單位數，不等於受益人的結餘單位數請檢查，!!	AddError(	Dev/ATLAS.OFDB/Source/UI/UI.OFDB/OFDB485.cs:178
受益人存續基金的申購剩餘總單位數，不等於受益人的結餘單位數請檢查，!!	AddError(	Dev/ATLAS.OFDB/Source/UI/UI.OFDB/OFDB485.cs:181
檢查基金代碼為 :{…} 定期定額及債轉定檢核有誤，請檢查!!	ShowMessage(	Dev/ATLAS.OFDB/Source/UI/UI.OFDB/OFDB485.cs:269
檢查基金代碼為 :{…} 結餘單位數有誤，請檢查!!	ShowMessage(	Dev/ATLAS.OFDB/Source/UI/UI.OFDB/OFDB485.cs:295
查無該基金資料!!	ShowMessage(	Dev/ATLAS.OFDB/Source/UI/UI.OFDB/OFDB485.cs:346
消滅基金不得與續存基金為同一基金!!	ShowMessage(	Dev/ATLAS.OFDB/Source/UI/UI.OFDB/OFDB485.cs:358
查無該基金資料	ShowMessage(	Dev/ATLAS.OFDB/Source/UI/UI.OFDB/OFDB485.cs:383
執行功能 為必填欄位	AddError(	Dev/ATLAS.OFDB/Source/UI/UI.OFDB/OFDB486A.cs:167
請確定要執行回復功能？	ShowMessage(	Dev/ATLAS.OFDB/Source/UI/UI.OFDB/OFDB487A.cs:83
執行功能 為必填欄位	AddError(	Dev/ATLAS.OFDB/Source/UI/UI.OFDB/OFDB487A.cs:120
此基金無保管銀行設定	AddError(	Dev/ATLAS.OFDB/Source/UI/UI.OFDB/OFDB488A.cs:127
至少要勾選一筆檔案資料	AddError(	Dev/ATLAS.OFDB/Source/UI/UI.OFDB/OFDB488A.cs:239
基金清算資料未確認!	AddError(	Dev/ATLAS.OFDB/Source/UI/UI.OFDB/OFDB488A.cs:255
路徑不存在	AddError(	Dev/ATLAS.OFDB/Source/UI/UI.OFDB/OFDB488A.cs:293
執行成功。	ShowMessage(	Dev/ATLAS.OFDB/Source/UI/UI.OFDB/OFDB488A.cs:439
至少需勾選一筆明細資料	AddError(	Dev/ATLAS.OFDB/Source/UI/UI.OFDB/OFDB489A.cs:58
退匯原因必須輸入	AddError(	Dev/ATLAS.OFDB/Source/UI/UI.OFDB/OFDB489A.cs:65
退匯日期必須輸入	AddError(	Dev/ATLAS.OFDB/Source/UI/UI.OFDB/OFDB489A.cs:78
退匯日期 不可小於 系統日	AddError(	Dev/ATLAS.OFDB/Source/UI/UI.OFDB/OFDB489A.cs:84
期別、實際付款日期、受益人ID 及戶號須擇一輸入	AddError(	Dev/ATLAS.OFDB/Source/UI/UI.OFDB/OFDB489A.cs:218
至少需勾選一筆明細資料	AddError(	Dev/ATLAS.OFDB/Source/UI/UI.OFDB/OFDB490A.cs:59
退郵原因必須輸入	AddError(	Dev/ATLAS.OFDB/Source/UI/UI.OFDB/OFDB490A.cs:66
退郵日期必須輸入	AddError(	Dev/ATLAS.OFDB/Source/UI/UI.OFDB/OFDB490A.cs:79
期別、實際付款日期、受益人ID 及戶號須擇一輸入	AddError(	Dev/ATLAS.OFDB/Source/UI/UI.OFDB/OFDB490A.cs:214
重新付款日期(起)(迄)必須輸入	AddError(	Dev/ATLAS.OFDB/Source/UI/UI.OFDB/OFDB491A.cs:105
重新付款日期(迄)必須輸入	AddError(	Dev/ATLAS.OFDB/Source/UI/UI.OFDB/OFDB491A.cs:111
重新付款日期(起)必須輸入	AddError(	Dev/ATLAS.OFDB/Source/UI/UI.OFDB/OFDB491A.cs:115
重新付款日期(起) 不可大於 重新付款日期(迄)	AddError(	Dev/ATLAS.OFDB/Source/UI/UI.OFDB/OFDB491A.cs:119
請先設定 實際付款日期	AddError(	Dev/ATLAS.OFDB/Source/UI/UI.OFDB/OFDB491A.cs:221
實際付款日期必須大於系統日	AddError(	Dev/ATLAS.OFDB/Source/UI/UI.OFDB/OFDB491A.cs:227
基金清算重匯付款通知書-匯款 查無資料!	ShowMessage(	Dev/ATLAS.OFDB/Source/UI/UI.OFDB/OFDB491A.cs:355
基金清算重匯付款通知書-支票 查無資料!	ShowMessage(	Dev/ATLAS.OFDB/Source/UI/UI.OFDB/OFDB491A.cs:440
尚有基金清算重新付款資料未填,請填寫後再執行!	AddError(	Dev/ATLAS.OFDB/Source/UI/UI.OFDB/OFDB491A.cs:499
該基金尚未清算	ShowMessage(	Dev/ATLAS.OFDB/Source/UI/UI.OFDB/OFDB491A.cs:535
重新付款匯費不可超過匯費金額級距	AddError(	Dev/ATLAS.OFDB/Source/UI/UI.OFDB/OFDB491Ap0.cs:74
本次應付金額 為必填	AddError(	Dev/ATLAS.OFDB/Source/UI/UI.OFDB/OFDB491Ap0.cs:92
消滅戶號與存續戶號不可相同!	AddError(	Dev/ATLAS.OFDB/Source/UI/UI.OFDB/OFDB501.cs:84
消滅戶號尚有未結帳的交易資料	AddError(	Dev/ATLAS.OFDB/Source/UI/UI.OFDB/OFDB501.cs:88
匯出成功！	ShowMessage(	Dev/ATLAS.OFDB/Source/UI/UI.OFDB/OFDB540.cs:150
查無資料！	ShowMessage(	Dev/ATLAS.OFDB/Source/UI/UI.OFDB/OFDB540.cs:161
所挑選的檔案格式有誤！	ShowMessage(	Dev/ATLAS.OFDB/Source/UI/UI.OFDB/OFDB560.cs:66
所挑選的檔案格式有誤！	ShowMessage(	Dev/ATLAS.OFDB/Source/UI/UI.OFDB/OFDB560.cs:91
檔案開啟中，請先關閉後，再嘗試匯入！	ShowMessage(	Dev/ATLAS.OFDB/Source/UI/UI.OFDB/OFDB560.cs:118
至少須勾選一筆資料	AddError(	Dev/ATLAS.OFDB/Source/UI/UI.OFDB/OFDB562.cs:174
至少須勾選一筆資料	AddError(	Dev/ATLAS.OFDB/Source/UI/UI.OFDB/OFDB563.cs:196
處理方式必須輸入	AddError(	Dev/ATLAS.OFDB/Source/UI/UI.OFDB/OFDB563.cs:204
至少須勾選一筆資料	AddError(	Dev/ATLAS.OFDB/Source/UI/UI.OFDB/OFDB564.cs:185
終止原因必須輸入	AddError(	Dev/ATLAS.OFDB/Source/UI/UI.OFDB/OFDB564.cs:193
請至少選擇一種傳送檔案	AddError(	Dev/ATLAS.OFDB/Source/UI/UI.OFDB/OFDB565.cs:101
匯入檔案無資料！	ShowMessage(	Dev/ATLAS.OFDB/Source/UI/UI.OFDB/OFDB570.cs:62
匯入檔案格式有誤！	ShowMessage(	Dev/ATLAS.OFDB/Source/UI/UI.OFDB/OFDB570.cs:79
檔案開啟中，請先關閉後再匯入！	ShowMessage(	Dev/ATLAS.OFDB/Source/UI/UI.OFDB/OFDB570.cs:105
匯入/匯出檔案路徑無效，請檢查	AddError(	Dev/ATLAS.OFDB/Source/UI/UI.OFDB/OFDB570.cs:148
匯出檔案 [{0}] 已被其他程式開啟或設定唯讀	AddError(	Dev/ATLAS.OFDB/Source/UI/UI.OFDB/OFDB570.cs:175
檔案 {…} 匯出成功。共 {…} 筆。	MessageBox.Show(	Dev/ATLAS.OFDB/Source/UI/UI.OFDB/OFDB570.cs:179
執行期間(起) 不可大於 執行期間(迄)	AddError(	Dev/ATLAS.OFDB/Source/UI/UI.OFDB/OFDB580.cs:89
CM0004	ShowMessage(	Dev/ATLAS.OFDB/Source/UI/UI.OFDB/OFDB701.cs:207
請確認已完成功能清單中之「檢查」功能，是否要執行送核作業(Y/N)	ShowMessage(	Dev/ATLAS.OFDB/Source/UI/UI.OFDB/OFDB701.cs:227
扣款行 : {…} , 扣款帳號 : {…}	AddError(	Dev/ATLAS.OFDB/Source/UI/UI.OFDB/OFDB701.cs:271
尚未選取資料!!	AddError(	Dev/ATLAS.OFDB/Source/UI/UI.OFDB/OFDB701.cs:289
送核日期 不為公司營業日	AddError(	Dev/ATLAS.OFDB/Source/UI/UI.OFDB/OFDB701.cs:819
未設定符合的核印扣款參數資料	AddError(	Dev/ATLAS.OFDB/Source/UI/UI.OFDB/OFDB701.cs:920
必須挑選指定扣款行!!	AddError(	Dev/ATLAS.OFDB/Source/UI/UI.OFDB/OFDB701.cs:979
核印方式不可挑選一般非郵局	AddError(	Dev/ATLAS.OFDB/Source/UI/UI.OFDB/OFDB701.cs:997
送件批號 為必填欄位	AddError(	Dev/ATLAS.OFDB/Source/UI/UI.OFDB/OFDB701.cs:1004
未設定符合的核印扣款參數資料	AddError(	Dev/ATLAS.OFDB/Source/UI/UI.OFDB/OFDB701.cs:1021
CM0004	ShowMessage(	Dev/ATLAS.OFDB/Source/UI/UI.OFDB/OFDB701.cs:1169
回覆日期 為必填欄位	AddError(	Dev/ATLAS.OFDB/Source/UI/UI.OFDB/OFDB702.cs:246
是否核印成功 為核印失敗時，失敗原因 為必填欄位	AddError(	Dev/ATLAS.OFDB/Source/UI/UI.OFDB/OFDB702.cs:257
回覆日期 不可小於 送核日期	AddError(	Dev/ATLAS.OFDB/Source/UI/UI.OFDB/OFDB702.cs:264
是否核印成功 不可為 已送核印	AddError(	Dev/ATLAS.OFDB/Source/UI/UI.OFDB/OFDB702.cs:268
核印回報的資料需註記核印成功或失敗!	AddError(	Dev/ATLAS.OFDB/Source/UI/UI.OFDB/OFDB702.cs:282
尚未選取資料!!	AddError(	Dev/ATLAS.OFDB/Source/UI/UI.OFDB/OFDB702.cs:318
請確認已完成功能清單中之「檢查」功能，是否要執行重新送核作業(Y/N)	變數指派 =	Dev/ATLAS.OFDB/Source/UI/UI.OFDB/OFDB702.cs:331
請確認已完成功能清單中之「檢查」功能，是否要執行取消重新送核作業(Y/N)	變數指派 =	Dev/ATLAS.OFDB/Source/UI/UI.OFDB/OFDB702.cs:335
請確認已完成功能清單中之「檢查」功能，是否要執行人工確認作業(Y/N)	變數指派 =	Dev/ATLAS.OFDB/Source/UI/UI.OFDB/OFDB702.cs:339
有 回覆日期 小於 送核日期 的資料，是否繼續執行？	ShowMessage(	Dev/ATLAS.OFDB/Source/UI/UI.OFDB/OFDB702.cs:355
一般核印回報收檔只適用郵局核印回報, 確定要執行匯入作業(Y/N)	ShowMessage(	Dev/ATLAS.OFDB/Source/UI/UI.OFDB/OFDB702.cs:607
郵局人工確認請至OFDB707操作!	MessageBox.Show(	Dev/ATLAS.OFDB/Source/UI/UI.OFDB/OFDB702.cs:695
回覆日期 不為公司營業日	AddError(	Dev/ATLAS.OFDB/Source/UI/UI.OFDB/OFDB702.cs:770
必須挑選指定扣款行!!	AddError(	Dev/ATLAS.OFDB/Source/UI/UI.OFDB/OFDB702.cs:798
所挑選的檔案不存在	AddError(	Dev/ATLAS.OFDB/Source/UI/UI.OFDB/OFDB702.cs:825
基金群組為必填欄位	AddError(	Dev/ATLAS.OFDB/Source/UI/UI.OFDB/OFDB703.cs:846
至少勾選一筆基金代碼	AddError(	Dev/ATLAS.OFDB/Source/UI/UI.OFDB/OFDB703.cs:853
必須挑選指定扣款行	AddError(	Dev/ATLAS.OFDB/Source/UI/UI.OFDB/OFDB703.cs:871
執行日期 執行功能選擇「送件」時，必須輸入	AddError(	Dev/ATLAS.OFDB/Source/UI/UI.OFDB/OFDB703.cs:878
實際扣款日期 執行功能選擇「送件」時，必須輸入	AddError(	Dev/ATLAS.OFDB/Source/UI/UI.OFDB/OFDB703.cs:880
實際扣款日期 不為銀行營業日	AddError(	Dev/ATLAS.OFDB/Source/UI/UI.OFDB/OFDB703.cs:887
文字檔存放路徑 為必填欄位	AddError(	Dev/ATLAS.OFDB/Source/UI/UI.OFDB/OFDB703.cs:902
未設定符合的核印扣款參數資料	AddError(	Dev/ATLAS.OFDB/Source/UI/UI.OFDB/OFDB703.cs:911
扣款資料挑選方式 必須擇一挑選	AddError(	Dev/ATLAS.OFDB/Source/UI/UI.OFDB/OFDB703.cs:919
必須挑選失敗代碼	AddError(	Dev/ATLAS.OFDB/Source/UI/UI.OFDB/OFDB703.cs:936
未設定符合的核印扣款參數資料	AddError(	Dev/ATLAS.OFDB/Source/UI/UI.OFDB/OFDB703.cs:1127
實際扣款日期 不為銀行營業日	AddError(	Dev/ATLAS.OFDB/Source/UI/UI.OFDB/OFDB704.cs:217
所挑選的檔案不存在	AddError(	Dev/ATLAS.OFDB/Source/UI/UI.OFDB/OFDB704.cs:227
至少勾選一筆明細	AddError(	Dev/ATLAS.OFDB/Source/UI/UI.OFDB/OFDB706.cs:205
勾選核印失敗時，失敗原因 為必填欄位	AddError(	Dev/ATLAS.OFDB/Source/UI/UI.OFDB/OFDB706.cs:207
勾選註記時，核印狀態 請擇一勾選	AddError(	Dev/ATLAS.OFDB/Source/UI/UI.OFDB/OFDB706.cs:209
至少勾選一筆明細	AddError(	Dev/ATLAS.OFDB/Source/UI/UI.OFDB/OFDB707.cs:110
是否核印成功 為核印失敗時，失敗原因 為必填欄位	AddError(	Dev/ATLAS.OFDB/Source/UI/UI.OFDB/OFDB707.cs:112
是否核印成功 不可為 已送核印	AddError(	Dev/ATLAS.OFDB/Source/UI/UI.OFDB/OFDB707.cs:114
回覆日期 不為公司營業日	AddError(	Dev/ATLAS.OFDB/Source/UI/UI.OFDB/OFDB707.cs:121
回覆日期 不可小於 送核日期	AddError(	Dev/ATLAS.OFDB/Source/UI/UI.OFDB/OFDB707.cs:126
有 回覆日期 小於 送核日期 的資料，是否繼續執行？	ShowMessage(	Dev/ATLAS.OFDB/Source/UI/UI.OFDB/OFDB707.cs:136
請確認是否要執行人工確認作業(Y/N)	ShowMessage(	Dev/ATLAS.OFDB/Source/UI/UI.OFDB/OFDB707.cs:143
一旦執行轉換為［無實體發行基金］後，則無法提供回復為［實體發行基金］，請確認是否繼續(Y/N)	ShowMessage(	Dev/ATLAS.OFDB/Source/UI/UI.OFDB/OFDB715.cs:64
至少勾選一筆基金代碼	AddError(	Dev/ATLAS.OFDB/Source/UI/UI.OFDB/OFDB715.cs:142
集保基金代碼 為必填欄位	AddError(	Dev/ATLAS.OFDB/Source/UI/UI.OFDB/OFDB715.cs:159
基金代碼{…} 集保受益憑證代號重覆	AddError(	Dev/ATLAS.OFDB/Source/UI/UI.OFDB/OFDB715.cs:223
此基金仍為實體發行基金，請確認仍要執行	ShowMessage(	Dev/ATLAS.OFDB/Source/UI/UI.OFDB/OFDB716.cs:73
此基金尚未設定集保基金代碼，請先執行"境內基金基本資料維護作業(OFDM081A)"	AddError(	Dev/ATLAS.OFDB/Source/UI/UI.OFDB/OFDB716.cs:83
基金當日日期未結帳	AddError(	Dev/ATLAS.OFDB/Source/UI/UI.OFDB/OFDB716.cs:109
此基金已轉出過，請先至「首次轉無實體刪除作業(OFDB721) 」執行刪除程序後，才可重新產生	AddError(	Dev/ATLAS.OFDB/Source/UI/UI.OFDB/OFDB716.cs:117
該基金尚未成立	AddError(	Dev/ATLAS.OFDB/Source/UI/UI.OFDB/OFDB716.cs:126
首次發行即為無實體基金，無法使用此功能	AddError(	Dev/ATLAS.OFDB/Source/UI/UI.OFDB/OFDB716.cs:134
集保受益憑證代號重覆	AddError(	Dev/ATLAS.OFDB/Source/UI/UI.OFDB/OFDB716.cs:141
此基金已轉出，請先執行"首次轉無實體刪除作業(OFDB721)"刪除資料後，再重新產生	AddError(	Dev/ATLAS.OFDB/Source/UI/UI.OFDB/OFDB716.cs:239
轉檔路徑必須輸入	AddError(	Dev/ATLAS.OFDB/Source/UI/UI.OFDB/OFDB717.cs:119
至少勾選一筆基金代碼	AddError(	Dev/ATLAS.OFDB/Source/UI/UI.OFDB/OFDB717.cs:136
至少勾選一筆基金代碼	AddError(	Dev/ATLAS.OFDB/Source/UI/UI.OFDB/OFDB718.cs:60
結餘日期 不為公司營業日	AddError(	Dev/ATLAS.OFDB/Source/UI/UI.OFDB/OFDB719.cs:142
所挑選的檔案不存在	AddError(	Dev/ATLAS.OFDB/Source/UI/UI.OFDB/OFDB719.cs:152
明細資料 至少需勾選一筆	AddError(	Dev/ATLAS.OFDB/Source/UI/UI.OFDB/OFDB720.cs:124
至少勾選一筆基金代碼	AddError(	Dev/ATLAS.OFDB/Source/UI/UI.OFDB/OFDB721.cs:53
至少勾選一筆基金代碼	AddError(	Dev/ATLAS.OFDB/Source/UI/UI.OFDB/OFDB722.cs:189
請輸入正確的民國年月格式(YYY/MM)	AddError(	Dev/ATLAS.OFDB/Source/UI/UI.OFDB/OFDB731.cs:71
有指定收檔基金只可匯入/刪除一組ID	AddError(	Dev/ATLAS.OFDB/Source/UI/UI.OFDB/OFDB731.cs:75
請輸入ID	AddError(	Dev/ATLAS.OFDB/Source/UI/UI.OFDB/OFDB731.cs:86
此ID ({…}) 請選擇要匯入的檔案	AddError(	Dev/ATLAS.OFDB/Source/UI/UI.OFDB/OFDB731.cs:94
此ID ({…}) 重覆輸入	AddError(	Dev/ATLAS.OFDB/Source/UI/UI.OFDB/OFDB731.cs:106
此ID ({…}) 該年月已有資料， 是否先刪除後重新匯入？	ShowMessage(	Dev/ATLAS.OFDB/Source/UI/UI.OFDB/OFDB731.cs:149
執行成功。	ShowMessage(	Dev/ATLAS.OFDB/Source/UI/UI.OFDB/OFDB731.cs:315
執行成功。	ShowMessage(	Dev/ATLAS.OFDB/Source/UI/UI.OFDB/OFDB731.cs:383
(Error Code=1) 長度必須為70bytes	變數指派 =	Dev/ATLAS.OFDB/Source/UI/UI.OFDB/OFDB731.cs:702
(Error Code=1) 長度必須為62bytes	變數指派 =	Dev/ATLAS.OFDB/Source/UI/UI.OFDB/OFDB731.cs:720
(Error Code=4) 基金統編非本投信之基金統編	變數指派 =	Dev/ATLAS.OFDB/Source/UI/UI.OFDB/OFDB731.cs:747
(Error Code=2) 第1-23個bytes必須為空白，其餘欄位不可全空白	變數指派 =	Dev/ATLAS.OFDB/Source/UI/UI.OFDB/OFDB731.cs:812
(Error Code=2) 第1-23個bytes必須為空白，其餘欄位不可全空白	變數指派 =	Dev/ATLAS.OFDB/Source/UI/UI.OFDB/OFDB731.cs:829
(Error Code=3) 單位數欄位有非數值資料	變數指派 =	Dev/ATLAS.OFDB/Source/UI/UI.OFDB/OFDB731.cs:851
(Error Code=6) 身份別為1或2者,其生日欄位不符規定(應為空白)	變數指派 =	Dev/ATLAS.OFDB/Source/UI/UI.OFDB/OFDB731.cs:893
(Error Code=5) 身份別為3或4者,其生日欄位不符規定(YYYMMDD民國年)	變數指派 =	Dev/ATLAS.OFDB/Source/UI/UI.OFDB/OFDB731.cs:917
(Error Code=5) 身份別為3或4者,其生日欄位不符規定(YYYMMDD民國年)	變數指派 =	Dev/ATLAS.OFDB/Source/UI/UI.OFDB/OFDB731.cs:933
(Error Code=6) 身份別必須為1,2,3,4	變數指派 =	Dev/ATLAS.OFDB/Source/UI/UI.OFDB/OFDB731.cs:948
(Error Code=8) 業者統編格式錯誤	變數指派 =	Dev/ATLAS.OFDB/Source/UI/UI.OFDB/OFDB731.cs:982
(Error Code=7) 本檔基金單位數總合不可為零	變數指派 =	Dev/ATLAS.OFDB/Source/UI/UI.OFDB/OFDB731.cs:1025
匯入資料共 {…} 筆	變數指派 =	Dev/ATLAS.OFDB/Source/UI/UI.OFDB/OFDB731.cs:1052
檔案 [{0}] 已被其他程式開啟或設定唯讀	ShowMessage(	Dev/ATLAS.OFDB/Source/UI/UI.OFDB/OFDB731.cs:1065
執行成功。	ShowMessage(	Dev/ATLAS.OFDB/Source/UI/UI.OFDB/OFDB731.cs:1086
至少須勾選一筆 基金明細資料	AddError(	Dev/ATLAS.OFDB/Source/UI/UI.OFDB/OFDB732.cs:55
轉檔路徑 為必填欄位	AddError(	Dev/ATLAS.OFDB/Source/UI/UI.OFDB/OFDB732.cs:133
至少須勾選一筆 轉出明細資料	AddError(	Dev/ATLAS.OFDB/Source/UI/UI.OFDB/OFDB732.cs:151
有交易但無結匯銀行[{…}]基本資料	AddError(	Dev/ATLAS.OFDB/Source/UI/UI.OFDB/OFDB732.cs:161
基金：{…}，結匯銀行：{…}，結匯日期：{…}，交易編號：{…}	變數指派 =	Dev/ATLAS.OFDB/Source/UI/UI.OFDB/OFDB732.cs:192
{…} 已執行過申報作業，是否刪除上次的結果，重新計算？	ShowMessage(	Dev/ATLAS.OFDB/Source/UI/UI.OFDB/OFDB732.cs:199
有部分檔案加密處理失敗，請檢查檔名含有錯誤訊息之檔案！	MessageBox.Show(	Dev/ATLAS.OFDB/Source/UI/UI.OFDB/OFDB732.cs:450
申報日期 不為 基金代碼[{…}]的營業日	AddError(	Dev/ATLAS.OFDB/Source/UI/UI.OFDB/OFDB733.cs:66
基金 [{…}] 申報日期尚未結帳，是否繼續執行？	ShowMessage(	Dev/ATLAS.OFDB/Source/UI/UI.OFDB/OFDB733.cs:75
此基金({…})在該年月已有資料，是否先刪除後重新匯入？	ShowMessage(	Dev/ATLAS.OFDB/Source/UI/UI.OFDB/OFDB733.cs:109
動作未執行	ShowMessage(	Dev/ATLAS.OFDB/Source/UI/UI.OFDB/OFDB733.cs:112
至少須勾選一筆明細	AddError(	Dev/ATLAS.OFDB/Source/UI/UI.OFDB/OFDB733.cs:487
至少勾選一筆轉出明細資料	AddError(	Dev/ATLAS.OFDB/Source/UI/UI.OFDB/OFDB734.cs:105
有交易但無結匯銀行[{…}]基本資料	AddError(	Dev/ATLAS.OFDB/Source/UI/UI.OFDB/OFDB734.cs:110
勾選資料中，有已做過補申報作業，是否重新計算。	變數指派 =	Dev/ATLAS.OFDB/Source/UI/UI.OFDB/OFDB734.cs:130
至少勾選一筆基金代碼	AddError(	Dev/ATLAS.OFDB/Source/UI/UI.OFDB/OFDB734.cs:251
執行成功。	ShowMessage(	Dev/ATLAS.OFDB/Source/UI/UI.OFDB/OFDB734.cs:420
結匯日期(起)必須小於等於(迄)	AddError(	Dev/ATLAS.OFDB/Source/UI/UI.OFDB/OFDB734.cs:475
檔案名稱：{…}	變數指派 =	Dev/ATLAS.OFDB/Source/UI/UI.OFDB/OFDB751.cs:112
資料種類 至少須勾選一項	AddError(	Dev/ATLAS.OFDB/Source/UI/UI.OFDB/OFDB751.cs:233
請選擇要匯入的檔案	AddError(	Dev/ATLAS.OFDB/Source/UI/UI.OFDB/OFDB751.cs:238
所要匯入的{…}檔案不存在!	AddError(	Dev/ATLAS.OFDB/Source/UI/UI.OFDB/OFDB751.cs:247
所挑選的檔案{…}日期與執行日期不相符，請檢查!	AddError(	Dev/ATLAS.OFDB/Source/UI/UI.OFDB/OFDB751.cs:268
所挑選的檔案{…}日期格式有誤，請檢查!	AddError(	Dev/ATLAS.OFDB/Source/UI/UI.OFDB/OFDB751.cs:273
所挑選的檔案{…}尚未有資料!	AddError(	Dev/ATLAS.OFDB/Source/UI/UI.OFDB/OFDB751.cs:280
至少勾選一筆交易資料	AddError(	Dev/ATLAS.OFDB/Source/UI/UI.OFDB/OFDB752.cs:205
至少勾選一筆基金代碼	AddError(	Dev/ATLAS.OFDB/Source/UI/UI.OFDB/OFDB752.cs:365
收件日期、交易日期、淨值日期 必須擇一輸入	AddError(	Dev/ATLAS.OFDB/Source/UI/UI.OFDB/OFDB752.cs:371
資料來源 為必填欄位	AddError(	Dev/ATLAS.OFDB/Source/UI/UI.OFDB/OFDB752.cs:375
無符合查詢條件的資料	ShowMessage(	Dev/ATLAS.OFDB/Source/UI/UI.OFDB/OFDB753.cs:168
收益分配資料尚未結算確認(OFDB284)，不可執行上傳	ShowMessage(	Dev/ATLAS.OFDB/Source/UI/UI.OFDB/OFDB755.cs:96
再申購資料尚未結帳，不可執行上傳	ShowMessage(	Dev/ATLAS.OFDB/Source/UI/UI.OFDB/OFDB755.cs:109
有短線交易資料，是否一併刪除	ShowMessage(	Dev/ATLAS.OFDB/Source/UI/UI.OFDB/OFDB757.cs:128
{0} 匯入資料檔名須為【申報代碼_銷售機構統編_申報年月】，請檢查	AddError(	Dev/ATLAS.OFDB/Source/UI/UI.OFDB/OFDB871.cs:90
{0} 匯入資料格式與檔案種類不符，請檢查	AddError(	Dev/ATLAS.OFDB/Source/UI/UI.OFDB/OFDB871.cs:96
{0} 匯入資料的【檔案日期】與執行日期不相符，請檢查	AddError(	Dev/ATLAS.OFDB/Source/UI/UI.OFDB/OFDB871.cs:102
資料種類 至少須勾選一項	AddError(	Dev/ATLAS.OFDB/Source/UI/UI.OFDB/OFDB871.cs:237
檔案路徑無效，請檢查	AddError(	Dev/ATLAS.OFDB/Source/UI/UI.OFDB/OFDB901.cs:66
至少要有一筆'授權資料'	AddError(	Dev/ATLAS.OFDB/Source/UI/UI.OFDB/OFDB901.cs:69
計算日期區間(起)需小於等於計算日期區間(訖)	AddError(	Dev/ATLAS.OFDB/Source/UI/UI.OFDB/OFDB911.cs:59
至少勾選一筆資料	AddError(	Dev/ATLAS.OFDB/Source/UI/UI.OFDB/OFDB913.cs:107
檔案格式有誤，請檢查!	ShowMessage(	Dev/ATLAS.OFDB/Source/UI/UI.OFDB/OFDB950.cs:88
檔案格式有誤，請檢查!	ShowMessage(	Dev/ATLAS.OFDB/Source/UI/UI.OFDB/OFDB950.cs:122
檔案格式有誤，請檢查!	ShowMessage(	Dev/ATLAS.OFDB/Source/UI/UI.OFDB/OFDB950.cs:148
檔案格式有誤，請檢查!	ShowMessage(	Dev/ATLAS.OFDB/Source/UI/UI.OFDB/OFDB950.cs:185
無符合查詢條件的資料	AddResultRow(	Dev/ATLAS.OFDI/Source/Control/Control.OFDI/OFDI011_Ctl.cs:485
查無資料，請重新輸入查詢條件	AddResultRow(	Dev/ATLAS.OFDI/Source/PO/PO.OFDI/OFDI011_PO.cs:5318
取得境外資訊，請檢查	AddResultRow(	Dev/ATLAS.OFDI/Source/PO/PO.OFDI/OFDI011_PO.cs:6750
無符合查詢條件的資料!	ShowMessage(	Dev/ATLAS.OFDI/Source/UI/UI.OFDI/OFDI011.cs:278
抱歉! 您使用的登入帳號:{0} 尚未指定員工編號, 不可進行客戶查詢!	ShowFormatMessage(	Dev/ATLAS.OFDI/Source/UI/UI.OFDI/OFDI011.cs:380
受益人ID、姓名、戶號必須擇一輸入	AddError(	Dev/ATLAS.OFDI/Source/UI/UI.OFDI/OFDI011.cs:476
無符合查詢條件的資料!	ShowMessage(	Dev/ATLAS.OFDI/Source/UI/UI.OFDI/OFDI011.cs:493
確定離開?	ShowMessage(	Dev/ATLAS.OFDI/Source/UI/UI.OFDI/OFDI011.cs:848
此客戶非網路交易戶，不可查詢	ShowMessage(	Dev/ATLAS.OFDI/Source/UI/UI.OFDI/OFDI011.cs:1204
此客戶非網路交易戶，不可查詢	ShowMessage(	Dev/ATLAS.OFDI/Source/UI/UI.OFDI/OFDI011.cs:1216
此客戶非網路交易戶，不可查詢	ShowMessage(	Dev/ATLAS.OFDI/Source/UI/UI.OFDI/OFDI011.cs:1227
此客戶非網路交易戶，不可查詢	ShowMessage(	Dev/ATLAS.OFDI/Source/UI/UI.OFDI/OFDI011.cs:1247
您點選的查詢項目無法開啟!	ShowMessage(	Dev/ATLAS.OFDI/Source/UI/UI.OFDI/OFDI011.cs:1314
不可輸入特殊字元 [@!#$%}！＠＃＄％︿＊～？＞＜＆／＼｛｝”’`{^~?&/,\"<>*'.]	ShowMessage(	Dev/ATLAS.OFDI/Source/UI/UI.OFDI/OFDI011.cs:1359
無符合查詢條件的資料!	ShowMessage(	Dev/ATLAS.OFDI/Source/UI/UI.OFDI/OFDI011A.cs:275
抱歉! 您使用的登入帳號:{0} 尚未指定員工編號, 不可進行客戶查詢!	ShowFormatMessage(	Dev/ATLAS.OFDI/Source/UI/UI.OFDI/OFDI011A.cs:376
受益人ID、姓名、戶號必須擇一輸入	AddError(	Dev/ATLAS.OFDI/Source/UI/UI.OFDI/OFDI011A.cs:471
無符合查詢條件的資料!	ShowMessage(	Dev/ATLAS.OFDI/Source/UI/UI.OFDI/OFDI011A.cs:478
無符合查詢條件的資料!	ShowMessage(	Dev/ATLAS.OFDI/Source/UI/UI.OFDI/OFDI011A.cs:489
確定離開?	ShowMessage(	Dev/ATLAS.OFDI/Source/UI/UI.OFDI/OFDI011A.cs:836
此客戶非網路交易戶，不可查詢	ShowMessage(	Dev/ATLAS.OFDI/Source/UI/UI.OFDI/OFDI011A.cs:1190
此客戶非網路交易戶，不可查詢	ShowMessage(	Dev/ATLAS.OFDI/Source/UI/UI.OFDI/OFDI011A.cs:1202
此客戶非網路交易戶，不可查詢	ShowMessage(	Dev/ATLAS.OFDI/Source/UI/UI.OFDI/OFDI011A.cs:1213
此客戶非網路交易戶，不可查詢	ShowMessage(	Dev/ATLAS.OFDI/Source/UI/UI.OFDI/OFDI011A.cs:1233
您點選的查詢項目無法開啟!	ShowMessage(	Dev/ATLAS.OFDI/Source/UI/UI.OFDI/OFDI011A.cs:1295
不可輸入特殊字元 [@!#$%}！＠＃＄％︿＊～？＞＜＆／＼｛｝”’`{^~?&/,\"<>*'.]	ShowMessage(	Dev/ATLAS.OFDI/Source/UI/UI.OFDI/OFDI011A.cs:1340
無符合查詢條件的資料!	ShowMessage(	Dev/ATLAS.OFDI/Source/UI/UI.OFDI/OFDI011B.cs:275
抱歉! 您使用的登入帳號:{0} 尚未指定員工編號, 不可進行客戶查詢!	ShowFormatMessage(	Dev/ATLAS.OFDI/Source/UI/UI.OFDI/OFDI011B.cs:376
受益人ID、姓名、戶號必須擇一輸入	AddError(	Dev/ATLAS.OFDI/Source/UI/UI.OFDI/OFDI011B.cs:471
無符合查詢條件的資料!	ShowMessage(	Dev/ATLAS.OFDI/Source/UI/UI.OFDI/OFDI011B.cs:478
無符合查詢條件的資料!	ShowMessage(	Dev/ATLAS.OFDI/Source/UI/UI.OFDI/OFDI011B.cs:489
確定離開?	ShowMessage(	Dev/ATLAS.OFDI/Source/UI/UI.OFDI/OFDI011B.cs:834
此客戶非網路交易戶，不可查詢	ShowMessage(	Dev/ATLAS.OFDI/Source/UI/UI.OFDI/OFDI011B.cs:1192
此客戶非網路交易戶，不可查詢	ShowMessage(	Dev/ATLAS.OFDI/Source/UI/UI.OFDI/OFDI011B.cs:1204
此客戶非網路交易戶，不可查詢	ShowMessage(	Dev/ATLAS.OFDI/Source/UI/UI.OFDI/OFDI011B.cs:1215
此客戶非網路交易戶，不可查詢	ShowMessage(	Dev/ATLAS.OFDI/Source/UI/UI.OFDI/OFDI011B.cs:1235
您點選的查詢項目無法開啟!	ShowMessage(	Dev/ATLAS.OFDI/Source/UI/UI.OFDI/OFDI011B.cs:1297
不可輸入特殊字元 [@!#$%}！＠＃＄％︿＊～？＞＜＆／＼｛｝”’`{^~?&/,\"<>*'.]	ShowMessage(	Dev/ATLAS.OFDI/Source/UI/UI.OFDI/OFDI011B.cs:1342
無符合查詢條件的資料!	ShowMessage(	Dev/ATLAS.OFDI/Source/UI/UI.OFDI/OFDI011C.cs:275
抱歉! 您使用的登入帳號:{0} 尚未指定員工編號, 不可進行客戶查詢!	ShowFormatMessage(	Dev/ATLAS.OFDI/Source/UI/UI.OFDI/OFDI011C.cs:376
受益人ID、姓名、戶號必須擇一輸入	AddError(	Dev/ATLAS.OFDI/Source/UI/UI.OFDI/OFDI011C.cs:472
無符合查詢條件的資料!	ShowMessage(	Dev/ATLAS.OFDI/Source/UI/UI.OFDI/OFDI011C.cs:479
無符合查詢條件的資料!	ShowMessage(	Dev/ATLAS.OFDI/Source/UI/UI.OFDI/OFDI011C.cs:490
確定離開?	ShowMessage(	Dev/ATLAS.OFDI/Source/UI/UI.OFDI/OFDI011C.cs:835
此客戶非網路交易戶，不可查詢	ShowMessage(	Dev/ATLAS.OFDI/Source/UI/UI.OFDI/OFDI011C.cs:1188
此客戶非網路交易戶，不可查詢	ShowMessage(	Dev/ATLAS.OFDI/Source/UI/UI.OFDI/OFDI011C.cs:1200
此客戶非網路交易戶，不可查詢	ShowMessage(	Dev/ATLAS.OFDI/Source/UI/UI.OFDI/OFDI011C.cs:1211
此客戶非網路交易戶，不可查詢	ShowMessage(	Dev/ATLAS.OFDI/Source/UI/UI.OFDI/OFDI011C.cs:1231
您點選的查詢項目無法開啟!	ShowMessage(	Dev/ATLAS.OFDI/Source/UI/UI.OFDI/OFDI011C.cs:1293
不可輸入特殊字元 [@!#$%}！＠＃＄％︿＊～？＞＜＆／＼｛｝”’`{^~?&/,\"<>*'.]	ShowMessage(	Dev/ATLAS.OFDI/Source/UI/UI.OFDI/OFDI011C.cs:1338
無符合查詢條件的資料!	ShowMessage(	Dev/ATLAS.OFDI/Source/UI/UI.OFDI/OFDI011E.cs:258
抱歉! 您使用的登入帳號:{0} 尚未指定員工編號, 不可進行客戶查詢!	ShowFormatMessage(	Dev/ATLAS.OFDI/Source/UI/UI.OFDI/OFDI011E.cs:357
受益人ID、姓名、戶號必須擇一輸入	AddError(	Dev/ATLAS.OFDI/Source/UI/UI.OFDI/OFDI011E.cs:451
無符合查詢條件的資料!	ShowMessage(	Dev/ATLAS.OFDI/Source/UI/UI.OFDI/OFDI011E.cs:458
無符合查詢條件的資料!	ShowMessage(	Dev/ATLAS.OFDI/Source/UI/UI.OFDI/OFDI011E.cs:469
確定離開?	ShowMessage(	Dev/ATLAS.OFDI/Source/UI/UI.OFDI/OFDI011E.cs:763
此客戶非網路交易戶，不可查詢	ShowMessage(	Dev/ATLAS.OFDI/Source/UI/UI.OFDI/OFDI011E.cs:1110
此客戶非網路交易戶，不可查詢	ShowMessage(	Dev/ATLAS.OFDI/Source/UI/UI.OFDI/OFDI011E.cs:1122
此客戶非網路交易戶，不可查詢	ShowMessage(	Dev/ATLAS.OFDI/Source/UI/UI.OFDI/OFDI011E.cs:1133
此客戶非網路交易戶，不可查詢	ShowMessage(	Dev/ATLAS.OFDI/Source/UI/UI.OFDI/OFDI011E.cs:1153
您點選的查詢項目無法開啟!	ShowMessage(	Dev/ATLAS.OFDI/Source/UI/UI.OFDI/OFDI011E.cs:1209
不可輸入特殊字元 [@!#$%}！＠＃＄％︿＊～？＞＜＆／＼｛｝”’`{^~?&/,\"<>*'.]	ShowMessage(	Dev/ATLAS.OFDI/Source/UI/UI.OFDI/OFDI011E.cs:1254
無符合查詢條件的資料!	ShowMessage(	Dev/ATLAS.OFDI/Source/UI/UI.OFDI/frmBBS_ALL.cs:86
申請日期(起)(迄) 必須全(不)填寫	AddError(	Dev/ATLAS.OFDI/Source/UI/UI.OFDI/frmBBS_ALL.cs:97
申請日期(起) 不可大於 申請日期(迄)	AddError(	Dev/ATLAS.OFDI/Source/UI/UI.OFDI/frmBBS_ALL.cs:102
無符合查詢條件的資料!	ShowMessage(	Dev/ATLAS.OFDI/Source/UI/UI.OFDI/frmBalance.cs:116
本次通聯原因至少需勾選一筆	AddError(	Dev/ATLAS.OFDI/Source/UI/UI.OFDI/frmBfBasic.cs:570
請先按下顯示印鑑，查看印鑑	MessageBox.Show(	Dev/ATLAS.OFDI/Source/UI/UI.OFDI/frmBfChangeData.cs:1625
無符合查詢條件的資料!	ShowMessage(	Dev/ATLAS.OFDI/Source/UI/UI.OFDI/frmBfChangeList.cs:91
無符合查詢條件的資料!	ShowMessage(	Dev/ATLAS.OFDI/Source/UI/UI.OFDI/frmBuyAccountOffShore.cs:138
無符合查詢條件的資料!	ShowMessage(	Dev/ATLAS.OFDI/Source/UI/UI.OFDI/frmCLAIM.cs:58
無符合查詢條件的資料!	ShowMessage(	Dev/ATLAS.OFDI/Source/UI/UI.OFDI/frmCLEARDATA.cs:198
無符合查詢條件的資料!	ShowMessage(	Dev/ATLAS.OFDI/Source/UI/UI.OFDI/frmCerData.cs:93
未實作!!	throw new Exception(	Dev/ATLAS.OFDI/Source/UI/UI.OFDI/frmChangeHistory.cs:67
無符合查詢條件的資料!	ShowMessage(	Dev/ATLAS.OFDI/Source/UI/UI.OFDI/frmChangeHistory.cs:94
份數必須大於0	AddError(	Dev/ATLAS.OFDI/Source/UI/UI.OFDI/frmCustomerClaim.cs:237
份數必須大於0	AddError(	Dev/ATLAS.OFDI/Source/UI/UI.OFDI/frmCustomerClaim.cs:266
請選擇要索取的資料	AddError(	Dev/ATLAS.OFDI/Source/UI/UI.OFDI/frmCustomerClaim.cs:463
請選擇郵寄方式	AddError(	Dev/ATLAS.OFDI/Source/UI/UI.OFDI/frmCustomerClaim.cs:475
請輸入E-Mail	AddError(	Dev/ATLAS.OFDI/Source/UI/UI.OFDI/frmCustomerClaim.cs:484
請輸入傳真電話區碼	AddError(	Dev/ATLAS.OFDI/Source/UI/UI.OFDI/frmCustomerClaim.cs:492
請輸入傳真電話號碼	AddError(	Dev/ATLAS.OFDI/Source/UI/UI.OFDI/frmCustomerClaim.cs:497
無符合查詢條件的資料!	ShowMessage(	Dev/ATLAS.OFDI/Source/UI/UI.OFDI/frmDMS.cs:122
查無可調閱文件資料	ShowMessage(	Dev/ATLAS.OFDI/Source/UI/UI.OFDI/frmDMS.cs:142
無符合查詢條件的資料!	ShowMessage(	Dev/ATLAS.OFDI/Source/UI/UI.OFDI/frmDealAccount.cs:99
未實作!!	throw new Exception(	Dev/ATLAS.OFDI/Source/UI/UI.OFDI/frmDeductHistory.cs:70
無符合查詢條件的資料!	ShowMessage(	Dev/ATLAS.OFDI/Source/UI/UI.OFDI/frmDeductHistory.cs:90
無符合查詢條件的資料!	ShowMessage(	Dev/ATLAS.OFDI/Source/UI/UI.OFDI/frmDivReturn.cs:139
退匯日期(起)(迄) 必須全(不)填寫	AddError(	Dev/ATLAS.OFDI/Source/UI/UI.OFDI/frmDivReturn.cs:156
退匯日期(起) 不可大於 退匯日期(迄)	AddError(	Dev/ATLAS.OFDI/Source/UI/UI.OFDI/frmDivReturn.cs:160
無符合查詢條件的資料!	ShowMessage(	Dev/ATLAS.OFDI/Source/UI/UI.OFDI/frmDividend.cs:400
分配基準日(起)(迄) 必須全(不)填寫	AddError(	Dev/ATLAS.OFDI/Source/UI/UI.OFDI/frmDividend.cs:417
分配基準日(起) 不可大於 分配基準日(迄)	AddError(	Dev/ATLAS.OFDI/Source/UI/UI.OFDI/frmDividend.cs:421
無符合查詢條件的資料!	ShowMessage(	Dev/ATLAS.OFDI/Source/UI/UI.OFDI/frmDividendAccount.cs:93
此受益人尚未申請為網路戶	ShowMessage(	Dev/ATLAS.OFDI/Source/UI/UI.OFDI/frmECDocuments.cs:190
無符合查詢條件的資料!	ShowMessage(	Dev/ATLAS.OFDI/Source/UI/UI.OFDI/frmECDocuments.cs:194
此受益人尚未申請為網路戶	ShowMessage(	Dev/ATLAS.OFDI/Source/UI/UI.OFDI/frmECRightChange.cs:205
無符合查詢條件的資料!	ShowMessage(	Dev/ATLAS.OFDI/Source/UI/UI.OFDI/frmECRightChange.cs:209
無符合查詢條件的資料!	ShowMessage(	Dev/ATLAS.OFDI/Source/UI/UI.OFDI/frmFEER_LOG.cs:71
基金代碼 必須輸入！	AddError(	Dev/ATLAS.OFDI/Source/UI/UI.OFDI/frmFEER_LOG.cs:154
無符合查詢條件的資料!	ShowMessage(	Dev/ATLAS.OFDI/Source/UI/UI.OFDI/frmHistoryNav.cs:314
查詢日期(起)(迄) 必須全(不)填寫	AddError(	Dev/ATLAS.OFDI/Source/UI/UI.OFDI/frmHistoryNav.cs:343
查詢日期(起) 不可大於 查詢日期(迄)	AddError(	Dev/ATLAS.OFDI/Source/UI/UI.OFDI/frmHistoryNav.cs:345
無符合查詢條件的資料!	ShowMessage(	Dev/ATLAS.OFDI/Source/UI/UI.OFDI/frmHistoryRate.cs:100
查詢日期(起)(迄) 必須全(不)填寫	AddError(	Dev/ATLAS.OFDI/Source/UI/UI.OFDI/frmHistoryRate.cs:166
查詢日期(起) 不可大於 查詢日期(迄)	AddError(	Dev/ATLAS.OFDI/Source/UI/UI.OFDI/frmHistoryRate.cs:168
無符合查詢條件的資料!	ShowMessage(	Dev/ATLAS.OFDI/Source/UI/UI.OFDI/frmJoint.cs:74
無符合查詢條件的資料!	ShowMessage(	Dev/ATLAS.OFDI/Source/UI/UI.OFDI/frmLetter.cs:165
無符合查詢條件的資料!	ShowMessage(	Dev/ATLAS.OFDI/Source/UI/UI.OFDI/frmLetterRejectedInfo.cs:52
無符合查詢條件的資料!	ShowMessage(	Dev/ATLAS.OFDI/Source/UI/UI.OFDI/frmMissing.cs:100
無淨值資料可列印	ShowMessage(	Dev/ATLAS.OFDI/Source/UI/UI.OFDI/frmNavInquiry.cs:109
無符合查詢條件的資料!	ShowMessage(	Dev/ATLAS.OFDI/Source/UI/UI.OFDI/frmNavInquiry.cs:338
無符合查詢條件的資料!	ShowMessage(	Dev/ATLAS.OFDI/Source/UI/UI.OFDI/frmOFFFUNDACCT.cs:61
無符合查詢條件的資料!	ShowMessage(	Dev/ATLAS.OFDI/Source/UI/UI.OFDI/frmOFFFUNDBAL.cs:66
無符合查詢條件的資料!	ShowMessage(	Dev/ATLAS.OFDI/Source/UI/UI.OFDI/frmOFFFUNDDATA.cs:95
交易日期(起)(迄) 必須全(不)填寫	AddError(	Dev/ATLAS.OFDI/Source/UI/UI.OFDI/frmOFFFUNDDATA.cs:105
交易日期(起) 不可大於 交易日期(迄)	AddError(	Dev/ATLAS.OFDI/Source/UI/UI.OFDI/frmOFFFUNDDATA.cs:109
無符合查詢條件的資料!	ShowMessage(	Dev/ATLAS.OFDI/Source/UI/UI.OFDI/frmOFFIncomeData.cs:183
所得年度 必須填寫	AddError(	Dev/ATLAS.OFDI/Source/UI/UI.OFDI/frmOFFIncomeData.cs:208
無符合查詢條件的資料!	ShowMessage(	Dev/ATLAS.OFDI/Source/UI/UI.OFDI/frmOFFREMITACCT.cs:61
無符合查詢條件的資料!	ShowMessage(	Dev/ATLAS.OFDI/Source/UI/UI.OFDI/frmOFFRSP.cs:62
無符合查詢條件的資料!	ShowMessage(	Dev/ATLAS.OFDI/Source/UI/UI.OFDI/frmOFFRSPCHG.cs:186
變更途徑需至少勾選一筆	AddError(	Dev/ATLAS.OFDI/Source/UI/UI.OFDI/frmOFFRSPCHG.cs:214
變更申請日(起)(迄) 必須全(不)填寫	AddError(	Dev/ATLAS.OFDI/Source/UI/UI.OFDI/frmOFFRSPCHG.cs:217
變更申請日(起) 不可大於 變更申請日(迄)	AddError(	Dev/ATLAS.OFDI/Source/UI/UI.OFDI/frmOFFRSPCHG.cs:220
無符合查詢條件的資料!	ShowMessage(	Dev/ATLAS.OFDI/Source/UI/UI.OFDI/frmOFFRSPDR.cs:221
實際扣款日(起)(迄) 必須全(不)填寫	AddError(	Dev/ATLAS.OFDI/Source/UI/UI.OFDI/frmOFFRSPDR.cs:251
實際扣款日(起) 不可大於 實際扣款日(迄)	AddError(	Dev/ATLAS.OFDI/Source/UI/UI.OFDI/frmOFFRSPDR.cs:254
無符合查詢條件的資料!	ShowMessage(	Dev/ATLAS.OFDI/Source/UI/UI.OFDI/frmPaymentAccountOffShore.cs:137
無符合查詢條件的資料!	ShowMessage(	Dev/ATLAS.OFDI/Source/UI/UI.OFDI/frmREDEMRETURN.cs:112
退匯日期(起)(迄) 必須全(不)填寫	AddError(	Dev/ATLAS.OFDI/Source/UI/UI.OFDI/frmREDEMRETURN.cs:128
退匯日期(起) 不可大於 退匯日期(迄)	AddError(	Dev/ATLAS.OFDI/Source/UI/UI.OFDI/frmREDEMRETURN.cs:132
無符合查詢條件的資料!	ShowMessage(	Dev/ATLAS.OFDI/Source/UI/UI.OFDI/frmRETIRE_FUNDDATA.cs:57
無符合查詢條件的資料!	ShowMessage(	Dev/ATLAS.OFDI/Source/UI/UI.OFDI/frmRSP168.cs:110
無符合查詢條件的資料!	ShowMessage(	Dev/ATLAS.OFDI/Source/UI/UI.OFDI/frmRSP168CHG.cs:105
變更申請日(起)(迄) 必須全(不)填寫	AddError(	Dev/ATLAS.OFDI/Source/UI/UI.OFDI/frmRSP168CHG.cs:219
變更申請日(起) 不可大於 變更申請日(迄)	AddError(	Dev/ATLAS.OFDI/Source/UI/UI.OFDI/frmRSP168CHG.cs:222
無符合查詢條件的資料!	ShowMessage(	Dev/ATLAS.OFDI/Source/UI/UI.OFDI/frmRSPMERGE.cs:57
無符合查詢條件的資料!	ShowMessage(	Dev/ATLAS.OFDI/Source/UI/UI.OFDI/frmRSPSTOPTOALLOT.cs:61
無符合查詢條件的資料!	ShowMessage(	Dev/ATLAS.OFDI/Source/UI/UI.OFDI/frmRSPSTOPTOALLOT_LOG.cs:113
停利執行日期(起) 必須輸入	AddError(	Dev/ATLAS.OFDI/Source/UI/UI.OFDI/frmRSPSTOPTOALLOT_LOG.cs:130
停利執行日期(迄) 必須輸入	AddError(	Dev/ATLAS.OFDI/Source/UI/UI.OFDI/frmRSPSTOPTOALLOT_LOG.cs:132
停利執行日期(起) 不可大於 停利執行日期(迄)	AddError(	Dev/ATLAS.OFDI/Source/UI/UI.OFDI/frmRSPSTOPTOALLOT_LOG.cs:136
無符合查詢條件的資料!	ShowMessage(	Dev/ATLAS.OFDI/Source/UI/UI.OFDI/frmRTNRATE.cs:64
無符合查詢條件的資料!	ShowMessage(	Dev/ATLAS.OFDI/Source/UI/UI.OFDI/frmRateInquiry.cs:232
無符合查詢條件的資料!	ShowMessage(	Dev/ATLAS.OFDI/Source/UI/UI.OFDI/frmReject.cs:87
無符合查詢條件的資料!	ShowMessage(	Dev/ATLAS.OFDI/Source/UI/UI.OFDI/frmRsp.cs:340
無符合查詢條件的資料!	ShowMessage(	Dev/ATLAS.OFDI/Source/UI/UI.OFDI/frmRspDeduct.cs:320
實際扣款日(起)(迄) 必須全(不)填寫	AddError(	Dev/ATLAS.OFDI/Source/UI/UI.OFDI/frmRspDeduct.cs:346
實際扣款日(起) 不可大於 實際扣款日(迄)	AddError(	Dev/ATLAS.OFDI/Source/UI/UI.OFDI/frmRspDeduct.cs:349
無符合查詢條件的資料!	ShowMessage(	Dev/ATLAS.OFDI/Source/UI/UI.OFDI/frmRspStop.cs:376
變更途徑需至少勾選一筆	AddError(	Dev/ATLAS.OFDI/Source/UI/UI.OFDI/frmRspStop.cs:403
變更申請日(起)(迄) 必須全(不)填寫	AddError(	Dev/ATLAS.OFDI/Source/UI/UI.OFDI/frmRspStop.cs:406
變更申請日(起) 不可大於 變更申請日(迄)	AddError(	Dev/ATLAS.OFDI/Source/UI/UI.OFDI/frmRspStop.cs:409
無符合查詢條件的資料!	ShowMessage(	Dev/ATLAS.OFDI/Source/UI/UI.OFDI/frmRspSubId.cs:265
扣款人ID 與 扣款人姓名 須擇一輸入	AddError(	Dev/ATLAS.OFDI/Source/UI/UI.OFDI/frmRspSubId.cs:288
無符合查詢條件的資料!	ShowMessage(	Dev/ATLAS.OFDI/Source/UI/UI.OFDI/frmSMSLog.cs:83
無符合查詢條件的資料!	ShowMessage(	Dev/ATLAS.OFDI/Source/UI/UI.OFDI/frmSTOPBUYACCOUNT.cs:57
無符合查詢條件的資料!	ShowMessage(	Dev/ATLAS.OFDI/Source/UI/UI.OFDI/frmSealData.cs:170
無符合查詢條件的資料!	ShowMessage(	Dev/ATLAS.OFDI/Source/UI/UI.OFDI/frmSealHistory.cs:314
無符合查詢條件的資料!	ShowMessage(	Dev/ATLAS.OFDI/Source/UI/UI.OFDI/frmShortTimes.cs:69
無符合查詢條件的資料!	ShowMessage(	Dev/ATLAS.OFDI/Source/UI/UI.OFDI/frmSponsor.cs:328
{…}(起)(迄) 必須全(不)填寫	AddError(	Dev/ATLAS.OFDI/Source/UI/UI.OFDI/frmSponsor.cs:390
{…}(起) 不可大於 {…}(迄)	AddError(	Dev/ATLAS.OFDI/Source/UI/UI.OFDI/frmSponsor.cs:393
未實作!!	throw new Exception(	Dev/ATLAS.OFDI/Source/UI/UI.OFDI/frmSubAccount.cs:98
無符合查詢條件的資料!	ShowMessage(	Dev/ATLAS.OFDI/Source/UI/UI.OFDI/frmTdccConsent.cs:97
無符合查詢條件的交易明細資料!	ShowMessage(	Dev/ATLAS.OFDI/Source/UI/UI.OFDI/frmTradeDetail.cs:230
交易日期(起)(迄) 必須全(不)填寫	AddError(	Dev/ATLAS.OFDI/Source/UI/UI.OFDI/frmTradeDetail.cs:623
交易日期(起) 不可大於 交易日期(迄)	AddError(	Dev/ATLAS.OFDI/Source/UI/UI.OFDI/frmTradeDetail.cs:626
至少勾選一種資料別	AddError(	Dev/ATLAS.OFDI/Source/UI/UI.OFDI/frmTradeDetail.cs:629
查無資料	AddResultRow(	Dev/ATLAS.OTA.Query/Source/PO/QueryPO.OFD/TRPI001_PO.cs:160
更新日(起) 不可大於 更新日(迄)	AddError(	Dev/ATLAS.OTA.Query/Source/UI/QueryUI.OFD/OFDI002.cs:85
更新日(起) 不可大於 更新日(迄)	AddError(	Dev/ATLAS.OTA.Query/Source/UI/QueryUI.OFD/OFDI051.cs:86
更新日(起) 不可大於 更新日(迄)	AddError(	Dev/ATLAS.OTA.Query/Source/UI/QueryUI.OFD/OFDI052.cs:86
贖回日(起) 不可大於 贖回日(迄)	AddError(	Dev/ATLAS.OTA.Query/Source/UI/QueryUI.OFD/OFDI056.cs:85
贖回日(起) 不可大於 贖回日(迄)	AddError(	Dev/ATLAS.OTA.Query/Source/UI/QueryUI.OFD/OFDI057.cs:87
所以認列日(起) 不可大於 所得認列日(迄)	AddError(	Dev/ATLAS.OTA.Query/Source/UI/QueryUI.OFD/OFDI531.cs:85
授權申請日期(起) 不可大於 授權申請日期(迄)	AddError(	Dev/ATLAS.OTA.Query/Source/UI/QueryUI.OFD/OFDI562.cs:96
授權申請日期(起) 不可大於 授權申請日期(迄)	AddError(	Dev/ATLAS.OTA.Query/Source/UI/QueryUI.OFD/OFDI563.cs:94
處理日期(起) 不可大於 處理日期(迄)	AddError(	Dev/ATLAS.OTA.Query/Source/UI/QueryUI.OFD/OFDI564.cs:84
資料控制日(起) 不可大於 資料控制日(迄)	AddError(	Dev/ATLAS.OTA.Query/Source/UI/QueryUI.OFD/OFDI601.cs:83
資料控制日(起) 不可大於 資料控制日(迄)	AddError(	Dev/ATLAS.OTA.Query/Source/UI/QueryUI.OFD/OFDI602.cs:83
資料控制日(起) 不可大於 資料控制日(迄)	AddError(	Dev/ATLAS.OTA.Query/Source/UI/QueryUI.OFD/OFDI603.cs:78
資料控制日(起) 不可大於 資料控制日(迄)	AddError(	Dev/ATLAS.OTA.Query/Source/UI/QueryUI.OFD/OFDI604.cs:78
資料控制日(起) 不可大於 資料控制日(迄)	AddError(	Dev/ATLAS.OTA.Query/Source/UI/QueryUI.OFD/OFDI605.cs:78
申請日期(起) 不可大於 申請日期(迄)	AddError(	Dev/ATLAS.OTA.Query/Source/UI/QueryUI.OFD/OFDI611.cs:117
申購日期(起) 不可大於 申購日期(迄)	AddError(	Dev/ATLAS.OTA.Query/Source/UI/QueryUI.OFD/OFDI611.cs:122
申請日期(起) 不可大於 申請日期(迄)	AddError(	Dev/ATLAS.OTA.Query/Source/UI/QueryUI.OFD/OFDI612A.cs:103
買回日期(起) 不可大於 買回日期(迄)	AddError(	Dev/ATLAS.OTA.Query/Source/UI/QueryUI.OFD/OFDI612A.cs:108
申請日期(起) 不可大於 申請日期(迄)	AddError(	Dev/ATLAS.OTA.Query/Source/UI/QueryUI.OFD/OFDI613A.cs:105
轉申購日期(起) 不可大於 轉申購日期(迄)	AddError(	Dev/ATLAS.OTA.Query/Source/UI/QueryUI.OFD/OFDI613A.cs:110
申請日期(起) 不可大於 申請日期(迄)	AddError(	Dev/ATLAS.OTA.Query/Source/UI/QueryUI.OFD/OFDI614A.cs:96
契約收件日期(起) 不可大於 契約收件日期(迄)	AddError(	Dev/ATLAS.OTA.Query/Source/UI/QueryUI.OFD/OFDI614A.cs:101
申請日期(起) 不可大於 申請日期(迄)	AddError(	Dev/ATLAS.OTA.Query/Source/UI/QueryUI.OFD/OFDI615.cs:99
契約異動日期(起) 不可大於 契約異動日期(迄)	AddError(	Dev/ATLAS.OTA.Query/Source/UI/QueryUI.OFD/OFDI615.cs:104
{…}請先進行綜合帳戶分配確認!!	AddResultRow(	Dev/ATLAS.OTA.Report/Source/PO/ReportPO.OTA/OFDR042_PO.cs:182
請先進行綜合帳戶分配確認!!	變數指派 =	Dev/ATLAS.OTA.Report/Source/PO/ReportPO.OTA/OFDR042_PO.cs:182
{…}請先進行結轉!!	AddResultRow(	Dev/ATLAS.OTA.Report/Source/PO/ReportPO.OTA/OFDR042_PO.cs:222
請先進行結轉!!	變數指派 =	Dev/ATLAS.OTA.Report/Source/PO/ReportPO.OTA/OFDR042_PO.cs:222
境外交易確認書-合併 製作資料 作業完成!!	AddResultRow(	Dev/ATLAS.OTA.Report/Source/PO/ReportPO.OTA/OFDR050_PO.cs:222
境外交易確認書-合併 製作資料 沒有資料可以處理!!	AddResultRow(	Dev/ATLAS.OTA.Report/Source/PO/ReportPO.OTA/OFDR050_PO.cs:224
執行失敗，請檢查 ({…})	AddResultRow(	Dev/ATLAS.OTA.Report/Source/PO/ReportPO.OTA/OFDR050_PO.cs:233
請先製作資料!	AddResultRow(	Dev/ATLAS.OTA.Report/Source/PO/ReportPO.OTA/OFDR050_PO.cs:303
基金({…})贖回日期({…})	變數指派 =	Dev/ATLAS.OTA.Report/Source/PO/ReportPO.OTA/OFDR085_PO.cs:174
必須先做綜合帳戶贖回/轉換分配確認作業(OFDB090)，才可列印報表！({…})	變數指派 =	Dev/ATLAS.OTA.Report/Source/PO/ReportPO.OTA/OFDR085_PO.cs:182
基金({…})贖回日期({…})	變數指派 =	Dev/ATLAS.OTA.Report/Source/PO/ReportPO.OTA/OFDR086_PO.cs:169
必須先做綜合帳戶贖回/轉換分配確認作業(OFDB090)，才可列印報表！({…})	變數指派 =	Dev/ATLAS.OTA.Report/Source/PO/ReportPO.OTA/OFDR086_PO.cs:177
寄發碼必須輸入!	AddError(	Dev/ATLAS.OTA.Report/Source/UI/ReportUI.OTA/OFDR042.cs:216
列印選項必須輸入!	AddError(	Dev/ATLAS.OTA.Report/Source/UI/ReportUI.OTA/OFDR042.cs:222
交易日(起) 不可大於 交易日(迄)	AddError(	Dev/ATLAS.OTA.Report/Source/UI/ReportUI.OTA/OFDR042.cs:228
整批列印, 其寄送選項需擇一輸入!	AddError(	Dev/ATLAS.OTA.Report/Source/UI/ReportUI.OTA/OFDR042.cs:238
指定受益人列印, 受益人ID必須輸入!	AddError(	Dev/ATLAS.OTA.Report/Source/UI/ReportUI.OTA/OFDR042.cs:246
【挑選基金資料】尚未選取任何基金資料!	AddError(	Dev/ATLAS.OTA.Report/Source/UI/ReportUI.OTA/OFDR042.cs:258
此交易日期已有資料, 是否重新產生!?	ShowMessage(	Dev/ATLAS.OTA.Report/Source/UI/ReportUI.OTA/OFDR050.cs:158
製作資料成功!	ShowMessage(	Dev/ATLAS.OTA.Report/Source/UI/ReportUI.OTA/OFDR050.cs:197
寄發碼必須輸入!	AddError(	Dev/ATLAS.OTA.Report/Source/UI/ReportUI.OTA/OFDR050.cs:270
列印選項必須輸入!	AddError(	Dev/ATLAS.OTA.Report/Source/UI/ReportUI.OTA/OFDR050.cs:276
指定受益人列印, 受益人ID必須輸入!	AddError(	Dev/ATLAS.OTA.Report/Source/UI/ReportUI.OTA/OFDR050.cs:282
【挑選基金資料】尚未選取任何基金資料!	AddError(	Dev/ATLAS.OTA.Report/Source/UI/ReportUI.OTA/OFDR050.cs:293
申購日(起) 不可大於 申購日(迄)	AddError(	Dev/ATLAS.OTA.Report/Source/UI/ReportUI.OTA/OFDR051.cs:200
寄發碼必須輸入!	AddError(	Dev/ATLAS.OTA.Report/Source/UI/ReportUI.OTA/OFDR054.cs:195
列印選項必須輸入!	AddError(	Dev/ATLAS.OTA.Report/Source/UI/ReportUI.OTA/OFDR054.cs:201
整批列印, 其寄送選項需擇一輸入!	AddError(	Dev/ATLAS.OTA.Report/Source/UI/ReportUI.OTA/OFDR054.cs:212
指定受益人列印, 受益人ID必須輸入!	AddError(	Dev/ATLAS.OTA.Report/Source/UI/ReportUI.OTA/OFDR054.cs:220
【挑選基金資料】尚未選取任何基金資料!	AddError(	Dev/ATLAS.OTA.Report/Source/UI/ReportUI.OTA/OFDR054.cs:232
申購日期(起)不可大於申購日期(迄)	AddError(	Dev/ATLAS.OTA.Report/Source/UI/ReportUI.OTA/OFDR057.cs:184
申購日期(起)不可大於申購日期(迄)	AddError(	Dev/ATLAS.OTA.Report/Source/UI/ReportUI.OTA/OFDR058.cs:182
贖回日期區間輸入錯誤	AddError(	Dev/ATLAS.OTA.Report/Source/UI/ReportUI.OTA/OFDR081.cs:199
寄發碼必須輸入!	AddError(	Dev/ATLAS.OTA.Report/Source/UI/ReportUI.OTA/OFDR085.cs:197
列印選項必須輸入!	AddError(	Dev/ATLAS.OTA.Report/Source/UI/ReportUI.OTA/OFDR085.cs:203
整批列印, 其寄送選項需擇一輸入!	AddError(	Dev/ATLAS.OTA.Report/Source/UI/ReportUI.OTA/OFDR085.cs:214
指定受益人列印, 受益人ID必須輸入!	AddError(	Dev/ATLAS.OTA.Report/Source/UI/ReportUI.OTA/OFDR085.cs:222
【挑選基金資料】尚未選取任何基金資料!	AddError(	Dev/ATLAS.OTA.Report/Source/UI/ReportUI.OTA/OFDR085.cs:234
寄發碼必須輸入!	AddError(	Dev/ATLAS.OTA.Report/Source/UI/ReportUI.OTA/OFDR086.cs:196
列印選項必須輸入!	AddError(	Dev/ATLAS.OTA.Report/Source/UI/ReportUI.OTA/OFDR086.cs:202
整批列印, 其寄送選項需擇一輸入!	AddError(	Dev/ATLAS.OTA.Report/Source/UI/ReportUI.OTA/OFDR086.cs:213
指定受益人列印, 受益人ID必須輸入!	AddError(	Dev/ATLAS.OTA.Report/Source/UI/ReportUI.OTA/OFDR086.cs:221
【挑選基金資料】尚未選取任何基金資料!	AddError(	Dev/ATLAS.OTA.Report/Source/UI/ReportUI.OTA/OFDR086.cs:233
贖回日期(起)不可大於贖回日期(迄)	AddError(	Dev/ATLAS.OTA.Report/Source/UI/ReportUI.OTA/OFDR088.cs:183
贖回日期區間輸入錯誤	AddError(	Dev/ATLAS.OTA.Report/Source/UI/ReportUI.OTA/OFDR089.cs:174
贖回日期區間輸入錯誤	AddError(	Dev/ATLAS.OTA.Report/Source/UI/ReportUI.OTA/OFDR090.cs:172
贖回日期(起)不可大於贖回日期(迄)	AddError(	Dev/ATLAS.OTA.Report/Source/UI/ReportUI.OTA/OFDR093.cs:189
贖回日期(起)不可大於贖回日期(迄)	AddError(	Dev/ATLAS.OTA.Report/Source/UI/ReportUI.OTA/OFDR094.cs:181
更新日(起) 不可大於 更新日(迄)	AddError(	Dev/ATLAS.OTA.Report/Source/UI/ReportUI.OTA/OFDR109.cs:177
更新日(起) 不可大於 更新日(迄)	AddError(	Dev/ATLAS.OTA.Report/Source/UI/ReportUI.OTA/OFDR111.cs:177
寄發碼必須輸入!	AddError(	Dev/ATLAS.OTA.Report/Source/UI/ReportUI.OTA/OFDR133.cs:187
列印選項必須輸入!	AddError(	Dev/ATLAS.OTA.Report/Source/UI/ReportUI.OTA/OFDR133.cs:193
整批列印, 其寄送選項需擇一輸入!	AddError(	Dev/ATLAS.OTA.Report/Source/UI/ReportUI.OTA/OFDR133.cs:204
指定受益人列印, 受益人ID必須輸入!	AddError(	Dev/ATLAS.OTA.Report/Source/UI/ReportUI.OTA/OFDR133.cs:212
【挑選基金資料】尚未選取任何基金資料!	AddError(	Dev/ATLAS.OTA.Report/Source/UI/ReportUI.OTA/OFDR133.cs:224
扣款日期區間輸入錯誤	AddError(	Dev/ATLAS.OTA.Report/Source/UI/ReportUI.OTA/OFDR551.cs:213
異動日期區間輸入錯誤	AddError(	Dev/ATLAS.OTA.Report/Source/UI/ReportUI.OTA/OFDR552.cs:195
異動生效日期區間輸入錯誤	AddError(	Dev/ATLAS.OTA.Report/Source/UI/ReportUI.OTA/OFDR552.cs:201
異動日期 或 異動生效日期 必需擇一輸入!	AddError(	Dev/ATLAS.OTA.Report/Source/UI/ReportUI.OTA/OFDR552.cs:206
扣款日期區間輸入錯誤	AddError(	Dev/ATLAS.OTA.Report/Source/UI/ReportUI.OTA/OFDR553.cs:187
寄發碼必須輸入!	AddError(	Dev/ATLAS.OTA.Report/Source/UI/ReportUI.OTA/OFDR554.cs:196
列印選項必須輸入!	AddError(	Dev/ATLAS.OTA.Report/Source/UI/ReportUI.OTA/OFDR554.cs:202
整批列印, 其寄送選項需擇一輸入!	AddError(	Dev/ATLAS.OTA.Report/Source/UI/ReportUI.OTA/OFDR554.cs:213
指定受益人列印, 受益人ID必須輸入!	AddError(	Dev/ATLAS.OTA.Report/Source/UI/ReportUI.OTA/OFDR554.cs:221
【挑選基金資料】尚未選取任何基金資料!	AddError(	Dev/ATLAS.OTA.Report/Source/UI/ReportUI.OTA/OFDR554.cs:233
更新日(起) 不可大於 更新日(迄)	AddError(	Dev/ATLAS.OTA.Report/Source/UI/ReportUI.OTA/OFDR561.cs:177
授權申請日(起) 不可大於 授權申請日(迄)	AddError(	Dev/ATLAS.OTA.Report/Source/UI/ReportUI.OTA/OFDR562.cs:204
建檔日(起) 不可大於 建檔日(迄)	AddError(	Dev/ATLAS.OTA.Report/Source/UI/ReportUI.OTA/OFDR562.cs:210
申購日(起) 不可大於 申購日(迄)	AddError(	Dev/ATLAS.OTA.Report/Source/UI/ReportUI.OTA/OFDR601A.cs:212
買回日(起) 不可大於 買回日(迄)	AddError(	Dev/ATLAS.OTA.Report/Source/UI/ReportUI.OTA/OFDR602A.cs:210
買回日(起) 不可大於 買回日(迄)	AddError(	Dev/ATLAS.OTA.Report/Source/UI/ReportUI.OTA/OFDR603A.cs:210
收件日(起) 不可大於 收件日(迄)	AddError(	Dev/ATLAS.OTA.Report/Source/UI/ReportUI.OTA/OFDR604A.cs:207
異動日(起) 不可大於 異動日(迄)	AddError(	Dev/ATLAS.OTA.Report/Source/UI/ReportUI.OTA/OFDR605A.cs:207
EC申請日(起) 不可大於 EC申請日(迄)	AddError(	Dev/ATLAS.OTA.Report/Source/UI/ReportUI.OTA/OFDR606A.cs:200
結算日期(起) 不可大於 結算日期(迄)	AddError(	Dev/ATLAS.OTA.Report/Source/UI/ReportUI.OTA/OFDR901A.cs:192
指定個別基金, 其基金代碼必須輸入	AddError(	Dev/ATLAS.OTA.Report/Source/UI/ReportUI.OTA/OFDR901A.cs:197
轉Excel檔的功能 需要輸入"轉出路徑"。	AddError(	Dev/ATLAS.OTA.Report/Source/UI/ReportUI.OTA/OFDR901A.cs:204
轉出路徑不存在!	AddError(	Dev/ATLAS.OTA.Report/Source/UI/ReportUI.OTA/OFDR901A.cs:208
須先選擇業務部門。	ShowMessage(	Dev/ATLAS.OTA.Report/Source/UI/ReportUI.OTA/OFDR901A.cs:241
轉出路徑不存在!	AddError(	Dev/ATLAS.OTA.Report/Source/UI/ReportUI.OTA/OFDR901A.cs:301
無符合查詢條件的資料。	ShowMessage(	Dev/ATLAS.OTA.Report/Source/UI/ReportUI.OTA/OFDR901A.cs:329
執行成功	ShowMessage(	Dev/ATLAS.OTA.Report/Source/UI/ReportUI.OTA/OFDR901A.cs:343
商業邏輯異常!	ShowMessage(	Dev/ATLAS.OTA.Report/Source/UI/ReportUI.OTA/OFDR901A.cs:349
轉Excel檔的功能 需要輸入"轉出路徑"。	AddError(	Dev/ATLAS.OTA.Report/Source/UI/ReportUI.OTA/OFDR904.cs:208
轉出路徑不存在!	AddError(	Dev/ATLAS.OTA.Report/Source/UI/ReportUI.OTA/OFDR904.cs:212
轉出路徑不存在!	AddError(	Dev/ATLAS.OTA.Report/Source/UI/ReportUI.OTA/OFDR904.cs:269
無符合查詢條件的資料。	ShowMessage(	Dev/ATLAS.OTA.Report/Source/UI/ReportUI.OTA/OFDR904.cs:317
執行成功	ShowMessage(	Dev/ATLAS.OTA.Report/Source/UI/ReportUI.OTA/OFDR904.cs:330
商業邏輯異常!	ShowMessage(	Dev/ATLAS.OTA.Report/Source/UI/ReportUI.OTA/OFDR904.cs:336
交易日期(起) 不可大於 交易日期(迄)	AddError(	Dev/ATLAS.OTA.Report/Source/UI/ReportUI.OTA/OTAR901.cs:218
轉Excel檔的功能 需要輸入"輸出路徑"。	AddError(	Dev/ATLAS.OTA.Report/Source/UI/ReportUI.OTA/OTAR901.cs:227
輸出路徑不存在!	AddError(	Dev/ATLAS.OTA.Report/Source/UI/ReportUI.OTA/OTAR901.cs:231
轉出路徑不存在!	AddError(	Dev/ATLAS.OTA.Report/Source/UI/ReportUI.OTA/OTAR901.cs:311
查無相關資料。	ShowMessage(	Dev/ATLAS.OTA.Report/Source/UI/ReportUI.OTA/OTAR901.cs:341
執行成功	ShowMessage(	Dev/ATLAS.OTA.Report/Source/UI/ReportUI.OTA/OTAR901.cs:353
商業邏輯異常!	ShowMessage(	Dev/ATLAS.OTA.Report/Source/UI/ReportUI.OTA/OTAR901.cs:359
取得境外開戶進度失敗，請檢查:{…}	throw new ApplicationException(	Dev/ATLAS.OTA/Source/PO/PO.OTA/OFDM053_PO.cs:542
處理BHU寄送失敗，請檢查:{…}	throw new ApplicationException(	Dev/ATLAS.OTA/Source/PO/PO.OTA/OFDM053_PO.cs:647
取得有綜合帳戶交易幣別，請檢查	AddResultRow(	Dev/ATLAS.OTA/Source/PO/PO.OTA/OFDM109_PO.cs:480
覆核完執行回寫至ATLAS受益人主檔欄位【境外開戶日期】失敗，請檢查:{…}	throw new ApplicationException(	Dev/ATLAS.OTA/Source/PO/PO.OTA/OFDM111_PO.cs:437
取得配股基金代號(OFD086)，請檢查	AddResultRow(	Dev/ATLAS.OTA/Source/PO/PO.OTA/OFDM113_PO.cs:235
取得受益人銀行帳戶資料(OFD110)，請檢查	AddResultRow(	Dev/ATLAS.OTA/Source/PO/PO.OTA/OFDM221C_PO.cs:728
取得受益人扣款帳戶資料(OFD562)，請檢查	AddResultRow(	Dev/ATLAS.OTA/Source/PO/PO.OTA/OFDM221C_PO.cs:798
受益人基金配息設定檔(OFD113)，請檢查	AddResultRow(	Dev/ATLAS.OTA/Source/PO/PO.OTA/OFDM221C_PO.cs:840
基金配現可再投資基金設定檔(OFD086)，請檢查	AddResultRow(	Dev/ATLAS.OTA/Source/PO/PO.OTA/OFDM221C_PO.cs:876
ISHARE基金申購金額額度設定檔(OFD091)，請檢查	AddResultRow(	Dev/ATLAS.OTA/Source/PO/PO.OTA/OFDM221C_PO.cs:921
受益人各基金結餘檔(OFD304)，請檢查	AddResultRow(	Dev/ATLAS.OTA/Source/PO/PO.OTA/OFDM231B_PO.cs:695
基金贖回銷售沖銷暫存檔(OFD2541)，請檢查	AddResultRow(	Dev/ATLAS.OTA/Source/PO/PO.OTA/OFDM231B_PO.cs:752
受益人基金配息設定檔(OFD113)，請檢查	AddResultRow(	Dev/ATLAS.OTA/Source/PO/PO.OTA/OFDM231B_PO.cs:794
基金配現可再投資基金設定檔(OFD086)，請檢查	AddResultRow(	Dev/ATLAS.OTA/Source/PO/PO.OTA/OFDM231B_PO.cs:830
基金轉換設定檔(OFD085)，請檢查	AddResultRow(	Dev/ATLAS.OTA/Source/PO/PO.OTA/OFDM231B_PO.cs:871
集保匯率檔(OFD300)，請檢查	AddResultRow(	Dev/ATLAS.OTA/Source/PO/PO.OTA/OFDM231B_PO.cs:920
取得境外基金代號(OFD081)，請檢查	AddResultRow(	Dev/ATLAS.OTA/Source/PO/PO.OTA/OFDM302B_PO.cs:171
匯入刪除料有誤，請通知IT	AddResultRow(	Dev/ATLAS.OTA/Source/PO/PO.OTA/OFDM302B_PO.cs:201
匯入失敗，請檢查資料是否正確	AddResultRow(	Dev/ATLAS.OTA/Source/PO/PO.OTA/OFDM302B_PO.cs:231
執行失敗，請檢查:{…}	AddResultRow(	Dev/ATLAS.OTA/Source/PO/PO.OTA/OFDM302B_PO.cs:243
淨值未鎖定	AddResultRow(	Dev/ATLAS.OTA/Source/PO/PO.OTA/OFDM302B_PO.cs:321
查無資料	AddResultRow(	Dev/ATLAS.OTA/Source/PO/PO.OTA/OFDM302B_PO.cs:376
查無資料	AddResultRow(	Dev/ATLAS.OTA/Source/PO/PO.OTA/OFDM302B_PO.cs:435
更新失敗，請檢查資料是否正確	AddResultRow(	Dev/ATLAS.OTA/Source/PO/PO.OTA/OFDM302B_PO.cs:499
更新失敗，請檢查	AddResultRow(	Dev/ATLAS.OTA/Source/PO/PO.OTA/OFDM302B_PO.cs:511
取得受益人扣款帳戶資料(OFD562)，請檢查	AddResultRow(	Dev/ATLAS.OTA/Source/PO/PO.OTA/OFDM551_PO.cs:425
取得基金申購明細資料(OFD221)，請檢查	AddResultRow(	Dev/ATLAS.OTA/Source/PO/PO.OTA/OFDM551_PO.cs:494
取得定期定額契約變更資料(OFD555)，請檢查	AddResultRow(	Dev/ATLAS.OTA/Source/PO/PO.OTA/OFDM551_PO.cs:531
取得受益人扣款帳戶資料(OFD562)，請檢查	AddResultRow(	Dev/ATLAS.OTA/Source/PO/PO.OTA/OFDM554_PO.cs:494
執行成功	AddResultRow(	Dev/ATLAS.OTA/Source/PO/PO.OTA/TRPM001_PO.cs:111
異動TRP002失敗，請檢查	AddResultRow(	Dev/ATLAS.OTA/Source/PO/PO.OTA/TRPM001_PO.cs:116
執行成功	AddResultRow(	Dev/ATLAS.OTA/Source/PO/PO.OTA/TRPM001_PO.cs:195
例外錯誤，請檢查{0} {1}	AddResultRow(	Dev/ATLAS.OTA/Source/PO/PO.OTA/TRPM001_PO.cs:202
查詢成功	AddResultRow(	Dev/ATLAS.OTA/Source/PO/PO.OTA/TRPM001_PO.cs:366
查詢失敗，請檢查	AddResultRow(	Dev/ATLAS.OTA/Source/PO/PO.OTA/TRPM001_PO.cs:371
執行成功	AddResultRow(	Dev/ATLAS.OTA/Source/PO/PO.OTA/TRPM001_PO.cs:498
部份傳檔資料有誤，請參考畫面上的訊息欄位之說明，請檢查	AddResultRow(	Dev/ATLAS.OTA/Source/PO/PO.OTA/TRPM001_PO.cs:503
查無資料	AddResultRow(	Dev/ATLAS.OTA/Source/PO/PO.OTA/TRPM001_PO.cs:609
取得有傳檔設定資料有誤，請檢查	AddResultRow(	Dev/ATLAS.OTA/Source/PO/PO.OTA/TRPM001_PO.cs:620
查無資料	AddResultRow(	Dev/ATLAS.OTA/Source/PO/PO.OTA/TRPM101_PO.cs:106
收檔內容無資料, 請檢查	AddResultRow(	Dev/ATLAS.OTA/Source/PO/PO.OTA/TRPM101_PO.cs:143
無法取得MEDIA_NO資訊, 請檢查	AddResultRow(	Dev/ATLAS.OTA/Source/PO/PO.OTA/TRPM101_PO.cs:151
無法取得TRP001資訊, 請檢查	AddResultRow(	Dev/ATLAS.OTA/Source/PO/PO.OTA/TRPM101_PO.cs:164
無法取得檢核欄位資訊(CheckSQL), 請檢查	AddResultRow(	Dev/ATLAS.OTA/Source/PO/PO.OTA/TRPM101_PO.cs:181
找不到收檔媒體格式之Schema, 請檢查	AddResultRow(	Dev/ATLAS.OTA/Source/PO/PO.OTA/TRPM101_PO.cs:193
無法取得寫入暫存檔欄位(TR206), 請檢查	AddResultRow(	Dev/ATLAS.OTA/Source/PO/PO.OTA/TRPM101_PO.cs:202
部份傳檔資料有誤, 請參考畫面上的訊息欄位之說明, 請檢查	AddResultRow(	Dev/ATLAS.OTA/Source/PO/PO.OTA/TRPM101_PO.cs:382
無法取得寫入暫存檔語法(TR202), 請檢查	AddResultRow(	Dev/ATLAS.OTA/Source/PO/PO.OTA/TRPM101_PO.cs:396
無法取得寫入暫存檔語法(TR202/INSERTSQL), 請檢查	AddResultRow(	Dev/ATLAS.OTA/Source/PO/PO.OTA/TRPM101_PO.cs:405
無法取得(TR207), 請檢查	AddResultRow(	Dev/ATLAS.OTA/Source/PO/PO.OTA/TRPM101_PO.cs:415
無法取得(TR207/QUERYSTP), 請檢查	AddResultRow(	Dev/ATLAS.OTA/Source/PO/PO.OTA/TRPM101_PO.cs:424
執行失敗，請檢查 ({…})	AddResultRow(	Dev/ATLAS.OTA/Source/PO/PO.OTA/TRPM101_PO.cs:482
檢核成功	AddResultRow(	Dev/ATLAS.OTA/Source/PO/PO.OTA/TRPM101_PO.cs:498
無回傳結果, 請檢查	AddResultRow(	Dev/ATLAS.OTA/Source/PO/PO.OTA/TRPM101_PO.cs:503
例外錯誤, 請檢查	AddResultRow(	Dev/ATLAS.OTA/Source/PO/PO.OTA/TRPM101_PO.cs:510
收檔內容無資料, 請檢查	AddResultRow(	Dev/ATLAS.OTA/Source/PO/PO.OTA/TRPM101_PO.cs:537
無法取得MEDIA_NO資訊, 請檢查	AddResultRow(	Dev/ATLAS.OTA/Source/PO/PO.OTA/TRPM101_PO.cs:545
無法取得TRP001資訊, 請檢查	AddResultRow(	Dev/ATLAS.OTA/Source/PO/PO.OTA/TRPM101_PO.cs:554
無法取得寫入暫存檔語法(TR202), 請檢查	AddResultRow(	Dev/ATLAS.OTA/Source/PO/PO.OTA/TRPM101_PO.cs:568
無法取得寫入暫存檔語法(TR202/INSERTSQL), 請檢查	AddResultRow(	Dev/ATLAS.OTA/Source/PO/PO.OTA/TRPM101_PO.cs:577
無法取得寫入暫存檔欄位(TR206), 請檢查	AddResultRow(	Dev/ATLAS.OTA/Source/PO/PO.OTA/TRPM101_PO.cs:587
無法取得(TR207), 請檢查	AddResultRow(	Dev/ATLAS.OTA/Source/PO/PO.OTA/TRPM101_PO.cs:597
無法取得(TR207/UPDSTP), 請檢查	AddResultRow(	Dev/ATLAS.OTA/Source/PO/PO.OTA/TRPM101_PO.cs:606
執行成功	AddResultRow(	Dev/ATLAS.OTA/Source/PO/PO.OTA/TRPM101_PO.cs:692
例外錯誤，請檢查{0} {1}	AddResultRow(	Dev/ATLAS.OTA/Source/PO/PO.OTA/TRPM101_PO.cs:699
查無資料	AddResultRow(	Dev/ATLAS.OTA/Source/PO/PO.OTA/TRPM101_PO.cs:1112
取得有傳檔設定資料有誤, 請檢查	AddResultRow(	Dev/ATLAS.OTA/Source/PO/PO.OTA/TRPM101_PO.cs:1123
取得境外基金代號(OFD081)，請檢查	AddResultRow(	Dev/ATLAS.OTA/Source/PO/PO.OTA/TRPM901_PO.cs:241
匯入刪除料有誤，請通知IT	AddResultRow(	Dev/ATLAS.OTA/Source/PO/PO.OTA/TRPM901_PO.cs:274
匯入失敗，請檢查資料是否正確	AddResultRow(	Dev/ATLAS.OTA/Source/PO/PO.OTA/TRPM901_PO.cs:314
執行失敗，請檢查:{…}	AddResultRow(	Dev/ATLAS.OTA/Source/PO/PO.OTA/TRPM901_PO.cs:326
月報製作 作業完成!!	AddResultRow(	Dev/ATLAS.OTA/Source/PO/PO.OTA/TRPM901_PO.cs:381
執行失敗，請檢查 ({…})	AddResultRow(	Dev/ATLAS.OTA/Source/PO/PO.OTA/TRPM901_PO.cs:390
請輸入查詢戶號!!	ShowMessage(	Dev/ATLAS.OTA/Source/UI/UI.OTA/OFDM053.cs:191
英文姓名 含有非法字元!	AddError(	Dev/ATLAS.OTA/Source/UI/UI.OTA/OFDM053.cs:351
此受益人尚未申請境內 EC 權限, 則不可申請境外 EC 權限!	AddError(	Dev/ATLAS.OTA/Source/UI/UI.OTA/OFDM053.cs:360
該受益人已有EC交易資料，不可刪除EC交易權限!	AddError(	Dev/ATLAS.OTA/Source/UI/UI.OTA/OFDM053.cs:368
到件狀態，必須填寫!	AddError(	Dev/ATLAS.OTA/Source/UI/UI.OTA/OFDM053.cs:378
補件狀態，必須填寫!	AddError(	Dev/ATLAS.OTA/Source/UI/UI.OTA/OFDM053.cs:383
交易別為個人帳戶, 基外基金公司戶號必須要有值!	AddError(	Dev/ATLAS.OTA/Source/UI/UI.OTA/OFDM053.cs:394
如境外基公司戶號有值, 非綜合帳戶類別不能為空值!	ShowMessage(	Dev/ATLAS.OTA/Source/UI/UI.OTA/OFDM053.cs:400
如境外基公司戶號有值, 非綜合帳戶類別不能為空值!	AddError(	Dev/ATLAS.OTA/Source/UI/UI.OTA/OFDM053.cs:402
此受益人尚未申請境內 EC 權限, 則不可申請境外 EC 權限!	ShowMessage(	Dev/ATLAS.OTA/Source/UI/UI.OTA/OFDM053.cs:617
該受益人已有EC交易資料，不可刪除EC交易權限!	ShowMessage(	Dev/ATLAS.OTA/Source/UI/UI.OTA/OFDM053.cs:655
查此戶號資料!!	ShowMessage(	Dev/ATLAS.OTA/Source/UI/UI.OTA/OFDM053.cs:882
查此統編資料!!	ShowMessage(	Dev/ATLAS.OTA/Source/UI/UI.OTA/OFDM053.cs:903
請傳入Grid中點選的該筆資料，不可為Null	ShowMessage(	Dev/ATLAS.OTA/Source/UI/UI.OTA/OFDM053p0.cs:70
此受益人已有一筆授權書存在!	AddError(	Dev/ATLAS.OTA/Source/UI/UI.OTA/OFDM109.cs:193
{…} 為必填欄位	AddError(	Dev/ATLAS.OTA/Source/UI/UI.OTA/OFDM109.cs:201
明細資料 必須輸入	AddError(	Dev/ATLAS.OTA/Source/UI/UI.OTA/OFDM109.cs:205
此受益人在申購交易明細已有綜合帳戶交易且交易幣別為台幣, 故至少輸入一筆指定集保帳戶且帳戶類別為台幣的資料!	AddError(	Dev/ATLAS.OTA/Source/UI/UI.OTA/OFDM109.cs:221
此受益人在申購交易明細已有綜合帳戶交易且交易幣別為{…}, 故至少輸入一筆指定集保帳戶且帳戶類別為綜合外幣 或 交易幣別之指定外幣帳戶 的資料!	AddError(	Dev/ATLAS.OTA/Source/UI/UI.OTA/OFDM109.cs:249
境外僅可授權台幣買回帳號 一個	AddError(	Dev/ATLAS.OTA/Source/UI/UI.OTA/OFDM109.cs:279
境外僅可授權外幣買回帳號 一個	AddError(	Dev/ATLAS.OTA/Source/UI/UI.OTA/OFDM109.cs:297
此受益人已有一筆授權書存在!	AddError(	Dev/ATLAS.OTA/Source/UI/UI.OTA/OFDM109.cs:368
請傳入Grid中點選的該筆資料，不可為Null	ShowMessage(	Dev/ATLAS.OTA/Source/UI/UI.OTA/OFDM109p0.cs:67
帳戶種類為 1:指定外幣 或 2.綜合外幣 時,國別代碼必須輸入!	AddError(	Dev/ATLAS.OTA/Source/UI/UI.OTA/OFDM109p0.cs:187
不可輸入國別代碼!	AddError(	Dev/ATLAS.OTA/Source/UI/UI.OTA/OFDM109p0.cs:191
帳戶種類為 1:指定外幣 時,幣別代碼必須輸入!	AddError(	Dev/ATLAS.OTA/Source/UI/UI.OTA/OFDM109p0.cs:202
幣別重覆!	AddError(	Dev/ATLAS.OTA/Source/UI/UI.OTA/OFDM109p0.cs:217
不可輸入幣別代碼!	AddError(	Dev/ATLAS.OTA/Source/UI/UI.OTA/OFDM109p0.cs:222
中間銀行SWIFT 只可為8碼或11碼	AddError(	Dev/ATLAS.OTA/Source/UI/UI.OTA/OFDM109p0.cs:238
授權申請日 不可大於 授權生效日	AddError(	Dev/ATLAS.OTA/Source/UI/UI.OTA/OFDM109p0.cs:244
授權終止日 不可小於 授權申請日	AddError(	Dev/ATLAS.OTA/Source/UI/UI.OTA/OFDM109p0.cs:248
授權終止日 不可小於 授權生效日	AddError(	Dev/ATLAS.OTA/Source/UI/UI.OTA/OFDM109p0.cs:251
此分行：{…}，匯款帳號：{…}屬於受益人：{…}是否確定新增？	變數指派 =	Dev/ATLAS.OTA/Source/UI/UI.OTA/OFDM109p0.cs:261
此分行/匯款帳號, 以屬於其他受益人	AddError(	Dev/ATLAS.OTA/Source/UI/UI.OTA/OFDM109p0.cs:268
非指定集保帳戶：授權終止日期 不得為空	AddError(	Dev/ATLAS.OTA/Source/UI/UI.OTA/OFDM109p0.cs:278
此受益人已有一筆授權書存在!	AddError(	Dev/ATLAS.OTA/Source/UI/UI.OTA/OFDM111.cs:182
{…} 為必填欄位	AddError(	Dev/ATLAS.OTA/Source/UI/UI.OTA/OFDM111.cs:190
明細資料 必須輸入	AddError(	Dev/ATLAS.OTA/Source/UI/UI.OTA/OFDM111.cs:194
此受益人已有一筆授權書存在!	AddError(	Dev/ATLAS.OTA/Source/UI/UI.OTA/OFDM111.cs:265
請傳入Grid中點選的該筆資料，不可為Null	ShowMessage(	Dev/ATLAS.OTA/Source/UI/UI.OTA/OFDM111p0.cs:66
授權申請日 不可大於 授權生效日	AddError(	Dev/ATLAS.OTA/Source/UI/UI.OTA/OFDM111p0.cs:154
授權終止日 不可小於 授權申請日	AddError(	Dev/ATLAS.OTA/Source/UI/UI.OTA/OFDM111p0.cs:157
授權終止日 不可小於 授權生效日	AddError(	Dev/ATLAS.OTA/Source/UI/UI.OTA/OFDM111p0.cs:160
請輸入 客戶統編!!	ShowMessage(	Dev/ATLAS.OTA/Source/UI/UI.OTA/OFDM113.cs:128
請輸入 受益人戶號!!	ShowMessage(	Dev/ATLAS.OTA/Source/UI/UI.OTA/OFDM113.cs:134
配股基金必須輸入！	AddError(	Dev/ATLAS.OTA/Source/UI/UI.OTA/OFDM113.cs:162
資料來源為 申購作業 或 定期定額作業，不行刪除	AddError(	Dev/ATLAS.OTA/Source/UI/UI.OTA/OFDM113.cs:205
申請日期 不為公司營業日	AddError(	Dev/ATLAS.OTA/Source/UI/UI.OTA/OFDM113.cs:259
活動日(起) 不可大於 活動日(迄)	AddError(	Dev/ATLAS.OTA/Source/UI/UI.OTA/OFDM199A.cs:221
{…} 為必填欄位	AddError(	Dev/ATLAS.OTA/Source/UI/UI.OTA/OFDM199A.cs:231
明細資料 必須輸入	AddError(	Dev/ATLAS.OTA/Source/UI/UI.OTA/OFDM199A.cs:235
確定要刪除此手續費率資料!?	ShowMessage(	Dev/ATLAS.OTA/Source/UI/UI.OTA/OFDM199A.cs:289
無此基金幣別明細資料!!	ShowMessage(	Dev/ATLAS.OTA/Source/UI/UI.OTA/OFDM199A.cs:374
請先選擇基金代碼!!	ShowMessage(	Dev/ATLAS.OTA/Source/UI/UI.OTA/OFDM199Ap0.cs:175
請先選擇幣別代碼!!	ShowMessage(	Dev/ATLAS.OTA/Source/UI/UI.OTA/OFDM199Ap0.cs:182
至少要有一筆手續費率資料	AddError(	Dev/ATLAS.OTA/Source/UI/UI.OTA/OFDM199Ap0.cs:240
請先選擇基金代碼!!	ShowMessage(	Dev/ATLAS.OTA/Source/UI/UI.OTA/OFDM199Ap0.cs:289
收件日期(起)(迄) 必須皆(不)填寫	AddError(	Dev/ATLAS.OTA/Source/UI/UI.OTA/OFDM221C.cs:261
收件日期(起) 不可大於 收件日期(迄)	AddError(	Dev/ATLAS.OTA/Source/UI/UI.OTA/OFDM221C.cs:263
申購日期(起)(迄) 必須皆(不)填寫	AddError(	Dev/ATLAS.OTA/Source/UI/UI.OTA/OFDM221C.cs:266
申購日期(起) 不可大於 申購日期(迄)	AddError(	Dev/ATLAS.OTA/Source/UI/UI.OTA/OFDM221C.cs:268
申購書號, 收件日期, 客戶統編, 戶號 必須擇一填寫	AddError(	Dev/ATLAS.OTA/Source/UI/UI.OTA/OFDM221C.cs:273
收件日期 不為公司營業日	AddError(	Dev/ATLAS.OTA/Source/UI/UI.OTA/OFDM221C.cs:379
申購日期 不為公司營業日	AddError(	Dev/ATLAS.OTA/Source/UI/UI.OTA/OFDM221C.cs:389
申購日期 不可小於收件日期	AddError(	Dev/ATLAS.OTA/Source/UI/UI.OTA/OFDM221C.cs:395
此 受益人 為註銷戶不可執行交易	變數指派 =	Dev/ATLAS.OTA/Source/UI/UI.OTA/OFDM221C.cs:405
此受益人的國籍({…}:{…})有受限制，不可投資此境外基金公司的基金!	AddError(	Dev/ATLAS.OTA/Source/UI/UI.OTA/OFDM221C.cs:421
此戶之帳戶歸屬銷售機構區分碼必須為({…})!	AddError(	Dev/ATLAS.OTA/Source/UI/UI.OTA/OFDM221C.cs:435
此戶之帳戶歸屬銷售機構代碼必須為({…})開頭的!	AddError(	Dev/ATLAS.OTA/Source/UI/UI.OTA/OFDM221C.cs:440
此銷售機構代碼({…}), 其有效碼必須為有效!	AddError(	Dev/ATLAS.OTA/Source/UI/UI.OTA/OFDM221C.cs:446
{…} 為必填欄位	AddError(	Dev/ATLAS.OTA/Source/UI/UI.OTA/OFDM221C.cs:463
明細資料 必須輸入	AddError(	Dev/ATLAS.OTA/Source/UI/UI.OTA/OFDM221C.cs:467
此 受益人 為註銷戶不可執行交易	ShowMessage(	Dev/ATLAS.OTA/Source/UI/UI.OTA/OFDM221C.cs:735
{…}1 | 此受益人「不得主動推薦高風險基金」 | 此受益人『僅限申購保守型基金(RR1~RR2)』	ShowMessage(	Dev/ATLAS.OTA/Source/UI/UI.OTA/OFDM221C.cs:851
申購只可輸入一筆基金明細資料。	AddError(	Dev/ATLAS.OTA/Source/UI/UI.OTA/OFDM221C.cs:893
此 受益人 之帳戶別為5.綜合帳戶, 不可在此輸入申購資料!	變數指派 =	Dev/ATLAS.OTA/Source/UI/UI.OTA/OFDM221Cp0.cs:144
此 受益人 為交易列管人員, 不可做申購作業!{…}	變數指派 =	Dev/ATLAS.OTA/Source/UI/UI.OTA/OFDM221Cp0.cs:153
請檢查受益人交易列管設定作業(OFDM115)!	變數指派 =	Dev/ATLAS.OTA/Source/UI/UI.OTA/OFDM221Cp0.cs:154
請檢查受益人停止申贖設定作業(OFDM114)!	變數指派 =	Dev/ATLAS.OTA/Source/UI/UI.OTA/OFDM221Cp0.cs:165
此基金基本資料設定為不可作單筆申購	變數指派 =	Dev/ATLAS.OTA/Source/UI/UI.OTA/OFDM221Cp0.cs:188
此基金暫時停止交易, 請檢查基金暫停申贖日期設定作業(OFDM087)!	變數指派 =	Dev/ATLAS.OTA/Source/UI/UI.OTA/OFDM221Cp0.cs:199
此綜合帳戶(OMNIBUS)交易，其基金申購方式卻為單位數申購，請檢查基金基本資料的設定!	AddError(	Dev/ATLAS.OTA/Source/UI/UI.OTA/OFDM221Cp0.cs:216
申購基金為【高收益基金】,必須勾選【風險確認】後才能進行申購作業	AddError(	Dev/ATLAS.OTA/Source/UI/UI.OTA/OFDM221Cp0.cs:223
必須勾選【報酬揭露】後才能進行申購作業	AddError(	Dev/ATLAS.OTA/Source/UI/UI.OTA/OFDM221Cp0.cs:228
交割日期 不可小於申購日期!	AddError(	Dev/ATLAS.OTA/Source/UI/UI.OTA/OFDM221Cp0.cs:237
VALUE日期 不可小於申購日期!	AddError(	Dev/ATLAS.OTA/Source/UI/UI.OTA/OFDM221Cp0.cs:244
申購手續費率不可大於自訂銷售手續費率!	AddError(	Dev/ATLAS.OTA/Source/UI/UI.OTA/OFDM221Cp0.cs:251
金額輸入方式 必需輸入!	AddError(	Dev/ATLAS.OTA/Source/UI/UI.OTA/OFDM221Cp0.cs:261
銷售金額必須大於0!	AddError(	Dev/ATLAS.OTA/Source/UI/UI.OTA/OFDM221Cp0.cs:265
此基金最低申購金額為{…}元!	變數指派 =	Dev/ATLAS.OTA/Source/UI/UI.OTA/OFDM221Cp0.cs:275
此基金最低申購金額為{…}元!	變數指派 =	Dev/ATLAS.OTA/Source/UI/UI.OTA/OFDM221Cp0.cs:283
銷售單位數必須大於0!	AddError(	Dev/ATLAS.OTA/Source/UI/UI.OTA/OFDM221Cp0.cs:293
配息資料必須輸入!	AddError(	Dev/ATLAS.OTA/Source/UI/UI.OTA/OFDM221Cp0.cs:301
配息資料為再投資時, 配股基金必須輸入!	AddError(	Dev/ATLAS.OTA/Source/UI/UI.OTA/OFDM221Cp0.cs:309
當綜合帳戶交易且交易幣別為台幣時, 在受益人銀行帳戶資料中, 必須要有一筆台幣的指定集保帳戶!	AddError(	Dev/ATLAS.OTA/Source/UI/UI.OTA/OFDM221Cp0.cs:328
當綜合帳戶交易且交易幣別為台幣時, 在受益人銀行帳戶資料中, 必須要有一筆綜合外幣或交易幣別指定外幣的指定集保帳戶!	AddError(	Dev/ATLAS.OTA/Source/UI/UI.OTA/OFDM221Cp0.cs:330
付款方式 必需輸入!	AddError(	Dev/ATLAS.OTA/Source/UI/UI.OTA/OFDM221Cp0.cs:341
匯款行 必需輸入!	AddError(	Dev/ATLAS.OTA/Source/UI/UI.OTA/OFDM221Cp0.cs:344
匯款帳號 必需輸入!	AddError(	Dev/ATLAS.OTA/Source/UI/UI.OTA/OFDM221Cp0.cs:347
交易幣別為台幣, 且扣款行作業別為全國繳稅費銀行時, 申購金額不可超過500萬!	AddError(	Dev/ATLAS.OTA/Source/UI/UI.OTA/OFDM221Cp0.cs:361
此筆交易已超過本基金I SHARE的額度:{…}元!	變數指派 =	Dev/ATLAS.OTA/Source/UI/UI.OTA/OFDM221Cp0.cs:389
請先設定基金行事曆	ShowMessage(	Dev/ATLAS.OTA/Source/UI/UI.OTA/OFDM221Cp0.cs:722
請先設定基金行事曆	ShowMessage(	Dev/ATLAS.OTA/Source/UI/UI.OTA/OFDM221Cp0.cs:743
KYC風險屬性與申購基金風險屬性不吻合,無法申購!	ShowMessage(	Dev/ATLAS.OTA/Source/UI/UI.OTA/OFDM221Cp0.cs:995
未填附自主申購聲明書,無法申購!	ShowMessage(	Dev/ATLAS.OTA/Source/UI/UI.OTA/OFDM221Cp0.cs:1007
KYC風險屬性與申購基金風險屬性不吻合,無法申購!	ShowMessage(	Dev/ATLAS.OTA/Source/UI/UI.OTA/OFDM221Cp0.cs:1021
請先輸入申購基金!	ShowMessage(	Dev/ATLAS.OTA/Source/UI/UI.OTA/OFDM221Cp0.cs:1035
申購日期 不為公司營業日	變數指派 =	Dev/ATLAS.OTA/Source/UI/UI.OTA/OFDM221Cp0.cs:1070
交割日期 不為公司營業日	變數指派 =	Dev/ATLAS.OTA/Source/UI/UI.OTA/OFDM221Cp0.cs:1104
此基金手續費收取方式為'後收型'或'不收'，不可點選'總金額輸入方式'!	ShowMessage(	Dev/ATLAS.OTA/Source/UI/UI.OTA/OFDM221Cp0.cs:1328
請先輸入付款方式	ShowMessage(	Dev/ATLAS.OTA/Source/UI/UI.OTA/OFDM221Cp0.cs:1353
無有效的{…}扣款帳戶, 不可鍵入!	ShowMessage(	Dev/ATLAS.OTA/Source/UI/UI.OTA/OFDM221Cp0.cs:1407
此筆交易已超過本基金I SHARE的額度:{…}元!	變數指派 =	Dev/ATLAS.OTA/Source/UI/UI.OTA/OFDM221Cp0.cs:1576
自訂銷售手續費率尚未設定(OFDM193)	ShowMessage(	Dev/ATLAS.OTA/Source/UI/UI.OTA/OFDM221Cp0.cs:1803
收件日期(起)(迄) 必須皆(不)填寫	AddError(	Dev/ATLAS.OTA/Source/UI/UI.OTA/OFDM231B.cs:265
收件日期(起) 不可大於 收件日期(迄)	AddError(	Dev/ATLAS.OTA/Source/UI/UI.OTA/OFDM231B.cs:267
買回日期(起)(迄) 必須皆(不)填寫	AddError(	Dev/ATLAS.OTA/Source/UI/UI.OTA/OFDM231B.cs:270
買回日期(起) 不可大於 買回日期(迄)	AddError(	Dev/ATLAS.OTA/Source/UI/UI.OTA/OFDM231B.cs:272
買回書號, 收件日期, 買回日期, 客戶統編, 戶號 必須擇一填寫	AddError(	Dev/ATLAS.OTA/Source/UI/UI.OTA/OFDM231B.cs:280
收件日期 不為公司營業日	AddError(	Dev/ATLAS.OTA/Source/UI/UI.OTA/OFDM231B.cs:385
買回日期 不為公司營業日	AddError(	Dev/ATLAS.OTA/Source/UI/UI.OTA/OFDM231B.cs:395
此 受益人 為註銷戶不可執行交易	變數指派 =	Dev/ATLAS.OTA/Source/UI/UI.OTA/OFDM231B.cs:406
此受益人的國籍({…}:{…})有受限制，不可投資此境外基金公司的基金!	AddError(	Dev/ATLAS.OTA/Source/UI/UI.OTA/OFDM231B.cs:423
此戶之帳戶歸屬銷售機構區分碼必須為({…})!	AddError(	Dev/ATLAS.OTA/Source/UI/UI.OTA/OFDM231B.cs:437
此戶之帳戶歸屬銷售機構代碼必須為({…})開頭的!	AddError(	Dev/ATLAS.OTA/Source/UI/UI.OTA/OFDM231B.cs:442
此銷售機構代碼({…}), 其有效碼必須為有效!	AddError(	Dev/ATLAS.OTA/Source/UI/UI.OTA/OFDM231B.cs:448
{…} 為必填欄位	AddError(	Dev/ATLAS.OTA/Source/UI/UI.OTA/OFDM231B.cs:465
明細資料 必須輸入	AddError(	Dev/ATLAS.OTA/Source/UI/UI.OTA/OFDM231B.cs:469
明細資料 必須輸入	AddError(	Dev/ATLAS.OTA/Source/UI/UI.OTA/OFDM231B.cs:484
明細資料 必須輸入	AddError(	Dev/ATLAS.OTA/Source/UI/UI.OTA/OFDM231B.cs:495
此受益人此基金無結餘	AddError(	Dev/ATLAS.OTA/Source/UI/UI.OTA/OFDM231B.cs:517
買回單位數[{0}]不可大於可買回單位數[{1}]!	AddError(	Dev/ATLAS.OTA/Source/UI/UI.OTA/OFDM231B.cs:528
無沖銷明細資料, 請點選明細資料進行沖銷!	AddError(	Dev/ATLAS.OTA/Source/UI/UI.OTA/OFDM231B.cs:533
沖銷單位數[{0}]不等於買回單位數[{1}], 請確認銷帳資料!	AddError(	Dev/ATLAS.OTA/Source/UI/UI.OTA/OFDM231B.cs:539
沖銷申購書資料, 有今日申購的單位數, 是否要繼續!?	變數指派 =	Dev/ATLAS.OTA/Source/UI/UI.OTA/OFDM231B.cs:545
沖銷申購書資料, 有今日申購的單位數, 請調整沖銷資料!	AddError(	Dev/ATLAS.OTA/Source/UI/UI.OTA/OFDM231B.cs:550
此 受益人 為註銷戶不可執行交易	ShowMessage(	Dev/ATLAS.OTA/Source/UI/UI.OTA/OFDM231B.cs:907
{…}1 | 此受益人「不得主動推薦高風險基金」 | 此受益人『僅限申購保守型基金(RR1~RR2)』	ShowMessage(	Dev/ATLAS.OTA/Source/UI/UI.OTA/OFDM231B.cs:1029
買回只可輸入一筆基金明細資料。	AddError(	Dev/ATLAS.OTA/Source/UI/UI.OTA/OFDM231B.cs:1077
請輸入 買回書號!!	ShowMessage(	Dev/ATLAS.OTA/Source/UI/UI.OTA/OFDM231B.cs:1357
無銷帳資料!!	ShowMessage(	Dev/ATLAS.OTA/Source/UI/UI.OTA/OFDM231B.cs:1368
無買回資料!!	ShowMessage(	Dev/ATLAS.OTA/Source/UI/UI.OTA/OFDM231B.cs:1380
無轉換資料!!	ShowMessage(	Dev/ATLAS.OTA/Source/UI/UI.OTA/OFDM231B.cs:1398
至少要有一筆沖銷明細資料	AddError(	Dev/ATLAS.OTA/Source/UI/UI.OTA/OFDM231Bp0.cs:169
加總沖銷單位數不等於買回單位數	AddError(	Dev/ATLAS.OTA/Source/UI/UI.OTA/OFDM231Bp0.cs:177
有沖銷明細資料大於可買回單位數	AddError(	Dev/ATLAS.OTA/Source/UI/UI.OTA/OFDM231Bp0.cs:182
此受益人此無可沖銷之申購資料!!	ShowMessage(	Dev/ATLAS.OTA/Source/UI/UI.OTA/OFDM231Bp0.cs:304
此 受益人 之帳戶別為5.綜合帳戶, 不可在此輸入買回資料!	變數指派 =	Dev/ATLAS.OTA/Source/UI/UI.OTA/OFDM231Bp1.cs:159
此 受益人 為交易列管人員, 不可做買回作業!{…}	變數指派 =	Dev/ATLAS.OTA/Source/UI/UI.OTA/OFDM231Bp1.cs:168
請檢查受益人交易列管設定作業(OFDM115)!	變數指派 =	Dev/ATLAS.OTA/Source/UI/UI.OTA/OFDM231Bp1.cs:169
請檢查受益人停止申贖設定作業(OFDM114)!	變數指派 =	Dev/ATLAS.OTA/Source/UI/UI.OTA/OFDM231Bp1.cs:180
此基金基本資料設定為不可作買回	變數指派 =	Dev/ATLAS.OTA/Source/UI/UI.OTA/OFDM231Bp1.cs:192
此基金暫時停止交易, 請檢查基金暫停申贖日期設定作業(OFDM087)!	變數指派 =	Dev/ATLAS.OTA/Source/UI/UI.OTA/OFDM231Bp1.cs:203
此綜合帳戶(OMNIBUS)交易，其基金買回方式卻為單位數買回，請檢查基金基本資料的設定!	AddError(	Dev/ATLAS.OTA/Source/UI/UI.OTA/OFDM231Bp1.cs:220
買回日期 不可小於基金的開始買回日期!	AddError(	Dev/ATLAS.OTA/Source/UI/UI.OTA/OFDM231Bp1.cs:229
交割日期 不可小於買回日期!	AddError(	Dev/ATLAS.OTA/Source/UI/UI.OTA/OFDM231Bp1.cs:234
VALUE日期 不可小於買回日期!	AddError(	Dev/ATLAS.OTA/Source/UI/UI.OTA/OFDM231Bp1.cs:241
買回金額必須大於0!	AddError(	Dev/ATLAS.OTA/Source/UI/UI.OTA/OFDM231Bp1.cs:254
此基金最低買回金額為{…}元!	變數指派 =	Dev/ATLAS.OTA/Source/UI/UI.OTA/OFDM231Bp1.cs:262
買回單位數必須大於0!	AddError(	Dev/ATLAS.OTA/Source/UI/UI.OTA/OFDM231Bp1.cs:273
此基金最低買回單位數為{…}!	變數指派 =	Dev/ATLAS.OTA/Source/UI/UI.OTA/OFDM231Bp1.cs:279
匯款行 必需輸入!	AddError(	Dev/ATLAS.OTA/Source/UI/UI.OTA/OFDM231Bp1.cs:300
匯款帳號 必需輸入!	AddError(	Dev/ATLAS.OTA/Source/UI/UI.OTA/OFDM231Bp1.cs:303
買回單位數不可大於可買回單位數!	AddError(	Dev/ATLAS.OTA/Source/UI/UI.OTA/OFDM231Bp1.cs:312
無沖銷明細資料, 請點選銷帳按鍵進行沖銷!	AddError(	Dev/ATLAS.OTA/Source/UI/UI.OTA/OFDM231Bp1.cs:319
沖銷單位數不等於買回單位數, 請確認銷帳資料!	AddError(	Dev/ATLAS.OTA/Source/UI/UI.OTA/OFDM231Bp1.cs:326
請先輸入買回日期	ShowMessage(	Dev/ATLAS.OTA/Source/UI/UI.OTA/OFDM231Bp1.cs:630
請先設定基金行事曆	ShowMessage(	Dev/ATLAS.OTA/Source/UI/UI.OTA/OFDM231Bp1.cs:721
請先設定基金行事曆	ShowMessage(	Dev/ATLAS.OTA/Source/UI/UI.OTA/OFDM231Bp1.cs:759
此受益人此基金無結餘!!	ShowMessage(	Dev/ATLAS.OTA/Source/UI/UI.OTA/OFDM231Bp1.cs:861
買回日期 不為公司營業日	變數指派 =	Dev/ATLAS.OTA/Source/UI/UI.OTA/OFDM231Bp1.cs:1095
交割日期 不為公司營業日	變數指派 =	Dev/ATLAS.OTA/Source/UI/UI.OTA/OFDM231Bp1.cs:1129
可買回單位數必須大於0!!	ShowMessage(	Dev/ATLAS.OTA/Source/UI/UI.OTA/OFDM231Bp1.cs:1237
預估NAV必須大於0!!	ShowMessage(	Dev/ATLAS.OTA/Source/UI/UI.OTA/OFDM231Bp1.cs:1247
買回金額必須大於0!!	ShowMessage(	Dev/ATLAS.OTA/Source/UI/UI.OTA/OFDM231Bp1.cs:1253
買回比率必須大於0!!	ShowMessage(	Dev/ATLAS.OTA/Source/UI/UI.OTA/OFDM231Bp1.cs:1263
買回單位數必須大於0!!	ShowMessage(	Dev/ATLAS.OTA/Source/UI/UI.OTA/OFDM231Bp1.cs:1274
此 受益人 之帳戶別為5.綜合帳戶, 不可在此輸入轉換資料!	變數指派 =	Dev/ATLAS.OTA/Source/UI/UI.OTA/OFDM231Bp2.cs:170
此 受益人 為交易列管人員, 不可做轉換作業!{…}	變數指派 =	Dev/ATLAS.OTA/Source/UI/UI.OTA/OFDM231Bp2.cs:179
請檢查受益人交易列管設定作業(OFDM115)!	變數指派 =	Dev/ATLAS.OTA/Source/UI/UI.OTA/OFDM231Bp2.cs:180
請檢查受益人停止申贖設定作業(OFDM114)!	變數指派 =	Dev/ATLAS.OTA/Source/UI/UI.OTA/OFDM231Bp2.cs:191
此基金基本資料設定為不可作轉出	變數指派 =	Dev/ATLAS.OTA/Source/UI/UI.OTA/OFDM231Bp2.cs:204
此基金暫時停止交易, 請檢查基金暫停申贖日期設定作業(OFDM087)!	變數指派 =	Dev/ATLAS.OTA/Source/UI/UI.OTA/OFDM231Bp2.cs:215
此綜合帳戶(OMNIBUS)交易，其基金轉換方式卻為單位數轉換，請檢查基金基本資料的設定!	AddError(	Dev/ATLAS.OTA/Source/UI/UI.OTA/OFDM231Bp2.cs:232
此轉入基金基本資料設定為不可作轉入	變數指派 =	Dev/ATLAS.OTA/Source/UI/UI.OTA/OFDM231Bp2.cs:244
此轉入基金暫時停止交易, 請檢查轉入基金暫停申贖日期設定作業(OFDM087)!	變數指派 =	Dev/ATLAS.OTA/Source/UI/UI.OTA/OFDM231Bp2.cs:255
申購基金為【高收益基金】,必須勾選【風險確認】後才能進行申購作業	AddError(	Dev/ATLAS.OTA/Source/UI/UI.OTA/OFDM231Bp2.cs:272
必須勾選【報酬揭露】後才能進行申購作業	AddError(	Dev/ATLAS.OTA/Source/UI/UI.OTA/OFDM231Bp2.cs:277
轉換日期 不可小於基金的開始買回日期!	AddError(	Dev/ATLAS.OTA/Source/UI/UI.OTA/OFDM231Bp2.cs:286
交割日期 不可小於轉換日期!	AddError(	Dev/ATLAS.OTA/Source/UI/UI.OTA/OFDM231Bp2.cs:291
VALUE日期 不可小於轉換日期!	AddError(	Dev/ATLAS.OTA/Source/UI/UI.OTA/OFDM231Bp2.cs:298
轉換金額必須大於0!	AddError(	Dev/ATLAS.OTA/Source/UI/UI.OTA/OFDM231Bp2.cs:311
此基金最低買回金額為{…}元!	變數指派 =	Dev/ATLAS.OTA/Source/UI/UI.OTA/OFDM231Bp2.cs:319
轉換單位數必須大於0!	AddError(	Dev/ATLAS.OTA/Source/UI/UI.OTA/OFDM231Bp2.cs:330
此基金最低買回單位數為{…}!	變數指派 =	Dev/ATLAS.OTA/Source/UI/UI.OTA/OFDM231Bp2.cs:336
配息資料必須輸入!	AddError(	Dev/ATLAS.OTA/Source/UI/UI.OTA/OFDM231Bp2.cs:347
配息資料為再投資時, 配股基金必須輸入!	AddError(	Dev/ATLAS.OTA/Source/UI/UI.OTA/OFDM231Bp2.cs:355
內扣轉換費率不可大於自訂內扣轉換費率!	AddError(	Dev/ATLAS.OTA/Source/UI/UI.OTA/OFDM231Bp2.cs:360
轉換單位數不可大於可買回單位數!	AddError(	Dev/ATLAS.OTA/Source/UI/UI.OTA/OFDM231Bp2.cs:367
無沖銷明細資料, 請點選銷帳按鍵進行沖銷!	AddError(	Dev/ATLAS.OTA/Source/UI/UI.OTA/OFDM231Bp2.cs:374
沖銷單位數不等於轉換單位數, 請確認銷帳資料!	AddError(	Dev/ATLAS.OTA/Source/UI/UI.OTA/OFDM231Bp2.cs:381
此基金計價幣別或轉入基金計價幣別無集保匯率!	AddError(	Dev/ATLAS.OTA/Source/UI/UI.OTA/OFDM231Bp2.cs:412
預估轉申購金額低於最低轉申購金額{…}元, 是否要修改!?	變數指派 =	Dev/ATLAS.OTA/Source/UI/UI.OTA/OFDM231Bp2.cs:441
預估轉申購金額低於最低轉申購金額, 請調整買回單位數!	AddError(	Dev/ATLAS.OTA/Source/UI/UI.OTA/OFDM231Bp2.cs:450
此買回日期無法取得集保匯率!	AddError(	Dev/ATLAS.OTA/Source/UI/UI.OTA/OFDM231Bp2.cs:460
請先設定基金行事曆	ShowMessage(	Dev/ATLAS.OTA/Source/UI/UI.OTA/OFDM231Bp2.cs:845
請先設定基金行事曆	ShowMessage(	Dev/ATLAS.OTA/Source/UI/UI.OTA/OFDM231Bp2.cs:883
請先設定轉入基金行事曆	ShowMessage(	Dev/ATLAS.OTA/Source/UI/UI.OTA/OFDM231Bp2.cs:992
請先設定轉入基金行事曆	ShowMessage(	Dev/ATLAS.OTA/Source/UI/UI.OTA/OFDM231Bp2.cs:1067
此受益人此基金無結餘!!	ShowMessage(	Dev/ATLAS.OTA/Source/UI/UI.OTA/OFDM231Bp2.cs:1109
KYC風險屬性與買回基金風險屬性不吻合,無法買回!	ShowMessage(	Dev/ATLAS.OTA/Source/UI/UI.OTA/OFDM231Bp2.cs:1283
未填附自主買回聲明書,無法買回!	ShowMessage(	Dev/ATLAS.OTA/Source/UI/UI.OTA/OFDM231Bp2.cs:1295
KYC風險屬性與買回基金風險屬性不吻合,無法買回!	ShowMessage(	Dev/ATLAS.OTA/Source/UI/UI.OTA/OFDM231Bp2.cs:1309
KYC風險屬性與買回基金風險屬性不吻合,無法轉換!	ShowMessage(	Dev/ATLAS.OTA/Source/UI/UI.OTA/OFDM231Bp2.cs:1346
未填附自主買回聲明書,無法買回!	ShowMessage(	Dev/ATLAS.OTA/Source/UI/UI.OTA/OFDM231Bp2.cs:1358
KYC風險屬性與買回基金風險屬性不吻合,無法轉換!	ShowMessage(	Dev/ATLAS.OTA/Source/UI/UI.OTA/OFDM231Bp2.cs:1372
買回日期 不為公司營業日	變數指派 =	Dev/ATLAS.OTA/Source/UI/UI.OTA/OFDM231Bp2.cs:1411
交割日期 不為公司營業日	變數指派 =	Dev/ATLAS.OTA/Source/UI/UI.OTA/OFDM231Bp2.cs:1445
可買回單位數必須大於0!!	ShowMessage(	Dev/ATLAS.OTA/Source/UI/UI.OTA/OFDM231Bp2.cs:1543
預估NAV必須大於0!!	ShowMessage(	Dev/ATLAS.OTA/Source/UI/UI.OTA/OFDM231Bp2.cs:1553
轉換金額必須大於0!!	ShowMessage(	Dev/ATLAS.OTA/Source/UI/UI.OTA/OFDM231Bp2.cs:1559
轉換比率必須大於0!!	ShowMessage(	Dev/ATLAS.OTA/Source/UI/UI.OTA/OFDM231Bp2.cs:1569
轉換單位數必須大於0!!	ShowMessage(	Dev/ATLAS.OTA/Source/UI/UI.OTA/OFDM231Bp2.cs:1580
轉入日期 不為公司營業日	變數指派 =	Dev/ATLAS.OTA/Source/UI/UI.OTA/OFDM231Bp2.cs:1926
RD入帳銷售機構 必需輸入!	AddError(	Dev/ATLAS.OTA/Source/UI/UI.OTA/OFDM251.cs:212
已產生配息資料, 不得{0}	ShowMessage(	Dev/ATLAS.OTA/Source/UI/UI.OTA/OFDM251.cs:312
該配息年月已產生所得資料, 請先取消所得資料才可{0}該受益分配基本資料	ShowMessage(	Dev/ATLAS.OTA/Source/UI/UI.OTA/OFDM251.cs:329
請輸入 淨值日期!!	ShowMessage(	Dev/ATLAS.OTA/Source/UI/UI.OTA/OFDM302B.cs:98
基金代碼 為必填欄位	AddError(	Dev/ATLAS.OTA/Source/UI/UI.OTA/OFDM302B.cs:177
申購淨值 必須大於0	AddError(	Dev/ATLAS.OTA/Source/UI/UI.OTA/OFDM302B.cs:183
贖回淨值 必須大於0	AddError(	Dev/ATLAS.OTA/Source/UI/UI.OTA/OFDM302B.cs:189
正式淨值 必須大於0	AddError(	Dev/ATLAS.OTA/Source/UI/UI.OTA/OFDM302B.cs:195
請輸入 淨值日期!!	ShowMessage(	Dev/ATLAS.OTA/Source/UI/UI.OTA/OFDM302B.cs:285
請輸入 基金公司!!	ShowMessage(	Dev/ATLAS.OTA/Source/UI/UI.OTA/OFDM302B.cs:290
請輸入 淨值日期!!	ShowMessage(	Dev/ATLAS.OTA/Source/UI/UI.OTA/OFDM302B.cs:306
請輸入 基金公司!!	ShowMessage(	Dev/ATLAS.OTA/Source/UI/UI.OTA/OFDM302B.cs:311
至少要有一筆資料	MessageBox.Show(	Dev/ATLAS.OTA/Source/UI/UI.OTA/OFDM302Bp0.cs:63
匯入成功	ShowMessage(	Dev/ATLAS.OTA/Source/UI/UI.OTA/OFDM302Bp0.cs:69
請先輸入淨值日期!!	MessageBox.Show(	Dev/ATLAS.OTA/Source/UI/UI.OTA/OFDM302Bp0.cs:81
淨值日與檔案內容不符，請修正後重新上傳	MessageBox.Show(	Dev/ATLAS.OTA/Source/UI/UI.OTA/OFDM302Bp0.cs:149
基金/淨值日 不可重覆，請修正後重新上傳	MessageBox.Show(	Dev/ATLAS.OTA/Source/UI/UI.OTA/OFDM302Bp0.cs:160
無符合條件的資料!	ShowMessage(	Dev/ATLAS.OTA/Source/UI/UI.OTA/OFDM302Bp1.cs:155
淨值鎖定碼 不可為空	AddError(	Dev/ATLAS.OTA/Source/UI/UI.OTA/OFDM302Bp1.cs:181
至少需勾選一個基金代碼!	AddError(	Dev/ATLAS.OTA/Source/UI/UI.OTA/OFDM302Bp1.cs:187
此次鎖定 有正式/申購/贖回淨值為0，不可鎖定!	AddError(	Dev/ATLAS.OTA/Source/UI/UI.OTA/OFDM302Bp1.cs:197
更新成功	ShowMessage(	Dev/ATLAS.OTA/Source/UI/UI.OTA/OFDM302Bp1.cs:212
淨值日期 與 境外基金公司 皆需輸入	AddError(	Dev/ATLAS.OTA/Source/UI/UI.OTA/OFDM302Bp1.cs:247
淨值日期 需輸入	AddError(	Dev/ATLAS.OTA/Source/UI/UI.OTA/OFDM302Bp1.cs:251
境外基金公司 需輸入	AddError(	Dev/ATLAS.OTA/Source/UI/UI.OTA/OFDM302Bp1.cs:255
收件日期(起)(迄) 必須皆(不)填寫	AddError(	Dev/ATLAS.OTA/Source/UI/UI.OTA/OFDM551.cs:305
收件日期(起) 不可大於 收件日期(迄)	AddError(	Dev/ATLAS.OTA/Source/UI/UI.OTA/OFDM551.cs:307
定額契約書號, 收件日期, 客戶統編, 戶號 境外基金公司 必須擇一填寫	AddError(	Dev/ATLAS.OTA/Source/UI/UI.OTA/OFDM551.cs:313
收件日期 不為公司營業日	AddError(	Dev/ATLAS.OTA/Source/UI/UI.OTA/OFDM551.cs:415
此 受益人 為註銷戶不可執行交易	變數指派 =	Dev/ATLAS.OTA/Source/UI/UI.OTA/OFDM551.cs:426
此 受益人 不可進行綜合帳戶交易	變數指派 =	Dev/ATLAS.OTA/Source/UI/UI.OTA/OFDM551.cs:436
此受益人的國籍({…}:{…})有受限制，不可投資此境外基金公司的基金!	AddError(	Dev/ATLAS.OTA/Source/UI/UI.OTA/OFDM551.cs:452
此戶之帳戶歸屬銷售機構區分碼必須為({…})!	AddError(	Dev/ATLAS.OTA/Source/UI/UI.OTA/OFDM551.cs:466
此戶之帳戶歸屬銷售機構代碼必須為({…})開頭的!	AddError(	Dev/ATLAS.OTA/Source/UI/UI.OTA/OFDM551.cs:471
此銷售機構代碼({…}), 其有效碼必須為有效!	AddError(	Dev/ATLAS.OTA/Source/UI/UI.OTA/OFDM551.cs:477
{…} 為必填欄位	AddError(	Dev/ATLAS.OTA/Source/UI/UI.OTA/OFDM551.cs:494
明細資料 必須輸入	AddError(	Dev/ATLAS.OTA/Source/UI/UI.OTA/OFDM551.cs:498
此 受益人 為註銷戶不可執行交易	ShowMessage(	Dev/ATLAS.OTA/Source/UI/UI.OTA/OFDM551.cs:749
此 受益人 不可進行綜合帳戶交易	ShowMessage(	Dev/ATLAS.OTA/Source/UI/UI.OTA/OFDM551.cs:757
{…}1 | 此受益人「不得主動推薦高風險基金」 | 此受益人『僅限申購保守型基金(RR1~RR2)』	ShowMessage(	Dev/ATLAS.OTA/Source/UI/UI.OTA/OFDM551.cs:897
定額契約只可輸入一筆基金明細資料。	AddError(	Dev/ATLAS.OTA/Source/UI/UI.OTA/OFDM551.cs:940
請輸入 戶號!!	ShowMessage(	Dev/ATLAS.OTA/Source/UI/UI.OTA/OFDM551.cs:1056
請輸入 定期定額契約書號!!	ShowMessage(	Dev/ATLAS.OTA/Source/UI/UI.OTA/OFDM551.cs:1089
請點選 要查詢的明細資料!!	ShowMessage(	Dev/ATLAS.OTA/Source/UI/UI.OTA/OFDM551.cs:1097
請輸入 定期定額契約書號!!	ShowMessage(	Dev/ATLAS.OTA/Source/UI/UI.OTA/OFDM551.cs:1134
此 受益人 之帳戶別為5.綜合帳戶, 不可在此輸入契約資料!	變數指派 =	Dev/ATLAS.OTA/Source/UI/UI.OTA/OFDM551p0.cs:132
此 受益人 為交易列管人員, 不可做定額收件作業!{…}	變數指派 =	Dev/ATLAS.OTA/Source/UI/UI.OTA/OFDM551p0.cs:141
請檢查受益人交易列管設定作業(OFDM115)!	變數指派 =	Dev/ATLAS.OTA/Source/UI/UI.OTA/OFDM551p0.cs:142
請檢查受益人停止申贖設定作業(OFDM114)!	變數指派 =	Dev/ATLAS.OTA/Source/UI/UI.OTA/OFDM551p0.cs:153
此基金基本資料設定為不可作定額申購	變數指派 =	Dev/ATLAS.OTA/Source/UI/UI.OTA/OFDM551p0.cs:176
此基金暫時停止交易, 請檢查基金暫停申贖日期設定作業(OFDM087)!	變數指派 =	Dev/ATLAS.OTA/Source/UI/UI.OTA/OFDM551p0.cs:187
申購基金為【高收益基金】,必須勾選【風險確認】後才能進行申購作業	AddError(	Dev/ATLAS.OTA/Source/UI/UI.OTA/OFDM551p0.cs:204
必須勾選【報酬揭露】後才能進行申購作業	AddError(	Dev/ATLAS.OTA/Source/UI/UI.OTA/OFDM551p0.cs:209
申購手續費率不可大於自訂銷售手續費率!	AddError(	Dev/ATLAS.OTA/Source/UI/UI.OTA/OFDM551p0.cs:220
申購金額必須大於0!	AddError(	Dev/ATLAS.OTA/Source/UI/UI.OTA/OFDM551p0.cs:225
此基金最低申購金額為{…}元!	變數指派 =	Dev/ATLAS.OTA/Source/UI/UI.OTA/OFDM551p0.cs:236
此基金定額申購金額必須為{…}倍數!	變數指派 =	Dev/ATLAS.OTA/Source/UI/UI.OTA/OFDM551p0.cs:241
此基金最低申購金額為{…}元!	變數指派 =	Dev/ATLAS.OTA/Source/UI/UI.OTA/OFDM551p0.cs:249
此基金定額申購金額必須為{…}倍數!	變數指派 =	Dev/ATLAS.OTA/Source/UI/UI.OTA/OFDM551p0.cs:253
配息資料必須輸入!	AddError(	Dev/ATLAS.OTA/Source/UI/UI.OTA/OFDM551p0.cs:264
配息資料為再投資時, 配股基金必須輸入!	AddError(	Dev/ATLAS.OTA/Source/UI/UI.OTA/OFDM551p0.cs:272
當綜合帳戶交易且交易幣別為台幣時, 在受益人銀行帳戶資料中, 必須要有一筆台幣的指定集保帳戶!	AddError(	Dev/ATLAS.OTA/Source/UI/UI.OTA/OFDM551p0.cs:292
當綜合帳戶交易且交易幣別為台幣時, 在受益人銀行帳戶資料中, 必須要有一筆綜合外幣或交易幣別指定外幣的指定集保帳戶!	AddError(	Dev/ATLAS.OTA/Source/UI/UI.OTA/OFDM551p0.cs:294
交易幣別為台幣, 且扣款行作業別為全國繳稅費銀行時, 申購金額不可超過500萬!	AddError(	Dev/ATLAS.OTA/Source/UI/UI.OTA/OFDM551p0.cs:309
KYC風險屬性與申購基金風險屬性不吻合,無法申購!	ShowMessage(	Dev/ATLAS.OTA/Source/UI/UI.OTA/OFDM551p0.cs:802
未填附自主申購聲明書,無法申購!	ShowMessage(	Dev/ATLAS.OTA/Source/UI/UI.OTA/OFDM551p0.cs:814
KYC風險屬性與申購基金風險屬性不吻合,無法申購!	ShowMessage(	Dev/ATLAS.OTA/Source/UI/UI.OTA/OFDM551p0.cs:826
請先輸入申購基金!	ShowMessage(	Dev/ATLAS.OTA/Source/UI/UI.OTA/OFDM551p0.cs:842
收件日期 不為公司營業日	變數指派 =	Dev/ATLAS.OTA/Source/UI/UI.OTA/OFDM551p0.cs:877
自訂銷售手續費率尚未設定(OFDM193)	ShowMessage(	Dev/ATLAS.OTA/Source/UI/UI.OTA/OFDM551p0.cs:1135
異動收件日期(起)(迄) 必須皆(不)填寫	AddError(	Dev/ATLAS.OTA/Source/UI/UI.OTA/OFDM554.cs:390
異動收件日期(起) 不可大於 收件日期(迄)	AddError(	Dev/ATLAS.OTA/Source/UI/UI.OTA/OFDM554.cs:392
定額契約書號, 異動書號, 收件日期, 客戶統編, 戶號 必須擇一填寫	AddError(	Dev/ATLAS.OTA/Source/UI/UI.OTA/OFDM554.cs:402
此 受益人 為註銷戶不可執行交易	變數指派 =	Dev/ATLAS.OTA/Source/UI/UI.OTA/OFDM554.cs:502
此 受益人 不可進行綜合帳戶交易	變數指派 =	Dev/ATLAS.OTA/Source/UI/UI.OTA/OFDM554.cs:512
契約書號 必須輸入	變數指派 =	Dev/ATLAS.OTA/Source/UI/UI.OTA/OFDM554.cs:525
異動收件日期 不為公司營業日	AddError(	Dev/ATLAS.OTA/Source/UI/UI.OTA/OFDM554.cs:537
此受益人的國籍({…}:{…})有受限制，不可投資此境外基金公司的基金!	AddError(	Dev/ATLAS.OTA/Source/UI/UI.OTA/OFDM554.cs:550
此戶之帳戶歸屬銷售機構區分碼必須為({…})!	AddError(	Dev/ATLAS.OTA/Source/UI/UI.OTA/OFDM554.cs:564
此戶之帳戶歸屬銷售機構代碼必須為({…})開頭的!	AddError(	Dev/ATLAS.OTA/Source/UI/UI.OTA/OFDM554.cs:569
此銷售機構代碼({…}), 其有效碼必須為有效!	AddError(	Dev/ATLAS.OTA/Source/UI/UI.OTA/OFDM554.cs:575
{…} 為必填欄位	AddError(	Dev/ATLAS.OTA/Source/UI/UI.OTA/OFDM554.cs:592
明細資料 必須輸入	AddError(	Dev/ATLAS.OTA/Source/UI/UI.OTA/OFDM554.cs:596
此 受益人 為註銷戶不可執行	ShowMessage(	Dev/ATLAS.OTA/Source/UI/UI.OTA/OFDM554.cs:880
無有效的 扣款帳戶, 不可鍵入!	ShowMessage(	Dev/ATLAS.OTA/Source/UI/UI.OTA/OFDM554.cs:888
此 受益人 不可進行綜合帳戶交易	ShowMessage(	Dev/ATLAS.OTA/Source/UI/UI.OTA/OFDM554.cs:896
{…}1 | 此受益人「不得主動推薦高風險基金」 | 此受益人『僅限申購保守型基金(RR1~RR2)』	ShowMessage(	Dev/ATLAS.OTA/Source/UI/UI.OTA/OFDM554.cs:1063
定額契約只可輸入一筆基金明細資料。	AddError(	Dev/ATLAS.OTA/Source/UI/UI.OTA/OFDM554.cs:1111
目前系統檢核 該契約書號，有未轉入的異動資料,是否新增？	變數指派 =	Dev/ATLAS.OTA/Source/UI/UI.OTA/OFDM554.cs:1270
異動生效日期 必須大於 定期定額異動日期	AddError(	Dev/ATLAS.OTA/Source/UI/UI.OTA/OFDM554p0.cs:218
未終止的契約，不能做恢復終止的變更	變數指派 =	Dev/ATLAS.OTA/Source/UI/UI.OTA/OFDM554p0.cs:228
此基金暫時停止交易, 請檢查基金暫停申贖日期設定作業(OFDM087)!	變數指派 =	Dev/ATLAS.OTA/Source/UI/UI.OTA/OFDM554p0.cs:245
此 受益人 為交易列管人員, 不可做定額收件作業!{…}	變數指派 =	Dev/ATLAS.OTA/Source/UI/UI.OTA/OFDM554p0.cs:255
請檢查受益人交易列管設定作業(OFDM115)!	變數指派 =	Dev/ATLAS.OTA/Source/UI/UI.OTA/OFDM554p0.cs:256
此受益人此基金停止交易，請檢查受益人停止申贖設定作業(OFDM114)!	變數指派 =	Dev/ATLAS.OTA/Source/UI/UI.OTA/OFDM554p0.cs:267
此基金暫時停止交易, 請檢查基金暫停申贖日期設定作業(OFDM087)!	變數指派 =	Dev/ATLAS.OTA/Source/UI/UI.OTA/OFDM554p0.cs:281
此 受益人 為交易列管人員, 不可做定額收件作業!{…}	變數指派 =	Dev/ATLAS.OTA/Source/UI/UI.OTA/OFDM554p0.cs:290
請檢查受益人交易列管設定作業(OFDM115)!	變數指派 =	Dev/ATLAS.OTA/Source/UI/UI.OTA/OFDM554p0.cs:291
此受益人此基金停止交易，請檢查受益人停止申贖設定作業(OFDM114)!	變數指派 =	Dev/ATLAS.OTA/Source/UI/UI.OTA/OFDM554p0.cs:302
此基金基本資料設定為不可作定額申購	變數指派 =	Dev/ATLAS.OTA/Source/UI/UI.OTA/OFDM554p0.cs:311
配息資料必須輸入!	AddError(	Dev/ATLAS.OTA/Source/UI/UI.OTA/OFDM554p0.cs:336
配息資料為再投資時, 配股基金必須輸入!	AddError(	Dev/ATLAS.OTA/Source/UI/UI.OTA/OFDM554p0.cs:344
當綜合帳戶交易且交易幣別為台幣時, 在受益人銀行帳戶資料中, 必須要有一筆台幣的指定集保帳戶!	AddError(	Dev/ATLAS.OTA/Source/UI/UI.OTA/OFDM554p0.cs:388
當綜合帳戶交易且交易幣別為外幣時, 在受益人銀行帳戶資料中, 必須要有一筆綜合外幣或交易幣別指定外幣的指定集保帳戶!	AddError(	Dev/ATLAS.OTA/Source/UI/UI.OTA/OFDM554p0.cs:390
無有效的{…}扣款帳戶!	AddError(	Dev/ATLAS.OTA/Source/UI/UI.OTA/OFDM554p0.cs:397
交易幣別為台幣, 且扣款行作業別為全國繳稅費銀行時, 申購金額不可超過500萬!	AddError(	Dev/ATLAS.OTA/Source/UI/UI.OTA/OFDM554p0.cs:410
申購基金為【高收益基金】,必須勾選【風險確認】後才能進行申購作業	AddError(	Dev/ATLAS.OTA/Source/UI/UI.OTA/OFDM554p0.cs:426
此 受益人 之帳戶別為5.綜合帳戶, 不可在此輸入契約資料!	變數指派 =	Dev/ATLAS.OTA/Source/UI/UI.OTA/OFDM554p0.cs:444
交易幣別 不得為空!	ShowMessage(	Dev/ATLAS.OTA/Source/UI/UI.OTA/OFDM554p0.cs:919
KYC風險屬性與申購基金風險屬性不吻合,無法申購!	ShowMessage(	Dev/ATLAS.OTA/Source/UI/UI.OTA/OFDM554p0.cs:964
未填附自主申購聲明書,無法申購!	ShowMessage(	Dev/ATLAS.OTA/Source/UI/UI.OTA/OFDM554p0.cs:976
KYC風險屬性與申購基金風險屬性不吻合,無法申購!	ShowMessage(	Dev/ATLAS.OTA/Source/UI/UI.OTA/OFDM554p0.cs:988
無有效的{…}扣款帳戶!	ShowMessage(	Dev/ATLAS.OTA/Source/UI/UI.OTA/OFDM554p0.cs:1053
異動日期 不為公司營業日	變數指派 =	Dev/ATLAS.OTA/Source/UI/UI.OTA/OFDM554p0.cs:1113
契約終止原因必須輸入	AddError(	Dev/ATLAS.OTA/Source/UI/UI.OTA/OFDM554p0.cs:1217
未填附自主申購聲明書，不可恢復扣款!	AddError(	Dev/ATLAS.OTA/Source/UI/UI.OTA/OFDM554p0.cs:1232
暫停扣款迄日必須輸入	ShowMessage(	Dev/ATLAS.OTA/Source/UI/UI.OTA/OFDM554p0.cs:1247
暫停扣款迄日必須大於起日	ShowMessage(	Dev/ATLAS.OTA/Source/UI/UI.OTA/OFDM554p0.cs:1255
暫停扣款起日 不為公司營業日	ShowMessage(	Dev/ATLAS.OTA/Source/UI/UI.OTA/OFDM554p0.cs:1266
暫停扣款起日必須大於等於異動生效日期	ShowMessage(	Dev/ATLAS.OTA/Source/UI/UI.OTA/OFDM554p0.cs:1273
暫停扣款迄日必須輸入	ShowMessage(	Dev/ATLAS.OTA/Source/UI/UI.OTA/OFDM554p0.cs:1287
暫停扣款迄日必須大於起日	ShowMessage(	Dev/ATLAS.OTA/Source/UI/UI.OTA/OFDM554p0.cs:1295
申購金額(變更後) 不可為 0	變數指派 =	Dev/ATLAS.OTA/Source/UI/UI.OTA/OFDM554p0.cs:1332
此基金最低申購金額為{…}元!(TWD)	變數指派 =	Dev/ATLAS.OTA/Source/UI/UI.OTA/OFDM554p0.cs:1346
此基金定額申購金額必須為{…}倍數!	變數指派 =	Dev/ATLAS.OTA/Source/UI/UI.OTA/OFDM554p0.cs:1350
此基金最低申購金額為{…}元!	變數指派 =	Dev/ATLAS.OTA/Source/UI/UI.OTA/OFDM554p0.cs:1360
此基金定額申購金額必須為{…}倍數!	變數指派 =	Dev/ATLAS.OTA/Source/UI/UI.OTA/OFDM554p0.cs:1364
此基金最低申購金額為{…}元!(TWD)	變數指派 =	Dev/ATLAS.OTA/Source/UI/UI.OTA/OFDM554p0.cs:1395
此基金定額申購金額必須為{…}倍數!	變數指派 =	Dev/ATLAS.OTA/Source/UI/UI.OTA/OFDM554p0.cs:1399
此基金最低申購金額為{…}元!	變數指派 =	Dev/ATLAS.OTA/Source/UI/UI.OTA/OFDM554p0.cs:1409
此基金定額申購金額必須為{…}倍數!	變數指派 =	Dev/ATLAS.OTA/Source/UI/UI.OTA/OFDM554p0.cs:1413
交易幣別 不得為空!	AddError(	Dev/ATLAS.OTA/Source/UI/UI.OTA/OFDM554p0.cs:1566
申購手續費率不可大於自訂銷售手續費率!	AddError(	Dev/ATLAS.OTA/Source/UI/UI.OTA/OFDM554p0.cs:1608
自訂銷售手續費率尚未設定(OFDM193)	ShowMessage(	Dev/ATLAS.OTA/Source/UI/UI.OTA/OFDM554p0.cs:1645
此受益人已有一筆授權書存在!	AddError(	Dev/ATLAS.OTA/Source/UI/UI.OTA/OFDM561.cs:195
此受益人無承作綜合帳戶交易, 無法建立扣款帳戶資料!	AddError(	Dev/ATLAS.OTA/Source/UI/UI.OTA/OFDM561.cs:204
{…} 為必填欄位	AddError(	Dev/ATLAS.OTA/Source/UI/UI.OTA/OFDM561.cs:211
明細資料 必須輸入	AddError(	Dev/ATLAS.OTA/Source/UI/UI.OTA/OFDM561.cs:215
此受益人已有一筆授權書存在!	AddError(	Dev/ATLAS.OTA/Source/UI/UI.OTA/OFDM561.cs:289
此受益人無承作綜合帳戶交易, 無法建立扣款帳戶資料!	AddError(	Dev/ATLAS.OTA/Source/UI/UI.OTA/OFDM561.cs:297
扣款帳號:[{…}]已做集保上傳確認, 不可刪除!	ShowMessage(	Dev/ATLAS.OTA/Source/UI/UI.OTA/OFDM561.cs:387
請傳入Grid中點選的該筆資料，不可為Null	ShowMessage(	Dev/ATLAS.OTA/Source/UI/UI.OTA/OFDM561p0.cs:77
授權申請日 不可小於 系統日	AddError(	Dev/ATLAS.OTA/Source/UI/UI.OTA/OFDM561p0.cs:238
扣款行作業別為全國繳稅費銀行時, 帳戶種類必須是台幣!!	AddError(	Dev/ATLAS.OTA/Source/UI/UI.OTA/OFDM561p0.cs:252
同一個授權申請日, 只能有一筆扣款帳戶({…})!	AddError(	Dev/ATLAS.OTA/Source/UI/UI.OTA/OFDM561p0.cs:338
此授權申請日期已有明細資料做過確認, 不可再輸入此授權日!	AddError(	Dev/ATLAS.OTA/Source/UI/UI.OTA/OFDM561p0.cs:343
此受益人只能有一筆台幣帳戶資料!	AddError(	Dev/ATLAS.OTA/Source/UI/UI.OTA/OFDM561p0.cs:350
此受益人只能有一筆外幣帳戶資料!	AddError(	Dev/ATLAS.OTA/Source/UI/UI.OTA/OFDM561p0.cs:356
此受益人已有一筆資料為01.未送集保, 不可再輸入相同授權日期!	AddError(	Dev/ATLAS.OTA/Source/UI/UI.OTA/OFDM561p0.cs:364
已有一筆扣款帳戶在處理中, 不可再新增扣款帳戶!	AddError(	Dev/ATLAS.OTA/Source/UI/UI.OTA/OFDM561p0.cs:370
新增有效明細資料時, 此受益人只能有一筆台幣帳戶資料!	AddError(	Dev/ATLAS.OTA/Source/UI/UI.OTA/OFDM561p0.cs:376
新增有效明細資料時, 此受益人只能有一筆外幣帳戶資料!	AddError(	Dev/ATLAS.OTA/Source/UI/UI.OTA/OFDM561p0.cs:382
新增有效明細時, 該幣別扣款行+扣款帳號不可重複!	AddError(	Dev/ATLAS.OTA/Source/UI/UI.OTA/OFDM561p0.cs:388
不開放刪除功能, 請使用修改方式調整資料庫	變數指派 =	Dev/ATLAS.OTA/Source/UI/UI.OTA/OFDM602A.cs:175
{…} 為必填欄位	AddError(	Dev/ATLAS.OTA/Source/UI/UI.OTA/OFDM602A.cs:221
明細資料 必須輸入	AddError(	Dev/ATLAS.OTA/Source/UI/UI.OTA/OFDM602A.cs:225
{…} 不可空白!	AddError(	Dev/ATLAS.OTA/Source/UI/UI.OTA/TRPM001.cs:168
至少需勾選一筆明細資料!	AddError(	Dev/ATLAS.OTA/Source/UI/UI.OTA/TRPM001.cs:174
收檔媒體格式 必須選擇!	AddError(	Dev/ATLAS.OTA/Source/UI/UI.OTA/TRPM101.cs:125
收檔檔案 必須選擇!	AddError(	Dev/ATLAS.OTA/Source/UI/UI.OTA/TRPM101.cs:131
收檔檔案不存在!	變數指派 =	Dev/ATLAS.OTA/Source/UI/UI.OTA/TRPM101.cs:368
檔案中有空行!	變數指派 =	Dev/ATLAS.OTA/Source/UI/UI.OTA/TRPM101.cs:396
收檔內容無資料, 請檢查!	變數指派 =	Dev/ATLAS.OTA/Source/UI/UI.OTA/TRPM101.cs:417
請先選擇基金公司!	變數指派 =	Dev/ATLAS.OTA/Source/UI/UI.OTA/TRPM901.cs:94
{…} 為必填欄位	AddError(	Dev/ATLAS.OTA/Source/UI/UI.OTA/TRPM901.cs:269
明細資料 必須輸入	AddError(	Dev/ATLAS.OTA/Source/UI/UI.OTA/TRPM901.cs:273
[{0}]基金類股規模日期 須符合日期格式	AddError(	Dev/ATLAS.OTA/Source/UI/UI.OTA/TRPM901.cs:293
[{0}]基金規模日期 須符合日期格式	AddError(	Dev/ATLAS.OTA/Source/UI/UI.OTA/TRPM901.cs:308
請先查詢月報資料至維護介面後, 再按月報製作	變數指派 =	Dev/ATLAS.OTA/Source/UI/UI.OTA/TRPM901.cs:505
至少要有一筆資料	ShowMessage(	Dev/ATLAS.OTA/Source/UI/UI.OTA/TRPM901p0.cs:66
匯入成功	ShowMessage(	Dev/ATLAS.OTA/Source/UI/UI.OTA/TRPM901p0.cs:72
請先輸入月報日期	ShowMessage(	Dev/ATLAS.OTA/Source/UI/UI.OTA/TRPM901p0.cs:86
請先輸入月報日期	ShowMessage(	Dev/ATLAS.OTA/Source/UI/UI.OTA/TRPM901p0.cs:92
請先輸入月報日期	ShowMessage(	Dev/ATLAS.OTA/Source/UI/UI.OTA/TRPM901p0.cs:187
月報製作失敗!, {0}	ShowMessage(	Dev/ATLAS.OTA/Source/UI/UI.OTA/TRPM901p1.cs:77
月報製作成功!	ShowMessage(	Dev/ATLAS.OTA/Source/UI/UI.OTA/TRPM901p1.cs:81
查無資料	AddResultRow(	Dev/ATLAS.OTAB/Source/PO/PO.OTA/OFDB051_PO.cs:315
取得OFD221/OFD224資料有誤，請檢查	AddResultRow(	Dev/ATLAS.OTAB/Source/PO/PO.OTA/OFDB051_PO.cs:320
執行失敗，請檢查資料是否正確	AddResultRow(	Dev/ATLAS.OTAB/Source/PO/PO.OTA/OFDB051_PO.cs:416
執行失敗，請檢查資料是否正確	AddResultRow(	Dev/ATLAS.OTAB/Source/PO/PO.OTA/OFDB051_PO.cs:480
執行成功	AddResultRow(	Dev/ATLAS.OTAB/Source/PO/PO.OTA/OFDB051_PO.cs:487
執行失敗，請檢查	AddResultRow(	Dev/ATLAS.OTAB/Source/PO/PO.OTA/OFDB051_PO.cs:494
EC交易若未轉入不可下單確認	AddResultRow(	Dev/ATLAS.OTAB/Source/PO/PO.OTA/OFDB051_PO.cs:568
取得EC交易異常(OFD620)，請檢查	AddResultRow(	Dev/ATLAS.OTAB/Source/PO/PO.OTA/OFDB051_PO.cs:580
計價幣別申購金額與集保回覆的資料不一致，不可確認	AddResultRow(	Dev/ATLAS.OTAB/Source/PO/PO.OTA/OFDB051_PO.cs:677
取得計價幣別申購金額與集保回覆的資料，請檢查	AddResultRow(	Dev/ATLAS.OTAB/Source/PO/PO.OTA/OFDB051_PO.cs:689
請先執行綜合帳戶FH下單確認作業	AddResultRow(	Dev/ATLAS.OTAB/Source/PO/PO.OTA/OFDB051_PO.cs:730
取得交易異常(OFD303)，請檢查	AddResultRow(	Dev/ATLAS.OTAB/Source/PO/PO.OTA/OFDB051_PO.cs:742
查無資料	AddResultRow(	Dev/ATLAS.OTAB/Source/PO/PO.OTA/OFDB052_PO.cs:221
取得OFD221/OFD224資料有誤，請檢查	AddResultRow(	Dev/ATLAS.OTAB/Source/PO/PO.OTA/OFDB052_PO.cs:226
執行失敗，請檢查資料是否正確	AddResultRow(	Dev/ATLAS.OTAB/Source/PO/PO.OTA/OFDB052_PO.cs:328
執行失敗，請檢查資料是否正確	AddResultRow(	Dev/ATLAS.OTAB/Source/PO/PO.OTA/OFDB052_PO.cs:382
執行失敗，請檢查資料是否正確	AddResultRow(	Dev/ATLAS.OTAB/Source/PO/PO.OTA/OFDB052_PO.cs:454
執行成功	AddResultRow(	Dev/ATLAS.OTAB/Source/PO/PO.OTA/OFDB052_PO.cs:461
執行失敗，請檢查	AddResultRow(	Dev/ATLAS.OTAB/Source/PO/PO.OTA/OFDB052_PO.cs:468
無資料可作結算調整！！	AddResultRow(	Dev/ATLAS.OTAB/Source/PO/PO.OTA/OFDB053_PO.cs:160
取得OFD221資料有誤，請檢查	AddResultRow(	Dev/ATLAS.OTAB/Source/PO/PO.OTA/OFDB053_PO.cs:166
執行失敗，請檢查資料是否正確	AddResultRow(	Dev/ATLAS.OTAB/Source/PO/PO.OTA/OFDB053_PO.cs:253
申購資料結算調整作業完成	AddResultRow(	Dev/ATLAS.OTAB/Source/PO/PO.OTA/OFDB053_PO.cs:259
執行失敗，請檢查 ({…})	AddResultRow(	Dev/ATLAS.OTAB/Source/PO/PO.OTA/OFDB053_PO.cs:266
無資料可作結算確認！！	AddResultRow(	Dev/ATLAS.OTAB/Source/PO/PO.OTA/OFDB054_PO.cs:346
無資料可作結算確認回復！！	AddResultRow(	Dev/ATLAS.OTAB/Source/PO/PO.OTA/OFDB054_PO.cs:348
取得資料有誤，請檢查	AddResultRow(	Dev/ATLAS.OTAB/Source/PO/PO.OTA/OFDB054_PO.cs:354
執行失敗，請檢查資料是否正確	AddResultRow(	Dev/ATLAS.OTAB/Source/PO/PO.OTA/OFDB054_PO.cs:457
執行OFD221_TSCDLOG1失敗，請檢查資料是否正確	AddResultRow(	Dev/ATLAS.OTAB/Source/PO/PO.OTA/OFDB054_PO.cs:507
執行OFD221_TSCDLOG 新增失敗	AddResultRow(	Dev/ATLAS.OTAB/Source/PO/PO.OTA/OFDB054_PO.cs:550
執行OFD221_TSCDLOG1 刪除失敗	AddResultRow(	Dev/ATLAS.OTAB/Source/PO/PO.OTA/OFDB054_PO.cs:593
執行失敗，請檢查資料是否正確	AddResultRow(	Dev/ATLAS.OTAB/Source/PO/PO.OTA/OFDB054_PO.cs:666
執行OFD221_TSCDLOG1失敗，請檢查資料是否正確	AddResultRow(	Dev/ATLAS.OTAB/Source/PO/PO.OTA/OFDB054_PO.cs:708
執行OFD221_TSCDLOG 新增失敗	AddResultRow(	Dev/ATLAS.OTAB/Source/PO/PO.OTA/OFDB054_PO.cs:752
執行OFD221_TSCDLOG1 刪除失敗	AddResultRow(	Dev/ATLAS.OTAB/Source/PO/PO.OTA/OFDB054_PO.cs:793
目前資料正在上傳給集保公司不可回復，請檢查	AddResultRow(	Dev/ATLAS.OTAB/Source/PO/PO.OTA/OFDB054_PO.cs:810
結算確認作業完成！！	AddResultRow(	Dev/ATLAS.OTAB/Source/PO/PO.OTA/OFDB054_PO.cs:816
結算確認回復作業完成！！	AddResultRow(	Dev/ATLAS.OTAB/Source/PO/PO.OTA/OFDB054_PO.cs:820
執行失敗，請檢查	AddResultRow(	Dev/ATLAS.OTAB/Source/PO/PO.OTA/OFDB054_PO.cs:829
無資料可作集保下單確認回復！！	AddResultRow(	Dev/ATLAS.OTAB/Source/PO/PO.OTA/OFDB055_PO.cs:225
取得OFD221資料有誤，請檢查	AddResultRow(	Dev/ATLAS.OTAB/Source/PO/PO.OTA/OFDB055_PO.cs:230
執行失敗，請檢查資料是否正確	AddResultRow(	Dev/ATLAS.OTAB/Source/PO/PO.OTA/OFDB055_PO.cs:331
執行OFD221_TSCDLOG失敗，請檢查資料是否正確	AddResultRow(	Dev/ATLAS.OTAB/Source/PO/PO.OTA/OFDB055_PO.cs:371
執行OFD221_TSCDLOG 新增失敗	AddResultRow(	Dev/ATLAS.OTAB/Source/PO/PO.OTA/OFDB055_PO.cs:414
執行OFD221_TSCDLOG 刪除失敗	AddResultRow(	Dev/ATLAS.OTAB/Source/PO/PO.OTA/OFDB055_PO.cs:456
目前資料正在上傳給集保公司不可回復，請檢查	AddResultRow(	Dev/ATLAS.OTAB/Source/PO/PO.OTA/OFDB055_PO.cs:471
集保下單確認作業完成！！	AddResultRow(	Dev/ATLAS.OTAB/Source/PO/PO.OTA/OFDB055_PO.cs:477
集保下單確認回復作業完成！！	AddResultRow(	Dev/ATLAS.OTAB/Source/PO/PO.OTA/OFDB055_PO.cs:481
執行失敗，請檢查 ({…})	AddResultRow(	Dev/ATLAS.OTAB/Source/PO/PO.OTA/OFDB055_PO.cs:490
EC交易資料未確認	AddResultRow(	Dev/ATLAS.OTAB/Source/PO/PO.OTA/OFDB055_PO.cs:534
取得EC交易異常(OFD620)，請檢查	AddResultRow(	Dev/ATLAS.OTAB/Source/PO/PO.OTA/OFDB055_PO.cs:546
EC交易尚未轉入	AddResultRow(	Dev/ATLAS.OTAB/Source/PO/PO.OTA/OFDB055_PO.cs:584
取得EC交易異常(OFD611)，請檢查	AddResultRow(	Dev/ATLAS.OTAB/Source/PO/PO.OTA/OFDB055_PO.cs:596
未到EC交易截止時間	AddResultRow(	Dev/ATLAS.OTAB/Source/PO/PO.OTA/OFDB055_PO.cs:651
取得EC交易截止時間異常(OFD606)，請檢查	AddResultRow(	Dev/ATLAS.OTAB/Source/PO/PO.OTA/OFDB055_PO.cs:662
無資料可作FH下單確認！！	AddResultRow(	Dev/ATLAS.OTAB/Source/PO/PO.OTA/OFDB057_PO.cs:240
無資料可作FH下單確認回復！！	AddResultRow(	Dev/ATLAS.OTAB/Source/PO/PO.OTA/OFDB057_PO.cs:242
取得資料有誤，請檢查	AddResultRow(	Dev/ATLAS.OTAB/Source/PO/PO.OTA/OFDB057_PO.cs:248
執行失敗，請檢查資料是否正確	AddResultRow(	Dev/ATLAS.OTAB/Source/PO/PO.OTA/OFDB057_PO.cs:342
執行失敗，請檢查資料是否正確	AddResultRow(	Dev/ATLAS.OTAB/Source/PO/PO.OTA/OFDB057_PO.cs:407
執行失敗，請檢查資料是否正確	AddResultRow(	Dev/ATLAS.OTAB/Source/PO/PO.OTA/OFDB057_PO.cs:435
執行失敗，請檢查資料是否正確	AddResultRow(	Dev/ATLAS.OTAB/Source/PO/PO.OTA/OFDB057_PO.cs:515
執行失敗，請檢查資料是否正確	AddResultRow(	Dev/ATLAS.OTAB/Source/PO/PO.OTA/OFDB057_PO.cs:573
執行失敗，請檢查資料是否正確	AddResultRow(	Dev/ATLAS.OTAB/Source/PO/PO.OTA/OFDB057_PO.cs:599
執行失敗，請檢查資料是否正確	AddResultRow(	Dev/ATLAS.OTAB/Source/PO/PO.OTA/OFDB057_PO.cs:662
執行失敗，請檢查資料是否正確	AddResultRow(	Dev/ATLAS.OTAB/Source/PO/PO.OTA/OFDB057_PO.cs:742
下單確認作業完成！！	AddResultRow(	Dev/ATLAS.OTAB/Source/PO/PO.OTA/OFDB057_PO.cs:756
下單確認回復作業完成！！	AddResultRow(	Dev/ATLAS.OTAB/Source/PO/PO.OTA/OFDB057_PO.cs:760
執行失敗，請檢查 ({…})	AddResultRow(	Dev/ATLAS.OTAB/Source/PO/PO.OTA/OFDB057_PO.cs:767
無資料可作試算！！	AddResultRow(	Dev/ATLAS.OTAB/Source/PO/PO.OTA/OFDB058_PO.cs:172
取得資料有誤，請檢查	AddResultRow(	Dev/ATLAS.OTAB/Source/PO/PO.OTA/OFDB058_PO.cs:178
執行失敗，請檢查資料是否正確	AddResultRow(	Dev/ATLAS.OTAB/Source/PO/PO.OTA/OFDB058_PO.cs:300
執行失敗，請檢查資料是否正確	AddResultRow(	Dev/ATLAS.OTAB/Source/PO/PO.OTA/OFDB058_PO.cs:349
申購資料試算作業完成	AddResultRow(	Dev/ATLAS.OTAB/Source/PO/PO.OTA/OFDB058_PO.cs:355
執行失敗，請檢查 ({…})	AddResultRow(	Dev/ATLAS.OTAB/Source/PO/PO.OTA/OFDB058_PO.cs:362
無資料可作結算確認！！	AddResultRow(	Dev/ATLAS.OTAB/Source/PO/PO.OTA/OFDB060_PO.cs:229
無資料可作結算確認回復！！	AddResultRow(	Dev/ATLAS.OTAB/Source/PO/PO.OTA/OFDB060_PO.cs:231
取得資料有誤，請檢查	AddResultRow(	Dev/ATLAS.OTAB/Source/PO/PO.OTA/OFDB060_PO.cs:237
執行失敗，請檢查資料是否正確	AddResultRow(	Dev/ATLAS.OTAB/Source/PO/PO.OTA/OFDB060_PO.cs:333
執行失敗，請檢查資料是否正確	AddResultRow(	Dev/ATLAS.OTAB/Source/PO/PO.OTA/OFDB060_PO.cs:378
分配確認作業完成！！	AddResultRow(	Dev/ATLAS.OTAB/Source/PO/PO.OTA/OFDB060_PO.cs:387
分配確認回復作業完成！！	AddResultRow(	Dev/ATLAS.OTAB/Source/PO/PO.OTA/OFDB060_PO.cs:391
執行失敗，請檢查 ({…})	AddResultRow(	Dev/ATLAS.OTAB/Source/PO/PO.OTA/OFDB060_PO.cs:400
無資料可處理！！	AddResultRow(	Dev/ATLAS.OTAB/Source/PO/PO.OTA/OFDB061_PO.cs:202
取得資料有誤，請檢查	AddResultRow(	Dev/ATLAS.OTAB/Source/PO/PO.OTA/OFDB061_PO.cs:208
淨值檔無資料	AddResultRow(	Dev/ATLAS.OTAB/Source/PO/PO.OTA/OFDB061_PO.cs:254
淨值尚未鎖定，故本日不可結轉！！	AddResultRow(	Dev/ATLAS.OTAB/Source/PO/PO.OTA/OFDB061_PO.cs:263
申購交易明細的淨值尚有與基金淨值不符合的資料！！	AddResultRow(	Dev/ATLAS.OTAB/Source/PO/PO.OTA/OFDB061_PO.cs:272
受益分配產生的申購交易明細的淨值，尚未產生或尚未鎖定！！	AddResultRow(	Dev/ATLAS.OTAB/Source/PO/PO.OTA/OFDB061_PO.cs:281
受益分配產生的申購交易明細的淨值尚有與基金淨值不符合的資料！！	AddResultRow(	Dev/ATLAS.OTAB/Source/PO/PO.OTA/OFDB061_PO.cs:290
申購交易明細的單位數尚有為０的資料！！	AddResultRow(	Dev/ATLAS.OTAB/Source/PO/PO.OTA/OFDB061_PO.cs:299
申購結轉作業完成！！	AddResultRow(	Dev/ATLAS.OTAB/Source/PO/PO.OTA/OFDB061_PO.cs:324
執行失敗，請檢查資料是否正確	AddResultRow(	Dev/ATLAS.OTAB/Source/PO/PO.OTA/OFDB061_PO.cs:332
執行失敗，請檢查 ({…})	AddResultRow(	Dev/ATLAS.OTAB/Source/PO/PO.OTA/OFDB061_PO.cs:339
執行OFD309失敗，請檢查資料是否正確	AddResultRow(	Dev/ATLAS.OTAB/Source/PO/PO.OTA/OFDB062_PO.cs:174
申購結轉回復作業完成！！	AddResultRow(	Dev/ATLAS.OTAB/Source/PO/PO.OTA/OFDB062_PO.cs:180
執行失敗，請檢查 ({…})	AddResultRow(	Dev/ATLAS.OTAB/Source/PO/PO.OTA/OFDB062_PO.cs:187
無資料可作調整！！	AddResultRow(	Dev/ATLAS.OTAB/Source/PO/PO.OTA/OFDB064_PO.cs:138
無資料可作調整！！	AddResultRow(	Dev/ATLAS.OTAB/Source/PO/PO.OTA/OFDB064_PO.cs:192
取得資料有誤，請檢查	AddResultRow(	Dev/ATLAS.OTAB/Source/PO/PO.OTA/OFDB064_PO.cs:199
執行失敗，請檢查資料是否正確(UPDATE OFD224)	AddResultRow(	Dev/ATLAS.OTAB/Source/PO/PO.OTA/OFDB064_PO.cs:273
綜合帳戶彙總申購資料調整作業完成！！	AddResultRow(	Dev/ATLAS.OTAB/Source/PO/PO.OTA/OFDB064_PO.cs:282
執行失敗，請檢查 ({…})	AddResultRow(	Dev/ATLAS.OTAB/Source/PO/PO.OTA/OFDB064_PO.cs:289
{0}基金 {1}NAV日, 請先做綜合帳戶下單確認作業(OFDB057)	AddResultRow(	Dev/ATLAS.OTAB/Source/PO/PO.OTA/OFDB065_PO.cs:124
無資料可作調整！！	AddResultRow(	Dev/ATLAS.OTAB/Source/PO/PO.OTA/OFDB065_PO.cs:282
取得資料有誤，請檢查	AddResultRow(	Dev/ATLAS.OTAB/Source/PO/PO.OTA/OFDB065_PO.cs:289
執行失敗，請檢查資料是否正確(INSERT OFDB065T1)	AddResultRow(	Dev/ATLAS.OTAB/Source/PO/PO.OTA/OFDB065_PO.cs:364
執行失敗，請檢查資料是否正確(UPDATE OFDB065T1)	AddResultRow(	Dev/ATLAS.OTAB/Source/PO/PO.OTA/OFDB065_PO.cs:398
執行失敗，請檢查資料是否正確(UPDATE OFD220)	AddResultRow(	Dev/ATLAS.OTAB/Source/PO/PO.OTA/OFDB065_PO.cs:430
執行失敗，請檢查資料是否正確(UPDATE OFD221)	AddResultRow(	Dev/ATLAS.OTAB/Source/PO/PO.OTA/OFDB065_PO.cs:477
執行失敗，請檢查資料是否正確(UPDATE OFD221)	AddResultRow(	Dev/ATLAS.OTAB/Source/PO/PO.OTA/OFDB065_PO.cs:527
執行失敗，請檢查資料是否正確(UPDATE OFDB065T1)	AddResultRow(	Dev/ATLAS.OTAB/Source/PO/PO.OTA/OFDB065_PO.cs:562
執行失敗，請檢查資料是否正確(UPDATE OFD221)	AddResultRow(	Dev/ATLAS.OTAB/Source/PO/PO.OTA/OFDB065_PO.cs:600
綜合帳戶問題件調整作業完成！！	AddResultRow(	Dev/ATLAS.OTAB/Source/PO/PO.OTA/OFDB065_PO.cs:687
執行失敗，請檢查 ({…})	AddResultRow(	Dev/ATLAS.OTAB/Source/PO/PO.OTA/OFDB065_PO.cs:694
無資料可作下單確認！！	AddResultRow(	Dev/ATLAS.OTAB/Source/PO/PO.OTA/OFDB081_PO.cs:467
無資料可作下單確認回復！！	AddResultRow(	Dev/ATLAS.OTAB/Source/PO/PO.OTA/OFDB081_PO.cs:471
取得資料有誤，請檢查	AddResultRow(	Dev/ATLAS.OTAB/Source/PO/PO.OTA/OFDB081_PO.cs:478
下單確認作業完成！！	AddResultRow(	Dev/ATLAS.OTAB/Source/PO/PO.OTA/OFDB081_PO.cs:709
下單確認回復作業完成！！	AddResultRow(	Dev/ATLAS.OTAB/Source/PO/PO.OTA/OFDB081_PO.cs:713
執行失敗，請檢查資料是否正確	AddResultRow(	Dev/ATLAS.OTAB/Source/PO/PO.OTA/OFDB081_PO.cs:721
執行失敗，請檢查 ({…})	AddResultRow(	Dev/ATLAS.OTAB/Source/PO/PO.OTA/OFDB081_PO.cs:728
無資料可作試算！！	AddResultRow(	Dev/ATLAS.OTAB/Source/PO/PO.OTA/OFDB082_PO.cs:288
取得資料有誤，請檢查	AddResultRow(	Dev/ATLAS.OTAB/Source/PO/PO.OTA/OFDB082_PO.cs:294
執行失敗，請檢查資料是否正確	AddResultRow(	Dev/ATLAS.OTAB/Source/PO/PO.OTA/OFDB082_PO.cs:403
執行失敗，請檢查資料是否正確	AddResultRow(	Dev/ATLAS.OTAB/Source/PO/PO.OTA/OFDB082_PO.cs:454
執行失敗，請檢查資料是否正確	AddResultRow(	Dev/ATLAS.OTAB/Source/PO/PO.OTA/OFDB082_PO.cs:507
執行失敗，請檢查資料是否正確	AddResultRow(	Dev/ATLAS.OTAB/Source/PO/PO.OTA/OFDB082_PO.cs:570
執行失敗，請檢查資料是否正確	AddResultRow(	Dev/ATLAS.OTAB/Source/PO/PO.OTA/OFDB082_PO.cs:626
執行失敗，請檢查資料是否正確	AddResultRow(	Dev/ATLAS.OTAB/Source/PO/PO.OTA/OFDB082_PO.cs:691
贖回資料試算作業完成！！	AddResultRow(	Dev/ATLAS.OTAB/Source/PO/PO.OTA/OFDB082_PO.cs:698
執行失敗，請檢查 ({…})	AddResultRow(	Dev/ATLAS.OTAB/Source/PO/PO.OTA/OFDB082_PO.cs:705
無資料可作結算調整！！	AddResultRow(	Dev/ATLAS.OTAB/Source/PO/PO.OTA/OFDB083_PO.cs:234
取得資料有誤，請檢查	AddResultRow(	Dev/ATLAS.OTAB/Source/PO/PO.OTA/OFDB083_PO.cs:240
執行失敗，請檢查資料是否正確	AddResultRow(	Dev/ATLAS.OTAB/Source/PO/PO.OTA/OFDB083_PO.cs:332
執行失敗，請檢查資料是否正確	AddResultRow(	Dev/ATLAS.OTAB/Source/PO/PO.OTA/OFDB083_PO.cs:400
贖回資料結算調整作業完成！！	AddResultRow(	Dev/ATLAS.OTAB/Source/PO/PO.OTA/OFDB083_PO.cs:406
執行失敗，請檢查 ({…})	AddResultRow(	Dev/ATLAS.OTAB/Source/PO/PO.OTA/OFDB083_PO.cs:413
無資料可作結算確認！！	AddResultRow(	Dev/ATLAS.OTAB/Source/PO/PO.OTA/OFDB084_PO.cs:501
無資料可作結算確認回復！！	AddResultRow(	Dev/ATLAS.OTAB/Source/PO/PO.OTA/OFDB084_PO.cs:505
取得資料有誤，請檢查	AddResultRow(	Dev/ATLAS.OTAB/Source/PO/PO.OTA/OFDB084_PO.cs:512
執行OFD252_TSCDLOG1失敗，請檢查資料是否正確	AddResultRow(	Dev/ATLAS.OTAB/Source/PO/PO.OTA/OFDB084_PO.cs:600
執行OFD253_TSCDLOG1失敗，請檢查資料是否正確	AddResultRow(	Dev/ATLAS.OTAB/Source/PO/PO.OTA/OFDB084_PO.cs:674
執行OFD222_TSCDLOG1 失敗	AddResultRow(	Dev/ATLAS.OTAB/Source/PO/PO.OTA/OFDB084_PO.cs:782
執行OFD252_TSCDLOG1 刪除失敗	AddResultRow(	Dev/ATLAS.OTAB/Source/PO/PO.OTA/OFDB084_PO.cs:825
執行OFD223_TSCDLOG1 失敗	AddResultRow(	Dev/ATLAS.OTAB/Source/PO/PO.OTA/OFDB084_PO.cs:902
執行OFD253_TSCDLOG1 刪除失敗	AddResultRow(	Dev/ATLAS.OTAB/Source/PO/PO.OTA/OFDB084_PO.cs:945
執行OFD252_TSCDLOG1失敗，請檢查資料是否正確	AddResultRow(	Dev/ATLAS.OTAB/Source/PO/PO.OTA/OFDB084_PO.cs:1048
執行OFD253_TSCDLOG1失敗，請檢查資料是否正確	AddResultRow(	Dev/ATLAS.OTAB/Source/PO/PO.OTA/OFDB084_PO.cs:1088
執行OFD222_TSCDLOG1 失敗	AddResultRow(	Dev/ATLAS.OTAB/Source/PO/PO.OTA/OFDB084_PO.cs:1163
執行OFD252_TSCDLOG1 刪除失敗	AddResultRow(	Dev/ATLAS.OTAB/Source/PO/PO.OTA/OFDB084_PO.cs:1204
執行strSQLOFD253_TSCDLOG1 失敗	AddResultRow(	Dev/ATLAS.OTAB/Source/PO/PO.OTA/OFDB084_PO.cs:1250
執行OFD253_TSCDLOG1 刪除失敗	AddResultRow(	Dev/ATLAS.OTAB/Source/PO/PO.OTA/OFDB084_PO.cs:1291
目前資料正在上傳給集保公司不可回復，請稍後重試	AddResultRow(	Dev/ATLAS.OTAB/Source/PO/PO.OTA/OFDB084_PO.cs:1332
結算確認作業完成！！	AddResultRow(	Dev/ATLAS.OTAB/Source/PO/PO.OTA/OFDB084_PO.cs:1340
結算確認回復作業完成！！	AddResultRow(	Dev/ATLAS.OTAB/Source/PO/PO.OTA/OFDB084_PO.cs:1344
執行失敗，請檢查資料是否正確	AddResultRow(	Dev/ATLAS.OTAB/Source/PO/PO.OTA/OFDB084_PO.cs:1352
執行失敗，請檢查 ({…})	AddResultRow(	Dev/ATLAS.OTAB/Source/PO/PO.OTA/OFDB084_PO.cs:1359
無資料可作下單確認！！	AddResultRow(	Dev/ATLAS.OTAB/Source/PO/PO.OTA/OFDB085_PO.cs:368
無資料可作下單確認回復！！	AddResultRow(	Dev/ATLAS.OTAB/Source/PO/PO.OTA/OFDB085_PO.cs:372
取得資料有誤，請檢查	AddResultRow(	Dev/ATLAS.OTAB/Source/PO/PO.OTA/OFDB085_PO.cs:379
執行OFD252_TSCDLOG失敗，請檢查資料是否正確	AddResultRow(	Dev/ATLAS.OTAB/Source/PO/PO.OTA/OFDB085_PO.cs:461
執行OFD253_TSCDLOG失敗，請檢查資料是否正確	AddResultRow(	Dev/ATLAS.OTAB/Source/PO/PO.OTA/OFDB085_PO.cs:534
執行OFD221_TSCDLOG 新增失敗	AddResultRow(	Dev/ATLAS.OTAB/Source/PO/PO.OTA/OFDB085_PO.cs:615
執行OFD252_TSCDLOG 刪除失敗	AddResultRow(	Dev/ATLAS.OTAB/Source/PO/PO.OTA/OFDB085_PO.cs:658
執行OFD253_TSCDLOG 新增失敗	AddResultRow(	Dev/ATLAS.OTAB/Source/PO/PO.OTA/OFDB085_PO.cs:736
執行OFD253_TSCDLOG 刪除失敗	AddResultRow(	Dev/ATLAS.OTAB/Source/PO/PO.OTA/OFDB085_PO.cs:778
目前資料正在上傳給集保公司不可回復，請檢查	AddResultRow(	Dev/ATLAS.OTAB/Source/PO/PO.OTA/OFDB085_PO.cs:826
下單確認作業完成！！	AddResultRow(	Dev/ATLAS.OTAB/Source/PO/PO.OTA/OFDB085_PO.cs:834
下單確認回復作業完成！！	AddResultRow(	Dev/ATLAS.OTAB/Source/PO/PO.OTA/OFDB085_PO.cs:838
執行失敗，請檢查資料是否正確	AddResultRow(	Dev/ATLAS.OTAB/Source/PO/PO.OTA/OFDB085_PO.cs:846
執行失敗，請檢查 ({…})	AddResultRow(	Dev/ATLAS.OTAB/Source/PO/PO.OTA/OFDB085_PO.cs:853
無資料可作下單確認！！	AddResultRow(	Dev/ATLAS.OTAB/Source/PO/PO.OTA/OFDB086_PO.cs:355
無資料可作下單確認回復！！	AddResultRow(	Dev/ATLAS.OTAB/Source/PO/PO.OTA/OFDB086_PO.cs:359
取得資料有誤，請檢查	AddResultRow(	Dev/ATLAS.OTAB/Source/PO/PO.OTA/OFDB086_PO.cs:366
贖回下單確認作業完成！！	AddResultRow(	Dev/ATLAS.OTAB/Source/PO/PO.OTA/OFDB086_PO.cs:629
贖回下單回復作業完成！！	AddResultRow(	Dev/ATLAS.OTAB/Source/PO/PO.OTA/OFDB086_PO.cs:633
執行失敗，請檢查資料是否正確	AddResultRow(	Dev/ATLAS.OTAB/Source/PO/PO.OTA/OFDB086_PO.cs:641
執行失敗，請檢查 ({…})	AddResultRow(	Dev/ATLAS.OTAB/Source/PO/PO.OTA/OFDB086_PO.cs:648
無資料可作資料調整！！	AddResultRow(	Dev/ATLAS.OTAB/Source/PO/PO.OTA/OFDB087_PO.cs:98
已完成結算確認作業,無資料可調整！！	AddResultRow(	Dev/ATLAS.OTAB/Source/PO/PO.OTA/OFDB087_PO.cs:152
取得資料有誤，請檢查	AddResultRow(	Dev/ATLAS.OTAB/Source/PO/PO.OTA/OFDB087_PO.cs:158
執行失敗，請檢查資料是否正確	AddResultRow(	Dev/ATLAS.OTAB/Source/PO/PO.OTA/OFDB087_PO.cs:241
贖回資料調整作業完成！！	AddResultRow(	Dev/ATLAS.OTAB/Source/PO/PO.OTA/OFDB087_PO.cs:246
執行失敗，請檢查 ({…})	AddResultRow(	Dev/ATLAS.OTAB/Source/PO/PO.OTA/OFDB087_PO.cs:253
無資料可作結算調整！！	AddResultRow(	Dev/ATLAS.OTAB/Source/PO/PO.OTA/OFDB088_PO.cs:238
取得資料有誤，請檢查	AddResultRow(	Dev/ATLAS.OTAB/Source/PO/PO.OTA/OFDB088_PO.cs:244
執行失敗，請檢查資料是否正確	AddResultRow(	Dev/ATLAS.OTAB/Source/PO/PO.OTA/OFDB088_PO.cs:352
執行失敗，請檢查資料是否正確	AddResultRow(	Dev/ATLAS.OTAB/Source/PO/PO.OTA/OFDB088_PO.cs:433
執行失敗，請檢查資料是否正確	AddResultRow(	Dev/ATLAS.OTAB/Source/PO/PO.OTA/OFDB088_PO.cs:576
贖回資料試算作業完成！！	AddResultRow(	Dev/ATLAS.OTAB/Source/PO/PO.OTA/OFDB088_PO.cs:584
執行失敗，請檢查 ({…})	AddResultRow(	Dev/ATLAS.OTAB/Source/PO/PO.OTA/OFDB088_PO.cs:591
請先至自售綜合帳戶彙總贖回資料調整作業(OFDB087)，輸入匯率！	變數指派 =	Dev/ATLAS.OTAB/Source/PO/PO.OTA/OFDB088_PO.cs:674
請先至自售綜合帳戶彙總贖回資料調整作業(OFDB087)，輸入匯率！	變數指派 =	Dev/ATLAS.OTAB/Source/PO/PO.OTA/OFDB088_PO.cs:679
尚有基金之贖回資料已作下單確認，請先回復再做此作業!	AddResultRow(	Dev/ATLAS.OTAB/Source/PO/PO.OTA/OFDB089_PO.cs:109
無贖回資料可刪除!	AddResultRow(	Dev/ATLAS.OTAB/Source/PO/PO.OTA/OFDB089_PO.cs:265
個人帳戶贖回資料刪除完成！！	AddResultRow(	Dev/ATLAS.OTAB/Source/PO/PO.OTA/OFDB089_PO.cs:269
個人帳戶贖回資料刪除失敗，請檢查 ({…})	AddResultRow(	Dev/ATLAS.OTAB/Source/PO/PO.OTA/OFDB089_PO.cs:277
無資料可作分配確認！！	AddResultRow(	Dev/ATLAS.OTAB/Source/PO/PO.OTA/OFDB090_PO.cs:496
無資料可作分配確認回復！！	AddResultRow(	Dev/ATLAS.OTAB/Source/PO/PO.OTA/OFDB090_PO.cs:503
取得資料有誤，請檢查	AddResultRow(	Dev/ATLAS.OTAB/Source/PO/PO.OTA/OFDB090_PO.cs:509
執行失敗，請檢查資料是否正確	AddResultRow(	Dev/ATLAS.OTAB/Source/PO/PO.OTA/OFDB090_PO.cs:584
執行失敗，請檢查資料是否正確	AddResultRow(	Dev/ATLAS.OTAB/Source/PO/PO.OTA/OFDB090_PO.cs:611
執行失敗，請檢查資料是否正確	AddResultRow(	Dev/ATLAS.OTAB/Source/PO/PO.OTA/OFDB090_PO.cs:651
執行失敗，請檢查資料是否正確	AddResultRow(	Dev/ATLAS.OTAB/Source/PO/PO.OTA/OFDB090_PO.cs:678
執行失敗，請檢查資料是否正確	AddResultRow(	Dev/ATLAS.OTAB/Source/PO/PO.OTA/OFDB090_PO.cs:715
執行失敗，請檢查資料是否正確	AddResultRow(	Dev/ATLAS.OTAB/Source/PO/PO.OTA/OFDB090_PO.cs:758
執行失敗，請檢查資料是否正確	AddResultRow(	Dev/ATLAS.OTAB/Source/PO/PO.OTA/OFDB090_PO.cs:785
執行失敗，請檢查資料是否正確	AddResultRow(	Dev/ATLAS.OTAB/Source/PO/PO.OTA/OFDB090_PO.cs:825
執行失敗，請檢查資料是否正確	AddResultRow(	Dev/ATLAS.OTAB/Source/PO/PO.OTA/OFDB090_PO.cs:852
執行失敗，請檢查資料是否正確	AddResultRow(	Dev/ATLAS.OTAB/Source/PO/PO.OTA/OFDB090_PO.cs:886
結算確認作業完成！！	AddResultRow(	Dev/ATLAS.OTAB/Source/PO/PO.OTA/OFDB090_PO.cs:898
結算確認回復作業完成！！	AddResultRow(	Dev/ATLAS.OTAB/Source/PO/PO.OTA/OFDB090_PO.cs:902
執行失敗，請檢查 ({…})	AddResultRow(	Dev/ATLAS.OTAB/Source/PO/PO.OTA/OFDB090_PO.cs:910
無資料可處理！！	AddResultRow(	Dev/ATLAS.OTAB/Source/PO/PO.OTA/OFDB091_PO.cs:198
取得資料有誤，請檢查	AddResultRow(	Dev/ATLAS.OTAB/Source/PO/PO.OTA/OFDB091_PO.cs:204
淨值檔無資料	AddResultRow(	Dev/ATLAS.OTAB/Source/PO/PO.OTA/OFDB091_PO.cs:252
淨值尚未鎖定，故本日不可結轉！！	AddResultRow(	Dev/ATLAS.OTAB/Source/PO/PO.OTA/OFDB091_PO.cs:261
贖回交易明細的淨值尚有與基金淨值不符合的資料！！	AddResultRow(	Dev/ATLAS.OTAB/Source/PO/PO.OTA/OFDB091_PO.cs:270
贖回轉申購交易明細的淨值尚有與基金淨值不符合的資料！！	AddResultRow(	Dev/ATLAS.OTAB/Source/PO/PO.OTA/OFDB091_PO.cs:279
贖回交易明細的贖回總價款尚有為０的資料！！	AddResultRow(	Dev/ATLAS.OTAB/Source/PO/PO.OTA/OFDB091_PO.cs:288
贖回轉申購交易明細的轉申購總銷售金額尚有為０的資料！！	AddResultRow(	Dev/ATLAS.OTAB/Source/PO/PO.OTA/OFDB091_PO.cs:297
贖回結轉作業完成！！	AddResultRow(	Dev/ATLAS.OTAB/Source/PO/PO.OTA/OFDB091_PO.cs:322
執行失敗，請檢查資料是否正確	AddResultRow(	Dev/ATLAS.OTAB/Source/PO/PO.OTA/OFDB091_PO.cs:330
執行失敗，請檢查 ({…})	AddResultRow(	Dev/ATLAS.OTAB/Source/PO/PO.OTA/OFDB091_PO.cs:337
本基金尚未作贖回資料的結算確認作業，贖回淨值日{…}請先作此清算確認作業	變數指派 =	Dev/ATLAS.OTAB/Source/PO/PO.OTA/OFDB091_PO.cs:462
本基金尚未作贖回資料的結算確認作業，贖回淨值日{…}請先作此清算確認作業	變數指派 =	Dev/ATLAS.OTAB/Source/PO/PO.OTA/OFDB091_PO.cs:518
贖回淨值日期()，無結帳控制日期檔資料，請通知資訊人員處理!	變數指派 =	Dev/ATLAS.OTAB/Source/PO/PO.OTA/OFDB091_PO.cs:608
贖回淨值日期({…})已結轉!	變數指派 =	Dev/ATLAS.OTAB/Source/PO/PO.OTA/OFDB091_PO.cs:617
本基金尚未有可結轉之資料!	變數指派 =	Dev/ATLAS.OTAB/Source/PO/PO.OTA/OFDB091_PO.cs:621
執行OFD309失敗，請檢查資料是否正確	AddResultRow(	Dev/ATLAS.OTAB/Source/PO/PO.OTA/OFDB092_PO.cs:175
贖回結轉回復作業完成！！	AddResultRow(	Dev/ATLAS.OTAB/Source/PO/PO.OTA/OFDB092_PO.cs:181
執行失敗，請檢查 ({…})	AddResultRow(	Dev/ATLAS.OTAB/Source/PO/PO.OTA/OFDB092_PO.cs:188
無資料可作結算調整！！	AddResultRow(	Dev/ATLAS.OTAB/Source/PO/PO.OTA/OFDB094_PO.cs:233
取得資料有誤，請檢查	AddResultRow(	Dev/ATLAS.OTAB/Source/PO/PO.OTA/OFDB094_PO.cs:239
執行失敗，請檢查資料是否正確	AddResultRow(	Dev/ATLAS.OTAB/Source/PO/PO.OTA/OFDB094_PO.cs:329
執行失敗，請檢查資料是否正確	AddResultRow(	Dev/ATLAS.OTAB/Source/PO/PO.OTA/OFDB094_PO.cs:395
贖回資料結算調整作業完成！！	AddResultRow(	Dev/ATLAS.OTAB/Source/PO/PO.OTA/OFDB094_PO.cs:401
執行失敗，請檢查 ({…})	AddResultRow(	Dev/ATLAS.OTAB/Source/PO/PO.OTA/OFDB094_PO.cs:408
查無資料 可執行收益分配作業	AddResultRow(	Dev/ATLAS.OTAB/Source/PO/PO.OTA/OFDB131_PO.cs:119
取得OFD281資料有誤，請檢查	AddResultRow(	Dev/ATLAS.OTAB/Source/PO/PO.OTA/OFDB131_PO.cs:124
收益分配 產生資料 作業完成!!	AddResultRow(	Dev/ATLAS.OTAB/Source/PO/PO.OTA/OFDB131_PO.cs:178
收益分配 清除資料 作業完成!!	AddResultRow(	Dev/ATLAS.OTAB/Source/PO/PO.OTA/OFDB131_PO.cs:182
執行失敗，請檢查 ({…})	AddResultRow(	Dev/ATLAS.OTAB/Source/PO/PO.OTA/OFDB131_PO.cs:192
查無資料 可執行收益分配作業	AddResultRow(	Dev/ATLAS.OTAB/Source/PO/PO.OTA/OFDB132_PO.cs:217
取得OFD281資料有誤，請檢查	AddResultRow(	Dev/ATLAS.OTAB/Source/PO/PO.OTA/OFDB132_PO.cs:222
執行失敗，請檢查資料是否正確	AddResultRow(	Dev/ATLAS.OTAB/Source/PO/PO.OTA/OFDB132_PO.cs:296
受益分配配股試算作業完成!!	AddResultRow(	Dev/ATLAS.OTAB/Source/PO/PO.OTA/OFDB132_PO.cs:304
執行失敗，請檢查 ({…})	AddResultRow(	Dev/ATLAS.OTAB/Source/PO/PO.OTA/OFDB132_PO.cs:311
查無資料 可執行收益分配確認作業	AddResultRow(	Dev/ATLAS.OTAB/Source/PO/PO.OTA/OFDB133_PO.cs:115
取得OFD281資料有誤，請檢查	AddResultRow(	Dev/ATLAS.OTAB/Source/PO/PO.OTA/OFDB133_PO.cs:120
配現資料確認 作業完成!!	變數指派 =	Dev/ATLAS.OTAB/Source/PO/PO.OTA/OFDB133_PO.cs:172
受益分配資料確認 作業完成!!	變數指派 =	Dev/ATLAS.OTAB/Source/PO/PO.OTA/OFDB133_PO.cs:177
取消再投資資料確認 作業完成!!	變數指派 =	Dev/ATLAS.OTAB/Source/PO/PO.OTA/OFDB133_PO.cs:188
取消受益分配資料確認 作業完成!!	變數指派 =	Dev/ATLAS.OTAB/Source/PO/PO.OTA/OFDB133_PO.cs:193
執行失敗，請檢查資料是否正確(UPDATE OFD281)	AddResultRow(	Dev/ATLAS.OTAB/Source/PO/PO.OTA/OFDB133_PO.cs:239
執行失敗，請檢查資料是否正確(INSERT OFD283_TSCDLOG)	AddResultRow(	Dev/ATLAS.OTAB/Source/PO/PO.OTA/OFDB133_PO.cs:346
執行失敗，請檢查 ({…})	AddResultRow(	Dev/ATLAS.OTAB/Source/PO/PO.OTA/OFDB133_PO.cs:438
查無資料 可執行受益分配資料分配確認作業	AddResultRow(	Dev/ATLAS.OTAB/Source/PO/PO.OTA/OFDB134_PO.cs:115
取得OFD281資料有誤，請檢查	AddResultRow(	Dev/ATLAS.OTAB/Source/PO/PO.OTA/OFDB134_PO.cs:120
受益分配資料分配確認 作業完成!!	變數指派 =	Dev/ATLAS.OTAB/Source/PO/PO.OTA/OFDB134_PO.cs:170
取消受益分配資料分配確認 作業完成!!	變數指派 =	Dev/ATLAS.OTAB/Source/PO/PO.OTA/OFDB134_PO.cs:179
執行失敗，請檢查資料是否正確(UPDATE OFD281)	AddResultRow(	Dev/ATLAS.OTAB/Source/PO/PO.OTA/OFDB134_PO.cs:215
執行失敗，請檢查 ({…})	AddResultRow(	Dev/ATLAS.OTAB/Source/PO/PO.OTA/OFDB134_PO.cs:285
查無資料 可執行受益分配結帳作業(OFD283)	AddResultRow(	Dev/ATLAS.OTAB/Source/PO/PO.OTA/OFDB135_PO.cs:152
查無資料 可執行受益分配結帳作業(OFD282)	AddResultRow(	Dev/ATLAS.OTAB/Source/PO/PO.OTA/OFDB135_PO.cs:154
查無資料 可執行受益分配結帳作業(OFD281)	AddResultRow(	Dev/ATLAS.OTAB/Source/PO/PO.OTA/OFDB135_PO.cs:156
取得OFD281資料有誤，請檢查	AddResultRow(	Dev/ATLAS.OTAB/Source/PO/PO.OTA/OFDB135_PO.cs:161
受益分配結帳 作業完成!!	變數指派 =	Dev/ATLAS.OTAB/Source/PO/PO.OTA/OFDB135_PO.cs:215
取消受益分配結帳 作業完成!!	變數指派 =	Dev/ATLAS.OTAB/Source/PO/PO.OTA/OFDB135_PO.cs:223
執行失敗，請檢查資料是否正確(STTL_DATE)	AddResultRow(	Dev/ATLAS.OTAB/Source/PO/PO.OTA/OFDB135_PO.cs:333
執行失敗，請檢查資料是否正確(TradeId OFD062)	AddResultRow(	Dev/ATLAS.OTAB/Source/PO/PO.OTA/OFDB135_PO.cs:342
執行失敗，請檢查資料是否正確(genSrNo)	AddResultRow(	Dev/ATLAS.OTAB/Source/PO/PO.OTA/OFDB135_PO.cs:355
執行失敗，請檢查資料是否正確(INSERT OFD220)	AddResultRow(	Dev/ATLAS.OTAB/Source/PO/PO.OTA/OFDB135_PO.cs:449
執行失敗，請檢查資料是否正確(INSERT OFD221)	AddResultRow(	Dev/ATLAS.OTAB/Source/PO/PO.OTA/OFDB135_PO.cs:524
執行失敗，請檢查資料是否正確(UPDATE OFD282)	AddResultRow(	Dev/ATLAS.OTAB/Source/PO/PO.OTA/OFDB135_PO.cs:567
執行失敗，請檢查資料是否正確(UPDATE OFD283)	AddResultRow(	Dev/ATLAS.OTAB/Source/PO/PO.OTA/OFDB135_PO.cs:610
執行失敗，請檢查資料是否正確(DELETE OFD220)	AddResultRow(	Dev/ATLAS.OTAB/Source/PO/PO.OTA/OFDB135_PO.cs:758
執行失敗，請檢查資料是否正確(DELETE OFD221)	AddResultRow(	Dev/ATLAS.OTAB/Source/PO/PO.OTA/OFDB135_PO.cs:786
執行失敗，請檢查資料是否正確(UPDATE OFD281)	AddResultRow(	Dev/ATLAS.OTAB/Source/PO/PO.OTA/OFDB135_PO.cs:826
執行失敗，請檢查資料是否正確(UPDATE OFD282)	AddResultRow(	Dev/ATLAS.OTAB/Source/PO/PO.OTA/OFDB135_PO.cs:865
執行失敗，請檢查資料是否正確(UPDATE OFD283)	AddResultRow(	Dev/ATLAS.OTAB/Source/PO/PO.OTA/OFDB135_PO.cs:904
執行失敗，請檢查 ({…})	AddResultRow(	Dev/ATLAS.OTAB/Source/PO/PO.OTA/OFDB135_PO.cs:918
異動轉入成功！！	AddResultRow(	Dev/ATLAS.OTAB/Source/PO/PO.OTA/OFDB553_PO.cs:134
執行失敗，請檢查 ({…})	AddResultRow(	Dev/ATLAS.OTAB/Source/PO/PO.OTA/OFDB553_PO.cs:141
無資料可做集保上傳確認作業！！	AddResultRow(	Dev/ATLAS.OTAB/Source/PO/PO.OTA/OFDB561_PO.cs:156
無資料可做集保上傳回復作業！！	AddResultRow(	Dev/ATLAS.OTAB/Source/PO/PO.OTA/OFDB561_PO.cs:160
取得資料有誤，請檢查	AddResultRow(	Dev/ATLAS.OTAB/Source/PO/PO.OTA/OFDB561_PO.cs:167
集保上傳確認成功！！	AddResultRow(	Dev/ATLAS.OTAB/Source/PO/PO.OTA/OFDB561_PO.cs:268
集保上傳回復成功！！	AddResultRow(	Dev/ATLAS.OTAB/Source/PO/PO.OTA/OFDB561_PO.cs:272
執行失敗，請檢查資料是否正確	AddResultRow(	Dev/ATLAS.OTAB/Source/PO/PO.OTA/OFDB561_PO.cs:280
執行失敗，請檢查 ({…})	AddResultRow(	Dev/ATLAS.OTAB/Source/PO/PO.OTA/OFDB561_PO.cs:287
無資料可做已送集保確認作業！！	AddResultRow(	Dev/ATLAS.OTAB/Source/PO/PO.OTA/OFDB562_PO.cs:165
無資料可做取消集保確認作業！！	AddResultRow(	Dev/ATLAS.OTAB/Source/PO/PO.OTA/OFDB562_PO.cs:169
取得資料有誤，請檢查	AddResultRow(	Dev/ATLAS.OTAB/Source/PO/PO.OTA/OFDB562_PO.cs:176
目前資料正在上傳給集保公司，不可作集保確認，請稍後重試!{…}	AddResultRow(	Dev/ATLAS.OTAB/Source/PO/PO.OTA/OFDB562_PO.cs:269
執行OFD562_TSCDLOG 新增失敗	AddResultRow(	Dev/ATLAS.OTAB/Source/PO/PO.OTA/OFDB562_PO.cs:330
目前資料正在上傳給集保公司，不可作集保確認，請稍後重試!{…}	AddResultRow(	Dev/ATLAS.OTAB/Source/PO/PO.OTA/OFDB562_PO.cs:346
執行OFD562_TSCDLOG 新增失敗	AddResultRow(	Dev/ATLAS.OTAB/Source/PO/PO.OTA/OFDB562_PO.cs:476
已送集保確認成功！！	AddResultRow(	Dev/ATLAS.OTAB/Source/PO/PO.OTA/OFDB562_PO.cs:489
取消已送集保確認成功！！	AddResultRow(	Dev/ATLAS.OTAB/Source/PO/PO.OTA/OFDB562_PO.cs:493
執行失敗，請檢查資料是否正確	AddResultRow(	Dev/ATLAS.OTAB/Source/PO/PO.OTA/OFDB562_PO.cs:501
執行失敗，請檢查 ({…})	AddResultRow(	Dev/ATLAS.OTAB/Source/PO/PO.OTA/OFDB562_PO.cs:508
無資料可處理！！	AddResultRow(	Dev/ATLAS.OTAB/Source/PO/PO.OTA/OFDB563_PO.cs:207
無資料可處理！！	AddResultRow(	Dev/ATLAS.OTAB/Source/PO/PO.OTA/OFDB563_PO.cs:211
取得資料有誤，請檢查	AddResultRow(	Dev/ATLAS.OTAB/Source/PO/PO.OTA/OFDB563_PO.cs:218
執行OFD562_TSCDLOG 新增失敗	AddResultRow(	Dev/ATLAS.OTAB/Source/PO/PO.OTA/OFDB563_PO.cs:325
OFD564 新增失敗	AddResultRow(	Dev/ATLAS.OTAB/Source/PO/PO.OTA/OFDB563_PO.cs:361
執行OFD562_TSCDLOG 新增失敗	AddResultRow(	Dev/ATLAS.OTAB/Source/PO/PO.OTA/OFDB563_PO.cs:416
OFD564 新增失敗	AddResultRow(	Dev/ATLAS.OTAB/Source/PO/PO.OTA/OFDB563_PO.cs:450
執行OFD562_TSCDLOG 刪除失敗	AddResultRow(	Dev/ATLAS.OTAB/Source/PO/PO.OTA/OFDB563_PO.cs:524
OFD564 刪除失敗	AddResultRow(	Dev/ATLAS.OTAB/Source/PO/PO.OTA/OFDB563_PO.cs:556
執行OFD562_TSCDLOG 刪除失敗	AddResultRow(	Dev/ATLAS.OTAB/Source/PO/PO.OTA/OFDB563_PO.cs:621
OFD564 刪除失敗	AddResultRow(	Dev/ATLAS.OTAB/Source/PO/PO.OTA/OFDB563_PO.cs:653
退件處理成功！！	AddResultRow(	Dev/ATLAS.OTAB/Source/PO/PO.OTA/OFDB563_PO.cs:666
退件處理還原成功！！	AddResultRow(	Dev/ATLAS.OTAB/Source/PO/PO.OTA/OFDB563_PO.cs:670
執行失敗，請檢查資料是否正確	AddResultRow(	Dev/ATLAS.OTAB/Source/PO/PO.OTA/OFDB563_PO.cs:678
執行失敗，請檢查 ({…})	AddResultRow(	Dev/ATLAS.OTAB/Source/PO/PO.OTA/OFDB563_PO.cs:685
無資料可處理！！	AddResultRow(	Dev/ATLAS.OTAB/Source/PO/PO.OTA/OFDB564_PO.cs:181
無資料可處理！！	AddResultRow(	Dev/ATLAS.OTAB/Source/PO/PO.OTA/OFDB564_PO.cs:185
取得資料有誤，請檢查	AddResultRow(	Dev/ATLAS.OTAB/Source/PO/PO.OTA/OFDB564_PO.cs:192
執行OFD562_TSCDLOG 新增失敗	AddResultRow(	Dev/ATLAS.OTAB/Source/PO/PO.OTA/OFDB564_PO.cs:300
執行OFD562_TSCDLOG 刪除失敗	AddResultRow(	Dev/ATLAS.OTAB/Source/PO/PO.OTA/OFDB564_PO.cs:370
註銷成功！！	AddResultRow(	Dev/ATLAS.OTAB/Source/PO/PO.OTA/OFDB564_PO.cs:382
註銷還原成功！！	AddResultRow(	Dev/ATLAS.OTAB/Source/PO/PO.OTA/OFDB564_PO.cs:386
執行失敗，請檢查資料是否正確	AddResultRow(	Dev/ATLAS.OTAB/Source/PO/PO.OTA/OFDB564_PO.cs:394
執行失敗，請檢查 ({…})	AddResultRow(	Dev/ATLAS.OTAB/Source/PO/PO.OTA/OFDB564_PO.cs:401
執行成功	AddResultRow(	Dev/ATLAS.OTAB/Source/PO/PO.OTA/OFDB600A_PO.cs:148
執行失敗，請檢查 : {…}	AddResultRow(	Dev/ATLAS.OTAB/Source/PO/PO.OTA/OFDB600A_PO.cs:162
上一營業日尚有申購資料未轉入!	AddResultRow(	Dev/ATLAS.OTAB/Source/PO/PO.OTA/OFDB601A_PO.cs:140
請至截止轉處理中狀態作業後,再進行拋轉!	AddResultRow(	Dev/ATLAS.OTAB/Source/PO/PO.OTA/OFDB601A_PO.cs:150
該NAV日期，尚有申購資料未做截止轉處理中作業!	AddResultRow(	Dev/ATLAS.OTAB/Source/PO/PO.OTA/OFDB601A_PO.cs:159
該NAV日期，申購資料已轉入,不可重複轉入!	AddResultRow(	Dev/ATLAS.OTAB/Source/PO/PO.OTA/OFDB601A_PO.cs:168
申購資料轉入成功！！	AddResultRow(	Dev/ATLAS.OTAB/Source/PO/PO.OTA/OFDB601A_PO.cs:188
該基金EC申購資料尚未拋轉，不可回覆!	AddResultRow(	Dev/ATLAS.OTAB/Source/PO/PO.OTA/OFDB601A_PO.cs:204
該基金已執行個人帳戶申購下單確認，不可回覆!	AddResultRow(	Dev/ATLAS.OTAB/Source/PO/PO.OTA/OFDB601A_PO.cs:213
該基金已執行綜合帳戶申購下單確認，不可回覆!	AddResultRow(	Dev/ATLAS.OTAB/Source/PO/PO.OTA/OFDB601A_PO.cs:222
該基金已執行集保下單確認，不可回覆!	AddResultRow(	Dev/ATLAS.OTAB/Source/PO/PO.OTA/OFDB601A_PO.cs:231
刪除成功！！	AddResultRow(	Dev/ATLAS.OTAB/Source/PO/PO.OTA/OFDB601A_PO.cs:251
執行失敗，請檢查 ({…})	AddResultRow(	Dev/ATLAS.OTAB/Source/PO/PO.OTA/OFDB601A_PO.cs:263
資料有誤，請檢查	AddResultRow(	Dev/ATLAS.OTAB/Source/PO/PO.OTA/OFDB601A_PO.cs:768
上一營業日尚有贖回資料未轉入!	AddResultRow(	Dev/ATLAS.OTAB/Source/PO/PO.OTA/OFDB602A_PO.cs:130
請至截止轉處理中狀態作業後,再進行拋轉!	AddResultRow(	Dev/ATLAS.OTAB/Source/PO/PO.OTA/OFDB602A_PO.cs:140
本日贖回資料已轉入,不可重複轉入!	AddResultRow(	Dev/ATLAS.OTAB/Source/PO/PO.OTA/OFDB602A_PO.cs:149
該贖回日期， 贖回資料未轉入!	AddResultRow(	Dev/ATLAS.OTAB/Source/PO/PO.OTA/OFDB602A_PO.cs:158
贖回資料轉入成功！！	AddResultRow(	Dev/ATLAS.OTAB/Source/PO/PO.OTA/OFDB602A_PO.cs:177
此基金贖回日期尚未拋轉!	AddResultRow(	Dev/ATLAS.OTAB/Source/PO/PO.OTA/OFDB602A_PO.cs:192
刪除成功！！	AddResultRow(	Dev/ATLAS.OTAB/Source/PO/PO.OTA/OFDB602A_PO.cs:213
執行失敗，請檢查 ({…})	AddResultRow(	Dev/ATLAS.OTAB/Source/PO/PO.OTA/OFDB602A_PO.cs:226
資料有誤，請檢查	AddResultRow(	Dev/ATLAS.OTAB/Source/PO/PO.OTA/OFDB602A_PO.cs:560
上一營業日尚有贖回資料未轉入!	AddResultRow(	Dev/ATLAS.OTAB/Source/PO/PO.OTA/OFDB603_PO.cs:130
請至截止轉處理中狀態作業後,再進行拋轉!	AddResultRow(	Dev/ATLAS.OTAB/Source/PO/PO.OTA/OFDB603_PO.cs:139
本日贖回資料已轉入,不可重複轉入!	AddResultRow(	Dev/ATLAS.OTAB/Source/PO/PO.OTA/OFDB603_PO.cs:148
該NAV日期， 贖回資料未轉入!	AddResultRow(	Dev/ATLAS.OTAB/Source/PO/PO.OTA/OFDB603_PO.cs:157
轉換資料轉入成功！！	AddResultRow(	Dev/ATLAS.OTAB/Source/PO/PO.OTA/OFDB603_PO.cs:176
此基金和贖回NAV日期尚未拋轉!	AddResultRow(	Dev/ATLAS.OTAB/Source/PO/PO.OTA/OFDB603_PO.cs:191
刪除成功！！	AddResultRow(	Dev/ATLAS.OTAB/Source/PO/PO.OTA/OFDB603_PO.cs:212
執行失敗，請檢查 ({…})	AddResultRow(	Dev/ATLAS.OTAB/Source/PO/PO.OTA/OFDB603_PO.cs:225
資料有誤，請檢查	AddResultRow(	Dev/ATLAS.OTAB/Source/PO/PO.OTA/OFDB603_PO.cs:558
上一營業日尚有定期定額申購資料未轉入!	AddResultRow(	Dev/ATLAS.OTAB/Source/PO/PO.OTA/OFDB604A_PO.cs:143
上一營業日尚有定期定額異動資料未轉入!	AddResultRow(	Dev/ATLAS.OTAB/Source/PO/PO.OTA/OFDB604A_PO.cs:153
請至截止轉處理中狀態作業後，再進行拋轉!	AddResultRow(	Dev/ATLAS.OTAB/Source/PO/PO.OTA/OFDB604A_PO.cs:162
該收件日期，定期定額申請資料未轉入!	AddResultRow(	Dev/ATLAS.OTAB/Source/PO/PO.OTA/OFDB604A_PO.cs:171
該異動日期，定期定額異動資料未轉入!	AddResultRow(	Dev/ATLAS.OTAB/Source/PO/PO.OTA/OFDB604A_PO.cs:180
本日定期定額申請/異動資料已轉入,不可重複轉入!	AddResultRow(	Dev/ATLAS.OTAB/Source/PO/PO.OTA/OFDB604A_PO.cs:189
定期定額申請/異動資料轉入成功！！	AddResultRow(	Dev/ATLAS.OTAB/Source/PO/PO.OTA/OFDB604A_PO.cs:222
該基金EC定期定額申購/異動資料尚未拋轉，不可回覆!	AddResultRow(	Dev/ATLAS.OTAB/Source/PO/PO.OTA/OFDB604A_PO.cs:238
該基金已執行定期定額申請集保下單確認，不可回覆!	AddResultRow(	Dev/ATLAS.OTAB/Source/PO/PO.OTA/OFDB604A_PO.cs:247
該基金已執行定期定額異動集保下單確認，不可回覆!	AddResultRow(	Dev/ATLAS.OTAB/Source/PO/PO.OTA/OFDB604A_PO.cs:256
刪除成功！！	AddResultRow(	Dev/ATLAS.OTAB/Source/PO/PO.OTA/OFDB604A_PO.cs:290
執行失敗，請檢查 ({…})	AddResultRow(	Dev/ATLAS.OTAB/Source/PO/PO.OTA/OFDB604A_PO.cs:302
資料有誤，請檢查	AddResultRow(	Dev/ATLAS.OTAB/Source/PO/PO.OTA/OFDB604A_PO.cs:891
----------------------------------------{…}定期定額扣款作業處理完畢，共有{…}筆扣款資料，明細如下列。{…}----------------------------------------{…}----------------------------------------{…}	變數指派 =	Dev/ATLAS.OTAB/Source/PO/PO.OTA/OFDB903_PO.cs:194
此區間沒有扣款資料！！	變數指派 =	Dev/ATLAS.OTAB/Source/PO/PO.OTA/OFDB903_PO.cs:201
定期定額扣款刪除作業處理完畢！！	變數指派 =	Dev/ATLAS.OTAB/Source/PO/PO.OTA/OFDB903_PO.cs:205
執行失敗，請檢查資料是否正確	AddResultRow(	Dev/ATLAS.OTAB/Source/PO/PO.OTA/OFDB903_PO.cs:245
執行失敗，請檢查資料是否正確	AddResultRow(	Dev/ATLAS.OTAB/Source/PO/PO.OTA/OFDB903_PO.cs:272
執行{…}扣款資料成功！！	變數指派 =	Dev/ATLAS.OTAB/Source/PO/PO.OTA/OFDB903_PO.cs:279
執行失敗，請檢查 ({…})	AddResultRow(	Dev/ATLAS.OTAB/Source/PO/PO.OTA/OFDB903_PO.cs:289
無資料可作受益分配資料調整！！	AddResultRow(	Dev/ATLAS.OTAB/Source/PO/PO.OTA/OFDM252_PO.cs:309
取得資料有誤，請檢查	AddResultRow(	Dev/ATLAS.OTAB/Source/PO/PO.OTA/OFDM252_PO.cs:315
執行失敗，請檢查資料是否正確	AddResultRow(	Dev/ATLAS.OTAB/Source/PO/PO.OTA/OFDM252_PO.cs:545
受益分配資料調整作業完成！！	AddResultRow(	Dev/ATLAS.OTAB/Source/PO/PO.OTA/OFDM252_PO.cs:551
執行失敗，請檢查 ({…})	AddResultRow(	Dev/ATLAS.OTAB/Source/PO/PO.OTA/OFDM252_PO.cs:558
取得境外基金主檔(OFD081)失敗，請檢查	AddResultRow(	Dev/ATLAS.OTAB/Source/PO/PO.OTA/OTAB901_PO.cs:108
取得境外基金主檔(OFD081)失敗，請檢查	AddResultRow(	Dev/ATLAS.OTAB/Source/PO/PO.OTA/OTAB901_PO.cs:157
取得境外淨值資料主檔(OFD302)失敗，請檢查	AddResultRow(	Dev/ATLAS.OTAB/Source/PO/PO.OTA/OTAB901_PO.cs:205
『EC交易若未轉入』不可下單確認!	變數指派 =	Dev/ATLAS.OTAB/Source/UI/UI.OTA/OFDB051.cs:167
『計價幣別申購金額與集保回覆的資料不一致』不可下單確認!	變數指派 =	Dev/ATLAS.OTAB/Source/UI/UI.OTA/OFDB051.cs:186
至少須勾選一筆資料	AddError(	Dev/ATLAS.OTAB/Source/UI/UI.OTA/OFDB052.cs:96
{…}，此淨值日期:{…}，尚無淨值，故無法試算!	ShowMessage(	Dev/ATLAS.OTAB/Source/UI/UI.OTA/OFDB052.cs:179
{…}，此日期之淨值:{…}，尚未鎖定，故無法試算!	ShowMessage(	Dev/ATLAS.OTAB/Source/UI/UI.OTA/OFDB052.cs:199
已有部份資料，完成結算資料調整，是否仍要執行試算作業？	ShowMessage(	Dev/ATLAS.OTAB/Source/UI/UI.OTA/OFDB052.cs:371
已有部份自售資料完成結算資料調整，是否仍要執行試算作業？	ShowMessage(	Dev/ATLAS.OTAB/Source/UI/UI.OTA/OFDB052.cs:385
至少須勾選一筆資料	AddError(	Dev/ATLAS.OTAB/Source/UI/UI.OTA/OFDB053.cs:93
系統訊息	MessageBox.Show(	Dev/ATLAS.OTAB/Source/UI/UI.OTA/OFDB053.cs:131
收益人戶號：{…}，申購金額必須輸入。	AddError(	Dev/ATLAS.OTAB/Source/UI/UI.OTA/OFDB053.cs:256
收益人戶號：{…}，申購金額不可小於等於0。	AddError(	Dev/ATLAS.OTAB/Source/UI/UI.OTA/OFDB053.cs:265
收益人戶號：{…}，申購手續費率必須輸入。	AddError(	Dev/ATLAS.OTAB/Source/UI/UI.OTA/OFDB053.cs:301
收益人戶號：{…}，申購手續費必須輸入。	AddError(	Dev/ATLAS.OTAB/Source/UI/UI.OTA/OFDB053.cs:338
收益人戶號：{…}，申購單位數必須輸入。	AddError(	Dev/ATLAS.OTAB/Source/UI/UI.OTA/OFDB053.cs:350
收益人戶號：{…}，申購金額必須輸入。	AddError(	Dev/ATLAS.OTAB/Source/UI/UI.OTA/OFDB053.cs:409
收益人戶號：{…}，申購金額不可小於0。	AddError(	Dev/ATLAS.OTAB/Source/UI/UI.OTA/OFDB053.cs:415
至少須勾選一筆資料	AddError(	Dev/ATLAS.OTAB/Source/UI/UI.OTA/OFDB054.cs:97
以下基金:{…}，基金申購明細檔中申購單位數不可為0!	ShowMessage(	Dev/ATLAS.OTAB/Source/UI/UI.OTA/OFDB054.cs:196
以下基金:{…}，自售綜合帳戶申購交易檔中申購單位數不可為0 !	ShowMessage(	Dev/ATLAS.OTAB/Source/UI/UI.OTA/OFDB054.cs:217
請輸入申購日期！	AddError(	Dev/ATLAS.OTAB/Source/UI/UI.OTA/OFDB054.cs:380
申購日期/申購NAV日期 需擇一輸入	AddError(	Dev/ATLAS.OTAB/Source/UI/UI.OTA/OFDB054.cs:385
至少須勾選一筆資料	AddError(	Dev/ATLAS.OTAB/Source/UI/UI.OTA/OFDB055.cs:93
『EC交易資料未確認，不可下單確認』!	變數指派 =	Dev/ATLAS.OTAB/Source/UI/UI.OTA/OFDB055.cs:138
『EC交易尚未轉入，不可下單確認』!	變數指派 =	Dev/ATLAS.OTAB/Source/UI/UI.OTA/OFDB055.cs:160
『未到EC交易截止時，不可下單確認』!	變數指派 =	Dev/ATLAS.OTAB/Source/UI/UI.OTA/OFDB055.cs:180
系統訊息	MessageBox.Show(	Dev/ATLAS.OTAB/Source/UI/UI.OTA/OFDB055.cs:199
有部份基金，未回報或未繳款的資料，是否仍要繼續執行確認作業？	ShowMessage(	Dev/ATLAS.OTAB/Source/UI/UI.OTA/OFDB057.cs:59
有部份基金，尚有集保回報已繳款卻無集保申購書號的資料，請重新檢查	ShowMessage(	Dev/ATLAS.OTAB/Source/UI/UI.OTA/OFDB057.cs:73
部分基金已執行個人帳戶下單確認，請先執行回復作業!	ShowMessage(	Dev/ATLAS.OTAB/Source/UI/UI.OTA/OFDB057.cs:89
至少須勾選一筆資料	AddError(	Dev/ATLAS.OTAB/Source/UI/UI.OTA/OFDB057.cs:148
請輸入 申購日期!!	ShowMessage(	Dev/ATLAS.OTAB/Source/UI/UI.OTA/OFDB057.cs:167
完成	ShowMessage(	Dev/ATLAS.OTAB/Source/UI/UI.OTA/OFDB057.cs:172
系統訊息	MessageBox.Show(	Dev/ATLAS.OTAB/Source/UI/UI.OTA/OFDB057.cs:203
寄發單筆扣款成功通知書失敗!{…}(ID：{…})	變數指派 =	Dev/ATLAS.OTAB/Source/UI/UI.OTA/OFDB057.cs:423
寄發單筆失敗通知書失敗!{…}(ID：{…})	變數指派 =	Dev/ATLAS.OTAB/Source/UI/UI.OTA/OFDB057.cs:571
寄發定額扣款失敗通知書失敗!{…}(ID：{…})	變數指派 =	Dev/ATLAS.OTAB/Source/UI/UI.OTA/OFDB057.cs:809
寄發定額扣款成功通知書失敗!{…}(ID：{…})	變數指派 =	Dev/ATLAS.OTAB/Source/UI/UI.OTA/OFDB057.cs:1039
至少須勾選一筆資料	AddError(	Dev/ATLAS.OTAB/Source/UI/UI.OTA/OFDB058.cs:106
{…}，此淨值日期:{…}，尚無淨值，故無法試算!	ShowMessage(	Dev/ATLAS.OTAB/Source/UI/UI.OTA/OFDB058.cs:152
{…}，此日期之淨值:{…}，尚未鎖定，故無法試算!	ShowMessage(	Dev/ATLAS.OTAB/Source/UI/UI.OTA/OFDB058.cs:172
以下基金：{…}，無彙總單位數可供試算調整，請先做自售彙總單位數調整作業(OFDB064)!	ShowMessage(	Dev/ATLAS.OTAB/Source/UI/UI.OTA/OFDB058.cs:199
請輸入申購日期！	AddError(	Dev/ATLAS.OTAB/Source/UI/UI.OTA/OFDB058.cs:242
申購日期/申購NAV日期 需擇一輸入	AddError(	Dev/ATLAS.OTAB/Source/UI/UI.OTA/OFDB058.cs:247
已有部份資料，完成結算資料調整，是否仍要執行試算作業？	ShowMessage(	Dev/ATLAS.OTAB/Source/UI/UI.OTA/OFDB058.cs:269
系統訊息	MessageBox.Show(	Dev/ATLAS.OTAB/Source/UI/UI.OTA/OFDB058.cs:289
至少須勾選一筆資料	AddError(	Dev/ATLAS.OTAB/Source/UI/UI.OTA/OFDB060.cs:106
系統訊息	MessageBox.Show(	Dev/ATLAS.OTAB/Source/UI/UI.OTA/OFDB060.cs:123
請輸入申購日期！	AddError(	Dev/ATLAS.OTAB/Source/UI/UI.OTA/OFDB060.cs:156
申購日期/申購NAV日期 需擇一輸入	AddError(	Dev/ATLAS.OTAB/Source/UI/UI.OTA/OFDB060.cs:161
有部份基金，基金申購明細檔中的計價幣別申購金額不可為0!!	ShowMessage(	Dev/ATLAS.OTAB/Source/UI/UI.OTA/OFDB060.cs:198
有部份基金，尚有未回報或未繳款的資料，不可確認!!!	ShowMessage(	Dev/ATLAS.OTAB/Source/UI/UI.OTA/OFDB060.cs:221
有部份基金，尚有無集保交易書號的資料，不可確認!!!	ShowMessage(	Dev/ATLAS.OTAB/Source/UI/UI.OTA/OFDB060.cs:244
尚有部份資料，未做申購分配收檔作業，不可確認！	ShowMessage(	Dev/ATLAS.OTAB/Source/UI/UI.OTA/OFDB060.cs:286
申購單位數有誤，請先確認單位數是否為「0」或為「」！	ShowMessage(	Dev/ATLAS.OTAB/Source/UI/UI.OTA/OFDB060.cs:309
至少須勾選一筆資料	AddError(	Dev/ATLAS.OTAB/Source/UI/UI.OTA/OFDB061.cs:89
基金淨值尚未鎖定，故本申購淨值日期不可結轉	變數指派 =	Dev/ATLAS.OTAB/Source/UI/UI.OTA/OFDB061.cs:179
基金淨值檔無資料	變數指派 =	Dev/ATLAS.OTAB/Source/UI/UI.OTA/OFDB061.cs:184
申購淨值日期{…}，無結帳控制日期檔資料，請通知資訊人員處理!	變數指派 =	Dev/ATLAS.OTAB/Source/UI/UI.OTA/OFDB061.cs:205
申購淨值日期{…}已結轉!	變數指派 =	Dev/ATLAS.OTAB/Source/UI/UI.OTA/OFDB061.cs:214
本基金尚未有可結轉之資料!	變數指派 =	Dev/ATLAS.OTAB/Source/UI/UI.OTA/OFDB061.cs:218
申購淨值日期{…}已結轉!	變數指派 =	Dev/ATLAS.OTAB/Source/UI/UI.OTA/OFDB061.cs:228
申購淨值日期{…}，請先作分配確認作業!	變數指派 =	Dev/ATLAS.OTAB/Source/UI/UI.OTA/OFDB061.cs:238
本基金尚未作申購資料的結算確認作業，申購淨值日{…}，請先作此清算確認作業!	變數指派 =	Dev/ATLAS.OTAB/Source/UI/UI.OTA/OFDB061.cs:240
本基金申購淨值日期{…}已結轉!	變數指派 =	Dev/ATLAS.OTAB/Source/UI/UI.OTA/OFDB061.cs:248
申購明細資料的轉換交易，尚有未作個人帳戶贖回結算確認作業(OFDB084)的資料！	變數指派 =	Dev/ATLAS.OTAB/Source/UI/UI.OTA/OFDB061.cs:281
該轉換交易，尚有未作贖回分配確認作業(OFDB090)的資料！！	變數指派 =	Dev/ATLAS.OTAB/Source/UI/UI.OTA/OFDB061.cs:289
申購明細資料的單位數尚有為０的資料！！	變數指派 =	Dev/ATLAS.OTAB/Source/UI/UI.OTA/OFDB061.cs:298
基金受益分配再投資的資料不可為已結帳，才可做此申購結轉！！	變數指派 =	Dev/ATLAS.OTAB/Source/UI/UI.OTA/OFDB061.cs:308
基金的受益分配再投資本基金的資料，請先做基金的受益分配結帳作業，才可做此申購結轉！！	變數指派 =	Dev/ATLAS.OTAB/Source/UI/UI.OTA/OFDB061.cs:310
系統訊息	MessageBox.Show(	Dev/ATLAS.OTAB/Source/UI/UI.OTA/OFDB061.cs:357
請輸入基金代碼！	ShowMessage(	Dev/ATLAS.OTAB/Source/UI/UI.OTA/OFDB062.cs:73
備註說明必須輸入！	ShowMessage(	Dev/ATLAS.OTAB/Source/UI/UI.OTA/OFDB062.cs:80
請輸入申購日期！	ShowMessage(	Dev/ATLAS.OTAB/Source/UI/UI.OTA/OFDB062.cs:87
基金淨值檔無資料！	ShowMessage(	Dev/ATLAS.OTAB/Source/UI/UI.OTA/OFDB062.cs:96
基金淨值檔無資料！	ShowMessage(	Dev/ATLAS.OTAB/Source/UI/UI.OTA/OFDB062.cs:103
系統訊息	MessageBox.Show(	Dev/ATLAS.OTAB/Source/UI/UI.OTA/OFDB062.cs:140
本基金尚未有作日結轉的資料！請先作日結轉作業再執行此作業	MessageBox.Show(	Dev/ATLAS.OTAB/Source/UI/UI.OTA/OFDB062.cs:243
{…}/{…}/{…}次日贖回資料已結轉,故本日不可作結轉回復	MessageBox.Show(	Dev/ATLAS.OTAB/Source/UI/UI.OTA/OFDB062.cs:303
該月份已產生境外所得課稅資料, 請先取消境外所得課稅,再執行回覆！	MessageBox.Show(	Dev/ATLAS.OTAB/Source/UI/UI.OTA/OFDB062.cs:314
配股基金{…}在此申購日期：{…}/{…}/{…}有受益分配已結帳的資料,故不可作結轉回復！	MessageBox.Show(	Dev/ATLAS.OTAB/Source/UI/UI.OTA/OFDB062.cs:322
該基金NAV日期{…}/{…}/{…}產生之憑證，已被贖回沖銷，故本日不可結轉回復，請先刪除該筆贖回資料，才可結轉回復	MessageBox.Show(	Dev/ATLAS.OTAB/Source/UI/UI.OTA/OFDB062.cs:333
至少須勾選一筆資料	AddError(	Dev/ATLAS.OTAB/Source/UI/UI.OTA/OFDB064.cs:87
集保申購書號: {…}，申購單位數必須大於0!!	AddError(	Dev/ATLAS.OTAB/Source/UI/UI.OTA/OFDB064.cs:97
集保申購書號: {…}，境外交易編號必須輸入!!	AddError(	Dev/ATLAS.OTAB/Source/UI/UI.OTA/OFDB064.cs:102
系統訊息	MessageBox.Show(	Dev/ATLAS.OTAB/Source/UI/UI.OTA/OFDB064.cs:146
集保申購書號: {…}，申購單位數必須大於0!!	AddError(	Dev/ATLAS.OTAB/Source/UI/UI.OTA/OFDB064.cs:227
集保申購書號: {…}，境外交易編號必須輸入!!	AddError(	Dev/ATLAS.OTAB/Source/UI/UI.OTA/OFDB064.cs:238
書號:{0}, 申購日已延後5天, 不能再做順延處理!!	AddError(	Dev/ATLAS.OTAB/Source/UI/UI.OTA/OFDB065.cs:115
書號:{0}, 目前資料正在上傳中給集保公司, 不可回復, 請稍後重試!!	AddError(	Dev/ATLAS.OTAB/Source/UI/UI.OTA/OFDB065.cs:141
調整資料 必須勾選	AddError(	Dev/ATLAS.OTAB/Source/UI/UI.OTA/OFDB065.cs:147
系統訊息	MessageBox.Show(	Dev/ATLAS.OTAB/Source/UI/UI.OTA/OFDB065.cs:187
表格一至少須勾選一筆資料	AddError(	Dev/ATLAS.OTAB/Source/UI/UI.OTA/OFDB081.cs:84
表格二至少須勾選一筆資料	AddError(	Dev/ATLAS.OTAB/Source/UI/UI.OTA/OFDB081.cs:89
EC贖回交易資料未確認，不可下單確認!{…}	變數指派 =	Dev/ATLAS.OTAB/Source/UI/UI.OTA/OFDB081.cs:282
EC轉換交易尚未轉入，不可確認!{…}	變數指派 =	Dev/ATLAS.OTAB/Source/UI/UI.OTA/OFDB081.cs:300
有部份基金，贖回單位數與集保回覆的資料不一致，不可確認!{…}	變數指派 =	Dev/ATLAS.OTAB/Source/UI/UI.OTA/OFDB081.cs:318
表格一至少須勾選一筆資料	AddError(	Dev/ATLAS.OTAB/Source/UI/UI.OTA/OFDB082.cs:95
表格二至少須勾選一筆資料	AddError(	Dev/ATLAS.OTAB/Source/UI/UI.OTA/OFDB082.cs:100
{…}，此淨值日期:{…}，尚無淨值，故無法試算!	ShowMessage(	Dev/ATLAS.OTAB/Source/UI/UI.OTA/OFDB082.cs:191
{…}，此日期之淨值:{…}，尚未鎖定，故無法試算!	ShowMessage(	Dev/ATLAS.OTAB/Source/UI/UI.OTA/OFDB082.cs:211
請輸入贖回日期！	AddError(	Dev/ATLAS.OTAB/Source/UI/UI.OTA/OFDB082.cs:381
贖回日期/贖回NAV日期 需擇一輸入	AddError(	Dev/ATLAS.OTAB/Source/UI/UI.OTA/OFDB082.cs:386
有部份基金，已有部份資料完成「結算資料調整」，是否仍要執行試算作業？	ShowMessage(	Dev/ATLAS.OTAB/Source/UI/UI.OTA/OFDB082.cs:410
已有部份自售資料完成「結算資料調整」，是否仍要執行試算作業？	ShowMessage(	Dev/ATLAS.OTAB/Source/UI/UI.OTA/OFDB082.cs:425
至少須勾選一筆資料	AddError(	Dev/ATLAS.OTAB/Source/UI/UI.OTA/OFDB083.cs:104
系統訊息	MessageBox.Show(	Dev/ATLAS.OTAB/Source/UI/UI.OTA/OFDB083.cs:142
收益人戶號：{…}，贖回單位數必須輸入。	AddError(	Dev/ATLAS.OTAB/Source/UI/UI.OTA/OFDB083.cs:330
收益人戶號：{…}，贖回單位數不可小於0。	AddError(	Dev/ATLAS.OTAB/Source/UI/UI.OTA/OFDB083.cs:339
收益人戶號：{…}，贖回總價金必須輸入！	AddError(	Dev/ATLAS.OTAB/Source/UI/UI.OTA/OFDB083.cs:358
收益人戶號：{…}，贖回總價金必須大於0。	AddError(	Dev/ATLAS.OTAB/Source/UI/UI.OTA/OFDB083.cs:367
收益人戶號：{…}，遞延手續費率必須輸入。	AddError(	Dev/ATLAS.OTAB/Source/UI/UI.OTA/OFDB083.cs:392
收益人戶號：{…}，遞延手續費必須輸入。	AddError(	Dev/ATLAS.OTAB/Source/UI/UI.OTA/OFDB083.cs:419
收益人戶號：{…}，其他費用必須輸入。	AddError(	Dev/ATLAS.OTAB/Source/UI/UI.OTA/OFDB083.cs:444
收益人戶號：{…}，贖回付款金額不可小於0！	AddError(	Dev/ATLAS.OTAB/Source/UI/UI.OTA/OFDB083.cs:494
收益人戶號：{…}，轉入金額必須輸入！	AddError(	Dev/ATLAS.OTAB/Source/UI/UI.OTA/OFDB083.cs:513
收益人戶號：{…}，內扣轉換費必須輸入！	AddError(	Dev/ATLAS.OTAB/Source/UI/UI.OTA/OFDB083.cs:532
收益人戶號：{…}，轉出總金額必須輸入！	AddError(	Dev/ATLAS.OTAB/Source/UI/UI.OTA/OFDB083.cs:560
收益人戶號：{…}，轉入單位數必須輸入！	AddError(	Dev/ATLAS.OTAB/Source/UI/UI.OTA/OFDB083.cs:587
收益人戶號：{…}，內扣轉換費率必須輸入！	AddError(	Dev/ATLAS.OTAB/Source/UI/UI.OTA/OFDB083.cs:606
收益人戶號：{…}，匯率必須輸入！	AddError(	Dev/ATLAS.OTAB/Source/UI/UI.OTA/OFDB083.cs:636
收益人戶號：{…}，轉入金額不可小於0！	AddError(	Dev/ATLAS.OTAB/Source/UI/UI.OTA/OFDB083.cs:663
表格一至少須勾選一筆資料	AddError(	Dev/ATLAS.OTAB/Source/UI/UI.OTA/OFDB084.cs:98
表格二至少須勾選一筆資料	AddError(	Dev/ATLAS.OTAB/Source/UI/UI.OTA/OFDB084.cs:103
戶號：{…}，買回交易買回金額不可為0	AddError(	Dev/ATLAS.OTAB/Source/UI/UI.OTA/OFDB084.cs:125
戶號：{…}，轉申購交易轉申購金額、轉申購總銷售金額、轉申購單位數任一不可為 0	AddError(	Dev/ATLAS.OTAB/Source/UI/UI.OTA/OFDB084.cs:131
買回交易買回金額不可為0	AddError(	Dev/ATLAS.OTAB/Source/UI/UI.OTA/OFDB084.cs:146
轉申購交易轉申購單位數不可為空值不可為 0	AddError(	Dev/ATLAS.OTAB/Source/UI/UI.OTA/OFDB084.cs:152
請輸入贖回日期！	AddError(	Dev/ATLAS.OTAB/Source/UI/UI.OTA/OFDB084.cs:328
贖回日期/贖回NAV日期 需擇一輸入	AddError(	Dev/ATLAS.OTAB/Source/UI/UI.OTA/OFDB084.cs:333
基金：{…}自售綜合帳戶贖回交易檔之贖回總價金不可為 0	變數指派 =	Dev/ATLAS.OTAB/Source/UI/UI.OTA/OFDB084.cs:359
基金：{…}自售綜合帳戶贖回交易檔之轉入單位數不可為 0	變數指派 =	Dev/ATLAS.OTAB/Source/UI/UI.OTA/OFDB084.cs:376
基金：{…}贖回付款檔中贖回總價金不可為 0	變數指派 =	Dev/ATLAS.OTAB/Source/UI/UI.OTA/OFDB084.cs:393
基金：{…}基金贖回付款檔中之轉入單位數不可為 0	變數指派 =	Dev/ATLAS.OTAB/Source/UI/UI.OTA/OFDB084.cs:410
部份轉入基金的申購已結轉，故不可執行此回復的作業!!	變數指派 =	Dev/ATLAS.OTAB/Source/UI/UI.OTA/OFDB084.cs:429
至少須勾選一筆資料	AddError(	Dev/ATLAS.OTAB/Source/UI/UI.OTA/OFDB085.cs:94
EC贖回交易資料未確認，不可下單確認!{…}	變數指派 =	Dev/ATLAS.OTAB/Source/UI/UI.OTA/OFDB085.cs:143
EC贖回交易尚未轉入，不可確認!{…}	變數指派 =	Dev/ATLAS.OTAB/Source/UI/UI.OTA/OFDB085.cs:161
EC轉換交易尚未轉入，不可確認!{…}	變數指派 =	Dev/ATLAS.OTAB/Source/UI/UI.OTA/OFDB085.cs:179
系統訊息	MessageBox.Show(	Dev/ATLAS.OTAB/Source/UI/UI.OTA/OFDB085.cs:206
至少須勾選一筆資料	AddError(	Dev/ATLAS.OTAB/Source/UI/UI.OTA/OFDB086.cs:94
有部份基金，尚有集保未回報的贖回資料，不可確認!{…}	變數指派 =	Dev/ATLAS.OTAB/Source/UI/UI.OTA/OFDB086.cs:144
有部份基金，尚有集保已回報卻無集保贖回書號的資料，請重新檢查!{…}	變數指派 =	Dev/ATLAS.OTAB/Source/UI/UI.OTA/OFDB086.cs:162
有部份基金，贖回單位數與集保回覆的資料不一致，不可確認!{…}	變數指派 =	Dev/ATLAS.OTAB/Source/UI/UI.OTA/OFDB086.cs:180
有部份基金，已執行個人帳戶下單確認,請先執行回復作業!{…}	變數指派 =	Dev/ATLAS.OTAB/Source/UI/UI.OTA/OFDB086.cs:204
系統訊息	MessageBox.Show(	Dev/ATLAS.OTAB/Source/UI/UI.OTA/OFDB086.cs:230
至少須勾選一筆資料	AddError(	Dev/ATLAS.OTAB/Source/UI/UI.OTA/OFDB087.cs:88
贖回付款金額不可小於0	AddError(	Dev/ATLAS.OTAB/Source/UI/UI.OTA/OFDB087.cs:95
系統訊息	MessageBox.Show(	Dev/ATLAS.OTAB/Source/UI/UI.OTA/OFDB087.cs:133
集保贖回書號：{…}，贖回總價金必須輸入！	AddError(	Dev/ATLAS.OTAB/Source/UI/UI.OTA/OFDB087.cs:265
集保贖回書號：{…}，遞延手續費必須輸入！	AddError(	Dev/ATLAS.OTAB/Source/UI/UI.OTA/OFDB087.cs:288
集保贖回書號：{…}，其他費用必須輸入！	AddError(	Dev/ATLAS.OTAB/Source/UI/UI.OTA/OFDB087.cs:312
集保贖回書號：{…}，內扣轉換費用必須輸入！	AddError(	Dev/ATLAS.OTAB/Source/UI/UI.OTA/OFDB087.cs:349
集保贖回書號：{…}，匯率必須輸入！	AddError(	Dev/ATLAS.OTAB/Source/UI/UI.OTA/OFDB087.cs:369
集保贖回書號：{…}，轉入單位數必須輸入！	AddError(	Dev/ATLAS.OTAB/Source/UI/UI.OTA/OFDB087.cs:405
集保贖回書號：{…}，贖回付款金額不可小於0！	AddError(	Dev/ATLAS.OTAB/Source/UI/UI.OTA/OFDB087.cs:423
至少須勾選一筆資料	AddError(	Dev/ATLAS.OTAB/Source/UI/UI.OTA/OFDB088.cs:104
{…}，此淨值日期:{…}，尚無淨值，故無法試算!	ShowMessage(	Dev/ATLAS.OTAB/Source/UI/UI.OTA/OFDB088.cs:149
{…}，此日期之淨值:{…}，尚未鎖定，故無法試算!	ShowMessage(	Dev/ATLAS.OTAB/Source/UI/UI.OTA/OFDB088.cs:169
系統訊息	MessageBox.Show(	Dev/ATLAS.OTAB/Source/UI/UI.OTA/OFDB088.cs:222
至少須勾選一筆資料	AddError(	Dev/ATLAS.OTAB/Source/UI/UI.OTA/OFDB090.cs:107
{…}，此淨值日期:{…}，尚無淨值，故無法試算!	ShowMessage(	Dev/ATLAS.OTAB/Source/UI/UI.OTA/OFDB090.cs:152
{…}，此日期之淨值:{…}，尚未鎖定，故無法試算!	ShowMessage(	Dev/ATLAS.OTAB/Source/UI/UI.OTA/OFDB090.cs:172
有部份基金，尚有集保未回報的贖回資料，不可確認!{…}	變數指派 =	Dev/ATLAS.OTAB/Source/UI/UI.OTA/OFDB090.cs:223
有部份基金，基金淨值檔無資料!{…}	變數指派 =	Dev/ATLAS.OTAB/Source/UI/UI.OTA/OFDB090.cs:241
基金淨值尚未鎖定，故本日不可結轉!{…}	變數指派 =	Dev/ATLAS.OTAB/Source/UI/UI.OTA/OFDB090.cs:259
有部份基金，贖回單位數、轉入單位數與集保回覆的資料不一致，不可確認!{…}	變數指派 =	Dev/ATLAS.OTAB/Source/UI/UI.OTA/OFDB090.cs:277
有部份基金，請注意此指定日期之前還有未確認的贖回付款資料!{…}	變數指派 =	Dev/ATLAS.OTAB/Source/UI/UI.OTA/OFDB090.cs:295
有部份基金，贖回付款檔記錄的淨值尚有與基金淨值不符合的資料(OFD252)!{…}	變數指派 =	Dev/ATLAS.OTAB/Source/UI/UI.OTA/OFDB090.cs:315
有部份基金，贖回付款檔記錄的贖回總價款尚有為０的資料(OFD252)!{…}	變數指派 =	Dev/ATLAS.OTAB/Source/UI/UI.OTA/OFDB090.cs:333
有部份基金，自售綜合帳戶贖回交易檔中贖回交易之贖回總價金不可為０(OFD256)!{…}	變數指派 =	Dev/ATLAS.OTAB/Source/UI/UI.OTA/OFDB090.cs:351
有部份基金，贖回付款檔記錄的淨值尚有與基金淨值不符合的資料(OFD253)!{…}	變數指派 =	Dev/ATLAS.OTAB/Source/UI/UI.OTA/OFDB090.cs:371
有部份基金，贖回轉換檔記錄的轉換總銷售金額尚有為０的資料(OFD253)!{…}	變數指派 =	Dev/ATLAS.OTAB/Source/UI/UI.OTA/OFDB090.cs:389
有部份基金，自售綜合帳戶贖回交易檔中轉換交易之轉入單位數不可為0(OFD256)!{…}	變數指派 =	Dev/ATLAS.OTAB/Source/UI/UI.OTA/OFDB090.cs:407
有部份基金，請注意此指定日期之前還有未確認的贖回轉換資料!{…}	變數指派 =	Dev/ATLAS.OTAB/Source/UI/UI.OTA/OFDB090.cs:425
系統訊息	MessageBox.Show(	Dev/ATLAS.OTAB/Source/UI/UI.OTA/OFDB090.cs:458
至少須勾選一筆資料	AddError(	Dev/ATLAS.OTAB/Source/UI/UI.OTA/OFDB091.cs:87
系統訊息	MessageBox.Show(	Dev/ATLAS.OTAB/Source/UI/UI.OTA/OFDB091.cs:126
本基金贖回淨值日期{…}已結轉!	變數指派 =	Dev/ATLAS.OTAB/Source/UI/UI.OTA/OFDB091.cs:276
基金淨值尚未鎖定，故本NAV日期不可結轉！！	變數指派 =	Dev/ATLAS.OTAB/Source/UI/UI.OTA/OFDB091.cs:294
基金淨值檔無資料	變數指派 =	Dev/ATLAS.OTAB/Source/UI/UI.OTA/OFDB091.cs:299
贖回的淨值尚有與基金淨值不符合的資料！！	變數指派 =	Dev/ATLAS.OTAB/Source/UI/UI.OTA/OFDB091.cs:308
贖回轉申購交易明細的淨值尚有與基金淨值不符合的資料！！	變數指派 =	Dev/ATLAS.OTAB/Source/UI/UI.OTA/OFDB091.cs:314
贖回交易明細的贖回總價款尚有為０的資料！！	變數指派 =	Dev/ATLAS.OTAB/Source/UI/UI.OTA/OFDB091.cs:321
贖回轉申購交易明細的轉申購總銷售金額尚有為０的資料！！	變數指派 =	Dev/ATLAS.OTAB/Source/UI/UI.OTA/OFDB091.cs:327
申購資料未結轉,故本日不可結轉	變數指派 =	Dev/ATLAS.OTAB/Source/UI/UI.OTA/OFDB091.cs:335
有自售綜合帳戶彙總的贖回資料，請先做個人帳戶贖回結算確認作業(OFDB084)	變數指派 =	Dev/ATLAS.OTAB/Source/UI/UI.OTA/OFDB091.cs:343
請輸入基金代碼！	ShowMessage(	Dev/ATLAS.OTAB/Source/UI/UI.OTA/OFDB092.cs:73
備註說明必須輸入！	ShowMessage(	Dev/ATLAS.OTAB/Source/UI/UI.OTA/OFDB092.cs:80
NAV日期 不得為空白！	ShowMessage(	Dev/ATLAS.OTAB/Source/UI/UI.OTA/OFDB092.cs:87
基金淨值檔無資料！	ShowMessage(	Dev/ATLAS.OTAB/Source/UI/UI.OTA/OFDB092.cs:96
基金淨值檔無資料！	ShowMessage(	Dev/ATLAS.OTAB/Source/UI/UI.OTA/OFDB092.cs:103
系統訊息	MessageBox.Show(	Dev/ATLAS.OTAB/Source/UI/UI.OTA/OFDB092.cs:140
本基金尚未有作日結轉的資料！請先作日結轉作業再執行此作業	MessageBox.Show(	Dev/ATLAS.OTAB/Source/UI/UI.OTA/OFDB092.cs:240
{…}/{…}/{…}的申購資料已結轉,故本日不可作結轉回復	MessageBox.Show(	Dev/ATLAS.OTAB/Source/UI/UI.OTA/OFDB092.cs:284
該月份已產生境外所得課稅資料, 請先取消境外所得課稅,再執行回覆！	MessageBox.Show(	Dev/ATLAS.OTAB/Source/UI/UI.OTA/OFDB092.cs:295
配股基金{…}在此贖回日期：{…}/{…}/{…}有受益分配已結帳的資料,故不可作結轉回復！	MessageBox.Show(	Dev/ATLAS.OTAB/Source/UI/UI.OTA/OFDB092.cs:303
轉{…} {…}筆{…}	變數指派 =	Dev/ATLAS.OTAB/Source/UI/UI.OTA/OFDB092.cs:319
本日的轉換資料, 已作銷售的結轉, 故不能作結轉回復!{…}	變數指派 =	Dev/ATLAS.OTAB/Source/UI/UI.OTA/OFDB092.cs:325
系統訊息	MessageBox.Show(	Dev/ATLAS.OTAB/Source/UI/UI.OTA/OFDB092.cs:326
本日期的轉換資料已有{…}筆，已被(贖回/轉換)銷帳, 故不能作結轉回復	MessageBox.Show(	Dev/ATLAS.OTAB/Source/UI/UI.OTA/OFDB092.cs:334
該基金NAV日期{…}/{…}/{…}產生之憑證，已被贖回沖銷，故本日不可結轉回復，請先刪除該筆贖回資料，才可結轉回復	MessageBox.Show(	Dev/ATLAS.OTAB/Source/UI/UI.OTA/OFDB092.cs:342
至少須勾選一筆資料	AddError(	Dev/ATLAS.OTAB/Source/UI/UI.OTA/OFDB094.cs:101
贖回付款金額不可小於0	AddError(	Dev/ATLAS.OTAB/Source/UI/UI.OTA/OFDB094.cs:108
贖回日期/贖回NAV日期 需擇一輸入	AddError(	Dev/ATLAS.OTAB/Source/UI/UI.OTA/OFDB094.cs:134
系統訊息	MessageBox.Show(	Dev/ATLAS.OTAB/Source/UI/UI.OTA/OFDB094.cs:151
收益人戶號：{…}，贖回單位數必須輸入。	AddError(	Dev/ATLAS.OTAB/Source/UI/UI.OTA/OFDB094.cs:318
收益人戶號：{…}，贖回單位數不可小於0。	AddError(	Dev/ATLAS.OTAB/Source/UI/UI.OTA/OFDB094.cs:327
收益人戶號：{…}，贖回金額必須輸入！	AddError(	Dev/ATLAS.OTAB/Source/UI/UI.OTA/OFDB094.cs:346
收益人戶號：{…}，贖回金額必須大於0。	AddError(	Dev/ATLAS.OTAB/Source/UI/UI.OTA/OFDB094.cs:355
收益人戶號：{…}，贖回總價金必須輸入！	AddError(	Dev/ATLAS.OTAB/Source/UI/UI.OTA/OFDB094.cs:375
收益人戶號：{…}，贖回總價金必須大於0。	AddError(	Dev/ATLAS.OTAB/Source/UI/UI.OTA/OFDB094.cs:384
收益人戶號：{…}，遞延手續費率必須輸入。	AddError(	Dev/ATLAS.OTAB/Source/UI/UI.OTA/OFDB094.cs:407
收益人戶號：{…}，遞延手續費必須輸入。	AddError(	Dev/ATLAS.OTAB/Source/UI/UI.OTA/OFDB094.cs:432
收益人戶號：{…}，遞延手續費不可小於0。	AddError(	Dev/ATLAS.OTAB/Source/UI/UI.OTA/OFDB094.cs:441
收益人戶號：{…}，其他費用必須輸入。	AddError(	Dev/ATLAS.OTAB/Source/UI/UI.OTA/OFDB094.cs:466
收益人戶號：{…}，轉入金額必須輸入！	AddError(	Dev/ATLAS.OTAB/Source/UI/UI.OTA/OFDB094.cs:488
收益人戶號：{…}，內扣轉換費必須輸入！	AddError(	Dev/ATLAS.OTAB/Source/UI/UI.OTA/OFDB094.cs:507
收益人戶號：{…}，內扣轉換費率必須輸入！	AddError(	Dev/ATLAS.OTAB/Source/UI/UI.OTA/OFDB094.cs:535
收益人戶號：{…}，匯率必須輸入！	AddError(	Dev/ATLAS.OTAB/Source/UI/UI.OTA/OFDB094.cs:565
執行功能 為必填欄位	AddError(	Dev/ATLAS.OTAB/Source/UI/UI.OTA/OFDB131.cs:102
尚未執行查詢，請先查詢＂產生分配資料＂功能或＂刪除分配資料＂功能。	ShowMessage(	Dev/ATLAS.OTAB/Source/UI/UI.OTA/OFDB131.cs:132
該基金基準日受益分配資料尚未產生	ShowMessage(	Dev/ATLAS.OTAB/Source/UI/UI.OTA/OFDB131.cs:141
該基金基準日受益分配資料已轉入確認資料, 不可重新產生	ShowMessage(	Dev/ATLAS.OTAB/Source/UI/UI.OTA/OFDB131.cs:155
該基金基準日受益分配資料已轉入確認資料, 不可清除	ShowMessage(	Dev/ATLAS.OTAB/Source/UI/UI.OTA/OFDB131.cs:157
受益人基金受益分配明細試算檔(OFD282), 查詢錯誤{…}	ShowMessage(	Dev/ATLAS.OTAB/Source/UI/UI.OTA/OFDB131.cs:176
該基金基準日受益分配資料已確認, 不可重新產生	ShowMessage(	Dev/ATLAS.OTAB/Source/UI/UI.OTA/OFDB131.cs:184
該基金基準日受益分配資料已確認, 不可清除	ShowMessage(	Dev/ATLAS.OTAB/Source/UI/UI.OTA/OFDB131.cs:186
該基金基準日受益分配資料已產生, 是否要重新產生?	ShowMessage(	Dev/ATLAS.OTAB/Source/UI/UI.OTA/OFDB131.cs:234
尚未執行查詢，請先查詢。	ShowMessage(	Dev/ATLAS.OTAB/Source/UI/UI.OTA/OFDB132.cs:121
部分受益分配資料已轉入確認資料, 不可再作試算處理!	AddError(	Dev/ATLAS.OTAB/Source/UI/UI.OTA/OFDB132.cs:135
受益分配明細資料(OFD282)可作配股試算處理	AddError(	Dev/ATLAS.OTAB/Source/UI/UI.OTA/OFDB132.cs:152
{…}基金,{…} 淨值尚未鎖定, 不可作試算處理	AddError(	Dev/ATLAS.OTAB/Source/UI/UI.OTA/OFDB132.cs:164
執行功能 為必填欄位	AddError(	Dev/ATLAS.OTAB/Source/UI/UI.OTA/OFDB133.cs:104
尚未執行查詢，請先查詢＂受益分配資料確認＂功能或＂取消受益分配資料確認＂功能。	ShowMessage(	Dev/ATLAS.OTAB/Source/UI/UI.OTA/OFDB133.cs:133
執行功能 為必填欄位	AddError(	Dev/ATLAS.OTAB/Source/UI/UI.OTA/OFDB134.cs:104
尚未執行查詢，請先查詢＂受益分配資料分配確認＂功能或＂取消受益分配資料分配確認＂功能。	ShowMessage(	Dev/ATLAS.OTAB/Source/UI/UI.OTA/OFDB134.cs:133
執行功能 為必填欄位	AddError(	Dev/ATLAS.OTAB/Source/UI/UI.OTA/OFDB135.cs:104
尚未執行查詢，請先查詢＂受益分配結帳＂功能或＂取消受益分配結帳＂功能。	ShowMessage(	Dev/ATLAS.OTAB/Source/UI/UI.OTA/OFDB135.cs:156
日期 不能大於系統日之下一個營業日	MessageBox.Show(	Dev/ATLAS.OTAB/Source/UI/UI.OTA/OFDB553.cs:90
此基金定期定額異動異動日期尚未拋轉	MessageBox.Show(	Dev/ATLAS.OTAB/Source/UI/UI.OTA/OFDB553.cs:115
至少須勾選一筆資料	AddError(	Dev/ATLAS.OTAB/Source/UI/UI.OTA/OFDB561.cs:87
系統訊息	MessageBox.Show(	Dev/ATLAS.OTAB/Source/UI/UI.OTA/OFDB561.cs:127
至少須勾選一筆資料	AddError(	Dev/ATLAS.OTAB/Source/UI/UI.OTA/OFDB562.cs:90
系統訊息	MessageBox.Show(	Dev/ATLAS.OTAB/Source/UI/UI.OTA/OFDB562.cs:137
至少須勾選一筆資料	AddError(	Dev/ATLAS.OTAB/Source/UI/UI.OTA/OFDB563.cs:101
處理方式不得為空	AddError(	Dev/ATLAS.OTAB/Source/UI/UI.OTA/OFDB563.cs:108
系統訊息	MessageBox.Show(	Dev/ATLAS.OTAB/Source/UI/UI.OTA/OFDB563.cs:219
至少須勾選一筆資料	AddError(	Dev/ATLAS.OTAB/Source/UI/UI.OTA/OFDB564.cs:104
勾選後，終止原因欄位必須選擇資料！	AddError(	Dev/ATLAS.OTAB/Source/UI/UI.OTA/OFDB564.cs:111
上傳集保中，不可還原!{…}	變數指派 =	Dev/ATLAS.OTAB/Source/UI/UI.OTA/OFDB564.cs:148
已上傳集保，不可還原!{…}	變數指派 =	Dev/ATLAS.OTAB/Source/UI/UI.OTA/OFDB564.cs:174
系統訊息	MessageBox.Show(	Dev/ATLAS.OTAB/Source/UI/UI.OTA/OFDB564.cs:214
系統訊息	MessageBox.Show(	Dev/ATLAS.OTAB/Source/UI/UI.OTA/OFDB601A.cs:112
系統訊息	MessageBox.Show(	Dev/ATLAS.OTAB/Source/UI/UI.OTA/OFDB602A.cs:111
系統訊息	MessageBox.Show(	Dev/ATLAS.OTAB/Source/UI/UI.OTA/OFDB603.cs:111
系統訊息	MessageBox.Show(	Dev/ATLAS.OTAB/Source/UI/UI.OTA/OFDB604A.cs:99
執行功能 請選擇！！	MessageBox.Show(	Dev/ATLAS.OTAB/Source/UI/UI.OTA/OFDB903.cs:76
請挑選契約扣款日 為空值	AddError(	Dev/ATLAS.OTAB/Source/UI/UI.OTA/OFDB903.cs:179
契約扣款日只能為６日、１６日、２６日！！	MessageBox.Show(	Dev/ATLAS.OTAB/Source/UI/UI.OTA/OFDB903.cs:190
請輸入實際扣款日	AddError(	Dev/ATLAS.OTAB/Source/UI/UI.OTA/OFDB903.cs:199
實際扣款日必須大於等於契約扣款日	AddError(	Dev/ATLAS.OTAB/Source/UI/UI.OTA/OFDB903.cs:206
無可執行刪除之扣款資料！！	MessageBox.Show(	Dev/ATLAS.OTAB/Source/UI/UI.OTA/OFDB903.cs:261
無可執行確認或取消之扣款資料！！	MessageBox.Show(	Dev/ATLAS.OTAB/Source/UI/UI.OTA/OFDB903.cs:279
所有基金已執行產生扣款作業！！	MessageBox.Show(	Dev/ATLAS.OTAB/Source/UI/UI.OTA/OFDB903.cs:336
----------------------------------------{…}可執行基金如下共 {…}檔{…}----------------------------------------{…}----------------------------------------{…}已執行基金如下共 {…}檔{…}----------------------------------------{…}----------------------------------------{…}已執行基金如下共 {…}檔{…}----------------------------------------{…}----------------------------------------{…}是否確定執行？	變數指派 =	Dev/ATLAS.OTAB/Source/UI/UI.OTA/OFDB903.cs:341
系統訊息	MessageBox.Show(	Dev/ATLAS.OTAB/Source/UI/UI.OTA/OFDB903.cs:356
無可執行{…}！！	MessageBox.Show(	Dev/ATLAS.OTAB/Source/UI/UI.OTA/OFDB903.cs:390
----------------------------------------{…}可執行{…}基金如下共 {…}檔檔, 共 {…}筆扣款資料{…}----------------------------------------{…}----------------------------------------{…}是否確定執行？	變數指派 =	Dev/ATLAS.OTAB/Source/UI/UI.OTA/OFDB903.cs:414
系統訊息	MessageBox.Show(	Dev/ATLAS.OTAB/Source/UI/UI.OTA/OFDB903.cs:422
配股NAV日期不可有不同!	AddError(	Dev/ATLAS.OTAB/Source/UI/UI.OTA/OFDM252.cs:149
{…} 為必填欄位	AddError(	Dev/ATLAS.OTAB/Source/UI/UI.OTA/OFDM252.cs:156
調整資料 必須轉入	AddError(	Dev/ATLAS.OTAB/Source/UI/UI.OTA/OFDM252.cs:161
系統訊息	MessageBox.Show(	Dev/ATLAS.OTAB/Source/UI/UI.OTA/OFDM252.cs:217
至少須勾選一筆資料	AddError(	Dev/ATLAS.OTAB/Source/UI/UI.OTA/OFDM252.cs:442
無此配股基金此日期已鎖定淨值, 請先檢查此日期之淨值!	ShowMessage(	Dev/ATLAS.OTAB/Source/UI/UI.OTA/OFDM252p0.cs:412
API Path 未設定: CTL014(953), 請連絡資訊人員.	ShowMessage(	Dev/ATLAS.OTAB/Source/UI/UI.OTA/OTAB901p0.cs:132
API   Status:{…}  Desc: {…}, 請連絡資訊人員.	ShowMessage(	Dev/ATLAS.OTAB/Source/UI/UI.OTA/OTAB901p0.cs:198
API Fatal  Status:{…}, 請連絡資訊人員.	ShowMessage(	Dev/ATLAS.OTAB/Source/UI/UI.OTA/OTAB901p0.cs:203
API Path 未設定: CTL014(953), 請連絡資訊人員.	ShowMessage(	Dev/ATLAS.OTAB/Source/UI/UI.OTA/OTAB901p1.cs:136
API   Status:{…}  Desc: {…}, 請連絡資訊人員.	ShowMessage(	Dev/ATLAS.OTAB/Source/UI/UI.OTA/OTAB901p1.cs:202
API Fatal  Status:{…}, 請連絡資訊人員.	ShowMessage(	Dev/ATLAS.OTAB/Source/UI/UI.OTA/OTAB901p1.cs:208
查無淨值日期:{…} 資料.	ShowMessage(	Dev/ATLAS.OTAB/Source/UI/UI.OTA/OTAB901p1.cs:227
檢核失敗，請檢查	AddResultRow(	Dev/ATLAS.RSP.Report/Source/PO/ReportPO.RSP/RSPR024_PO.cs:141
下載成功	AddResultRow(	Dev/ATLAS.RSP.Report/Source/PO/ReportPO.RSP/RSPR031_PO.cs:134
Email資料產生成功，共{0}筆	AddResultRow(	Dev/ATLAS.RSP.Report/Source/PO/ReportPO.RSP/RSPR031_PO.cs:138
查無資料	AddResultRow(	Dev/ATLAS.RSP.Report/Source/PO/ReportPO.RSP/RSPR031_PO.cs:150
查無資料	AddResultRow(	Dev/ATLAS.RSP.Report/Source/PO/ReportPO.RSP/RSPR031_PO.cs:158
查無資料	AddResultRow(	Dev/ATLAS.RSP.Report/Source/PO/ReportPO.RSP/RSPR031_PO.cs:166
商業邏輯異常	AddResultRow(	Dev/ATLAS.RSP.Report/Source/PO/ReportPO.RSP/RSPR031_PO.cs:183
簡訊資料產生成功，共{0}筆	AddResultRow(	Dev/ATLAS.RSP.Report/Source/PO/ReportPO.RSP/RSPR034_PO.cs:226
查無資料	AddResultRow(	Dev/ATLAS.RSP.Report/Source/PO/ReportPO.RSP/RSPR034_PO.cs:232
Email資料產生成功，共{0}筆	AddResultRow(	Dev/ATLAS.RSP.Report/Source/PO/ReportPO.RSP/RSPR034_PO.cs:292
查無資料	AddResultRow(	Dev/ATLAS.RSP.Report/Source/PO/ReportPO.RSP/RSPR034_PO.cs:298
取得序號失敗	AddResultRow(	Dev/ATLAS.RSP.Report/Source/PO/ReportPO.RSP/RSPR034_PO.cs:306
取得序號失敗	throw new Exception(	Dev/ATLAS.RSP.Report/Source/PO/ReportPO.RSP/RSPR034_PO.cs:307
商業邏輯錯誤	AddResultRow(	Dev/ATLAS.RSP.Report/Source/PO/ReportPO.RSP/RSPR034_PO.cs:324
下載成功	AddResultRow(	Dev/ATLAS.RSP.Report/Source/PO/ReportPO.RSP/RSPR051_PO.cs:119
Email資料產生成功，共{0}筆	AddResultRow(	Dev/ATLAS.RSP.Report/Source/PO/ReportPO.RSP/RSPR051_PO.cs:123
查無資料	AddResultRow(	Dev/ATLAS.RSP.Report/Source/PO/ReportPO.RSP/RSPR051_PO.cs:134
查無資料	AddResultRow(	Dev/ATLAS.RSP.Report/Source/PO/ReportPO.RSP/RSPR051_PO.cs:140
查無資料	AddResultRow(	Dev/ATLAS.RSP.Report/Source/PO/ReportPO.RSP/RSPR051_PO.cs:147
請輸入資料來源	AddError(	Dev/ATLAS.RSP.Report/Source/UI/ReportUI.RSP/RSPR008.cs:109
契約扣款日期(起) 不可大於 契約扣款日期(迄)	AddError(	Dev/ATLAS.RSP.Report/Source/UI/ReportUI.RSP/RSPR011.cs:153
實際扣款日期(起) 不可大於 實際扣款日期(迄)	AddError(	Dev/ATLAS.RSP.Report/Source/UI/ReportUI.RSP/RSPR011.cs:161
實際扣款日期(起)(迄) 必須同時(不)輸入	AddError(	Dev/ATLAS.RSP.Report/Source/UI/ReportUI.RSP/RSPR011.cs:166
實際扣款日期(起)(迄) 必須同時(不)輸入	AddError(	Dev/ATLAS.RSP.Report/Source/UI/ReportUI.RSP/RSPR011.cs:171
代理扣款機構(起) 不可大於 代理扣款機構(迄)	AddError(	Dev/ATLAS.RSP.Report/Source/UI/ReportUI.RSP/RSPR011.cs:180
代理扣款機構(起)(迄) 必須同時(不)輸入	AddError(	Dev/ATLAS.RSP.Report/Source/UI/ReportUI.RSP/RSPR011.cs:185
代理扣款機構(起)(迄) 必須同時(不)輸入	AddError(	Dev/ATLAS.RSP.Report/Source/UI/ReportUI.RSP/RSPR011.cs:190
扣款行(起) 不可大於 扣款行(迄)	AddError(	Dev/ATLAS.RSP.Report/Source/UI/ReportUI.RSP/RSPR011.cs:199
扣款行(起)(迄) 必須同時(不)輸入	AddError(	Dev/ATLAS.RSP.Report/Source/UI/ReportUI.RSP/RSPR011.cs:205
扣款行(起)(迄) 必須同時(不)輸入	AddError(	Dev/ATLAS.RSP.Report/Source/UI/ReportUI.RSP/RSPR011.cs:210
至少勾選一筆基金代碼	AddError(	Dev/ATLAS.RSP.Report/Source/UI/ReportUI.RSP/RSPR012.cs:105
至少勾選一筆基金代碼	AddError(	Dev/ATLAS.RSP.Report/Source/UI/ReportUI.RSP/RSPR012.cs:139
實際扣款日期(起) 不可大於 實際扣款日期(迄)	AddError(	Dev/ATLAS.RSP.Report/Source/UI/ReportUI.RSP/RSPR013.cs:104
契約扣款日期(起) 不可大於 契約扣款日期(迄)	AddError(	Dev/ATLAS.RSP.Report/Source/UI/ReportUI.RSP/RSPR017.cs:166
代理扣款機構(起)(迄) 必須同時(不)輸入	AddError(	Dev/ATLAS.RSP.Report/Source/UI/ReportUI.RSP/RSPR017.cs:174
代理扣款機構(起)(迄) 必須同時(不)輸入	AddError(	Dev/ATLAS.RSP.Report/Source/UI/ReportUI.RSP/RSPR017.cs:178
代理扣款機構(起) 不可大於 代理扣款機構(迄)	AddError(	Dev/ATLAS.RSP.Report/Source/UI/ReportUI.RSP/RSPR017.cs:185
交易途徑至少勾選一項	AddError(	Dev/ATLAS.RSP.Report/Source/UI/ReportUI.RSP/RSPR017.cs:192
日期(起) 不可大於 日期(迄)	AddError(	Dev/ATLAS.RSP.Report/Source/UI/ReportUI.RSP/RSPR020.cs:354
銷售機構區別碼(起)(迄) 必須同時(不)輸入	AddError(	Dev/ATLAS.RSP.Report/Source/UI/ReportUI.RSP/RSPR020.cs:360
銷售機構區別碼(起) 不可大於 銷售機構區別碼(迄)	AddError(	Dev/ATLAS.RSP.Report/Source/UI/ReportUI.RSP/RSPR020.cs:366
銷售機構代碼(起) 不可大於 銷售機構代碼(迄)	AddError(	Dev/ATLAS.RSP.Report/Source/UI/ReportUI.RSP/RSPR020.cs:375
通路區別碼(起)(迄) 必須同時(不)輸入	AddError(	Dev/ATLAS.RSP.Report/Source/UI/ReportUI.RSP/RSPR020.cs:387
通路區別碼(起) 不可大於 通路區別碼(迄)	AddError(	Dev/ATLAS.RSP.Report/Source/UI/ReportUI.RSP/RSPR020.cs:393
通路代碼(起) 不可大於 通路代碼(迄)	AddError(	Dev/ATLAS.RSP.Report/Source/UI/ReportUI.RSP/RSPR020.cs:402
扣款行(迄) 為必填欄位	AddError(	Dev/ATLAS.RSP.Report/Source/UI/ReportUI.RSP/RSPR020.cs:423
扣款行(起) 為必填欄位	AddError(	Dev/ATLAS.RSP.Report/Source/UI/ReportUI.RSP/RSPR020.cs:425
扣款行(起) 不可大於 扣款行(迄)	AddError(	Dev/ATLAS.RSP.Report/Source/UI/ReportUI.RSP/RSPR020.cs:430
至少須勾選一項交易途徑	AddError(	Dev/ATLAS.RSP.Report/Source/UI/ReportUI.RSP/RSPR020.cs:436
契約扣款日期(起) 不可大於 契約扣款日期(迄)	AddError(	Dev/ATLAS.RSP.Report/Source/UI/ReportUI.RSP/RSPR021.cs:176
實際扣款日期(起)(迄) 必須同時(不)輸入	AddError(	Dev/ATLAS.RSP.Report/Source/UI/ReportUI.RSP/RSPR021.cs:182
實際扣款日期(起)(迄) 必須同時(不)輸入	AddError(	Dev/ATLAS.RSP.Report/Source/UI/ReportUI.RSP/RSPR021.cs:184
實際扣款日期(起) 不可大於 實際扣款日期(迄)	AddError(	Dev/ATLAS.RSP.Report/Source/UI/ReportUI.RSP/RSPR021.cs:190
扣款銀行(起)(迄) 必須同時(不)輸入	AddError(	Dev/ATLAS.RSP.Report/Source/UI/ReportUI.RSP/RSPR021.cs:198
扣款銀行(起)(迄) 必須同時(不)輸入	AddError(	Dev/ATLAS.RSP.Report/Source/UI/ReportUI.RSP/RSPR021.cs:202
扣款銀行(起) 不可大於 扣款銀行(迄)	AddError(	Dev/ATLAS.RSP.Report/Source/UI/ReportUI.RSP/RSPR021.cs:209
'實際扣款日(起)'不可大於'實際扣款日(迄)'	AddError(	Dev/ATLAS.RSP.Report/Source/UI/ReportUI.RSP/RSPR023.cs:111
契約扣款日期(起) 不可大於 契約扣款日期(迄)	AddError(	Dev/ATLAS.RSP.Report/Source/UI/ReportUI.RSP/RSPR028.cs:174
實際扣款日期(起) 不可大於 實際扣款日期(迄)	AddError(	Dev/ATLAS.RSP.Report/Source/UI/ReportUI.RSP/RSPR028.cs:182
實際扣款日期(起)(迄) 必須同時(不)輸入	AddError(	Dev/ATLAS.RSP.Report/Source/UI/ReportUI.RSP/RSPR028.cs:188
實際扣款日期(起)(迄) 必須同時(不)輸入	AddError(	Dev/ATLAS.RSP.Report/Source/UI/ReportUI.RSP/RSPR028.cs:193
扣款行(起) 不可大於 扣款行(迄)	AddError(	Dev/ATLAS.RSP.Report/Source/UI/ReportUI.RSP/RSPR028.cs:202
扣款行(起)(迄) 必須同時(不)輸入	AddError(	Dev/ATLAS.RSP.Report/Source/UI/ReportUI.RSP/RSPR028.cs:208
扣款行(起)(迄) 必須同時(不)輸入	AddError(	Dev/ATLAS.RSP.Report/Source/UI/ReportUI.RSP/RSPR028.cs:213
'異動日期(起)'不可大於'異動日期(迄)'	AddError(	Dev/ATLAS.RSP.Report/Source/UI/ReportUI.RSP/RSPR029.cs:187
至少需挑選一項異動項目	AddError(	Dev/ATLAS.RSP.Report/Source/UI/ReportUI.RSP/RSPR029.cs:200
收件日期(起) 不可大於 收件日期(迄)	AddError(	Dev/ATLAS.RSP.Report/Source/UI/ReportUI.RSP/RSPR031.cs:353
契約書號(起)(迄) 必須同時(不)輸入	AddError(	Dev/ATLAS.RSP.Report/Source/UI/ReportUI.RSP/RSPR031.cs:359
契約書號(起、迄)請皆輸入13碼	AddError(	Dev/ATLAS.RSP.Report/Source/UI/ReportUI.RSP/RSPR031.cs:368
契約書號(起) 必須小於 契約書號(迄)	AddError(	Dev/ATLAS.RSP.Report/Source/UI/ReportUI.RSP/RSPR031.cs:376
至少須勾選一項交易途徑	AddError(	Dev/ATLAS.RSP.Report/Source/UI/ReportUI.RSP/RSPR031.cs:385
存檔路徑必須選擇	AddError(	Dev/ATLAS.RSP.Report/Source/UI/ReportUI.RSP/RSPR031.cs:414
存檔路徑 不存在	AddError(	Dev/ATLAS.RSP.Report/Source/UI/ReportUI.RSP/RSPR031.cs:418
首次扣款日 為必填欄位	AddError(	Dev/ATLAS.RSP.Report/Source/UI/ReportUI.RSP/RSPR034.cs:137
至少須勾選一項交易途徑	AddError(	Dev/ATLAS.RSP.Report/Source/UI/ReportUI.RSP/RSPR034.cs:179
收件日期區間(起)(迄) 為必填欄位	AddError(	Dev/ATLAS.RSP.Report/Source/UI/ReportUI.RSP/RSPR038.cs:185
收件日期區間(起) 為必填欄位	AddError(	Dev/ATLAS.RSP.Report/Source/UI/ReportUI.RSP/RSPR038.cs:189
收件日期區間(迄) 為必填欄位	AddError(	Dev/ATLAS.RSP.Report/Source/UI/ReportUI.RSP/RSPR038.cs:194
收件日期區間(起) 必須小於等於 收件日期區間(迄)	AddError(	Dev/ATLAS.RSP.Report/Source/UI/ReportUI.RSP/RSPR038.cs:201
原異動生效日期區間(起)(迄) 為必填欄位	AddError(	Dev/ATLAS.RSP.Report/Source/UI/ReportUI.RSP/RSPR038.cs:208
原異動生效日期區間(起) 為必填欄位	AddError(	Dev/ATLAS.RSP.Report/Source/UI/ReportUI.RSP/RSPR038.cs:212
原異動生效日期區間(迄) 為必填欄位	AddError(	Dev/ATLAS.RSP.Report/Source/UI/ReportUI.RSP/RSPR038.cs:216
原異動生效日期區間(起) 必須小於等於 原異動生效日期區間(迄)	AddError(	Dev/ATLAS.RSP.Report/Source/UI/ReportUI.RSP/RSPR038.cs:222
異動生效日期區間(起)(迄) 為必填欄位	AddError(	Dev/ATLAS.RSP.Report/Source/UI/ReportUI.RSP/RSPR038.cs:229
異動生效日期區間(起) 為必填欄位	AddError(	Dev/ATLAS.RSP.Report/Source/UI/ReportUI.RSP/RSPR038.cs:233
異動生效日期區間(迄) 為必填欄位	AddError(	Dev/ATLAS.RSP.Report/Source/UI/ReportUI.RSP/RSPR038.cs:238
異動生效日期區間(起) 必須小於等於 異動生效日期區間(迄)	AddError(	Dev/ATLAS.RSP.Report/Source/UI/ReportUI.RSP/RSPR038.cs:245
實際生效日期區間(起)(迄) 為必填欄位	AddError(	Dev/ATLAS.RSP.Report/Source/UI/ReportUI.RSP/RSPR038.cs:252
實際生效日期區間(起) 為必填欄位	AddError(	Dev/ATLAS.RSP.Report/Source/UI/ReportUI.RSP/RSPR038.cs:256
實際生效日期區間(迄) 為必填欄位	AddError(	Dev/ATLAS.RSP.Report/Source/UI/ReportUI.RSP/RSPR038.cs:261
實際生效日期區間(起) 必須小於等於 實際生效日期區間(迄)	AddError(	Dev/ATLAS.RSP.Report/Source/UI/ReportUI.RSP/RSPR038.cs:268
異動書號(起)(迄) 為必填欄位	AddError(	Dev/ATLAS.RSP.Report/Source/UI/ReportUI.RSP/RSPR038.cs:275
異動書號(起) 為必填欄位	AddError(	Dev/ATLAS.RSP.Report/Source/UI/ReportUI.RSP/RSPR038.cs:279
異動書號(迄) 為必填欄位	AddError(	Dev/ATLAS.RSP.Report/Source/UI/ReportUI.RSP/RSPR038.cs:284
異動書號(起、迄)請皆輸入13碼	AddError(	Dev/ATLAS.RSP.Report/Source/UI/ReportUI.RSP/RSPR038.cs:294
異動書號(起) 必須小於等於 異動書號(迄)	AddError(	Dev/ATLAS.RSP.Report/Source/UI/ReportUI.RSP/RSPR038.cs:302
請輸入變更來源	AddError(	Dev/ATLAS.RSP.Report/Source/UI/ReportUI.RSP/RSPR038.cs:310
請輸入契約型態	AddError(	Dev/ATLAS.RSP.Report/Source/UI/ReportUI.RSP/RSPR038.cs:316
收件日期(起)(迄) 必須同時輸入	AddError(	Dev/ATLAS.RSP.Report/Source/UI/ReportUI.RSP/RSPR041.cs:76
收件日期(起) 不可大於 收件日期(迄)	AddError(	Dev/ATLAS.RSP.Report/Source/UI/ReportUI.RSP/RSPR041.cs:81
停利書號(起)(迄) 必須同時輸入	AddError(	Dev/ATLAS.RSP.Report/Source/UI/ReportUI.RSP/RSPR041.cs:86
停利書號(起) 不可大於 停利書號(迄)	AddError(	Dev/ATLAS.RSP.Report/Source/UI/ReportUI.RSP/RSPR041.cs:92
異動收件日期(起)(迄) 必須同時輸入	AddError(	Dev/ATLAS.RSP.Report/Source/UI/ReportUI.RSP/RSPR042.cs:76
異動收件日期(起) 不可大於 異動收件日期(迄)	AddError(	Dev/ATLAS.RSP.Report/Source/UI/ReportUI.RSP/RSPR042.cs:81
停利轉申購書號(起)(迄) 必須同時輸入	AddError(	Dev/ATLAS.RSP.Report/Source/UI/ReportUI.RSP/RSPR042.cs:86
停利轉申購書號(起) 不可大於 停利轉申購書號(迄)	AddError(	Dev/ATLAS.RSP.Report/Source/UI/ReportUI.RSP/RSPR042.cs:92
停利日期(起) 不可大於停利日期(迄)	AddError(	Dev/ATLAS.RSP.Report/Source/UI/ReportUI.RSP/RSPR043.cs:132
終止日期(起) 不可大於 終止日期(迄)	AddError(	Dev/ATLAS.RSP.Report/Source/UI/ReportUI.RSP/RSPR046.cs:39
銷售機構區別碼(起)(迄) 必須同時(不)輸入	AddError(	Dev/ATLAS.RSP.Report/Source/UI/ReportUI.RSP/RSPR046.cs:45
銷售機構區別碼(起) 不可大於 銷售機構區別碼(迄)	AddError(	Dev/ATLAS.RSP.Report/Source/UI/ReportUI.RSP/RSPR046.cs:51
銷售機構代碼(起) 不可大於 銷售機構代碼(迄)	AddError(	Dev/ATLAS.RSP.Report/Source/UI/ReportUI.RSP/RSPR046.cs:60
通路區別碼(起)(迄) 必須同時(不)輸入	AddError(	Dev/ATLAS.RSP.Report/Source/UI/ReportUI.RSP/RSPR046.cs:81
通路區別碼(起) 不可大於 通路區別碼(迄)	AddError(	Dev/ATLAS.RSP.Report/Source/UI/ReportUI.RSP/RSPR046.cs:88
通路代碼(起) 不可大於 通路代碼(迄)	AddError(	Dev/ATLAS.RSP.Report/Source/UI/ReportUI.RSP/RSPR046.cs:97
至少勾選一種終止原因!	AddError(	Dev/ATLAS.RSP.Report/Source/UI/ReportUI.RSP/RSPR047.cs:290
終止日期(起) 不可大於 終止日期(迄)	AddError(	Dev/ATLAS.RSP.Report/Source/UI/ReportUI.RSP/RSPR047.cs:299
銷售機構區別碼(起)(迄) 必須同時(不)輸入	AddError(	Dev/ATLAS.RSP.Report/Source/UI/ReportUI.RSP/RSPR047.cs:305
銷售機構區別碼(起) 不可大於 銷售機構區別碼(迄)	AddError(	Dev/ATLAS.RSP.Report/Source/UI/ReportUI.RSP/RSPR047.cs:311
銷售機構代碼(起) 不可大於 銷售機構代碼(迄)	AddError(	Dev/ATLAS.RSP.Report/Source/UI/ReportUI.RSP/RSPR047.cs:320
通路區別碼(起)(迄) 必須同時(不)輸入	AddError(	Dev/ATLAS.RSP.Report/Source/UI/ReportUI.RSP/RSPR047.cs:341
通路區別碼(起) 不可大於 通路區別碼(迄)	AddError(	Dev/ATLAS.RSP.Report/Source/UI/ReportUI.RSP/RSPR047.cs:347
通路代碼(起) 不可大於 通路代碼(迄)	AddError(	Dev/ATLAS.RSP.Report/Source/UI/ReportUI.RSP/RSPR047.cs:356
收件日期起迄 必須皆輸入或皆不輸入	AddError(	Dev/ATLAS.RSP.Report/Source/UI/ReportUI.RSP/RSPR048.cs:119
收件日期起迄 必須皆輸入或皆不輸入	AddError(	Dev/ATLAS.RSP.Report/Source/UI/ReportUI.RSP/RSPR048.cs:123
收件日期(起) 不可大於 收件日期(迄)	AddError(	Dev/ATLAS.RSP.Report/Source/UI/ReportUI.RSP/RSPR048.cs:130
連續扣款失敗次數 須大於0	AddError(	Dev/ATLAS.RSP.Report/Source/UI/ReportUI.RSP/RSPR048.cs:137
執行成功	ShowMessage(	Dev/ATLAS.RSP.Report/Source/UI/ReportUI.RSP/RSPR049.cs:98
路徑不存在	AddError(	Dev/ATLAS.RSP.Report/Source/UI/ReportUI.RSP/RSPR051.cs:160
存檔路徑必須選擇	AddError(	Dev/ATLAS.RSP.Report/Source/UI/ReportUI.RSP/RSPR051.cs:265
收件日期(起) 不可大於收件日期(迄)	AddError(	Dev/ATLAS.RSP.Report/Source/UI/ReportUI.RSP/RSPR060.cs:154
轉Excel檔的功能 需要輸入"轉出路徑"。	AddError(	Dev/ATLAS.RSP.Report/Source/UI/ReportUI.RSP/RSPR060.cs:163
轉出路徑不存在!	AddError(	Dev/ATLAS.RSP.Report/Source/UI/ReportUI.RSP/RSPR060.cs:167
轉出路徑不存在!	AddError(	Dev/ATLAS.RSP.Report/Source/UI/ReportUI.RSP/RSPR060.cs:254
執行成功	ShowMessage(	Dev/ATLAS.RSP.Report/Source/UI/ReportUI.RSP/RSPR060.cs:311
商業邏輯異常!	ShowMessage(	Dev/ATLAS.RSP.Report/Source/UI/ReportUI.RSP/RSPR060.cs:317
異動生效日期、收件日期、Key件日期擇一輸入。	AddError(	Dev/ATLAS.RSP.Report/Source/UI/ReportUI.RSP/RSPR061.cs:154
{0}(起) 不可大於 {0}(迄)	AddError(	Dev/ATLAS.RSP.Report/Source/UI/ReportUI.RSP/RSPR061.cs:167
{0}(起)(迄) 必須同時(不)輸入	AddError(	Dev/ATLAS.RSP.Report/Source/UI/ReportUI.RSP/RSPR061.cs:174
契約轉申購日，日只可為6、16、26日	AddError(	Dev/ATLAS.RSP.Report/Source/UI/ReportUI.RSP/RSPR062.cs:122
無符合查詢條件的資料	ShowMessage(	Dev/ATLAS.RSP.Report/Source/UI/ReportUI.RSP/RSPR066.cs:157
【{0}】無符合查詢條件的資料。	AddResultRow(	Dev/ATLAS.RSP.Report/Source/UI/ReportUI.RSP/RSPR066.cs:302
買回日期、扣款日期擇一必輸。	AddError(	Dev/ATLAS.RSP.Report/Source/UI/ReportUI.RSP/RSPR066.cs:335
{0}(起) 不可大於 {0}(迄)	AddError(	Dev/ATLAS.RSP.Report/Source/UI/ReportUI.RSP/RSPR066.cs:351
{0}(起)(迄) 必須同時輸入	AddError(	Dev/ATLAS.RSP.Report/Source/UI/ReportUI.RSP/RSPR066.cs:358
申請停扣日期(起)需小於或等於申請停扣日期(訖)	AddError(	Dev/ATLAS.RSP.Report/Source/UI/ReportUI.RSP/RSPR070.cs:161
匯出路徑不得為空值	AddError(	Dev/ATLAS.RSP.Report/Source/UI/ReportUI.RSP/RSPR070.cs:263
查無資料!!	MessageBox.Show(	Dev/ATLAS.RSP.Report/Source/UI/ReportUI.RSP/RSPR070.cs:307
異動日期區間(起)需小於或等於異動日期區間(訖)	AddError(	Dev/ATLAS.RSP.Report/Source/UI/ReportUI.RSP/RSPR071.cs:69
查無可執行之資料	AddResultRow(	Dev/ATLAS.RSP/Source/PO/PO.RSP/RSPB008_PO.cs:96
執行完成 本次有更新失敗資料， 請執行(RSPR038)定期定額契約異動資料查核表，查詢明細資料	AddResultRow(	Dev/ATLAS.RSP/Source/PO/PO.RSP/RSPB008_PO.cs:104
執行完成	AddResultRow(	Dev/ATLAS.RSP/Source/PO/PO.RSP/RSPB008_PO.cs:107
執行失敗，請檢查	AddResultRow(	Dev/ATLAS.RSP/Source/PO/PO.RSP/RSPB008_PO.cs:124
{…} | 仍有資料未覆核，不可執行 |	AddResultRow(	Dev/ATLAS.RSP/Source/PO/PO.RSP/RSPB008_PO.cs:172
檢核是否有未覆核資料過程中發生異常，請檢查	AddResultRow(	Dev/ATLAS.RSP/Source/PO/PO.RSP/RSPB008_PO.cs:177
超過每日郵局交易限額{0}	AddResultRow(	Dev/ATLAS.RSP/Source/PO/PO.RSP/RSPB008_PO.cs:255
檢核郵局每日交易限額過程中發生異常，請檢查	AddResultRow(	Dev/ATLAS.RSP/Source/PO/PO.RSP/RSPB008_PO.cs:274
設定檔無資料	AddResultRow(	Dev/ATLAS.RSP/Source/PO/PO.RSP/RSPB008_PO.cs:313
執行失敗，請檢查{…}	AddResultRow(	Dev/ATLAS.RSP/Source/PO/PO.RSP/RSPB008_PO.cs:325
查無資料	AddResultRow(	Dev/ATLAS.RSP/Source/PO/PO.RSP/RSPB008_PO.cs:356
執行失敗，請檢查{…}	AddResultRow(	Dev/ATLAS.RSP/Source/PO/PO.RSP/RSPB008_PO.cs:368
執行成功	AddResultRow(	Dev/ATLAS.RSP/Source/PO/PO.RSP/RSPB009_PO.cs:100
執行完成。{…}基金[{…}] 無可{…}	AddResultRow(	Dev/ATLAS.RSP/Source/PO/PO.RSP/RSPB009_PO.cs:104
扣款檔key值重覆，請先執行[刪除扣款資料]功能，再執行[產生扣款資料]功能	AddResultRow(	Dev/ATLAS.RSP/Source/PO/PO.RSP/RSPB009_PO.cs:115
無符合查詢條件資料可執行。	AddResultRow(	Dev/ATLAS.RSP/Source/PO/PO.RSP/RSPB009_PO.cs:129
查詢成功，查詢筆數：{0}筆	AddResultRow(	Dev/ATLAS.RSP/Source/PO/PO.RSP/RSPB009_PO.cs:186
查詢失敗	AddResultRow(	Dev/ATLAS.RSP/Source/PO/PO.RSP/RSPB009_PO.cs:194
契約扣款日期無效，請檢查	AddResultRow(	Dev/ATLAS.RSP/Source/PO/PO.RSP/RSPB009_PO.cs:744
查詢扣款日期過程中發生異常，請檢查	AddResultRow(	Dev/ATLAS.RSP/Source/PO/PO.RSP/RSPB009_PO.cs:755
基金代碼[{…}]中有戶號[{…}]	變數指派 =	Dev/ATLAS.RSP/Source/PO/PO.RSP/RSPB009_PO.cs:864
{…}為註銷戶是否繼續執行	AddResultRow(	Dev/ATLAS.RSP/Source/PO/PO.RSP/RSPB009_PO.cs:876
查詢是否為註銷戶過程中發生異常，請檢查	AddResultRow(	Dev/ATLAS.RSP/Source/PO/PO.RSP/RSPB009_PO.cs:883
查詢是否已有扣款日期過程中發生異常，請檢查	AddResultRow(	Dev/ATLAS.RSP/Source/PO/PO.RSP/RSPB009_PO.cs:944
執行失敗，請檢查	AddResultRow(	Dev/ATLAS.RSP/Source/PO/PO.RSP/RSPB010_PO.cs:202
執行失敗，請檢查	AddResultRow(	Dev/ATLAS.RSP/Source/PO/PO.RSP/RSPB010_PO.cs:211
此淨值日期已過帳，不可指定該實際扣款日	AddResultRow(	Dev/ATLAS.RSP/Source/PO/PO.RSP/RSPB010_PO.cs:301
此淨值日期，定期定額資料已結轉，不可指定該實際扣款日	AddResultRow(	Dev/ATLAS.RSP/Source/PO/PO.RSP/RSPB010_PO.cs:305
此實際扣款日期已做淨值計算，不可指定該實際扣款日期	AddResultRow(	Dev/ATLAS.RSP/Source/PO/PO.RSP/RSPB010_PO.cs:354
此實際扣款日期已做最後確認，不可指定該實際扣款日期	AddResultRow(	Dev/ATLAS.RSP/Source/PO/PO.RSP/RSPB010_PO.cs:358
已有扣款資料，不做延遲扣款處理	AddResultRow(	Dev/ATLAS.RSP/Source/PO/PO.RSP/RSPB010_PO.cs:446
此扣款行已作回覆確認，不可再異動	AddResultRow(	Dev/ATLAS.RSP/Source/PO/PO.RSP/RSPB011_PO.cs:142
執行成功	AddResultRow(	Dev/ATLAS.RSP/Source/PO/PO.RSP/RSPB011_PO.cs:180
執行失敗，請檢查	AddResultRow(	Dev/ATLAS.RSP/Source/PO/PO.RSP/RSPB011_PO.cs:186
執行失敗，請檢查	AddResultRow(	Dev/ATLAS.RSP/Source/PO/PO.RSP/RSPB011_PO.cs:194
契約扣款日期、實際扣款日期必須存在境內小額扣款日期控制檔	AddResultRow(	Dev/ATLAS.RSP/Source/PO/PO.RSP/RSPB011_PO.cs:381
基金[{…}]已做扣款回覆確認，不可再異動	AddResultRow(	Dev/ATLAS.RSP/Source/PO/PO.RSP/RSPB011_PO.cs:389
基金[{…}]已做單位數計算，不可再異動	AddResultRow(	Dev/ATLAS.RSP/Source/PO/PO.RSP/RSPB011_PO.cs:394
基金[{…}]已做結轉，不可再異動	AddResultRow(	Dev/ATLAS.RSP/Source/PO/PO.RSP/RSPB011_PO.cs:399
檢核小額扣款控制碼失敗，請檢查	AddResultRow(	Dev/ATLAS.RSP/Source/PO/PO.RSP/RSPB011_PO.cs:404
查無資料	AddResultRow(	Dev/ATLAS.RSP/Source/PO/PO.RSP/RSPB015_PO.cs:282
執行成功	AddResultRow(	Dev/ATLAS.RSP/Source/PO/PO.RSP/RSPB015_PO.cs:356
執行失敗，請檢查	AddResultRow(	Dev/ATLAS.RSP/Source/PO/PO.RSP/RSPB015_PO.cs:362
執行失敗，請檢查	AddResultRow(	Dev/ATLAS.RSP/Source/PO/PO.RSP/RSPB015_PO.cs:378
無符合資料可執行	AddResultRow(	Dev/ATLAS.RSP/Source/PO/PO.RSP/RSPB016_PO.cs:217
執行成功	AddResultRow(	Dev/ATLAS.RSP/Source/PO/PO.RSP/RSPB016_PO.cs:235
執行失敗，請檢查	AddResultRow(	Dev/ATLAS.RSP/Source/PO/PO.RSP/RSPB016_PO.cs:250
執行成功{…}	AddResultRow(	Dev/ATLAS.RSP/Source/PO/PO.RSP/RSPB018_PO.cs:264
執行失敗，請檢查	AddResultRow(	Dev/ATLAS.RSP/Source/PO/PO.RSP/RSPB018_PO.cs:270
執行失敗，請檢查	AddResultRow(	Dev/ATLAS.RSP/Source/PO/PO.RSP/RSPB018_PO.cs:286
執行成功！ 請先從(RSPB016)計算作業開始；如有淨值變動，請先執行淨值回復作業！	AddResultRow(	Dev/ATLAS.RSP/Source/PO/PO.RSP/RSPB019_PO.cs:92
執行失敗，請檢查	AddResultRow(	Dev/ATLAS.RSP/Source/PO/PO.RSP/RSPB019_PO.cs:105
Y	AddResultRow(	Dev/ATLAS.RSP/Source/PO/PO.RSP/RSPB020_PO.cs:669
N	AddResultRow(	Dev/ATLAS.RSP/Source/PO/PO.RSP/RSPB020_PO.cs:674
取得忠實戶註記失敗，請檢查	AddResultRow(	Dev/ATLAS.RSP/Source/PO/PO.RSP/RSPB020_PO.cs:681
執行失敗，請檢查	AddResultRow(	Dev/ATLAS.RSP/Source/PO/PO.RSP/RSPB021_PO.cs:89
基金代碼[{…}]買回NAV日之買回關帳作業已結轉，不可執行！	變數指派 =	Dev/ATLAS.RSP/Source/PO/PO.RSP/RSPB021_PO.cs:149
基金代碼[{…}]此買回NAV日之申購關帳作業已結轉，不可執行！	變數指派 =	Dev/ATLAS.RSP/Source/PO/PO.RSP/RSPB021_PO.cs:151
子基金代碼[{…}]買回NAV日之買回關帳作業已結轉，不可執行！	變數指派 =	Dev/ATLAS.RSP/Source/PO/PO.RSP/RSPB021_PO.cs:184
子基金代碼[{…}]此買回NAV日之申購關帳作業已結轉，不可執行！	變數指派 =	Dev/ATLAS.RSP/Source/PO/PO.RSP/RSPB021_PO.cs:186
此契約扣款日期已執行過168循環定額投資扣款轉申購產生作業，請執行刪除重作功能！	AddResultRow(	Dev/ATLAS.RSP/Source/PO/PO.RSP/RSPB021_PO.cs:249
執行失敗，請檢查	AddResultRow(	Dev/ATLAS.RSP/Source/PO/PO.RSP/RSPB022_PO.cs:96
基金代碼[{…}]買回NAV日之買回關帳作業已結轉，不可執行！	變數指派 =	Dev/ATLAS.RSP/Source/PO/PO.RSP/RSPB022_PO.cs:149
基金代碼[{…}]此買回NAV日之申購關帳作業已結轉，不可執行！	變數指派 =	Dev/ATLAS.RSP/Source/PO/PO.RSP/RSPB022_PO.cs:151
此契約扣款日期已執行過168循環定額投資停利計算作業，請執行刪除重作功能！	AddResultRow(	Dev/ATLAS.RSP/Source/PO/PO.RSP/RSPB022_PO.cs:217
執行失敗，請檢查	AddResultRow(	Dev/ATLAS.RSP/Source/PO/PO.RSP/RSPB023_PO.cs:85
{…} | 仍有資料未覆核，不可執行 |	AddResultRow(	Dev/ATLAS.RSP/Source/PO/PO.RSP/RSPB023_PO.cs:122
檢核是否有未覆核資料過程中發生異常，請檢查	AddResultRow(	Dev/ATLAS.RSP/Source/PO/PO.RSP/RSPB023_PO.cs:127
無資料寄發	AddResultRow(	Dev/ATLAS.RSP/Source/PO/PO.RSP/RSPB024_PO.cs:63
Email資料產生成功，共{0}筆	AddResultRow(	Dev/ATLAS.RSP/Source/PO/PO.RSP/RSPB024_PO.cs:67
產生失敗，請檢查	AddResultRow(	Dev/ATLAS.RSP/Source/PO/PO.RSP/RSPB024_PO.cs:75
執行失敗，請檢查	AddResultRow(	Dev/ATLAS.RSP/Source/PO/PO.RSP/RSPB041_PO.cs:84
{…} | 仍有資料未覆核，不可執行 |	AddResultRow(	Dev/ATLAS.RSP/Source/PO/PO.RSP/RSPB041_PO.cs:121
檢核是否有未覆核資料過程中發生異常，請檢查	AddResultRow(	Dev/ATLAS.RSP/Source/PO/PO.RSP/RSPB041_PO.cs:126
執行失敗，請檢查	AddResultRow(	Dev/ATLAS.RSP/Source/PO/PO.RSP/RSPB042_PO.cs:91
基金代碼[{…}]買回NAV日之買回關帳作業已結轉，不可執行！	變數指派 =	Dev/ATLAS.RSP/Source/PO/PO.RSP/RSPB042_PO.cs:144
基金代碼[{…}]此買回NAV日之申購關帳作業已結轉，不可執行！	變數指派 =	Dev/ATLAS.RSP/Source/PO/PO.RSP/RSPB042_PO.cs:146
此契約扣款日期已執行過定期定額投資停利計算作業，請執行刪除重作功能！	AddResultRow(	Dev/ATLAS.RSP/Source/PO/PO.RSP/RSPB042_PO.cs:212
執行失敗，請檢查	AddResultRow(	Dev/ATLAS.RSP/Source/PO/PO.RSP/RSPB052_PO.cs:170
執行失敗，請檢查	AddResultRow(	Dev/ATLAS.RSP/Source/PO/PO.RSP/RSPB052_PO.cs:322
執行失敗，請檢查	AddResultRow(	Dev/ATLAS.RSP/Source/PO/PO.RSP/RSPB052_PO.cs:370
執行失敗，請檢查	AddResultRow(	Dev/ATLAS.RSP/Source/PO/PO.RSP/RSPB052_PO.cs:424
執行失敗，請檢查	AddResultRow(	Dev/ATLAS.RSP/Source/PO/PO.RSP/RSPB052_PO.cs:451
新增BMS001失敗	throw new Exception(	Dev/ATLAS.RSP/Source/PO/PO.RSP/RSPM004_PO.cs:807
更新核印資料OFD701失敗	throw new ApplicationException(	Dev/ATLAS.RSP/Source/PO/PO.RSP/RSPM004_PO.cs:1067
更新核印資料OFD701失敗	throw new ApplicationException(	Dev/ATLAS.RSP/Source/PO/PO.RSP/RSPM004_PO.cs:1098
更新核印資料OFD701失敗	throw new ApplicationException(	Dev/ATLAS.RSP/Source/PO/PO.RSP/RSPM004_PO.cs:1164
執行失敗，請檢查	AddResultRow(	Dev/ATLAS.RSP/Source/PO/PO.RSP/RSPM004_PO.cs:1443
取得核印資料失敗，請檢查	AddResultRow(	Dev/ATLAS.RSP/Source/PO/PO.RSP/RSPM004_PO.cs:1562
取得促銷活動資料失敗，請檢查	AddResultRow(	Dev/ATLAS.RSP/Source/PO/PO.RSP/RSPM004_PO.cs:1766
檢核失敗，請檢查	AddResultRow(	Dev/ATLAS.RSP/Source/PO/PO.RSP/RSPM004_PO.cs:1821
此扣款帳號已送核，不可修改刪除	throw new ApplicationException(	Dev/ATLAS.RSP/Source/PO/PO.RSP/RSPM004_PO.cs:1987
此扣款帳號已啟動重新送核，不可刪除	throw new ApplicationException(	Dev/ATLAS.RSP/Source/PO/PO.RSP/RSPM004_PO.cs:1989
該受益人無”有效配息帳號”，是否繼續執行？	AddResultRow(	Dev/ATLAS.RSP/Source/PO/PO.RSP/RSPM004_PO.cs:2040
檢核失敗，請檢查	AddResultRow(	Dev/ATLAS.RSP/Source/PO/PO.RSP/RSPM004_PO.cs:2051
該受益人為外國人，是否繼續執行？	AddResultRow(	Dev/ATLAS.RSP/Source/PO/PO.RSP/RSPM004_PO.cs:2088
檢核失敗，請檢查	AddResultRow(	Dev/ATLAS.RSP/Source/PO/PO.RSP/RSPM004_PO.cs:2099
檢核是否有相同交易資料失敗，請檢查	AddResultRow(	Dev/ATLAS.RSP/Source/PO/PO.RSP/RSPM004_PO.cs:2171
該契約書號{0}無扣款次數記錄	AddResultRow(	Dev/ATLAS.RSP/Source/PO/PO.RSP/RSPM004_PO.cs:2264
取得扣款方式失敗，請檢查	AddResultRow(	Dev/ATLAS.RSP/Source/PO/PO.RSP/RSPM004_PO.cs:2348
檢核失敗，請檢查	AddResultRow(	Dev/ATLAS.RSP/Source/PO/PO.RSP/RSPM004_PO.cs:2440
此扣款帳戶已存在於不同扣款人ID，請確定仍要存檔?  參考資訊： {…}	AddResultRow(	Dev/ATLAS.RSP/Source/PO/PO.RSP/RSPM004_PO.cs:2491
檢核失敗，請檢查	AddResultRow(	Dev/ATLAS.RSP/Source/PO/PO.RSP/RSPM004_PO.cs:2507
Y	AddResultRow(	Dev/ATLAS.RSP/Source/PO/PO.RSP/RSPM004_PO.cs:2729
N	AddResultRow(	Dev/ATLAS.RSP/Source/PO/PO.RSP/RSPM004_PO.cs:2734
取得忠實戶註記失敗，請檢查	AddResultRow(	Dev/ATLAS.RSP/Source/PO/PO.RSP/RSPM004_PO.cs:2742
取得核印扣款碼過程中發生異常，請檢查	AddResultRow(	Dev/ATLAS.RSP/Source/PO/PO.RSP/RSPM004_PO.cs:2791
取得核印資料筆數過程中發生異常，請檢查	AddResultRow(	Dev/ATLAS.RSP/Source/PO/PO.RSP/RSPM004_PO.cs:2830
鎖定契約書失敗，請檢查	throw new ApplicationException(	Dev/ATLAS.RSP/Source/PO/PO.RSP/RSPM005_PO.cs:420
契約書已被異動，尚未覆核，不可新增異動資料	throw new ApplicationException(	Dev/ATLAS.RSP/Source/PO/PO.RSP/RSPM005_PO.cs:436
更新境內小額契約明細檔失敗，請檢查	throw new ApplicationException(	Dev/ATLAS.RSP/Source/PO/PO.RSP/RSPM005_PO.cs:966
更新核印資料OFD701失敗	throw new ApplicationException(	Dev/ATLAS.RSP/Source/PO/PO.RSP/RSPM005_PO.cs:1212
更新核印資料OFD701失敗	throw new ApplicationException(	Dev/ATLAS.RSP/Source/PO/PO.RSP/RSPM005_PO.cs:1242
更新核印資料OFD701失敗	throw new ApplicationException(	Dev/ATLAS.RSP/Source/PO/PO.RSP/RSPM005_PO.cs:1308
扣款帳號已送核，不可修改刪除	throw new ApplicationException(	Dev/ATLAS.RSP/Source/PO/PO.RSP/RSPM005_PO.cs:1632
扣款帳號已啟動重新送核，不可刪除	throw new ApplicationException(	Dev/ATLAS.RSP/Source/PO/PO.RSP/RSPM005_PO.cs:1634
該受益人為外國人，是否繼續執行？	AddResultRow(	Dev/ATLAS.RSP/Source/PO/PO.RSP/RSPM005_PO.cs:2289
檢核失敗，請檢查	AddResultRow(	Dev/ATLAS.RSP/Source/PO/PO.RSP/RSPM005_PO.cs:2300
檢核母基金最低申購金額失敗，請檢查	AddResultRow(	Dev/ATLAS.RSP/Source/PO/PO.RSP/RSPM021_PO.cs:1015
申購書是否已被贖回過檢核失敗，請檢查	AddResultRow(	Dev/ATLAS.RSP/Source/PO/PO.RSP/RSPM021_PO.cs:1063
檢核168快樂定額投資法契約扣款日記錄檔失敗，請檢查	AddResultRow(	Dev/ATLAS.RSP/Source/PO/PO.RSP/RSPM021_PO.cs:1183
申購書是否已被贖回過檢核失敗，請檢查	AddResultRow(	Dev/ATLAS.RSP/Source/PO/PO.RSP/RSPM022_PO.cs:827
執行失敗，請檢查	AddResultRow(	Dev/ATLAS.RSP/Source/PO/PO.RSP/RSPM037_PO.cs:290
執行失敗，請檢查	AddResultRow(	Dev/ATLAS.RSP/Source/PO/PO.RSP/RSPM037_PO.cs:303
執行失敗，請檢查	AddResultRow(	Dev/ATLAS.RSP/Source/PO/PO.RSP/RSPM041_PO.cs:187
執行失敗，請檢查	AddResultRow(	Dev/ATLAS.RSP/Source/PO/PO.RSP/RSPM041_PO.cs:254
執行失敗，請檢查	AddResultRow(	Dev/ATLAS.RSP/Source/PO/PO.RSP/RSPM042_PO.cs:177
執行失敗，請檢查	AddResultRow(	Dev/ATLAS.RSP/Source/PO/PO.RSP/RSPM042_PO.cs:244
變更生效日期 為空值	AddError(	Dev/ATLAS.RSP/Source/UI/UI.RSP/RSPB008.cs:69
變更生效日期 不可大於 系統日	AddError(	Dev/ATLAS.RSP/Source/UI/UI.RSP/RSPB008.cs:73
至少勾選一筆基金代碼	AddError(	Dev/ATLAS.RSP/Source/UI/UI.RSP/RSPB009.cs:86
契約扣款日期不可大於實際扣款日期	AddError(	Dev/ATLAS.RSP/Source/UI/UI.RSP/RSPB009.cs:324
至少勾選一種扣款方式	AddError(	Dev/ATLAS.RSP/Source/UI/UI.RSP/RSPB009.cs:339
契約扣款日期、實際扣款日期必須存在境內小額扣款日期控制檔	AddError(	Dev/ATLAS.RSP/Source/UI/UI.RSP/RSPB009.cs:368
更新後實際扣款日期 為必填欄位	AddError(	Dev/ATLAS.RSP/Source/UI/UI.RSP/RSPB010.cs:78
更新後淨值日期 為必填欄位	AddError(	Dev/ATLAS.RSP/Source/UI/UI.RSP/RSPB010.cs:83
更新後實際扣款日期 必須大於 契約扣款日期	AddError(	Dev/ATLAS.RSP/Source/UI/UI.RSP/RSPB010.cs:90
更新後實際扣款日期 不可小於等於 實際扣款日期	AddError(	Dev/ATLAS.RSP/Source/UI/UI.RSP/RSPB010.cs:98
送件序號已清空，請至(OFDB703) 扣款送件作業執行送件作業］	ShowMessage(	Dev/ATLAS.RSP/Source/UI/UI.RSP/RSPB010.cs:104
此'契約扣款日或實際扣款日'不為'已做扣款處理'的契約扣款日及實際扣款日	AddError(	Dev/ATLAS.RSP/Source/UI/UI.RSP/RSPB010.cs:189
更新後實際扣款日期 不可小於等於 契約扣款日	AddError(	Dev/ATLAS.RSP/Source/UI/UI.RSP/RSPB010.cs:197
更新後實際扣款日期 不可小於等於 實際扣款日	AddError(	Dev/ATLAS.RSP/Source/UI/UI.RSP/RSPB010.cs:204
請先輸入'基金代碼','契約扣款日','實際扣款日'	AddError(	Dev/ATLAS.RSP/Source/UI/UI.RSP/RSPB010.cs:259
更新後實際扣款日期不為基金營業日	AddError(	Dev/ATLAS.RSP/Source/UI/UI.RSP/RSPB010.cs:410
請先設定相關行事曆	AddError(	Dev/ATLAS.RSP/Source/UI/UI.RSP/RSPB010.cs:414
尚未產生扣款資料	AddError(	Dev/ATLAS.RSP/Source/UI/UI.RSP/RSPB011.cs:107
此扣款行已作回覆確認，不可再異動	AddError(	Dev/ATLAS.RSP/Source/UI/UI.RSP/RSPB011.cs:127
無符合查詢條件的資料	ShowMessage(	Dev/ATLAS.RSP/Source/UI/UI.RSP/RSPB011.cs:130
扣款失敗的 失敗代碼 為必填欄位	AddError(	Dev/ATLAS.RSP/Source/UI/UI.RSP/RSPB011.cs:253
失敗原因 為必填欄位	AddError(	Dev/ATLAS.RSP/Source/UI/UI.RSP/RSPB011.cs:457
此'契約扣款日或實際扣款日'不為'已做扣款處理'的契約扣款日及實際扣款日	AddError(	Dev/ATLAS.RSP/Source/UI/UI.RSP/RSPB015.cs:216
至少勾選一筆基金代碼	AddError(	Dev/ATLAS.RSP/Source/UI/UI.RSP/RSPB015.cs:233
至少勾選一筆基金代碼	AddError(	Dev/ATLAS.RSP/Source/UI/UI.RSP/RSPB016.cs:72
同基金、同實際扣款日的資料需同時勾選	ShowMessage(	Dev/ATLAS.RSP/Source/UI/UI.RSP/RSPB016.cs:95
無符合查詢條件的資料	ShowMessage(	Dev/ATLAS.RSP/Source/UI/UI.RSP/RSPB016.cs:162
至少勾選一筆基金代碼	AddError(	Dev/ATLAS.RSP/Source/UI/UI.RSP/RSPB018.cs:70
同基金、同實際扣款日的資料需同時勾選	ShowMessage(	Dev/ATLAS.RSP/Source/UI/UI.RSP/RSPB018.cs:93
無符合查詢條件的資料	ShowMessage(	Dev/ATLAS.RSP/Source/UI/UI.RSP/RSPB018.cs:179
申購日期不正確，請檢查	AddError(	Dev/ATLAS.RSP/Source/UI/UI.RSP/RSPB019.cs:97
淨值日期不正確，請檢查	AddError(	Dev/ATLAS.RSP/Source/UI/UI.RSP/RSPB019.cs:99
查無此基金相關結帳資料	ShowMessage(	Dev/ATLAS.RSP/Source/UI/UI.RSP/RSPB019.cs:146
淨值尚未產生，不可執行結轉回復	AddError(	Dev/ATLAS.RSP/Source/UI/UI.RSP/RSPB019.cs:170
是否一併更新相關扣款資料所產生的申購資料	ShowMessage(	Dev/ATLAS.RSP/Source/UI/UI.RSP/RSPB020.cs:233
契約書號, 收件日期(起、迄), 受益人ID, 戶號 必須擇一填寫	AddError(	Dev/ATLAS.RSP/Source/UI/UI.RSP/RSPB020.cs:250
收件日期(起)(迄) 必須皆(不)填寫	AddError(	Dev/ATLAS.RSP/Source/UI/UI.RSP/RSPB020.cs:254
收件日期(起) 不可大於 收件日期(迄)	AddError(	Dev/ATLAS.RSP/Source/UI/UI.RSP/RSPB020.cs:259
必須輸入推薦人!	AddError(	Dev/ATLAS.RSP/Source/UI/UI.RSP/RSPB020.cs:605
此 推薦人 不存在該 銷售機構 {…}，請檢查	AddError(	Dev/ATLAS.RSP/Source/UI/UI.RSP/RSPB020.cs:611
契約轉申購日 須為6日,16日,26日!!	AddError(	Dev/ATLAS.RSP/Source/UI/UI.RSP/RSPB021.cs:62
契約轉申購日 須為6日,16日,26日!!	AddError(	Dev/ATLAS.RSP/Source/UI/UI.RSP/RSPB024.cs:66
契約書號, 收件日期(起、迄), 客戶統編, 戶號 必須擇一填寫	AddError(	Dev/ATLAS.RSP/Source/UI/UI.RSP/RSPB025.cs:288
收件日期(起)(迄) 必須皆(不)填寫	AddError(	Dev/ATLAS.RSP/Source/UI/UI.RSP/RSPB025.cs:292
收件日期(起) 不可大於 收件日期(迄)	AddError(	Dev/ATLAS.RSP/Source/UI/UI.RSP/RSPB025.cs:297
是否一併更新相關扣款資料	ShowMessage(	Dev/ATLAS.RSP/Source/UI/UI.RSP/RSPB025.cs:351
此推薦人不存在該通路代碼{…}，請檢查	AddError(	Dev/ATLAS.RSP/Source/UI/UI.RSP/RSPB025.cs:744
必須輸入推薦人!	AddError(	Dev/ATLAS.RSP/Source/UI/UI.RSP/RSPB025.cs:761
此 推薦人 不存在該 銷售機構 {…}，請檢查	AddError(	Dev/ATLAS.RSP/Source/UI/UI.RSP/RSPB025.cs:767
至少勾選一筆契約資料！	AddError(	Dev/ATLAS.RSP/Source/UI/UI.RSP/RSPB052.cs:92
契約書號, 收件日期(起、迄), 受益人ID, 戶號 必須擇一填寫	AddError(	Dev/ATLAS.RSP/Source/UI/UI.RSP/RSPM004.cs:280
收件日期(起)(迄) 必須皆(不)填寫	AddError(	Dev/ATLAS.RSP/Source/UI/UI.RSP/RSPM004.cs:284
收件日期(起) 不可大於 收件日期(迄)	AddError(	Dev/ATLAS.RSP/Source/UI/UI.RSP/RSPM004.cs:289
契約書已有異動資料或扣款資料不可執行修改	ShowMessage(	Dev/ATLAS.RSP/Source/UI/UI.RSP/RSPM004.cs:376
契約書已有異動資料或扣款資料不可執行刪除	ShowMessage(	Dev/ATLAS.RSP/Source/UI/UI.RSP/RSPM004.cs:401
請檢視是否已有停利書號須配合刪除	ShowMessage(	Dev/ATLAS.RSP/Source/UI/UI.RSP/RSPM004.cs:406
查無可調閱文件資料	ShowMessage(	Dev/ATLAS.RSP/Source/UI/UI.RSP/RSPM004.cs:810
該受益人為註銷戶，不可新增	ShowMessage(	Dev/ATLAS.RSP/Source/UI/UI.RSP/RSPM004.cs:1053
受益人 為員工或員工關係人，需透過EC執行下單作業。請確認已取得書面核淮。是否建檔？	變數指派 =	Dev/ATLAS.RSP/Source/UI/UI.RSP/RSPM004.cs:1089
此員工代碼無相對應之銷售機構	ShowMessage(	Dev/ATLAS.RSP/Source/UI/UI.RSP/RSPM004.cs:1252
此扣款帳號已送核，不可刪除	ShowMessage(	Dev/ATLAS.RSP/Source/UI/UI.RSP/RSPM004.cs:1738
此扣款帳號已啟動重新送核，不可刪除	ShowMessage(	Dev/ATLAS.RSP/Source/UI/UI.RSP/RSPM004.cs:1744
將清除所有明細資料，是否繼續？	ShowMessage(	Dev/ATLAS.RSP/Source/UI/UI.RSP/RSPM004.cs:2173
明細資料必須輸入	AddError(	Dev/ATLAS.RSP/Source/UI/UI.RSP/RSPM004.cs:2204
戶藉地址必須輸入	AddError(	Dev/ATLAS.RSP/Source/UI/UI.RSP/RSPM004.cs:2213
收件日期 不可小於 開戶日期	AddError(	Dev/ATLAS.RSP/Source/UI/UI.RSP/RSPM004.cs:2218
出生日期 不可大於 開戶日期	AddError(	Dev/ATLAS.RSP/Source/UI/UI.RSP/RSPM004.cs:2224
出生日期 格式錯誤	AddError(	Dev/ATLAS.RSP/Source/UI/UI.RSP/RSPM004.cs:2228
出生年月日，必須小於系統日	AddError(	Dev/ATLAS.RSP/Source/UI/UI.RSP/RSPM004.cs:2234
開戶日期須為營業日	AddError(	Dev/ATLAS.RSP/Source/UI/UI.RSP/RSPM004.cs:2242
扣款日 {…} {…}	AddError(	Dev/ATLAS.RSP/Source/UI/UI.RSP/RSPM004.cs:2334
必須輸入推薦人!	AddError(	Dev/ATLAS.RSP/Source/UI/UI.RSP/RSPM004.cs:2364
此 推薦人 不存在該 銷售機構 {…}，請檢查	AddError(	Dev/ATLAS.RSP/Source/UI/UI.RSP/RSPM004.cs:2370
收件日期不可小於開戶日期{0}	AddError(	Dev/ATLAS.RSP/Source/UI/UI.RSP/RSPM004.cs:2383
收件日期須為營業日	AddError(	Dev/ATLAS.RSP/Source/UI/UI.RSP/RSPM004.cs:2391
員工代碼歸屬的銷售機構與預設值不相符,是否繼續?	變數指派 =	Dev/ATLAS.RSP/Source/UI/UI.RSP/RSPM004.cs:2397
查無此客戶的印鑑資料	ShowMessage(	Dev/ATLAS.RSP/Source/UI/UI.RSP/RSPM004.cs:2565
{…}1 | 此受益人「不得主動推薦高風險基金」 | 此受益人『僅限申購保守型基金(RR1~RR2)』	ShowMessage(	Dev/ATLAS.RSP/Source/UI/UI.RSP/RSPM004.cs:2673
其它為舊資料保留選項，不可選擇！	ShowMessage(	Dev/ATLAS.RSP/Source/UI/UI.RSP/RSPM004.cs:2739
請先輸入收件日期!	ShowMessage(	Dev/ATLAS.RSP/Source/UI/UI.RSP/RSPM004.cs:2878
請傳入Grid中點選的該筆資料，不可為Null	MessageBox.Show(	Dev/ATLAS.RSP/Source/UI/UI.RSP/RSPM004p0.cs:485
KYC風險屬性與申購基金風險屬性不吻合，無法申購!	ShowMessage(	Dev/ATLAS.RSP/Source/UI/UI.RSP/RSPM004p0.cs:633
未填附自主申購聲明書，無法申購!	ShowMessage(	Dev/ATLAS.RSP/Source/UI/UI.RSP/RSPM004p0.cs:644
KYC風險屬性與申購基金風險屬性不吻合，無法申購!	ShowMessage(	Dev/ATLAS.RSP/Source/UI/UI.RSP/RSPM004p0.cs:656
未填附自主申購聲明書，無法申購!	ShowMessage(	Dev/ATLAS.RSP/Source/UI/UI.RSP/RSPM004p0.cs:667
其它為舊資料保留選項，不可選擇！	ShowMessage(	Dev/ATLAS.RSP/Source/UI/UI.RSP/RSPM004p0.cs:990
該客戶為優惠關係人，是否仍要輸入促銷活動代碼？	ShowMessage(	Dev/ATLAS.RSP/Source/UI/UI.RSP/RSPM004p0.cs:1123
{…}Msg	ByPassAddMessage(	Dev/ATLAS.RSP/Source/UI/UI.RSP/RSPM004p0.cs:1848
{…}Msg	ByPassAddMessage(	Dev/ATLAS.RSP/Source/UI/UI.RSP/RSPM004p0.cs:1866
0	ByPassAddMessage(	Dev/ATLAS.RSP/Source/UI/UI.RSP/RSPM004p0.cs:1911
0	ByPassAddMessage(	Dev/ATLAS.RSP/Source/UI/UI.RSP/RSPM004p0.cs:1921
{0}不可超過最高{0}	AddError(	Dev/ATLAS.RSP/Source/UI/UI.RSP/RSPM004p0.cs:1926
{0} 不可大於 原{0}	AddError(	Dev/ATLAS.RSP/Source/UI/UI.RSP/RSPM004p0.cs:1933
扣款金額 為必填欄位	AddError(	Dev/ATLAS.RSP/Source/UI/UI.RSP/RSPM004p0.cs:2076
公開說明書寄發地址郵遞區號 為必填欄位	AddError(	Dev/ATLAS.RSP/Source/UI/UI.RSP/RSPM004p0.cs:2083
公開說明書寄發地址 為必填欄位	AddError(	Dev/ATLAS.RSP/Source/UI/UI.RSP/RSPM004p0.cs:2087
公開說明書寄發E-MAIL 為必填欄位	AddError(	Dev/ATLAS.RSP/Source/UI/UI.RSP/RSPM004p0.cs:2091
扣款帳號為核印失敗狀態,請確定要存檔?	變數指派 =	Dev/ATLAS.RSP/Source/UI/UI.RSP/RSPM004p0.cs:2171
該客戶為優惠關係人，但有輸入促銷活動代碼是否繼續？	ShowMessage(	Dev/ATLAS.RSP/Source/UI/UI.RSP/RSPM004p0.cs:2302
{…}該客戶為優惠關係人，但有輸入促銷活動代碼是否繼續？	ByPassAddMessage(	Dev/ATLAS.RSP/Source/UI/UI.RSP/RSPM004p0.cs:2308
為定期不定額時 申購金額(低)須 <= 申購金額(中)須 <= 申購金額(高)！	AddError(	Dev/ATLAS.RSP/Source/UI/UI.RSP/RSPM004p0.cs:2328
申購基金為【高收益基金】，必須勾選【風險確認】後才能進行申購作業	AddError(	Dev/ATLAS.RSP/Source/UI/UI.RSP/RSPM004p0.cs:2341
該基金為高收益基金，受益人必須要先有風險預告書	AddError(	Dev/ATLAS.RSP/Source/UI/UI.RSP/RSPM004p0.cs:2346
EMAIL格式有誤	AddError(	Dev/ATLAS.RSP/Source/UI/UI.RSP/RSPM004p0.cs:2369
契約手續費率不可小於該基金的最低手續費率{0}	AddError(	Dev/ATLAS.RSP/Source/UI/UI.RSP/RSPM004p0.cs:2376
手續費率不可大於牌告手續費率{0}	AddError(	Dev/ATLAS.RSP/Source/UI/UI.RSP/RSPM004p0.cs:2395
自訂銷售手續費率尚未設定(OFDM193)	AddError(	Dev/ATLAS.RSP/Source/UI/UI.RSP/RSPM004p0.cs:2400
後收型手續費率需符合逐年遞減原則，請檢查手續費率!!	AddError(	Dev/ATLAS.RSP/Source/UI/UI.RSP/RSPM004p0.cs:2413
'優惠日期(起)'不可大於'優惠日期(迄)'	AddError(	Dev/ATLAS.RSP/Source/UI/UI.RSP/RSPM004p0.cs:2423
優惠日期與次數請擇一輸入	AddError(	Dev/ATLAS.RSP/Source/UI/UI.RSP/RSPM004p0.cs:2462
此扣款帳號已送核，不可修改	AddError(	Dev/ATLAS.RSP/Source/UI/UI.RSP/RSPM004p0.cs:2542
此扣款帳號已啟動重新送核，不可修改	AddError(	Dev/ATLAS.RSP/Source/UI/UI.RSP/RSPM004p0.cs:2546
扣款行{0}不可挑選此扣款方式	AddError(	Dev/ATLAS.RSP/Source/UI/UI.RSP/RSPM004p0.cs:2555
扣款人身份別不為本人時，扣款人ID不可與客戶統編相同	AddError(	Dev/ATLAS.RSP/Source/UI/UI.RSP/RSPM004p0.cs:2573
受益人已成年，扣款人身份別不可為法定代理人，請檢查	AddError(	Dev/ATLAS.RSP/Source/UI/UI.RSP/RSPM004p0.cs:2592
0	ByPassAddMessage(	Dev/ATLAS.RSP/Source/UI/UI.RSP/RSPM004p0.cs:3006
{…} 不為營業日	AddError(	Dev/ATLAS.RSP/Source/UI/UI.RSP/RSPM005.cs:135
異動收件日期 不可小於 契約收件日期{…}	AddError(	Dev/ATLAS.RSP/Source/UI/UI.RSP/RSPM005.cs:140
扣款日 {…} {…}	AddError(	Dev/ATLAS.RSP/Source/UI/UI.RSP/RSPM005.cs:232
查無此客戶的印鑑資料	ShowMessage(	Dev/ATLAS.RSP/Source/UI/UI.RSP/RSPM005.cs:301
查詢條件 必須擇一填寫	AddError(	Dev/ATLAS.RSP/Source/UI/UI.RSP/RSPM005.cs:516
異動收件日期(起)(迄) 必須皆(不)填寫	AddError(	Dev/ATLAS.RSP/Source/UI/UI.RSP/RSPM005.cs:521
異動收件日期(起) 不可大於 異動收件日期(迄)	AddError(	Dev/ATLAS.RSP/Source/UI/UI.RSP/RSPM005.cs:525
沒有變更任何欄位	AddError(	Dev/ATLAS.RSP/Source/UI/UI.RSP/RSPM005.cs:644
沒有變更任何欄位	AddError(	Dev/ATLAS.RSP/Source/UI/UI.RSP/RSPM005.cs:807
此受益人為註銷戶不可執行交易	ShowMessage(	Dev/ATLAS.RSP/Source/UI/UI.RSP/RSPM005.cs:1046
目前系統有檢核該張契約書是否仍有未異動生效的異動資料,是否新增？	變數指派 =	Dev/ATLAS.RSP/Source/UI/UI.RSP/RSPM005.cs:1085
不可《新增、修改、刪除》契約型態為『鎖利定額』的契約異動資料	ShowMessage(	Dev/ATLAS.RSP/Source/UI/UI.RSP/RSPM005.cs:1118
受益人為員工或員工關係人，需透過EC執行下單作業。請確認已取得書面核淮。是否建檔？	變數指派 =	Dev/ATLAS.RSP/Source/UI/UI.RSP/RSPM005.cs:1173
新增異動契約明細，須有有效KYC	ShowMessage(	Dev/ATLAS.RSP/Source/UI/UI.RSP/RSPM005.cs:1394
此筆契約序號已設定終止扣款，尚未生效，不可再做異動	ShowMessage(	Dev/ATLAS.RSP/Source/UI/UI.RSP/RSPM005.cs:1443
此筆契約序號已設定暫停扣款，尚未生效，確定要再做異動？	ShowMessage(	Dev/ATLAS.RSP/Source/UI/UI.RSP/RSPM005.cs:1446
原始契約明細，不可刪除	ShowMessage(	Dev/ATLAS.RSP/Source/UI/UI.RSP/RSPM005.cs:1508
扣款帳號已送核，不可刪除	ShowMessage(	Dev/ATLAS.RSP/Source/UI/UI.RSP/RSPM005.cs:1521
扣款帳號已啟動重新送核，不可刪除	ShowMessage(	Dev/ATLAS.RSP/Source/UI/UI.RSP/RSPM005.cs:1527
已生效，不可刪除	ShowMessage(	Dev/ATLAS.RSP/Source/UI/UI.RSP/RSPM005.cs:1532
查無可調閱文件資料	ShowMessage(	Dev/ATLAS.RSP/Source/UI/UI.RSP/RSPM005.cs:1602
{…}1 | 此受益人「不得主動推薦高風險基金」 | 此受益人『僅限申購保守型基金(RR1~RR2)』	ShowMessage(	Dev/ATLAS.RSP/Source/UI/UI.RSP/RSPM005.cs:1670
扣款金額(變更後) 不可為 0	AddError(	Dev/ATLAS.RSP/Source/UI/UI.RSP/RSPM005p0.cs:218
優惠次數(變更後) 不可為 0	AddError(	Dev/ATLAS.RSP/Source/UI/UI.RSP/RSPM005p0.cs:222
暫停日期(起)(迄)(變更後) 必須皆(不)填寫	AddError(	Dev/ATLAS.RSP/Source/UI/UI.RSP/RSPM005p0.cs:230
優惠日期(起)(迄)(變更後) 必須皆(不)填寫	AddError(	Dev/ATLAS.RSP/Source/UI/UI.RSP/RSPM005p0.cs:233
暫停日期(起)(變更後) 不可大於 暫停日期(迄)(變更後)	AddError(	Dev/ATLAS.RSP/Source/UI/UI.RSP/RSPM005p0.cs:237
優惠日期(起)(變更後) 不可大於 優惠日期(迄)(變更後)	AddError(	Dev/ATLAS.RSP/Source/UI/UI.RSP/RSPM005p0.cs:241
暫停原因必須填寫	AddError(	Dev/ATLAS.RSP/Source/UI/UI.RSP/RSPM005p0.cs:247
{…} 格式有誤	AddError(	Dev/ATLAS.RSP/Source/UI/UI.RSP/RSPM005p0.cs:262
KYC風險屬性與申購基金風險屬性不吻合，無法清空暫停日期恢復扣款	AddError(	Dev/ATLAS.RSP/Source/UI/UI.RSP/RSPM005p0.cs:274
KYC風險屬性與申購基金風險屬性不吻合，無法清空暫停日期恢復扣款	AddError(	Dev/ATLAS.RSP/Source/UI/UI.RSP/RSPM005p0.cs:289
KYC風險屬性與申購基金風險屬性不吻合，無法清空暫停日期恢復扣款	AddError(	Dev/ATLAS.RSP/Source/UI/UI.RSP/RSPM005p0.cs:298
未填附自主申購聲明書，無法申購!	AddError(	Dev/ATLAS.RSP/Source/UI/UI.RSP/RSPM005p0.cs:312
未填附自主申購聲明書，無法申購!	AddError(	Dev/ATLAS.RSP/Source/UI/UI.RSP/RSPM005p0.cs:328
變更前後的 促銷活動明細 不可完全相同	AddError(	Dev/ATLAS.RSP/Source/UI/UI.RSP/RSPM005p0.cs:351
變更前後的 暫停日期(起)(迄) 不可相同	AddError(	Dev/ATLAS.RSP/Source/UI/UI.RSP/RSPM005p0.cs:372
暫停原因 不可空白	AddError(	Dev/ATLAS.RSP/Source/UI/UI.RSP/RSPM005p0.cs:378
有變更基金別時，必須勾選變更促銷活動	AddError(	Dev/ATLAS.RSP/Source/UI/UI.RSP/RSPM005p0.cs:408
仍有尚未生效之變更資料，不可修改終止設定	AddError(	Dev/ATLAS.RSP/Source/UI/UI.RSP/RSPM005p0.cs:432
該基金已清算或合併，變更後基金代碼 為必填欄位	AddError(	Dev/ATLAS.RSP/Source/UI/UI.RSP/RSPM005p0.cs:457
補償優惠次數(變更後) 不可為 0	AddError(	Dev/ATLAS.RSP/Source/UI/UI.RSP/RSPM005p0.cs:463
此扣款帳號已送核，不可修改	AddError(	Dev/ATLAS.RSP/Source/UI/UI.RSP/RSPM005p0.cs:480
此扣款帳號已啟動重新送核，不可修改	AddError(	Dev/ATLAS.RSP/Source/UI/UI.RSP/RSPM005p0.cs:483
變更後扣款人ID 必須與受益人ID相同	AddError(	Dev/ATLAS.RSP/Source/UI/UI.RSP/RSPM005p0.cs:500
變更後扣款人姓名 必須與受益人姓名相同	AddError(	Dev/ATLAS.RSP/Source/UI/UI.RSP/RSPM005p0.cs:502
變更生效日期 不可小於 變更收件日期	AddError(	Dev/ATLAS.RSP/Source/UI/UI.RSP/RSPM005p0.cs:514
該基金不開放定期定額申購！	AddError(	Dev/ATLAS.RSP/Source/UI/UI.RSP/RSPM005p0.cs:541
該基金不開放定期不定額申購！	AddError(	Dev/ATLAS.RSP/Source/UI/UI.RSP/RSPM005p0.cs:543
為定期不定額時 申購金額(中) 為必填欄位！	AddError(	Dev/ATLAS.RSP/Source/UI/UI.RSP/RSPM005p0.cs:549
為定期不定額時 申購金額(高) 為必填欄位！	AddError(	Dev/ATLAS.RSP/Source/UI/UI.RSP/RSPM005p0.cs:551
為定期不定額時 申購金額(低)須 <= 申購金額(中)須 <= 申購金額(高)！	AddError(	Dev/ATLAS.RSP/Source/UI/UI.RSP/RSPM005p0.cs:560
後收型手續費率需符合逐年遞減原則，請檢查手續費率!!	AddError(	Dev/ATLAS.RSP/Source/UI/UI.RSP/RSPM005p0.cs:577
契約手續費率 不可大於牌告手續費率{0:#0.00}	AddError(	Dev/ATLAS.RSP/Source/UI/UI.RSP/RSPM005p0.cs:607
自訂銷售手續費率尚未設定(OFDM193)	AddError(	Dev/ATLAS.RSP/Source/UI/UI.RSP/RSPM005p0.cs:611
契約手續費率 不可小於該基金的最低手續費率{0:#0.00}	AddError(	Dev/ATLAS.RSP/Source/UI/UI.RSP/RSPM005p0.cs:620
契約手續費率2 不可大於牌告手續費率{0:#0.00}	AddError(	Dev/ATLAS.RSP/Source/UI/UI.RSP/RSPM005p0.cs:652
自訂銷售手續費率尚未設定(OFDM193)	AddError(	Dev/ATLAS.RSP/Source/UI/UI.RSP/RSPM005p0.cs:656
契約手續費率2 不可小於該基金的最低手續費率{0:#0.00}	AddError(	Dev/ATLAS.RSP/Source/UI/UI.RSP/RSPM005p0.cs:666
契約手續費率3 不可大於牌告手續費率{0:#0.00}	AddError(	Dev/ATLAS.RSP/Source/UI/UI.RSP/RSPM005p0.cs:697
自訂銷售手續費率尚未設定(OFDM193)	AddError(	Dev/ATLAS.RSP/Source/UI/UI.RSP/RSPM005p0.cs:701
契約手續費率3 不可小於該基金的最低手續費率{0:#0.00}	AddError(	Dev/ATLAS.RSP/Source/UI/UI.RSP/RSPM005p0.cs:711
變更前後的 扣款日組合 不可相同	AddError(	Dev/ATLAS.RSP/Source/UI/UI.RSP/RSPM005p0.cs:747
扣款人身份別 非本人時，扣款人ID 不可為 {…}	AddError(	Dev/ATLAS.RSP/Source/UI/UI.RSP/RSPM005p0.cs:799
扣款行{0}不可挑選此扣款方式	AddError(	Dev/ATLAS.RSP/Source/UI/UI.RSP/RSPM005p0.cs:818
扣款日 {…}	AddError(	Dev/ATLAS.RSP/Source/UI/UI.RSP/RSPM005p0.cs:892
優惠日期 與 優惠次數 請擇一輸入	AddError(	Dev/ATLAS.RSP/Source/UI/UI.RSP/RSPM005p0.cs:903
暫停日期(起)(變更後) 必須等於 暫停日期(起)(變更前) 或不可小於 異動收件日期	AddError(	Dev/ATLAS.RSP/Source/UI/UI.RSP/RSPM005p0.cs:911
暫停日期(迄)(變更後) 不可小於 異動收件日期	AddError(	Dev/ATLAS.RSP/Source/UI/UI.RSP/RSPM005p0.cs:916
異動後基金別，不適用目前促銷活動	AddError(	Dev/ATLAS.RSP/Source/UI/UI.RSP/RSPM005p0.cs:1029
異動前基金別，不適用目前促銷活動	AddError(	Dev/ATLAS.RSP/Source/UI/UI.RSP/RSPM005p0.cs:1033
0	ByPassAddMessage(	Dev/ATLAS.RSP/Source/UI/UI.RSP/RSPM005p0.cs:1114
扣款金額不符合最低申購金額{…} ，是否繼續？	變數指派 =	Dev/ATLAS.RSP/Source/UI/UI.RSP/RSPM005p0.cs:1156
0	ByPassAddMessage(	Dev/ATLAS.RSP/Source/UI/UI.RSP/RSPM005p0.cs:1160
扣款金額不符合遞增累進金額{…} ，是否繼續？	變數指派 =	Dev/ATLAS.RSP/Source/UI/UI.RSP/RSPM005p0.cs:1165
0	ByPassAddMessage(	Dev/ATLAS.RSP/Source/UI/UI.RSP/RSPM005p0.cs:1169
扣款金額 不可超過最高扣款金額{…}	AddError(	Dev/ATLAS.RSP/Source/UI/UI.RSP/RSPM005p0.cs:1174
扣款金額(變更後) 不可大於 原扣款金額	AddError(	Dev/ATLAS.RSP/Source/UI/UI.RSP/RSPM005p0.cs:1181
變更前後的 {…} 不可相同	AddError(	Dev/ATLAS.RSP/Source/UI/UI.RSP/RSPM005p0.cs:1225
請先設定公司行事曆	ShowMessage(	Dev/ATLAS.RSP/Source/UI/UI.RSP/RSPM005p0.cs:1323
KYC風險屬性與申購基金風險屬性不吻合，無法申購!	ShowMessage(	Dev/ATLAS.RSP/Source/UI/UI.RSP/RSPM005p0.cs:2409
KYC風險屬性與申購基金風險屬性不吻合，無法申購!	ShowMessage(	Dev/ATLAS.RSP/Source/UI/UI.RSP/RSPM005p0.cs:2423
未填附自主申購聲明書，無法申購!!	ShowMessage(	Dev/ATLAS.RSP/Source/UI/UI.RSP/RSPM005p0.cs:2434
KYC風險屬性與申購基金風險屬性不吻合，無法申購!	ShowMessage(	Dev/ATLAS.RSP/Source/UI/UI.RSP/RSPM005p0.cs:2446
未填附自主申購聲明書，無法申購!!	ShowMessage(	Dev/ATLAS.RSP/Source/UI/UI.RSP/RSPM005p0.cs:2456
必須為有效的配息帳號	AddError(	Dev/ATLAS.RSP/Source/UI/UI.RSP/RSPM005p0.cs:2504
是否繼續？	變數指派 =	Dev/ATLAS.RSP/Source/UI/UI.RSP/RSPM005p0.cs:2512
異動後基金別，不適用目前促銷活動	AddError(	Dev/ATLAS.RSP/Source/UI/UI.RSP/RSPM005p0.cs:2553
異動基金別後，將重新預設促銷活動資料	ShowMessage(	Dev/ATLAS.RSP/Source/UI/UI.RSP/RSPM005p0.cs:2580
變更扣款日後，系統會依據［異動生效日取得原則］重新帶入變更生效日期，若受益人有指定變更生效日期，請記得重新修改	ShowMessage(	Dev/ATLAS.RSP/Source/UI/UI.RSP/RSPM005p0.cs:2650
其它為舊資料保留選項，不可選擇！	ShowMessage(	Dev/ATLAS.RSP/Source/UI/UI.RSP/RSPM005p0.cs:2867
該客戶為優惠關係人，是否仍要輸入促銷活動代碼？	ShowMessage(	Dev/ATLAS.RSP/Source/UI/UI.RSP/RSPM005p0.cs:3057
異動恢復扣款，須有有效KYC	ShowMessage(	Dev/ATLAS.RSP/Source/UI/UI.RSP/RSPM005p0.cs:3257
0	ByPassAddMessage(	Dev/ATLAS.RSP/Source/UI/UI.RSP/RSPM005p0.cs:3392
該受益人無”有效配息帳號”，是否繼續執行？	變數指派 =	Dev/ATLAS.RSP/Source/UI/UI.RSP/RSPM005p0.cs:3437
該扣款人仍有其他有效契約，系統將同步進行變更，請確認是否繼續?(N/Y)	變數指派 =	Dev/ATLAS.RSP/Source/UI/UI.RSP/RSPM005p0.cs:3505
該扣款人仍有其他有效契約，系統將同步進行變更，請確認是否繼續?(N/Y)	變數指派 =	Dev/ATLAS.RSP/Source/UI/UI.RSP/RSPM005p0.cs:3527
{…}  此筆契約序號已設定暫停扣款，尚未生效，確定要再做異動？	ByPassAddMessage(	Dev/ATLAS.RSP/Source/UI/UI.RSP/RSPM005p0.cs:3543
該基金不開放定期定額申購！	ShowMessage(	Dev/ATLAS.RSP/Source/UI/UI.RSP/RSPM005p0.cs:3739
該基金不開放定期不定額申購！	ShowMessage(	Dev/ATLAS.RSP/Source/UI/UI.RSP/RSPM005p0.cs:3745
母基金代碼 不可重覆	ShowMessage(	Dev/ATLAS.RSP/Source/UI/UI.RSP/RSPM020.cs:253
子基金代碼 不可重覆	ShowMessage(	Dev/ATLAS.RSP/Source/UI/UI.RSP/RSPM020.cs:259
母基金代碼 為必填欄位	AddError(	Dev/ATLAS.RSP/Source/UI/UI.RSP/RSPM020.cs:281
子基金代碼 為必填欄位	AddError(	Dev/ATLAS.RSP/Source/UI/UI.RSP/RSPM020.cs:293
最低申購金額 不可為0	AddError(	Dev/ATLAS.RSP/Source/UI/UI.RSP/RSPM020.cs:382
最低轉申購金額 不可為0	AddError(	Dev/ATLAS.RSP/Source/UI/UI.RSP/RSPM020.cs:390
母基金代碼 為必填欄位	AddError(	Dev/ATLAS.RSP/Source/UI/UI.RSP/RSPM020.cs:398
母基金代碼 重覆，請檢查	AddError(	Dev/ATLAS.RSP/Source/UI/UI.RSP/RSPM020.cs:403
母基金資料 必須輸入	AddError(	Dev/ATLAS.RSP/Source/UI/UI.RSP/RSPM020.cs:408
子基金代碼 為必填欄位	AddError(	Dev/ATLAS.RSP/Source/UI/UI.RSP/RSPM020.cs:415
子基金代碼 重覆，請檢查	AddError(	Dev/ATLAS.RSP/Source/UI/UI.RSP/RSPM020.cs:420
子基金資料 必須輸入	AddError(	Dev/ATLAS.RSP/Source/UI/UI.RSP/RSPM020.cs:425
契約書號, 收件日期(起、迄), 客戶統編, 戶號 必須擇一填寫	AddError(	Dev/ATLAS.RSP/Source/UI/UI.RSP/RSPM021.cs:163
收件日期(起)(迄) 必須皆(不)填寫	AddError(	Dev/ATLAS.RSP/Source/UI/UI.RSP/RSPM021.cs:167
收件日期(起) 不可大於 收件日期(迄)	AddError(	Dev/ATLAS.RSP/Source/UI/UI.RSP/RSPM021.cs:172
至少需勾選一筆契約申購明細資料!	AddError(	Dev/ATLAS.RSP/Source/UI/UI.RSP/RSPM021.cs:253
為新契約時，只可選取一筆申購資料，如有多張申購書需透過異動作業作加碼!!	AddError(	Dev/ATLAS.RSP/Source/UI/UI.RSP/RSPM021.cs:256
合計金額低於母基金最低申購金額	AddError(	Dev/ATLAS.RSP/Source/UI/UI.RSP/RSPM021.cs:267
該筆申購書號有贖回紀錄，請通知業務單位	AddError(	Dev/ATLAS.RSP/Source/UI/UI.RSP/RSPM021.cs:278
至少需勾選一筆契約申購明細資料!	AddError(	Dev/ATLAS.RSP/Source/UI/UI.RSP/RSPM021.cs:354
為新契約時，只可選取一筆申購資料，如有多張申購書需透過異動作業作加碼!!	AddError(	Dev/ATLAS.RSP/Source/UI/UI.RSP/RSPM021.cs:356
合計金額低於母基金最低申購金額	AddError(	Dev/ATLAS.RSP/Source/UI/UI.RSP/RSPM021.cs:366
該筆申購書號有贖回紀錄，請通知業務單位	AddError(	Dev/ATLAS.RSP/Source/UI/UI.RSP/RSPM021.cs:377
該契約已執行扣款作業，契約不可刪除	AddError(	Dev/ATLAS.RSP/Source/UI/UI.RSP/RSPM021.cs:685
該受益人為註銷戶，不可新增	ShowMessage(	Dev/ATLAS.RSP/Source/UI/UI.RSP/RSPM021.cs:1170
員工或眷屬手續費率應為零！	ShowMessage(	Dev/ATLAS.RSP/Source/UI/UI.RSP/RSPM021.cs:1490
約定轉申購手續費小於0.3%，是否確定？	ShowMessage(	Dev/ATLAS.RSP/Source/UI/UI.RSP/RSPM021.cs:1496
約定轉申購手續費小於0.3%，是否確定？	ByPassAddMessage(	Dev/ATLAS.RSP/Source/UI/UI.RSP/RSPM021.cs:1499
將清除所有明細資料，是否繼續？	ShowMessage(	Dev/ATLAS.RSP/Source/UI/UI.RSP/RSPM021.cs:1712
明細資料必須輸入	AddError(	Dev/ATLAS.RSP/Source/UI/UI.RSP/RSPM021.cs:1746
此推薦人不存在該通路代碼{…}，請檢查	AddError(	Dev/ATLAS.RSP/Source/UI/UI.RSP/RSPM021.cs:1765
必須輸入推薦人!	AddError(	Dev/ATLAS.RSP/Source/UI/UI.RSP/RSPM021.cs:1783
此 推薦人 不存在該 銷售機構 {…}，請檢查	AddError(	Dev/ATLAS.RSP/Source/UI/UI.RSP/RSPM021.cs:1789
收件日期須為營業日	AddError(	Dev/ATLAS.RSP/Source/UI/UI.RSP/RSPM021.cs:1799
系統未存在有效KYC!	AddError(	Dev/ATLAS.RSP/Source/UI/UI.RSP/RSPM021.cs:1809
該基金為高收益基金，受益人必須要先有風險預告書	AddError(	Dev/ATLAS.RSP/Source/UI/UI.RSP/RSPM021.cs:1828
首次轉申購日期需大於【境內基金基本資料(OFDM081A)的『基本資料(一)畫面』的『開始買回日期』】!!	AddError(	Dev/ATLAS.RSP/Source/UI/UI.RSP/RSPM021.cs:1835
員工或眷屬停利轉申購手續費率應為零！	ShowMessage(	Dev/ATLAS.RSP/Source/UI/UI.RSP/RSPM021p0.cs:423
停利轉申購手續費率小於0.3%，是否確定？	ShowMessage(	Dev/ATLAS.RSP/Source/UI/UI.RSP/RSPM021p0.cs:429
{…}停利轉申購手續費率小於0.3%，是否確定？	ByPassAddMessage(	Dev/ATLAS.RSP/Source/UI/UI.RSP/RSPM021p0.cs:432
扣款金額不符合最低轉申購金額{…} ，是否繼續？	變數指派 =	Dev/ATLAS.RSP/Source/UI/UI.RSP/RSPM021p0.cs:627
0	ByPassAddMessage(	Dev/ATLAS.RSP/Source/UI/UI.RSP/RSPM021p0.cs:631
扣款金額不符合遞增累進金額{…} ，是否繼續？	變數指派 =	Dev/ATLAS.RSP/Source/UI/UI.RSP/RSPM021p0.cs:635
0	ByPassAddMessage(	Dev/ATLAS.RSP/Source/UI/UI.RSP/RSPM021p0.cs:639
扣款金額不可超過最高扣款金額{…}	AddError(	Dev/ATLAS.RSP/Source/UI/UI.RSP/RSPM021p0.cs:643
扣款金額 不可大於 原扣款金額	AddError(	Dev/ATLAS.RSP/Source/UI/UI.RSP/RSPM021p0.cs:650
約定轉申購金額不符合最低申購金額{…} ，是否繼續？	變數指派 =	Dev/ATLAS.RSP/Source/UI/UI.RSP/RSPM021p0.cs:676
0	ByPassAddMessage(	Dev/ATLAS.RSP/Source/UI/UI.RSP/RSPM021p0.cs:680
約定轉申購金額不符合遞增累進金額{…} ，是否繼續？	變數指派 =	Dev/ATLAS.RSP/Source/UI/UI.RSP/RSPM021p0.cs:684
0	ByPassAddMessage(	Dev/ATLAS.RSP/Source/UI/UI.RSP/RSPM021p0.cs:688
約定轉申購金額不可超過最高扣款金額{…}	AddError(	Dev/ATLAS.RSP/Source/UI/UI.RSP/RSPM021p0.cs:692
約定轉申購金額 不可大於 原扣款金額	AddError(	Dev/ATLAS.RSP/Source/UI/UI.RSP/RSPM021p0.cs:699
停利點 必須大於 0	AddError(	Dev/ATLAS.RSP/Source/UI/UI.RSP/RSPM021p0.cs:762
公開說明書寄發地址郵遞區號 為必填欄位	AddError(	Dev/ATLAS.RSP/Source/UI/UI.RSP/RSPM021p0.cs:770
公開說明書寄發地址 為必填欄位	AddError(	Dev/ATLAS.RSP/Source/UI/UI.RSP/RSPM021p0.cs:774
公開說明書寄發E-MAIL 為必填欄位	AddError(	Dev/ATLAS.RSP/Source/UI/UI.RSP/RSPM021p0.cs:778
此客戶已有相同基金	AddError(	Dev/ATLAS.RSP/Source/UI/UI.RSP/RSPM021p0.cs:858
KYC風險屬性與申購基金風險屬性不吻合！	變數指派 =	Dev/ATLAS.RSP/Source/UI/UI.RSP/RSPM021p0.cs:880
未填附自主申購聲明書，無法申購!	變數指派 =	Dev/ATLAS.RSP/Source/UI/UI.RSP/RSPM021p0.cs:892
子基金為【高收益基金】，必須勾選【風險確認】後才能進行作業	AddError(	Dev/ATLAS.RSP/Source/UI/UI.RSP/RSPM021p0.cs:907
子基金為【高收益基金】，受益人必須要先有風險預告書	AddError(	Dev/ATLAS.RSP/Source/UI/UI.RSP/RSPM021p0.cs:911
EMAIL格式有誤	AddError(	Dev/ATLAS.RSP/Source/UI/UI.RSP/RSPM021p0.cs:920
停利轉申購手續費率不可大於牌告手續費率{0}	AddError(	Dev/ATLAS.RSP/Source/UI/UI.RSP/RSPM021p0.cs:950
自訂銷售手續費率尚未設定(OFDM193)	AddError(	Dev/ATLAS.RSP/Source/UI/UI.RSP/RSPM021p0.cs:955
契約書號,契約變更書號,異動收件日期(起、迄),受益人ID,戶號 必須擇一填寫	AddError(	Dev/ATLAS.RSP/Source/UI/UI.RSP/RSPM022.cs:160
異動收件日期(起)(迄) 必須皆(不)填寫	AddError(	Dev/ATLAS.RSP/Source/UI/UI.RSP/RSPM022.cs:165
異動收件日期(起) 不可大於 異動收件日期(迄)	AddError(	Dev/ATLAS.RSP/Source/UI/UI.RSP/RSPM022.cs:169
沒有變更任何欄位	AddError(	Dev/ATLAS.RSP/Source/UI/UI.RSP/RSPM022.cs:279
系統未存在有效KYC!	AddError(	Dev/ATLAS.RSP/Source/UI/UI.RSP/RSPM022.cs:291
({0})基金與受益人設定風險等級不符	AddError(	Dev/ATLAS.RSP/Source/UI/UI.RSP/RSPM022.cs:310
未填附自主申購聲明書，無法申購!	AddError(	Dev/ATLAS.RSP/Source/UI/UI.RSP/RSPM022.cs:323
未填附自主申購聲明書，無法申購!	AddError(	Dev/ATLAS.RSP/Source/UI/UI.RSP/RSPM022.cs:350
沒有變更任何欄位	AddError(	Dev/ATLAS.RSP/Source/UI/UI.RSP/RSPM022.cs:527
系統未存在有效KYC!	AddError(	Dev/ATLAS.RSP/Source/UI/UI.RSP/RSPM022.cs:537
({0})基金與受益人設定風險等級不符	AddError(	Dev/ATLAS.RSP/Source/UI/UI.RSP/RSPM022.cs:556
未填附自主申購聲明書，無法申購!	AddError(	Dev/ATLAS.RSP/Source/UI/UI.RSP/RSPM022.cs:569
{…} 不為營業日	AddError(	Dev/ATLAS.RSP/Source/UI/UI.RSP/RSPM022.cs:706
異動收件日期 不可小於 契約收件日期{…}	AddError(	Dev/ATLAS.RSP/Source/UI/UI.RSP/RSPM022.cs:711
主契約已終止 明細資料不可有未終止的資料!	AddError(	Dev/ATLAS.RSP/Source/UI/UI.RSP/RSPM022.cs:718
明細資料已終止 主契約不可未終止!	AddError(	Dev/ATLAS.RSP/Source/UI/UI.RSP/RSPM022.cs:723
該筆申購書號有贖回紀錄，請通知業務單位	AddError(	Dev/ATLAS.RSP/Source/UI/UI.RSP/RSPM022.cs:837
未填附自主申購聲明書，無法申購!	AddError(	Dev/ATLAS.RSP/Source/UI/UI.RSP/RSPM022.cs:853
該筆申購書號有贖回紀錄，請通知業務單位	AddError(	Dev/ATLAS.RSP/Source/UI/UI.RSP/RSPM022.cs:894
變更前後的 {…} 不可相同	AddError(	Dev/ATLAS.RSP/Source/UI/UI.RSP/RSPM022.cs:1093
此受益人為註銷戶不可執行交易	ShowMessage(	Dev/ATLAS.RSP/Source/UI/UI.RSP/RSPM022.cs:1208
系統未存在有效KYC!	ShowMessage(	Dev/ATLAS.RSP/Source/UI/UI.RSP/RSPM022.cs:1218
目前系統有檢核該張契約書是否仍有未異動生效的異動資料,是否新增？	變數指派 =	Dev/ATLAS.RSP/Source/UI/UI.RSP/RSPM022.cs:1260
員工或眷屬手續費率應為零！	ShowMessage(	Dev/ATLAS.RSP/Source/UI/UI.RSP/RSPM022.cs:1371
約定轉申購手續費小於0.3%，是否確定？	ShowMessage(	Dev/ATLAS.RSP/Source/UI/UI.RSP/RSPM022.cs:1377
約定轉申購手續費小於0.3%，是否確定？	ByPassAddMessage(	Dev/ATLAS.RSP/Source/UI/UI.RSP/RSPM022.cs:1380
明細資料已含新增資料,請先刪除新增資料後再行終止	AddError(	Dev/ATLAS.RSP/Source/UI/UI.RSP/RSPM022.cs:1511
原始契約明細，不可刪除	ShowMessage(	Dev/ATLAS.RSP/Source/UI/UI.RSP/RSPM022.cs:1823
員工或眷屬停利轉申購手續費率應為零！	ShowMessage(	Dev/ATLAS.RSP/Source/UI/UI.RSP/RSPM022p0.cs:524
停利轉申購手續費小於0.3%，是否確定？	ShowMessage(	Dev/ATLAS.RSP/Source/UI/UI.RSP/RSPM022p0.cs:530
{…}停利轉申購手續費小於0.3%，是否確定？	ByPassAddMessage(	Dev/ATLAS.RSP/Source/UI/UI.RSP/RSPM022p0.cs:533
手續費類型(變更後) 為必填欄位	AddError(	Dev/ATLAS.RSP/Source/UI/UI.RSP/RSPM022p0.cs:780
約定轉申購金額(變更後) 不可為 0	AddError(	Dev/ATLAS.RSP/Source/UI/UI.RSP/RSPM022p0.cs:783
停利點(變更後) 必須大於 0	AddError(	Dev/ATLAS.RSP/Source/UI/UI.RSP/RSPM022p0.cs:787
{…} 格式有誤	AddError(	Dev/ATLAS.RSP/Source/UI/UI.RSP/RSPM022p0.cs:802
仍有尚未生效之變更資料，不可修改終止設定	AddError(	Dev/ATLAS.RSP/Source/UI/UI.RSP/RSPM022p0.cs:838
該子基金已清算或合併，變更後子基金代碼 為必填欄位	AddError(	Dev/ATLAS.RSP/Source/UI/UI.RSP/RSPM022p0.cs:856
子基金為【高收益基金】，必須勾選【風險確認】後才能進行作業	AddError(	Dev/ATLAS.RSP/Source/UI/UI.RSP/RSPM022p0.cs:866
子基金為【高收益基金】，受益人必須要先有風險預告書	AddError(	Dev/ATLAS.RSP/Source/UI/UI.RSP/RSPM022p0.cs:870
停利轉申購手續費率 不可大於牌告手續費率{0:#0.00}	AddError(	Dev/ATLAS.RSP/Source/UI/UI.RSP/RSPM022p0.cs:919
自訂銷售手續費率尚未設定(OFDM193)	AddError(	Dev/ATLAS.RSP/Source/UI/UI.RSP/RSPM022p0.cs:923
停利轉申購手續費率 不可小於該基金的最低手續費率{0:#0.00}	AddError(	Dev/ATLAS.RSP/Source/UI/UI.RSP/RSPM022p0.cs:933
該受益人為員工，確定要收手續費？	ShowMessage(	Dev/ATLAS.RSP/Source/UI/UI.RSP/RSPM022p0.cs:940
此客戶已有相同基金	AddError(	Dev/ATLAS.RSP/Source/UI/UI.RSP/RSPM022p0.cs:965
0	ByPassAddMessage(	Dev/ATLAS.RSP/Source/UI/UI.RSP/RSPM022p0.cs:1057
約定轉申購金額不符合最低轉申購金額{…} ，是否繼續？	變數指派 =	Dev/ATLAS.RSP/Source/UI/UI.RSP/RSPM022p0.cs:1097
0	ByPassAddMessage(	Dev/ATLAS.RSP/Source/UI/UI.RSP/RSPM022p0.cs:1101
約定轉申購金額不符合遞增累進金額{…} ，是否繼續？	變數指派 =	Dev/ATLAS.RSP/Source/UI/UI.RSP/RSPM022p0.cs:1105
0	ByPassAddMessage(	Dev/ATLAS.RSP/Source/UI/UI.RSP/RSPM022p0.cs:1109
約定轉申購金額 不可超過最高扣款金額{…}	AddError(	Dev/ATLAS.RSP/Source/UI/UI.RSP/RSPM022p0.cs:1113
約定轉申購金額(變更後) 不可大於 原約定轉申購金額	AddError(	Dev/ATLAS.RSP/Source/UI/UI.RSP/RSPM022p0.cs:1120
變更前後的 {…} 不可相同	AddError(	Dev/ATLAS.RSP/Source/UI/UI.RSP/RSPM022p0.cs:1163
離職日期(起) 不可大於 離職日期(迄)	AddError(	Dev/ATLAS.RSP/Source/UI/UI.RSP/RSPM037.cs:41
至少必須變動一筆資料	AddError(	Dev/ATLAS.RSP/Source/UI/UI.RSP/RSPM037.cs:94
此員工無契約書資料	ShowMessage(	Dev/ATLAS.RSP/Source/UI/UI.RSP/RSPM037.cs:125
此員工無契約書明細資料	ShowMessage(	Dev/ATLAS.RSP/Source/UI/UI.RSP/RSPM037p0.cs:71
契約手續費率 不可小於 最低手續費率	AddError(	Dev/ATLAS.RSP/Source/UI/UI.RSP/RSPM037p1.cs:46
基金代碼[{…}] 尚未設定牌告永久手續費率	AddError(	Dev/ATLAS.RSP/Source/UI/UI.RSP/RSPM037p1.cs:61
契約手續費率 不可大於 牌告永久手續費率	AddError(	Dev/ATLAS.RSP/Source/UI/UI.RSP/RSPM037p1.cs:65
停利書號, 收件日期(起、迄), 受益人ID, 戶號 必須擇一填寫	AddError(	Dev/ATLAS.RSP/Source/UI/UI.RSP/RSPM041.cs:182
收件日期(起) 不可大於 收件日期(迄)	AddError(	Dev/ATLAS.RSP/Source/UI/UI.RSP/RSPM041.cs:193
此受益人為註銷戶不可執行交易	ShowMessage(	Dev/ATLAS.RSP/Source/UI/UI.RSP/RSPM041.cs:364
客戶無停利買回匯款帳號，不能做停利買回	ShowMessage(	Dev/ATLAS.RSP/Source/UI/UI.RSP/RSPM041.cs:387
此受益人無定時定額契約資料,不可作設定！	ShowMessage(	Dev/ATLAS.RSP/Source/UI/UI.RSP/RSPM041.cs:399
此契約已經終止，請重新選擇！	ShowMessage(	Dev/ATLAS.RSP/Source/UI/UI.RSP/RSPM041.cs:433
此契約已經已停扣，請確認！	ShowMessage(	Dev/ATLAS.RSP/Source/UI/UI.RSP/RSPM041.cs:440
客戶無停利買回匯款帳號，不能做停利買回	ShowMessage(	Dev/ATLAS.RSP/Source/UI/UI.RSP/RSPM041.cs:502
系統未存在有效KYC!	變數指派 =	Dev/ATLAS.RSP/Source/UI/UI.RSP/RSPM041.cs:539
KYC風險屬性與申購基金風險屬性不吻合！	變數指派 =	Dev/ATLAS.RSP/Source/UI/UI.RSP/RSPM041.cs:550
未填附自主申購聲明書，無法申購!	變數指派 =	Dev/ATLAS.RSP/Source/UI/UI.RSP/RSPM041.cs:570
轉申購基金不可與基金代碼相同！	AddError(	Dev/ATLAS.RSP/Source/UI/UI.RSP/RSPM041.cs:729
申購基金為【高收益基金】，必須勾選【風險確認】後才能進行申購作業	AddError(	Dev/ATLAS.RSP/Source/UI/UI.RSP/RSPM041.cs:745
該基金為高收益基金，受益人必須要先有風險預告書	AddError(	Dev/ATLAS.RSP/Source/UI/UI.RSP/RSPM041.cs:752
門檻金額必須大於等於10000	AddError(	Dev/ATLAS.RSP/Source/UI/UI.RSP/RSPM041.cs:765
約定停利點必須大於0	AddError(	Dev/ATLAS.RSP/Source/UI/UI.RSP/RSPM041.cs:777
已有有相同交易資料，不可新增	AddError(	Dev/ATLAS.RSP/Source/UI/UI.RSP/RSPM041.cs:802
轉申購手續費率不可小於該基金的最低手續費率{0}	AddError(	Dev/ATLAS.RSP/Source/UI/UI.RSP/RSPM041.cs:816
轉申購手續費率不可大於牌告手續費率{0}	AddError(	Dev/ATLAS.RSP/Source/UI/UI.RSP/RSPM041.cs:836
轉申購手續費率已超過上限之對折{0}	AddError(	Dev/ATLAS.RSP/Source/UI/UI.RSP/RSPM041.cs:841
自訂銷售手續費率尚未設定(OFDM193)	AddError(	Dev/ATLAS.RSP/Source/UI/UI.RSP/RSPM041.cs:846
停利異動書號, 異動收件日期(起、迄), 受益人ID, 戶號 必須擇一填寫	AddError(	Dev/ATLAS.RSP/Source/UI/UI.RSP/RSPM042.cs:210
異動收件日期(起) 不可大於 異動收件日期(迄)	AddError(	Dev/ATLAS.RSP/Source/UI/UI.RSP/RSPM042.cs:221
此受益人為註銷戶不可執行交易	ShowMessage(	Dev/ATLAS.RSP/Source/UI/UI.RSP/RSPM042.cs:377
客戶無停利買回匯款帳號，不能做停利買回	ShowMessage(	Dev/ATLAS.RSP/Source/UI/UI.RSP/RSPM042.cs:400
此受益人無停利轉申購契約資料,不可作設定！	ShowMessage(	Dev/ATLAS.RSP/Source/UI/UI.RSP/RSPM042.cs:412
目前系統有檢核該張契約書是否仍有未異動生效的異動資料,是否新增？	變數指派 =	Dev/ATLAS.RSP/Source/UI/UI.RSP/RSPM042.cs:446
客戶無停利買回匯款帳號，不能做停利買回	ShowMessage(	Dev/ATLAS.RSP/Source/UI/UI.RSP/RSPM042.cs:505
客戶無停利買回匯款帳號，不能做停利買回	ShowMessage(	Dev/ATLAS.RSP/Source/UI/UI.RSP/RSPM042.cs:562
系統未存在有效KYC，是否繼續？	變數指派 =	Dev/ATLAS.RSP/Source/UI/UI.RSP/RSPM042.cs:592
KYC風險屬性與申購基金風險屬性不吻合！	變數指派 =	Dev/ATLAS.RSP/Source/UI/UI.RSP/RSPM042.cs:608
未填附自主申購聲明書，無法申購!	變數指派 =	Dev/ATLAS.RSP/Source/UI/UI.RSP/RSPM042.cs:628
轉申購基金不可與基金代碼相同！	AddError(	Dev/ATLAS.RSP/Source/UI/UI.RSP/RSPM042.cs:816
門檻金額(變更後)必須大於等於10000	AddError(	Dev/ATLAS.RSP/Source/UI/UI.RSP/RSPM042.cs:828
沒有變更任何欄位	AddError(	Dev/ATLAS.RSP/Source/UI/UI.RSP/RSPM042.cs:875
轉申購手續費率不可小於該基金的最低手續費率{0}	AddError(	Dev/ATLAS.RSP/Source/UI/UI.RSP/RSPM042.cs:924
轉申購手續費率不可大於牌告手續費率{0}	AddError(	Dev/ATLAS.RSP/Source/UI/UI.RSP/RSPM042.cs:944
轉申購手續費率已超過上限之對折{0}	AddError(	Dev/ATLAS.RSP/Source/UI/UI.RSP/RSPM042.cs:949
自訂銷售手續費率尚未設定(OFDM193)	AddError(	Dev/ATLAS.RSP/Source/UI/UI.RSP/RSPM042.cs:954
申購基金為【高收益基金】，必須勾選【風險確認】後才能進行申購作業	AddError(	Dev/ATLAS.RSP/Source/UI/UI.RSP/RSPM042.cs:968
該基金為高收益基金，受益人必須要先有風險預告書	AddError(	Dev/ATLAS.RSP/Source/UI/UI.RSP/RSPM042.cs:975
變更前後的 {…} 不可相同	AddError(	Dev/ATLAS.RSP/Source/UI/UI.RSP/RSPM042.cs:1029
執行失敗：更新 基金會計結轉控制檔[SDM010A]失敗，請檢查	AddResultRow(	Dev/ATLAS.SDM/Source/PO/PO.SDM/SDMB001_PO.cs:204
新增 基金會計結轉控制檔[SDM010A]失敗	throw new ApplicationException(	Dev/ATLAS.SDM/Source/PO/PO.SDM/SDMB001_PO.cs:500
(傳送失敗)基金會計回傳訊息:{…}	變數指派 =	Dev/ATLAS.SDM/Source/PO/PO.SDM/SDMB001_PO.cs:541
執行失敗：更新 基金會計結轉控制檔[SDM010A]失敗，請檢查	AddResultRow(	Dev/ATLAS.SDM/Source/PO/PO.SDM/SDMB002_PO.cs:224
新增 基金會計結轉控制檔[SDM010A]失敗	throw new ApplicationException(	Dev/ATLAS.SDM/Source/PO/PO.SDM/SDMB002_PO.cs:459
(傳送失敗)基金會計回傳訊息:{…}	變數指派 =	Dev/ATLAS.SDM/Source/PO/PO.SDM/SDMB002_PO.cs:500
至少勾選一筆基金代碼	AddError(	Dev/ATLAS.SDM/Source/UI/UI.SDM/SDMB001.cs:51
無符合查詢條件的資料	ShowMessage(	Dev/ATLAS.SDM/Source/UI/UI.SDM/SDMB001.cs:140
基金 [{0}]，申購日{1} 已作淨值計算，不可回覆	AddError(	Dev/ATLAS.SDM/Source/UI/UI.SDM/SDMB001.cs:262
至少勾選一筆基金代碼	AddError(	Dev/ATLAS.SDM/Source/UI/UI.SDM/SDMB002.cs:49
無符合查詢條件的資料	ShowMessage(	Dev/ATLAS.SDM/Source/UI/UI.SDM/SDMB002.cs:134
基金 [{0}] ，贖回日{1} 已作淨值計算，不可回覆	AddError(	Dev/ATLAS.SDM/Source/UI/UI.SDM/SDMB002.cs:232
Excel.Application 建立失敗。	throw new Exception(	Dev/ATLAS.TMK.Report/Source/UI/ReportUI.TMK/App_Code/ExcelHelper.cs:42
Excel.工作表 取得失敗。	throw new Exception(	Dev/ATLAS.TMK.Report/Source/UI/ReportUI.TMK/App_Code/ExcelHelper.cs:51
日期區間(起) 不可大於 日期區間(迄)	AddError(	Dev/ATLAS.TMK.Report/Source/UI/ReportUI.TMK/TMKR001.cs:230
轉Excel檔的功能 需要輸入"轉出路徑"。	AddError(	Dev/ATLAS.TMK.Report/Source/UI/ReportUI.TMK/TMKR001.cs:240
轉出路徑不存在!	AddError(	Dev/ATLAS.TMK.Report/Source/UI/ReportUI.TMK/TMKR001.cs:244
轉出路徑不存在!	AddError(	Dev/ATLAS.TMK.Report/Source/UI/ReportUI.TMK/TMKR001.cs:296
無符合查詢條件的資料。	ShowMessage(	Dev/ATLAS.TMK.Report/Source/UI/ReportUI.TMK/TMKR001.cs:350
執行成功	ShowMessage(	Dev/ATLAS.TMK.Report/Source/UI/ReportUI.TMK/TMKR001.cs:384
商業邏輯異常!	ShowMessage(	Dev/ATLAS.TMK.Report/Source/UI/ReportUI.TMK/TMKR001.cs:390
轉Excel檔的功能 需要輸入"轉出路徑"。	AddError(	Dev/ATLAS.TMK.Report/Source/UI/ReportUI.TMK/TMKR002.cs:206
轉出路徑不存在!	AddError(	Dev/ATLAS.TMK.Report/Source/UI/ReportUI.TMK/TMKR002.cs:210
轉出路徑不存在!	AddError(	Dev/ATLAS.TMK.Report/Source/UI/ReportUI.TMK/TMKR002.cs:262
無符合查詢條件的資料。	ShowMessage(	Dev/ATLAS.TMK.Report/Source/UI/ReportUI.TMK/TMKR002.cs:299
執行成功	ShowMessage(	Dev/ATLAS.TMK.Report/Source/UI/ReportUI.TMK/TMKR002.cs:333
商業邏輯異常!	ShowMessage(	Dev/ATLAS.TMK.Report/Source/UI/ReportUI.TMK/TMKR002.cs:339
電話行銷日期(起)與電話行銷日期(迄) 為必填欄位	AddError(	Dev/ATLAS.TMK.Report/Source/UI/ReportUI.TMK/TMKR003.cs:273
電話行銷日期(起) 不可大於 電話行銷日期(迄)	AddError(	Dev/ATLAS.TMK.Report/Source/UI/ReportUI.TMK/TMKR003.cs:278
轉Excel檔的功能 需要輸入"轉出路徑"。	AddError(	Dev/ATLAS.TMK.Report/Source/UI/ReportUI.TMK/TMKR003.cs:288
轉出路徑不存在!	AddError(	Dev/ATLAS.TMK.Report/Source/UI/ReportUI.TMK/TMKR003.cs:292
轉出路徑不存在!	AddError(	Dev/ATLAS.TMK.Report/Source/UI/ReportUI.TMK/TMKR003.cs:344
無符合查詢條件的資料。	ShowMessage(	Dev/ATLAS.TMK.Report/Source/UI/ReportUI.TMK/TMKR003.cs:394
執行成功	ShowMessage(	Dev/ATLAS.TMK.Report/Source/UI/ReportUI.TMK/TMKR003.cs:428
商業邏輯異常!	ShowMessage(	Dev/ATLAS.TMK.Report/Source/UI/ReportUI.TMK/TMKR003.cs:434
日期(起)與日期(迄) 為必填欄位	AddError(	Dev/ATLAS.TMK.Report/Source/UI/ReportUI.TMK/TMKR004.cs:278
日期(起) 不可大於 日期(迄)	AddError(	Dev/ATLAS.TMK.Report/Source/UI/ReportUI.TMK/TMKR004.cs:283
尚未選取任何基金，請勾選基金	AddError(	Dev/ATLAS.TMK.Report/Source/UI/ReportUI.TMK/TMKR004.cs:298
轉Excel檔的功能 需要輸入"轉出路徑"。	AddError(	Dev/ATLAS.TMK.Report/Source/UI/ReportUI.TMK/TMKR004.cs:307
轉出路徑不存在!	AddError(	Dev/ATLAS.TMK.Report/Source/UI/ReportUI.TMK/TMKR004.cs:311
轉出路徑不存在!	AddError(	Dev/ATLAS.TMK.Report/Source/UI/ReportUI.TMK/TMKR004.cs:363
無符合查詢條件的資料。	ShowMessage(	Dev/ATLAS.TMK.Report/Source/UI/ReportUI.TMK/TMKR004.cs:444
執行成功	ShowMessage(	Dev/ATLAS.TMK.Report/Source/UI/ReportUI.TMK/TMKR004.cs:474
商業邏輯異常!	ShowMessage(	Dev/ATLAS.TMK.Report/Source/UI/ReportUI.TMK/TMKR004.cs:480
申贖日期(起)與申贖日期(迄) 為必填欄位	AddError(	Dev/ATLAS.TMK.Report/Source/UI/ReportUI.TMK/TMKR005.cs:220
申贖日期(起) 不可大於 申贖日期(迄)	AddError(	Dev/ATLAS.TMK.Report/Source/UI/ReportUI.TMK/TMKR005.cs:225
轉Excel檔的功能 需要輸入"轉出路徑"。	AddError(	Dev/ATLAS.TMK.Report/Source/UI/ReportUI.TMK/TMKR005.cs:235
轉出路徑不存在!	AddError(	Dev/ATLAS.TMK.Report/Source/UI/ReportUI.TMK/TMKR005.cs:239
轉出路徑不存在!	AddError(	Dev/ATLAS.TMK.Report/Source/UI/ReportUI.TMK/TMKR005.cs:291
無符合查詢條件的資料。	ShowMessage(	Dev/ATLAS.TMK.Report/Source/UI/ReportUI.TMK/TMKR005.cs:341
執行成功	ShowMessage(	Dev/ATLAS.TMK.Report/Source/UI/ReportUI.TMK/TMKR005.cs:371
商業邏輯異常!	ShowMessage(	Dev/ATLAS.TMK.Report/Source/UI/ReportUI.TMK/TMKR005.cs:377
日期(起)與日期(迄) 為必填欄位	AddError(	Dev/ATLAS.TMK.Report/Source/UI/ReportUI.TMK/TMKR006.cs:266
日期(起) 不可大於 日期(迄)	AddError(	Dev/ATLAS.TMK.Report/Source/UI/ReportUI.TMK/TMKR006.cs:271
每月配額數必須輸入且須>0	AddError(	Dev/ATLAS.TMK.Report/Source/UI/ReportUI.TMK/TMKR006.cs:278
轉Excel檔的功能 需要輸入"轉出路徑"。	AddError(	Dev/ATLAS.TMK.Report/Source/UI/ReportUI.TMK/TMKR006.cs:288
轉出路徑不存在!	AddError(	Dev/ATLAS.TMK.Report/Source/UI/ReportUI.TMK/TMKR006.cs:292
轉出路徑不存在!	AddError(	Dev/ATLAS.TMK.Report/Source/UI/ReportUI.TMK/TMKR006.cs:344
無符合查詢條件的資料。	ShowMessage(	Dev/ATLAS.TMK.Report/Source/UI/ReportUI.TMK/TMKR006.cs:481
執行成功	ShowMessage(	Dev/ATLAS.TMK.Report/Source/UI/ReportUI.TMK/TMKR006.cs:522
商業邏輯異常!	ShowMessage(	Dev/ATLAS.TMK.Report/Source/UI/ReportUI.TMK/TMKR006.cs:528
【每月配額數】，必須介於1~100000之間	MessageBox.Show(	Dev/ATLAS.TMK.Report/Source/UI/ReportUI.TMK/TMKR006.cs:661
結算日期(起) 與 結算日期(迄) 為必填欄位	AddError(	Dev/ATLAS.TMK.Report/Source/UI/ReportUI.TMK/TMKR007.cs:228
結算日期(起) 不可大於 結算日期(迄)	AddError(	Dev/ATLAS.TMK.Report/Source/UI/ReportUI.TMK/TMKR007.cs:233
{…}尚未設定及勾選基金	AddError(	Dev/ATLAS.TMK.Report/Source/UI/ReportUI.TMK/TMKR007.cs:238
日期(起) 與 日期(迄) 為必填欄位	AddError(	Dev/ATLAS.TMK.Report/Source/UI/ReportUI.TMK/TMKR008.cs:206
日期(起) 不可大於 日期(迄)	AddError(	Dev/ATLAS.TMK.Report/Source/UI/ReportUI.TMK/TMKR008.cs:211
請點選一個基金群組。	AddError(	Dev/ATLAS.TMK.Report/Source/UI/ReportUI.TMK/TMKR008.cs:223
必須選擇一基金管理費率。	AddError(	Dev/ATLAS.TMK.Report/Source/UI/ReportUI.TMK/TMKR008.cs:229
請點選一個基金代碼。	AddError(	Dev/ATLAS.TMK.Report/Source/UI/ReportUI.TMK/TMKR008.cs:235
AO代碼(起) 不可大於 AO代碼(迄)	AddError(	Dev/ATLAS.TMK.Report/Source/UI/ReportUI.TMK/TMKR009.cs:220
請點選一個基金群組。	AddError(	Dev/ATLAS.TMK.Report/Source/UI/ReportUI.TMK/TMKR009.cs:231
必須選擇一基金管理費率。	AddError(	Dev/ATLAS.TMK.Report/Source/UI/ReportUI.TMK/TMKR009.cs:237
請點選一個基金代碼。	AddError(	Dev/ATLAS.TMK.Report/Source/UI/ReportUI.TMK/TMKR009.cs:243
結餘範圍(起) 與 結餘範圍(迄) 必須皆有值。	AddError(	Dev/ATLAS.TMK.Report/Source/UI/ReportUI.TMK/TMKR010.cs:331
結餘範圍(起) 不可大於 結餘範圍(迄)	AddError(	Dev/ATLAS.TMK.Report/Source/UI/ReportUI.TMK/TMKR010.cs:336
請點選一個基金群組。	AddError(	Dev/ATLAS.TMK.Report/Source/UI/ReportUI.TMK/TMKR010.cs:347
必須選擇一基金管理費率。	AddError(	Dev/ATLAS.TMK.Report/Source/UI/ReportUI.TMK/TMKR010.cs:353
請點選一個基金代碼。	AddError(	Dev/ATLAS.TMK.Report/Source/UI/ReportUI.TMK/TMKR010.cs:359
未交易日期(起) 與 未交易日期(迄) 必須皆有值。	AddError(	Dev/ATLAS.TMK.Report/Source/UI/ReportUI.TMK/TMKR010.cs:368
未交易日期(起) 不可大於 未交易日期(迄)	AddError(	Dev/ATLAS.TMK.Report/Source/UI/ReportUI.TMK/TMKR010.cs:373
【排行前】___名，必須介於1~100000時之間	MessageBox.Show(	Dev/ATLAS.TMK.Report/Source/UI/ReportUI.TMK/TMKR010.cs:459
日期(起)與日期(迄) 為必填欄位	AddError(	Dev/ATLAS.TMK.Report/Source/UI/ReportUI.TMK/TMKR901.cs:224
日期(起) 不可大於 日期(迄)	AddError(	Dev/ATLAS.TMK.Report/Source/UI/ReportUI.TMK/TMKR901.cs:229
轉Excel檔的功能 需要輸入"轉出路徑"。	AddError(	Dev/ATLAS.TMK.Report/Source/UI/ReportUI.TMK/TMKR901.cs:240
轉出路徑不存在!	AddError(	Dev/ATLAS.TMK.Report/Source/UI/ReportUI.TMK/TMKR901.cs:244
轉出路徑不存在!	AddError(	Dev/ATLAS.TMK.Report/Source/UI/ReportUI.TMK/TMKR901.cs:296
無符合查詢條件的資料。	ShowMessage(	Dev/ATLAS.TMK.Report/Source/UI/ReportUI.TMK/TMKR901.cs:354
執行成功	ShowMessage(	Dev/ATLAS.TMK.Report/Source/UI/ReportUI.TMK/TMKR901.cs:379
商業邏輯異常!	ShowMessage(	Dev/ATLAS.TMK.Report/Source/UI/ReportUI.TMK/TMKR901.cs:385
匯入COD006A失敗，請檢查資料是否正確	AddResultRow(	Dev/ATLAS.TMK/Source/PO/PO.TMK/TMKM001_PO.cs:628
匯入失敗，請檢查資料是否正確	AddResultRow(	Dev/ATLAS.TMK/Source/PO/PO.TMK/TMKM001_PO.cs:652
執行失敗，請檢查	AddResultRow(	Dev/ATLAS.TMK/Source/PO/PO.TMK/TMKM001_PO.cs:664
檢核失敗，請檢查	AddResultRow(	Dev/ATLAS.TMK/Source/PO/PO.TMK/TMKM001_PO.cs:693
取得批次失敗，請檢查	AddResultRow(	Dev/ATLAS.TMK/Source/PO/PO.TMK/TMKM002_PO.cs:454
查無資料	AddResultRow(	Dev/ATLAS.TMK/Source/PO/PO.TMK/TMKM901_PO.cs:82
未啟用此Manager功能。	throw new Exception(	Dev/ATLAS.TMK/Source/UI/UI.TMK/App_Code/UltraGridCheckedListManager.cs:395
此處不提供新增資料的功能。	ShowMessage(	Dev/ATLAS.TMK/Source/UI/UI.TMK/TMKM001.cs:413
選取列中包含無權限編輯的資料，無法刪除。	ShowMessage(	Dev/ATLAS.TMK/Source/UI/UI.TMK/TMKM001.cs:477
【OutBound項目】、【統一編號】、【姓名】、【受益人戶號】及【下次可連絡日期起(迄)】必須擇一填寫	變數指派 =	Dev/ATLAS.TMK/Source/UI/UI.TMK/TMKM001.cs:505
下次可連絡日期(起)(迄)，必須皆有(無)值	AddError(	Dev/ATLAS.TMK/Source/UI/UI.TMK/TMKM001.cs:511
下次可連絡日期(起) 必須不大於 下次可連絡日(迄)	AddError(	Dev/ATLAS.TMK/Source/UI/UI.TMK/TMKM001.cs:515
新增的明細檔中，有未勾選通話記錄的項目，是否繼續儲存?	ShowMessage(	Dev/ATLAS.TMK/Source/UI/UI.TMK/TMKM001.cs:566
請選擇要新增的 通聯原因代碼	變數指派 =	Dev/ATLAS.TMK/Source/UI/UI.TMK/TMKM001p0.cs:229
通聯原因代碼 不存在 或 無效	變數指派 =	Dev/ATLAS.TMK/Source/UI/UI.TMK/TMKM001p0.cs:236
通聯原因代碼 已勾選	變數指派 =	Dev/ATLAS.TMK/Source/UI/UI.TMK/TMKM001p0.cs:240
本次通聯原因【大類】、【小類】必須至少勾選一項!!	MessageBox.Show(	Dev/ATLAS.TMK/Source/UI/UI.TMK/TMKM001p0.cs:410
【改約聯絡時間於】___時，必須介於1~24時之間	MessageBox.Show(	Dev/ATLAS.TMK/Source/UI/UI.TMK/TMKM001p0.cs:548
至少要有一筆資料	ShowMessage(	Dev/ATLAS.TMK/Source/UI/UI.TMK/TMKM001p1.cs:59
OutBound項目為必填欄位	ShowMessage(	Dev/ATLAS.TMK/Source/UI/UI.TMK/TMKM001p1.cs:65
OutBound項目名稱為必填欄位	ShowMessage(	Dev/ATLAS.TMK/Source/UI/UI.TMK/TMKM001p1.cs:71
複製成功	ShowMessage(	Dev/ATLAS.TMK/Source/UI/UI.TMK/TMKM001p1.cs:85
戶號(數字)欄位格式不正確，請修正後重新上傳	MessageBox.Show(	Dev/ATLAS.TMK/Source/UI/UI.TMK/TMKM001p1.cs:119
已有該OutBound項目，是否全數刪除？	ShowMessage(	Dev/ATLAS.TMK/Source/UI/UI.TMK/TMKM001p1.cs:148
下次可連絡日期(起)(迄)，必須同時有(無)值	AddError(	Dev/ATLAS.TMK/Source/UI/UI.TMK/TMKM002.cs:624
下次可連絡日期(起) 必須不大於 下次可連絡日(迄)	AddError(	Dev/ATLAS.TMK/Source/UI/UI.TMK/TMKM002.cs:628
【改約聯絡時間於】___時，必須介於1~24時之間	MessageBox.Show(	Dev/ATLAS.TMK/Source/UI/UI.TMK/TMKM002.cs:872
請選擇要新增的 通聯原因代碼	變數指派 =	Dev/ATLAS.TMK/Source/UI/UI.TMK/TMKM002p0.cs:204
通聯原因代碼 不存在 或 無效	變數指派 =	Dev/ATLAS.TMK/Source/UI/UI.TMK/TMKM002p0.cs:211
通聯原因代碼 已勾選	變數指派 =	Dev/ATLAS.TMK/Source/UI/UI.TMK/TMKM002p0.cs:215
本次通聯原因【大類】、【小類】必須至少勾選一項!!	MessageBox.Show(	Dev/ATLAS.TMK/Source/UI/UI.TMK/TMKM002p0.cs:244
請選擇要新增的 通聯原因代碼	變數指派 =	Dev/ATLAS.TMK/Source/UI/UI.TMK/TMKM002p2.cs:209
通聯原因代碼 不存在 或 無效	變數指派 =	Dev/ATLAS.TMK/Source/UI/UI.TMK/TMKM002p2.cs:216
通聯原因代碼 已勾選	變數指派 =	Dev/ATLAS.TMK/Source/UI/UI.TMK/TMKM002p2.cs:220
本次通聯原因【大類】、【小類】必須至少勾選一項!!	MessageBox.Show(	Dev/ATLAS.TMK/Source/UI/UI.TMK/TMKM002p2.cs:375
【改約聯絡時間於】___時，必須介於1~24時之間	MessageBox.Show(	Dev/ATLAS.TMK/Source/UI/UI.TMK/TMKM002p2.cs:514
是否清除現有明細,並重新帶入資料	MessageBox.Show(	Dev/ATLAS.TMK/Source/UI/UI.TMK/TMKM901.cs:114
是否取消篩選，繼續全選？	MessageBox.Show(	Dev/ATLAS.TMK/Source/UI/UI.TMK/TMKM901.cs:166
是否取消篩選，繼續全不選？	MessageBox.Show(	Dev/ATLAS.TMK/Source/UI/UI.TMK/TMKM901.cs:177
至少勾選一筆資料	變數指派 =	Dev/ATLAS.TMK/Source/UI/UI.TMK/TMKM901.cs:213
